{"credit":"DSprl","elements":[{"from":[4,6,8],"to":[12,14,9],"faces":{"north":{"uv":[0,0,16,16],"texture":"#layer0"},"east":{"uv":[15,0,16,16],"texture":"#layer0"},"south":{"uv":[0,0,16,16],"texture":"#layer0"},"west":{"uv":[0,0,1,16],"texture":"#layer0"},"up":{"uv":[0,0,16,1],"rotation":180,"texture":"#layer0"},"down":{"uv":[0,15,16,16],"texture":"#layer0"}}}],"gui_light":"front","display":{"firstperson_righthand":{"rotation":[-20,-80,0],"translation":[3.5,0,0]},"gui":{"rotation":[0,0,-32.25],"translation":[-1.25,-2.75,0],"scale":[1.5,1.5,1]},"fixed":{"translation":[0,-2,0],"scale":[2,2,1]}}}