{"textures":{"1":"modelengine:entity/medusa_stone"},"elements":[{"from":[7.142857,5.142857,5.142857],"to":[8.857143,8.0,8.0],"rotation":{"angle":0.0,"axis":"y","origin":[4.8571424,8.571428,6.857143]},"faces":{"east":{"uv":[11.25,8.375,11.875,9.0],"rotation":0,"texture":"#1","tintindex":0},"south":{"uv":[12.0,6.0,12.375,6.625],"rotation":0,"texture":"#1","tintindex":0},"north":{"uv":[6.0,12.0,6.375,12.625],"rotation":0,"texture":"#1","tintindex":0},"west":{"uv":[11.25,9.625,11.875,10.25],"rotation":0,"texture":"#1","tintindex":0},"up":{"uv":[6.75,12.625,6.375,12.0],"rotation":0,"texture":"#1","tintindex":0},"down":{"uv":[12.25,12.0,11.875,12.625],"rotation":0,"texture":"#1","tintindex":0}}},{"from":[6.857143,1.7142854,5.142857],"to":[9.142858,5.142857,8.0],"rotation":{"angle":0.0,"axis":"y","origin":[4.8571424,8.571428,6.857143]},"faces":{"east":{"uv":[11.0,2.875,11.625,3.625],"rotation":0,"texture":"#1","tintindex":0},"south":{"uv":[11.625,6.875,12.125,7.625],"rotation":0,"texture":"#1","tintindex":0},"north":{"uv":[11.625,2.875,12.125,3.625],"rotation":0,"texture":"#1","tintindex":0},"west":{"uv":[11.125,1.0,11.75,1.75],"rotation":0,"texture":"#1","tintindex":0},"up":{"uv":[1.5,5.125,1.0,4.5],"rotation":0,"texture":"#1","tintindex":0},"down":{"uv":[12.25,7.625,11.75,8.25],"rotation":0,"texture":"#1","tintindex":0}}}],"display":{"head":{"translation":[0.0,-6.4,0.0],"scale":[4.0,4.0,4.0]}}}