{"textures":{"1":"modelengine:entity/medusa_stone"},"elements":[{"from":[4.542857,3.4285712,8.0],"to":[11.4,8.0,13.142858],"rotation":{"angle":0.0,"axis":"y","origin":[8.0,11.428572,10.285714]},"faces":{"east":{"uv":[8.5,1.0,9.625,2.0],"rotation":0,"texture":"#1","tintindex":0},"south":{"uv":[5.875,0.875,7.375,1.875],"rotation":0,"texture":"#1","tintindex":0},"north":{"uv":[3.75,5.625,5.25,6.625],"rotation":0,"texture":"#1","tintindex":0},"west":{"uv":[8.5,2.0,9.625,3.0],"rotation":0,"texture":"#1","tintindex":0},"up":{"uv":[3.0,5.125,1.5,4.0],"rotation":0,"texture":"#1","tintindex":0},"down":{"uv":[4.5,4.0,3.0,5.125],"rotation":0,"texture":"#1","tintindex":0}}}],"display":{"head":{"translation":[0.0,-6.4,0.0],"scale":[4.0,4.0,4.0]}}}