{"textures":{"0":"modelengine:entity/medusa"},"elements":[{"from":[7.142857,7.428571,4.5714283],"to":[8.857143,8.571428,8.0],"rotation":{"angle":0.0,"axis":"y","origin":[8.0,8.0,8.0]},"faces":{"east":{"uv":[12.625,8.75,11.875,9.0],"rotation":0,"texture":"#0","tintindex":0},"south":{"uv":[11.625,10.25,11.25,10.5],"rotation":0,"texture":"#0","tintindex":0},"north":{"uv":[5.25,6.625,4.875,6.875],"rotation":0,"texture":"#0","tintindex":0},"west":{"uv":[4.875,7.625,4.125,7.875],"rotation":0,"texture":"#0","tintindex":0},"up":{"uv":[4.0,1.75,4.375,1.0],"rotation":0,"texture":"#0","tintindex":0},"down":{"uv":[11.875,1.625,12.25,2.375],"rotation":0,"texture":"#0","tintindex":0}}}],"display":{"head":{"translation":[0.0,-6.4,0.0],"scale":[4.0,4.0,4.0]}}}