{"textures":{"0":"modelengine:entity/capybara"},"elements":[{"from":[6.285714,8.014286,8.0],"to":[9.714286,12.585714,12.571428],"rotation":{"angle":0.0,"axis":"y","origin":[8.0,8.014286,8.0]},"faces":{"east":{"uv":[0.0,2.0,2.0,4.0],"rotation":0,"texture":"#0","tintindex":0},"south":{"uv":[5.5,2.0,7.0,4.0],"rotation":0,"texture":"#0","tintindex":0},"north":{"uv":[2.0,2.0,3.5,4.0],"rotation":0,"texture":"#0","tintindex":0},"west":{"uv":[3.5,2.0,5.5,4.0],"rotation":0,"texture":"#0","tintindex":0},"up":{"uv":[3.5,2.0,2.0,0.0],"rotation":0,"texture":"#0","tintindex":0},"down":{"uv":[5.0,0.0,3.5,2.0],"rotation":0,"texture":"#0","tintindex":0}}}],"display":{"head":{"translation":[0.0,-6.4,0.0],"scale":[4.0,4.0,4.0]}}}