{"credit":"MadewithBlockbench","texture_size":[32,32],"textures":{"2":"golden_christmas:gold_greatsword1","4":"golden_christmas:gold_greatsword2","particle":"golden_christmas:gold_greatsword1"},"elements":[{"from":[7.25,-2.175,7.25],"to":[8.75,0.6,8.75],"rotation":{"angle":0,"axis":"y","origin":[8,-5.9,8]},"faces":{"north":{"uv":[7,9.5,7.75,11],"texture":"#4"},"east":{"uv":[8,9.5,8.75,11],"texture":"#4"},"south":{"uv":[9,9.5,9.75,11],"texture":"#4"},"west":{"uv":[10,3,10.75,4.5],"texture":"#4"},"up":{"uv":[12.25,9.75,11.5,9],"texture":"#4"},"down":{"uv":[11.25,11.5,10.5,12.25],"texture":"#4"}}},{"from":[7,0.57952,3.70225],"to":[9,3.65452,4.70225],"rotation":{"angle":-22.5,"axis":"x","origin":[8,1.65133,4.76794]},"faces":{"north":{"uv":[8.5,0,9.5,1.5],"texture":"#4"},"east":{"uv":[11.5,0,12,1.5],"texture":"#4"},"south":{"uv":[8.5,4.5,9.5,6],"texture":"#4"},"west":{"uv":[11.5,1.5,12,3],"texture":"#4"},"up":{"uv":[2,12.5,1,12],"texture":"#4"},"down":{"uv":[13,1,12,1.5],"texture":"#4"}}},{"from":[7.25,0.93757,3.93128],"to":[8.75,1.93757,7.00628],"rotation":{"angle":0,"axis":"y","origin":[8,1.65133,4.76794]},"faces":{"north":{"uv":[12,2.5,12.75,3],"texture":"#4"},"east":{"uv":[10.5,11,12,11.5],"texture":"#4"},"south":{"uv":[12,4.5,12.75,5],"texture":"#4"},"west":{"uv":[11,10.5,12.5,11],"texture":"#4"},"up":{"uv":[11.25,1.5,10.5,0],"texture":"#4"},"down":{"uv":[11.25,1.5,10.5,3],"texture":"#4"}}},{"from":[6.75,6.07787,6.125],"to":[9.25,7.32787,9.875],"rotation":{"angle":0,"axis":"y","origin":[8,6.45287,8]},"faces":{"north":{"uv":[11,7.5,12.25,8.25],"texture":"#4"},"east":{"uv":[8.5,6,10.25,6.75],"texture":"#4"},"south":{"uv":[8.5,11,9.75,11.75],"texture":"#4"},"west":{"uv":[8.5,7,10.25,7.75],"texture":"#4"},"up":{"uv":[5.25,5.75,4,4],"texture":"#4"},"down":{"uv":[6.75,0,5.5,1.75],"texture":"#4"}}},{"from":[7,2.57787,6.375],"to":[9,6.07787,9.625],"rotation":{"angle":0,"axis":"y","origin":[8,7.20287,8]},"faces":{"north":{"uv":[5.5,2,6.5,3.75],"texture":"#4"},"east":{"uv":[4,0,5.5,1.75],"texture":"#4"},"south":{"uv":[5.5,4,6.5,5.75],"texture":"#4"},"west":{"uv":[4,2,5.5,3.75],"texture":"#4"},"up":{"uv":[4,9.5,3,8],"texture":"#4"},"down":{"uv":[9,3,8,4.5],"texture":"#4"}}},{"from":[7,2.57787,4.375],"to":[9,5.07787,6.375],"rotation":{"angle":0,"axis":"y","origin":[8,7.20287,8.75]},"faces":{"north":{"uv":[9.5,1.5,10.5,2.75],"texture":"#4"},"east":{"uv":[2,9.5,3,10.75],"texture":"#4"},"south":{"uv":[3,9.5,4,10.75],"texture":"#4"},"west":{"uv":[9.5,4.5,10.5,5.75],"texture":"#4"},"up":{"uv":[7,11.5,6,10.5],"texture":"#4"},"down":{"uv":[11.5,6.5,10.5,7.5],"texture":"#4"}}},{"from":[7,0.6,7],"to":[9,1.6,9],"rotation":{"angle":0,"axis":"y","origin":[8,-5.9,8]},"faces":{"north":{"uv":[7,1.5,8,2],"texture":"#4"},"east":{"uv":[11.5,10,12.5,10.5],"texture":"#4"},"south":{"uv":[11.5,11.5,12.5,12],"texture":"#4"},"west":{"uv":[0,12,1,12.5],"texture":"#4"},"up":{"uv":[5,11.5,4,10.5],"texture":"#4"},"down":{"uv":[11.5,4.5,10.5,5.5],"texture":"#4"}}},{"from":[7.5,3.875,6.75],"to":[8.5,19.575,9.25],"rotation":{"angle":0,"axis":"y","origin":[8,-6.125,8]},"faces":{"north":{"uv":[3,0,3.5,7.75],"texture":"#4"},"east":{"uv":[0,0,1.25,7.75],"texture":"#4"},"south":{"uv":[3.5,0,4,7.75],"texture":"#4"},"west":{"uv":[1.5,0,2.75,7.75],"texture":"#4"},"up":{"uv":[4.5,12.75,4,11.5],"texture":"#4"},"down":{"uv":[5,11.5,4.5,12.75],"texture":"#4"}}},{"from":[8,3.875,0.25],"to":[8,30.575,12.75],"rotation":{"angle":0,"axis":"y","origin":[8,17.225,8]},"faces":{"north":{"uv":[0,0,0,13.25],"texture":"#2"},"east":{"uv":[12.75,0,6.5,13.25],"texture":"#2"},"south":{"uv":[0,0,0,13.25],"texture":"#2"},"west":{"uv":[6.5,0,12.75,13.25],"texture":"#2"},"up":{"uv":[0,6.25,0,0],"texture":"#2"},"down":{"uv":[0,0,0,6.25],"texture":"#2"}}},{"from":[7.875,-4.95,0.25],"to":[7.875,6.75,5.75],"rotation":{"angle":-22.5,"axis":"x","origin":[7.875,3.725,2.775]},"faces":{"north":{"uv":[0,0,0,13.25],"texture":"#2"},"east":{"uv":[13.25,3.9,16,9.75],"texture":"#2"},"south":{"uv":[0,0,0,13.25],"texture":"#2"},"west":{"uv":[16,3.9,13.25,9.75],"texture":"#2"},"up":{"uv":[0,0,0,6.25],"texture":"#2"},"down":{"uv":[0,6.25,0,0],"texture":"#2"}}},{"from":[7.25,0.93757,7.69372],"to":[8.75,1.93757,10.76872],"rotation":{"angle":0,"axis":"y","origin":[8,1.65133,9.93206]},"faces":{"north":{"uv":[12.75,4.5,12,5],"texture":"#4"},"east":{"uv":[12,11,10.5,11.5],"texture":"#4"},"south":{"uv":[12.75,2.5,12,3],"texture":"#4"},"west":{"uv":[12.5,10.5,11,11],"texture":"#4"},"up":{"uv":[11.25,0,10.5,1.5],"texture":"#4"},"down":{"uv":[11.25,3,10.5,1.5],"texture":"#4"}}},{"from":[7,0.57952,9.99775],"to":[9,3.65452,10.99775],"rotation":{"angle":22.5,"axis":"x","origin":[8,1.65133,9.93206]},"faces":{"north":{"uv":[9.5,4.5,8.5,6],"texture":"#4"},"east":{"uv":[12,0,11.5,1.5],"texture":"#4"},"south":{"uv":[9.5,0,8.5,1.5],"texture":"#4"},"west":{"uv":[12,1.5,11.5,3],"texture":"#4"},"up":{"uv":[2,12,1,12.5],"texture":"#4"},"down":{"uv":[13,1.5,12,1],"texture":"#4"}}},{"from":[7.875,-4.95,8.95],"to":[7.875,6.75,14.45],"rotation":{"angle":22.5,"axis":"x","origin":[7.875,3.725,11.925]},"faces":{"north":{"uv":[0,0,0,13.25],"texture":"#2"},"east":{"uv":[16,3.9,13.25,9.75],"texture":"#2"},"south":{"uv":[0,0,0,13.25],"texture":"#2"},"west":{"uv":[13.25,3.9,16,9.75],"texture":"#2"},"up":{"uv":[0,6.25,0,0],"texture":"#2"},"down":{"uv":[0,0,0,6.25],"texture":"#2"}}},{"from":[7.4625,18.69989,6.875],"to":[8.5375,20.97489,9.125],"rotation":{"angle":-45,"axis":"x","origin":[8,19.83739,8]},"faces":{"north":{"uv":[11.5,4.5,12,5.75],"texture":"#4"},"east":{"uv":[1.5,8,2.75,9.25],"texture":"#4"},"south":{"uv":[5,11.5,5.5,12.75],"texture":"#4"},"west":{"uv":[8,1.5,9.25,2.75],"texture":"#4"},"up":{"uv":[6,12.75,5.5,11.5],"texture":"#4"},"down":{"uv":[6.5,11.5,6,12.75],"texture":"#4"}}},{"from":[7,-4.4,7],"to":[9,-2.15,9],"rotation":{"angle":0,"axis":"y","origin":[8,-5.9,8]},"faces":{"north":{"uv":[9,3,10,4.25],"texture":"#4"},"east":{"uv":[4,9,5,10.25],"texture":"#4"},"south":{"uv":[5,9,6,10.25],"texture":"#4"},"west":{"uv":[6,9,7,10.25],"texture":"#4"},"up":{"uv":[6,11.5,5,10.5],"texture":"#4"},"down":{"uv":[11.5,5.5,10.5,6.5],"texture":"#4"}}},{"from":[6.75,-5.4,6.75],"to":[9.25,-4.15,9.25],"rotation":{"angle":0,"axis":"y","origin":[8,-5.15,8]},"faces":{"north":{"uv":[0,11,1.25,11.75],"texture":"#4"},"east":{"uv":[1.5,11,2.75,11.75],"texture":"#4"},"south":{"uv":[11,3,12.25,3.75],"texture":"#4"},"west":{"uv":[7,11,8.25,11.75],"texture":"#4"},"up":{"uv":[8.25,7.75,7,6.5],"texture":"#4"},"down":{"uv":[5.25,7.5,4,8.75],"texture":"#4"}}},{"from":[7.5,-8.5,8.6],"to":[8.5,-6,9.25],"rotation":{"angle":0,"axis":"y","origin":[8,-5.25,8]},"faces":{"north":{"uv":[11.5,6,12,7.25],"texture":"#4"},"east":{"uv":[12,5,12.25,6.25],"texture":"#4"},"south":{"uv":[6.5,11.5,7,12.75],"texture":"#4"},"west":{"uv":[7,12,7.25,13.25],"texture":"#4"},"up":{"uv":[12.5,6.75,12,6.5],"texture":"#4"},"down":{"uv":[12.5,7,12,7.25],"texture":"#4"}}},{"from":[7.5,-9.47907,8.38631],"to":[8.5,-8.82907,9.38631],"rotation":{"angle":-45,"axis":"x","origin":[8,-9.15407,8.13631]},"faces":{"north":{"uv":[7.5,12,8,12.25],"texture":"#4"},"east":{"uv":[8,12,8.5,12.25],"texture":"#4"},"south":{"uv":[8.5,12,9,12.25],"texture":"#4"},"west":{"uv":[9,12,9.5,12.25],"texture":"#4"},"up":{"uv":[7,5.5,6.5,5],"texture":"#4"},"down":{"uv":[7,5.5,6.5,6],"texture":"#4"}}},{"from":[7.5,-10.77907,6.61369],"to":[8.5,-10.12907,7.61369],"rotation":{"angle":45,"axis":"x","origin":[8,-10.45407,7.86369]},"faces":{"north":{"uv":[11.5,12,12,12.25],"texture":"#4"},"east":{"uv":[12,12,12.5,12.25],"texture":"#4"},"south":{"uv":[0,12.5,0.5,12.75],"texture":"#4"},"west":{"uv":[0.5,12.5,1,12.75],"texture":"#4"},"up":{"uv":[8.5,5,8,4.5],"texture":"#4"},"down":{"uv":[11,7.5,10.5,8],"texture":"#4"}}},{"from":[7.5,-9.8,6.75],"to":[8.5,-6.2,7.4],"rotation":{"angle":0,"axis":"y","origin":[8,-6.55,8]},"faces":{"north":{"uv":[3,11,3.5,12.75],"texture":"#4"},"east":{"uv":[2,12,2.25,13.75],"texture":"#4"},"south":{"uv":[3.5,11,4,12.75],"texture":"#4"},"west":{"uv":[2.5,12,2.75,13.75],"texture":"#4"},"up":{"uv":[10,12.25,9.5,12],"texture":"#4"},"down":{"uv":[12.5,11,12,11.25],"texture":"#4"}}},{"from":[6.75,0.875,6.5],"to":[9.25,3.375,9],"rotation":{"angle":45,"axis":"x","origin":[8,1.875,8]},"faces":{"north":{"uv":[4,6,5.25,7.25],"texture":"#4"},"east":{"uv":[5.5,6,6.75,7.25],"texture":"#4"},"south":{"uv":[6.5,2,7.75,3.25],"texture":"#4"},"west":{"uv":[6.5,3.5,7.75,4.75],"texture":"#4"},"up":{"uv":[8.25,1.25,7,0],"texture":"#4"},"down":{"uv":[8.25,5,7,6.25],"texture":"#4"}}},{"from":[6.9,-7,6.75],"to":[9.1,-4.75,9],"rotation":{"angle":45,"axis":"x","origin":[8,-6,8]},"faces":{"north":{"uv":[9,8,10,9.25],"texture":"#4"},"east":{"uv":[5.5,7.5,6.75,8.75],"texture":"#4"},"south":{"uv":[0,9.5,1,10.75],"texture":"#4"},"west":{"uv":[0,8,1.25,9.25],"texture":"#4"},"up":{"uv":[10.5,1.25,9.5,0],"texture":"#4"},"down":{"uv":[2,9.5,1,10.75],"texture":"#4"}}}],"gui_light":"front","display":{"thirdperson_righthand":{"translation":[0,6.25,2],"scale":[0.78,0.78,0.78]},"thirdperson_lefthand":{"translation":[0,6.25,2],"scale":[0.78,0.78,0.78]},"firstperson_righthand":{"translation":[1.25,0.75,0],"scale":[0.78,0.78,0.78]},"firstperson_lefthand":{"translation":[1.25,0.75,0],"scale":[0.78,0.78,0.78]},"ground":{"rotation":[45,0,0],"translation":[0,3,0],"scale":[0.4,0.4,0.4]},"gui":{"rotation":[87.84,44.25,-80.81],"translation":[-0.5,-0.5,0],"scale":[0.52,0.52,0.52]},"fixed":{"rotation":[0,-90,0],"translation":[-0.5,0,-0.75],"scale":[0.45,0.45,0.45]}}}