{"credit":"MadewithBlockbench","texture_size":[128,128],"textures":{"2":"golden_christmas:gold_hat"},"elements":[{"from":[14.5719,1.8656,-0.1344],"to":[16.1407,3.1344,16.1344],"rotation":{"angle":0,"axis":"y","origin":[8,2.5,8]},"faces":{"north":{"uv":[2.625,6,2.8125,6.1875],"texture":"#2"},"east":{"uv":[3.25,5.25,5.3125,5.4375],"texture":"#2"},"south":{"uv":[6,2.75,6.1875,2.9375],"texture":"#2"},"west":{"uv":[5.375,5.25,7.4375,5.4375],"texture":"#2"},"up":{"uv":[3.4375,7.5625,3.25,5.5],"texture":"#2"},"down":{"uv":[3.6875,5.5,3.5,7.5625],"texture":"#2"}}},{"from":[1.4281,1.8656,-0.1344],"to":[14.5719,3.1344,1.3344],"rotation":{"angle":0,"axis":"y","origin":[8,2.5,8]},"faces":{"north":{"uv":[5.75,4.5,7.375,4.6875],"texture":"#2"},"east":{"uv":[6,3.25,6.1875,3.4375],"texture":"#2"},"south":{"uv":[5.75,4.75,7.375,4.9375],"texture":"#2"},"west":{"uv":[6,3.5,6.1875,3.6875],"texture":"#2"},"up":{"uv":[7.375,5.1875,5.75,5],"texture":"#2"},"down":{"uv":[7.625,0,6,0.1875],"texture":"#2"}}},{"from":[1.4281,1.8656,14.6656],"to":[14.5719,3.1344,16.1344],"rotation":{"angle":0,"axis":"y","origin":[8,2.5,8]},"faces":{"north":{"uv":[0.25,6,1.875,6.1875],"texture":"#2"},"east":{"uv":[3.75,6,3.9375,6.1875],"texture":"#2"},"south":{"uv":[6,0.25,7.625,0.4375],"texture":"#2"},"west":{"uv":[6,3.75,6.1875,3.9375],"texture":"#2"},"up":{"uv":[7.625,0.6875,6,0.5],"texture":"#2"},"down":{"uv":[7.625,0.75,6,0.9375],"texture":"#2"}}},{"from":[-0.1407,1.8656,-0.1344],"to":[1.4281,3.1344,16.1344],"rotation":{"angle":0,"axis":"y","origin":[8,2.5,8]},"faces":{"north":{"uv":[2.875,6,3.0625,6.1875],"texture":"#2"},"east":{"uv":[3.75,5.5,5.8125,5.6875],"texture":"#2"},"south":{"uv":[6,3,6.1875,3.1875],"texture":"#2"},"west":{"uv":[3.75,5.75,5.8125,5.9375],"texture":"#2"},"up":{"uv":[6.0625,7.5625,5.875,5.5],"texture":"#2"},"down":{"uv":[0.1875,6,0,8.0625],"texture":"#2"}}},{"from":[6,0.8,-0.85],"to":[10,4.8,0.65],"rotation":{"angle":45,"axis":"z","origin":[8,2.8,-1]},"faces":{"north":{"uv":[6,1,6.5,1.5],"texture":"#2"},"east":{"uv":[1.875,6,2.0625,6.5],"texture":"#2"},"south":{"uv":[6,1.5,6.5,2],"texture":"#2"},"west":{"uv":[6,2,6.1875,2.5],"texture":"#2"},"up":{"uv":[2.625,6.1875,2.125,6],"texture":"#2"},"down":{"uv":[6.5,2.5,6,2.6875],"texture":"#2"}}},{"from":[-1.12843,0.72843,-0.05],"to":[8.27157,6.62843,-0.05],"rotation":{"angle":0,"axis":"y","origin":[5.17157,5.62843,-0.05]},"faces":{"north":{"uv":[2,4.5,3.1875,5.25],"texture":"#2"},"east":{"uv":[0,0,0,0.75],"texture":"#2"},"south":{"uv":[3.25,4.5,4.4375,5.25],"texture":"#2"},"west":{"uv":[0,0,0,0.75],"texture":"#2"},"up":{"uv":[1.1875,0,0,0],"texture":"#2"},"down":{"uv":[1.1875,0,0,0],"texture":"#2"}}},{"from":[0.224,-0.6614,3.728],"to":[15.776,11.3426,3.728],"rotation":{"angle":45,"axis":"x","origin":[8,5.3406,4.828]},"faces":{"north":{"uv":[0,3,1.9375,4.5],"texture":"#2"},"east":{"uv":[0,0,0,1.5],"texture":"#2"},"south":{"uv":[2,3,3.9375,4.5],"texture":"#2"},"west":{"uv":[0,0,0,1.5],"texture":"#2"},"up":{"uv":[1.9375,0,0,0],"texture":"#2"},"down":{"uv":[1.9375,0,0,0],"texture":"#2"}}},{"from":[0.224,6.4406,2.426],"to":[15.776,6.4406,14.43],"rotation":{"angle":0,"axis":"y","origin":[8,5.3406,4.828]},"faces":{"north":{"uv":[0,0,1.9375,0],"texture":"#2"},"east":{"uv":[0,0,1.5,0],"texture":"#2"},"south":{"uv":[0,0,1.9375,0],"texture":"#2"},"west":{"uv":[0,0,1.5,0],"texture":"#2"},"up":{"uv":[5.9375,1.5,4,0],"texture":"#2"},"down":{"uv":[5.9375,1.5,4,3],"texture":"#2"}}},{"from":[0.224,4.13141,5.9891],"to":[15.776,4.13141,17.9931],"rotation":{"angle":22.5,"axis":"x","origin":[8,3.43141,14.0911]},"faces":{"north":{"uv":[0,0,1.9375,0],"texture":"#2"},"east":{"uv":[0,0,1.5,0],"texture":"#2"},"south":{"uv":[0,0,1.9375,0],"texture":"#2"},"west":{"uv":[0,0,1.5,0],"texture":"#2"},"up":{"uv":[5.9375,4.5,4,3],"texture":"#2"},"down":{"uv":[1.9375,4.5,0,6],"texture":"#2"}}},{"from":[0.224,2.0386,0.272],"to":[0.224,14.0426,15.728],"rotation":{"angle":0,"axis":"y","origin":[8,-3.0844,8]},"faces":{"north":{"uv":[0,0,0,1.5],"texture":"#2"},"east":{"uv":[0,0,1.9375,1.5],"texture":"#2"},"south":{"uv":[0,0,0,1.5],"texture":"#2"},"west":{"uv":[0,1.5,1.9375,3],"texture":"#2"},"up":{"uv":[0,1.9375,0,0],"texture":"#2"},"down":{"uv":[0,0,0,1.9375],"texture":"#2"}}},{"from":[15.776,2.0386,0.272],"to":[15.776,14.0426,15.728],"rotation":{"angle":0,"axis":"y","origin":[8,-3.0844,8]},"faces":{"north":{"uv":[0,0,0,1.5],"texture":"#2"},"east":{"uv":[2,0,3.9375,1.5],"texture":"#2"},"south":{"uv":[0,0,0,1.5],"texture":"#2"},"west":{"uv":[2,1.5,3.9375,3],"texture":"#2"},"up":{"uv":[0,1.9375,0,0],"texture":"#2"},"down":{"uv":[0,0,0,1.9375],"texture":"#2"}}},{"from":[7.72843,0.72843,-0.05],"to":[17.12843,6.62843,-0.05],"rotation":{"angle":0,"axis":"y","origin":[10.82843,5.62843,-0.05]},"faces":{"north":{"uv":[4.5,4.5,5.6875,5.25],"texture":"#2"},"east":{"uv":[0,0,0,0.75],"texture":"#2"},"south":{"uv":[2,5.25,3.1875,6],"texture":"#2"},"west":{"uv":[0,0,0,0.75],"texture":"#2"},"up":{"uv":[1.1875,0,0,0],"texture":"#2"},"down":{"uv":[1.1875,0,0,0],"texture":"#2"}}}],"gui_light":"front","display":{"thirdperson_righthand":{"translation":[0,1.5,0],"scale":[0.29,0.29,0.29]},"thirdperson_lefthand":{"translation":[0,1.5,0],"scale":[0.29,0.29,0.29]},"firstperson_righthand":{"rotation":[0,123,0],"translation":[1.75,4.75,-2],"scale":[0.7,0.7,0.7]},"firstperson_lefthand":{"rotation":[0,123,0],"translation":[1.75,4.75,-2],"scale":[0.7,0.7,0.7]},"ground":{"translation":[0,3,0.5],"scale":[0.33,0.33,0.33]},"gui":{"rotation":[31,158,0],"translation":[0,2.75,0],"scale":[0.71,0.71,0.71]},"head":{"translation":[0,11.25,0],"scale":[0.93,0.93,0.93]},"fixed":{"rotation":[-72,0,0],"translation":[0,2.25,-6.25],"scale":[0.85,0.85,0.85]}}}