{
	"credit": "Made with Blockbench",
	"texture_size": [64, 64],
	"textures": {
		"2": "golden_christmas:gold_bow1_1",
		"3": "golden_christmas:gold_bow1_2",
		"particle": "golden_christmas:gold_bow1_1"
	},
	"elements": [
		{
			"from": [7.25, 7.725, -4.35],
			"to": [8.75, 10.5, -2.85],
			"rotation": {"angle": 0, "axis": "y", "origin": [7.9375, 15.14691, 0.0954]},
			"faces": {
				"north": {"uv": [1.5, 13.25, 1.875, 14], "texture": "#3"},
				"east": {"uv": [3.5, 13.25, 3.875, 14], "texture": "#3"},
				"south": {"uv": [4, 13.25, 4.375, 14], "texture": "#3"},
				"west": {"uv": [10, 13.25, 10.375, 14], "texture": "#3"},
				"up": {"uv": [14.125, 11.375, 13.75, 11], "texture": "#3"},
				"down": {"uv": [14.125, 11.5, 13.75, 11.875], "texture": "#3"}
			}
		},
		{
			"from": [7.75, 8.725, -12.35],
			"to": [8.25, 9.25, 7.15],
			"rotation": {"angle": 0, "axis": "y", "origin": [7.9375, 15.14691, 0.0954]},
			"faces": {
				"north": {"uv": [14, 4.25, 14.125, 4.375], "texture": "#3"},
				"east": {"uv": [6, 9.75, 10.875, 9.875], "texture": "#3"},
				"south": {"uv": [14, 4.5, 14.125, 4.625], "texture": "#3"},
				"west": {"uv": [6, 10, 10.875, 10.125], "texture": "#3"},
				"up": {"uv": [6.125, 15.125, 6, 10.25], "texture": "#3"},
				"down": {"uv": [6.375, 10.25, 6.25, 15.125], "texture": "#3"}
			}
		},
		{
			"from": [6.75, 15.27787, -5.475],
			"to": [9.25, 16.52787, -1.725],
			"rotation": {"angle": 0, "axis": "y", "origin": [7.9375, 14.44691, 0.0954]},
			"faces": {
				"north": {"uv": [6.5, 13.5, 7.125, 13.875], "texture": "#3"},
				"east": {"uv": [10, 12.75, 10.875, 13.125], "texture": "#3"},
				"south": {"uv": [13.5, 6.75, 14.125, 7.125], "texture": "#3"},
				"west": {"uv": [11, 12.75, 11.875, 13.125], "texture": "#3"},
				"up": {"uv": [7.125, 11.125, 6.5, 10.25], "texture": "#3"},
				"down": {"uv": [7.875, 10.25, 7.25, 11.125], "texture": "#3"}
			}
		},
		{
			"from": [7, 11.77787, -5.225],
			"to": [9, 15.27787, -1.975],
			"rotation": {"angle": 0, "axis": "y", "origin": [7.9375, 14.44691, 0.0954]},
			"faces": {
				"north": {"uv": [9.5, 10.25, 10, 11.125], "texture": "#3"},
				"east": {"uv": [2, 9.75, 2.75, 10.625], "texture": "#3"},
				"south": {"uv": [10, 10.25, 10.5, 11.125], "texture": "#3"},
				"west": {"uv": [2.75, 9.75, 3.5, 10.625], "texture": "#3"},
				"up": {"uv": [5, 13, 4.5, 12.25], "texture": "#3"},
				"down": {"uv": [5.5, 12.25, 5, 13], "texture": "#3"}
			}
		},
		{
			"from": [7, 11.77787, -7.225],
			"to": [9, 14.27787, -5.225],
			"rotation": {"angle": 0, "axis": "y", "origin": [7.9375, 14.44691, 0.0954]},
			"faces": {
				"north": {"uv": [13, 9.75, 13.5, 10.375], "texture": "#3"},
				"east": {"uv": [13, 10.5, 13.5, 11.125], "texture": "#3"},
				"south": {"uv": [13, 11.25, 13.5, 11.875], "texture": "#3"},
				"west": {"uv": [13, 12, 13.5, 12.625], "texture": "#3"},
				"up": {"uv": [14, 3.25, 13.5, 2.75], "texture": "#3"},
				"down": {"uv": [14, 3.25, 13.5, 3.75], "texture": "#3"}
			}
		},
		{
			"from": [7, 10.5, -4.6],
			"to": [9, 11.5, -2.6],
			"rotation": {"angle": 0, "axis": "y", "origin": [7.9375, 15.14691, 0.0954]},
			"faces": {
				"north": {"uv": [13.75, 12, 14.25, 12.25], "texture": "#3"},
				"east": {"uv": [13.75, 12.25, 14.25, 12.5], "texture": "#3"},
				"south": {"uv": [13.75, 12.5, 14.25, 12.75], "texture": "#3"},
				"west": {"uv": [13.75, 12.75, 14.25, 13], "texture": "#3"},
				"up": {"uv": [2.5, 12.25, 2, 11.75], "texture": "#3"},
				"down": {"uv": [2.5, 13.5, 2, 14], "texture": "#3"}
			}
		},
		{
			"from": [7.5, 9.36526, -1.9689],
			"to": [8.5, 20.06526, 0.1311],
			"rotation": {"angle": 45, "axis": "x", "origin": [7.9375, 14.44691, 0.0954]},
			"faces": {
				"north": {"uv": [3.5, 9.75, 3.75, 12.375], "texture": "#3"},
				"east": {"uv": [0, 9.75, 0.5, 12.375], "texture": "#3"},
				"south": {"uv": [3.75, 9.75, 4, 12.375], "texture": "#3"},
				"west": {"uv": [0.5, 9.75, 1, 12.375], "texture": "#3"},
				"up": {"uv": [14.25, 0.75, 14, 0.25], "texture": "#3"},
				"down": {"uv": [0.75, 14, 0.5, 14.5], "texture": "#3"}
			}
		},
		{
			"from": [7, 15.54855, -3.57227],
			"to": [9, 18.62355, -2.57227],
			"rotation": {"angle": 45, "axis": "x", "origin": [7.9375, 14.44691, 0.0954]},
			"faces": {
				"north": {"uv": [5.5, 12.25, 6, 13], "texture": "#3"},
				"east": {"uv": [3.25, 10.75, 3.5, 11.5], "texture": "#3"},
				"south": {"uv": [0, 12.5, 0.5, 13.25], "texture": "#3"},
				"west": {"uv": [3.25, 11.5, 3.5, 12.25], "texture": "#3"},
				"up": {"uv": [14.25, 13.25, 13.75, 13], "texture": "#3"},
				"down": {"uv": [14.25, 13.25, 13.75, 13.5], "texture": "#3"}
			}
		},
		{
			"from": [7, 18.62355, -3.57227],
			"to": [9, 21.69855, -2.57227],
			"rotation": {"angle": 45, "axis": "x", "origin": [7.9375, 14.44691, 0.0954]},
			"faces": {
				"north": {"uv": [0.5, 12.5, 1, 13.25], "texture": "#3"},
				"east": {"uv": [13.5, 8.75, 13.75, 9.5], "texture": "#3"},
				"south": {"uv": [1, 12.5, 1.5, 13.25], "texture": "#3"},
				"west": {"uv": [9.5, 13.5, 9.75, 14.25], "texture": "#3"},
				"up": {"uv": [14.25, 13.75, 13.75, 13.5], "texture": "#3"},
				"down": {"uv": [14.25, 13.75, 13.75, 14], "texture": "#3"}
			}
		},
		{
			"from": [7, 21.69855, -3.57227],
			"to": [9, 24.77355, -2.57227],
			"rotation": {"angle": 45, "axis": "x", "origin": [7.9375, 14.44691, 0.0954]},
			"faces": {
				"north": {"uv": [1.5, 12.5, 2, 13.25], "texture": "#3"},
				"east": {"uv": [13.5, 9.5, 13.75, 10.25], "texture": "#3"},
				"south": {"uv": [3.5, 12.5, 4, 13.25], "texture": "#3"},
				"west": {"uv": [9.75, 13.5, 10, 14.25], "texture": "#3"},
				"up": {"uv": [0.5, 14.25, 0, 14], "texture": "#3"},
				"down": {"uv": [14.5, 0, 14, 0.25], "texture": "#3"}
			}
		},
		{
			"from": [7.875, 11.0195, -8.13541],
			"to": [7.875, 31.5195, -0.43541],
			"rotation": {"angle": 45, "axis": "x", "origin": [7.9375, 14.44691, 0.0954]},
			"faces": {
				"north": {"uv": [0, 0, 0, 6.25], "texture": "#2"},
				"east": {"uv": [10.25, 0, 0, 3.85], "rotation": 90, "texture": "#2"},
				"south": {"uv": [0, 6.25, 0, 0], "rotation": 180, "texture": "#2"},
				"west": {"uv": [10.25, 3.85, 0, 0], "rotation": 90, "texture": "#2"},
				"up": {"uv": [0, 13.25, 0, 0], "rotation": 180, "texture": "#2"},
				"down": {"uv": [0, 13.25, 0, 0], "texture": "#2"}
			}
		},
		{
			"from": [7.875, 9.2, -14.46685],
			"to": [7.875, 15.7, -6.76685],
			"rotation": {"angle": 0, "axis": "y", "origin": [7.875, 23.13249, -5.61685]},
			"faces": {
				"north": {"uv": [0, 0, 0, 6.25], "texture": "#2"},
				"east": {"uv": [3.25, 4.25, 0, 8.1], "rotation": 90, "texture": "#2"},
				"south": {"uv": [0, 6.25, 0, 0], "rotation": 180, "texture": "#2"},
				"west": {"uv": [3.25, 8.1, 0, 4.25], "rotation": 90, "texture": "#2"},
				"up": {"uv": [0, 13.25, 0, 0], "rotation": 180, "texture": "#2"},
				"down": {"uv": [0, 13.25, 0, 0], "texture": "#2"}
			}
		},
		{
			"from": [7.875, 2.3, -14.46685],
			"to": [7.875, 8.8, -6.76685],
			"rotation": {"angle": 0, "axis": "y", "origin": [7.875, -7.13249, -5.61685]},
			"faces": {
				"north": {"uv": [0, 6.25, 0, 0], "texture": "#2"},
				"east": {"uv": [0, 4.25, 3.25, 8.1], "rotation": 90, "texture": "#2"},
				"south": {"uv": [0, 0, 0, 6.25], "rotation": 180, "texture": "#2"},
				"west": {"uv": [0, 8.1, 3.25, 4.25], "rotation": 90, "texture": "#2"},
				"up": {"uv": [0, 0, 0, 13.25], "texture": "#2"},
				"down": {"uv": [0, 0, 0, 13.25], "rotation": 180, "texture": "#2"}
			}
		},
		{
			"from": [8.075, 9, -14.46685],
			"to": [14.575, 9, -6.76685],
			"rotation": {"angle": 0, "axis": "y", "origin": [7.875, 9, -10.61685]},
			"faces": {
				"north": {"uv": [0, 6.25, 0, 0], "rotation": 90, "texture": "#2"},
				"east": {"uv": [0, 0, 0, 13.25], "rotation": 90, "texture": "#2"},
				"south": {"uv": [0, 0, 0, 6.25], "rotation": 90, "texture": "#2"},
				"west": {"uv": [0, 0, 0, 13.25], "rotation": 270, "texture": "#2"},
				"up": {"uv": [0, 4.25, 3.25, 8.1], "texture": "#2"},
				"down": {"uv": [0, 8.1, 3.25, 4.25], "texture": "#2"}
			}
		},
		{
			"from": [1.175, 9, -14.46685],
			"to": [7.675, 9, -6.76685],
			"rotation": {"angle": 0, "axis": "y", "origin": [7.875, 9, -10.61685]},
			"faces": {
				"north": {"uv": [0, 0, 0, 6.25], "rotation": 90, "texture": "#2"},
				"east": {"uv": [0, 13.25, 0, 0], "rotation": 270, "texture": "#2"},
				"south": {"uv": [0, 6.25, 0, 0], "rotation": 90, "texture": "#2"},
				"west": {"uv": [0, 13.25, 0, 0], "rotation": 90, "texture": "#2"},
				"up": {"uv": [3.25, 4.25, 0, 8.1], "texture": "#2"},
				"down": {"uv": [3.25, 8.1, 0, 4.25], "texture": "#2"}
			}
		},
		{
			"from": [8, -10.07348, 5.15],
			"to": [8, 28.42652, 32],
			"rotation": {"angle": 0, "axis": "y", "origin": [8, 8.17652, -1]},
			"faces": {
				"north": {"uv": [0, 0, 0, 9.625], "texture": "#3"},
				"east": {"uv": [13.5, 0, 6.75, 9.625], "texture": "#3"},
				"south": {"uv": [0, 0, 0, 9.625], "texture": "#3"},
				"west": {"uv": [6.75, 0, 13.5, 9.625], "texture": "#3"},
				"up": {"uv": [0, 6.75, 0, 0], "texture": "#3"},
				"down": {"uv": [0, 0, 0, 6.75], "texture": "#3"}
			}
		},
		{
			"from": [7, 5.5, -4.6],
			"to": [9, 7.75, -2.6],
			"rotation": {"angle": 0, "axis": "y", "origin": [7.9375, 15.14691, 0.0954]},
			"faces": {
				"north": {"uv": [3, 13, 3.5, 13.625], "texture": "#3"},
				"east": {"uv": [4.5, 13, 5, 13.625], "texture": "#3"},
				"south": {"uv": [5, 13, 5.5, 13.625], "texture": "#3"},
				"west": {"uv": [5.5, 13, 6, 13.625], "texture": "#3"},
				"up": {"uv": [14, 2.75, 13.5, 2.25], "texture": "#3"},
				"down": {"uv": [3, 13.5, 2.5, 14], "texture": "#3"}
			}
		},
		{
			"from": [6.75, 4.5, -4.85],
			"to": [9.25, 5.75, -2.35],
			"rotation": {"angle": 0, "axis": "y", "origin": [7.9375, 15.14691, 0.0954]},
			"faces": {
				"north": {"uv": [13.5, 4.75, 14.125, 5.125], "texture": "#3"},
				"east": {"uv": [13.5, 5.25, 14.125, 5.625], "texture": "#3"},
				"south": {"uv": [13.5, 5.75, 14.125, 6.125], "texture": "#3"},
				"west": {"uv": [13.5, 6.25, 14.125, 6.625], "texture": "#3"},
				"up": {"uv": [3.125, 11.375, 2.5, 10.75], "texture": "#3"},
				"down": {"uv": [5.125, 10.75, 4.5, 11.375], "texture": "#3"}
			}
		},
		{
			"from": [6.75, 11.4, -4.85],
			"to": [9.25, 12.65, -2.35],
			"rotation": {"angle": 0, "axis": "y", "origin": [7.9375, 15.14691, 0.0954]},
			"faces": {
				"north": {"uv": [7.25, 13.5, 7.875, 13.875], "texture": "#3"},
				"east": {"uv": [13.5, 7.25, 14.125, 7.625], "texture": "#3"},
				"south": {"uv": [13.5, 7.75, 14.125, 8.125], "texture": "#3"},
				"west": {"uv": [8, 13.5, 8.625, 13.875], "texture": "#3"},
				"up": {"uv": [5.875, 11.375, 5.25, 10.75], "texture": "#3"},
				"down": {"uv": [11.625, 9.75, 11, 10.375], "texture": "#3"}
			}
		},
		{
			"from": [6.75, -2.77122, 1.78527],
			"to": [9.25, -0.27122, 4.28527],
			"rotation": {"angle": 0, "axis": "y", "origin": [7.9375, 2.85309, 0.0954]},
			"faces": {
				"north": {"uv": [10.25, 11.25, 10.875, 11.875], "texture": "#3"},
				"east": {"uv": [11, 11.25, 11.625, 11.875], "texture": "#3"},
				"south": {"uv": [2.5, 11.5, 3.125, 12.125], "texture": "#3"},
				"west": {"uv": [4.5, 11.5, 5.125, 12.125], "texture": "#3"},
				"up": {"uv": [5.875, 12.125, 5.25, 11.5], "texture": "#3"},
				"down": {"uv": [12.375, 9.75, 11.75, 10.375], "texture": "#3"}
			}
		},
		{
			"from": [6.75, 0.34005, -1.326],
			"to": [9.25, 2.84005, 1.174],
			"rotation": {"angle": 0, "axis": "y", "origin": [7.9375, 2.85309, 0.0954]},
			"faces": {
				"north": {"uv": [11, 10.5, 11.625, 11.125], "texture": "#3"},
				"east": {"uv": [6.5, 11.25, 7.125, 11.875], "texture": "#3"},
				"south": {"uv": [7.25, 11.25, 7.875, 11.875], "texture": "#3"},
				"west": {"uv": [8, 11.25, 8.625, 11.875], "texture": "#3"},
				"up": {"uv": [9.375, 11.875, 8.75, 11.25], "texture": "#3"},
				"down": {"uv": [10.125, 11.25, 9.5, 11.875], "texture": "#3"}
			}
		},
		{
			"from": [6.75, 0.77213, -5.475],
			"to": [9.25, 2.02213, -1.725],
			"rotation": {"angle": 0, "axis": "y", "origin": [7.9375, -1.44834, 0.0954]},
			"faces": {
				"north": {"uv": [13.5, 8.25, 14.125, 8.625], "texture": "#3"},
				"east": {"uv": [12, 12.75, 12.875, 13.125], "texture": "#3"},
				"south": {"uv": [8.75, 13.5, 9.375, 13.875], "texture": "#3"},
				"west": {"uv": [2, 13, 2.875, 13.375], "texture": "#3"},
				"up": {"uv": [8.625, 11.125, 8, 10.25], "texture": "#3"},
				"down": {"uv": [9.375, 10.25, 8.75, 11.125], "texture": "#3"}
			}
		},
		{
			"from": [7, 2.02213, -5.225],
			"to": [9, 5.52213, -1.975],
			"rotation": {"angle": 0, "axis": "y", "origin": [7.9375, -1.44834, 0.0954]},
			"faces": {
				"north": {"uv": [10.5, 10.25, 11, 11.125], "texture": "#3"},
				"east": {"uv": [4.5, 9.75, 5.25, 10.625], "texture": "#3"},
				"south": {"uv": [2, 10.75, 2.5, 11.625], "texture": "#3"},
				"west": {"uv": [5.25, 9.75, 6, 10.625], "texture": "#3"},
				"up": {"uv": [8.5, 13.5, 8, 12.75], "texture": "#3"},
				"down": {"uv": [9, 12.75, 8.5, 13.5], "texture": "#3"}
			}
		},
		{
			"from": [7, 3.02213, -7.225],
			"to": [9, 5.52213, -5.225],
			"rotation": {"angle": 0, "axis": "y", "origin": [7.9375, -1.44834, 0.0954]},
			"faces": {
				"north": {"uv": [13, 12.75, 13.5, 13.375], "texture": "#3"},
				"east": {"uv": [0, 13.25, 0.5, 13.875], "texture": "#3"},
				"south": {"uv": [0.5, 13.25, 1, 13.875], "texture": "#3"},
				"west": {"uv": [1, 13.25, 1.5, 13.875], "texture": "#3"},
				"up": {"uv": [14, 4.25, 13.5, 3.75], "texture": "#3"},
				"down": {"uv": [14, 4.25, 13.5, 4.75], "texture": "#3"}
			}
		},
		{
			"from": [7.875, -15, -5.09383],
			"to": [7.875, 5.5, 2.60617],
			"rotation": {"angle": -45, "axis": "x", "origin": [7.9375, -1.44834, 0.0954]},
			"faces": {
				"north": {"uv": [0, 6.25, 0, 0], "texture": "#2"},
				"east": {"uv": [0, 0, 10.25, 3.85], "rotation": 90, "texture": "#2"},
				"south": {"uv": [0, 0, 0, 6.25], "rotation": 180, "texture": "#2"},
				"west": {"uv": [0, 3.85, 10.25, 0], "rotation": 90, "texture": "#2"},
				"up": {"uv": [0, 0, 0, 13.25], "texture": "#2"},
				"down": {"uv": [0, 0, 0, 13.25], "rotation": 180, "texture": "#2"}
			}
		},
		{
			"from": [7, -4.81466, 6.58633],
			"to": [9, -3.81466, 9.66133],
			"rotation": {"angle": 22.5, "axis": "x", "origin": [7.9375, -1.44834, 0.0954]},
			"faces": {
				"north": {"uv": [14, 2, 14.5, 2.25], "texture": "#3"},
				"east": {"uv": [4.75, 13.75, 5.5, 14], "texture": "#3"},
				"south": {"uv": [14, 2.25, 14.5, 2.5], "texture": "#3"},
				"west": {"uv": [13.75, 8.75, 14.5, 9], "texture": "#3"},
				"up": {"uv": [7.5, 13.5, 7, 12.75], "texture": "#3"},
				"down": {"uv": [8, 12.75, 7.5, 13.5], "texture": "#3"}
			}
		},
		{
			"from": [7, 21.11466, 6.58633],
			"to": [9, 22.11466, 9.66133],
			"rotation": {"angle": -22.5, "axis": "x", "origin": [7.9375, 18.74834, 0.0954]},
			"faces": {
				"north": {"uv": [2.5, 14, 3, 14.25], "texture": "#3"},
				"east": {"uv": [13.75, 10.5, 14.5, 10.75], "texture": "#3"},
				"south": {"uv": [14, 2.5, 14.5, 2.75], "texture": "#3"},
				"west": {"uv": [13.75, 10.75, 14.5, 11], "texture": "#3"},
				"up": {"uv": [9.5, 13.5, 9, 12.75], "texture": "#3"},
				"down": {"uv": [10, 12.75, 9.5, 13.5], "texture": "#3"}
			}
		},
		{
			"from": [7, -2.58341, -0.5307],
			"to": [9, 0.49159, 0.4693],
			"rotation": {"angle": -45, "axis": "x", "origin": [7.9375, -1.44834, 0.0954]},
			"faces": {
				"north": {"uv": [12.5, 12, 13, 12.75], "texture": "#3"},
				"east": {"uv": [3.25, 13.75, 3.5, 14.5], "texture": "#3"},
				"south": {"uv": [6.5, 12.75, 7, 13.5], "texture": "#3"},
				"west": {"uv": [4.5, 13.75, 4.75, 14.5], "texture": "#3"},
				"up": {"uv": [14.5, 2, 14, 1.75], "texture": "#3"},
				"down": {"uv": [2.5, 14, 2, 14.25], "texture": "#3"}
			}
		},
		{
			"from": [7.25, -1.34096, -0.80119],
			"to": [8.75, 1.73404, 0.19881],
			"rotation": {"angle": 0, "axis": "y", "origin": [7.9375, -1.44834, 0.0954]},
			"faces": {
				"north": {"uv": [11.5, 13.25, 11.875, 14], "texture": "#3"},
				"east": {"uv": [13.5, 13.25, 13.75, 14], "texture": "#3"},
				"south": {"uv": [12, 13.25, 12.375, 14], "texture": "#3"},
				"west": {"uv": [3, 13.75, 3.25, 14.5], "texture": "#3"},
				"up": {"uv": [14.375, 3.5, 14, 3.25], "texture": "#3"},
				"down": {"uv": [3.875, 14, 3.5, 14.25], "texture": "#3"}
			}
		},
		{
			"from": [7, -5.65841, -0.5307],
			"to": [9, -2.58341, 0.4693],
			"rotation": {"angle": -45, "axis": "x", "origin": [7.9375, -1.44834, 0.0954]},
			"faces": {
				"north": {"uv": [12.5, 10.5, 13, 11.25], "texture": "#3"},
				"east": {"uv": [13, 13.5, 13.25, 14.25], "texture": "#3"},
				"south": {"uv": [12.5, 11.25, 13, 12], "texture": "#3"},
				"west": {"uv": [13.25, 13.5, 13.5, 14.25], "texture": "#3"},
				"up": {"uv": [2, 14.25, 1.5, 14], "texture": "#3"},
				"down": {"uv": [14.5, 1.5, 14, 1.75], "texture": "#3"}
			}
		},
		{
			"from": [7, -8.73341, -0.5307],
			"to": [9, -5.65841, 0.4693],
			"rotation": {"angle": -45, "axis": "x", "origin": [7.9375, -1.44834, 0.0954]},
			"faces": {
				"north": {"uv": [4, 12.5, 4.5, 13.25], "texture": "#3"},
				"east": {"uv": [13.5, 11.75, 13.75, 12.5], "texture": "#3"},
				"south": {"uv": [12.5, 9.75, 13, 10.5], "texture": "#3"},
				"west": {"uv": [13.5, 12.5, 13.75, 13.25], "texture": "#3"},
				"up": {"uv": [1.5, 14.25, 1, 14], "texture": "#3"},
				"down": {"uv": [14.5, 1.25, 14, 1.5], "texture": "#3"}
			}
		},
		{
			"from": [7.5, -4.02512, 1.07267],
			"to": [8.5, 6.67488, 3.17267],
			"rotation": {"angle": -45, "axis": "x", "origin": [7.9375, -1.44834, 0.0954]},
			"faces": {
				"north": {"uv": [4, 9.75, 4.25, 12.375], "texture": "#3"},
				"east": {"uv": [1, 9.75, 1.5, 12.375], "texture": "#3"},
				"south": {"uv": [4.25, 9.75, 4.5, 12.375], "texture": "#3"},
				"west": {"uv": [1.5, 9.75, 2, 12.375], "texture": "#3"},
				"up": {"uv": [1, 14.5, 0.75, 14], "texture": "#3"},
				"down": {"uv": [14.25, 0.75, 14, 1.25], "texture": "#3"}
			}
		},
		{
			"from": [7.25, -4.59365, 2.4515],
			"to": [8.75, -1.51865, 3.4515],
			"rotation": {"angle": 0, "axis": "y", "origin": [7.9375, -1.44834, 0.0954]},
			"faces": {
				"north": {"uv": [10.5, 13.25, 10.875, 14], "texture": "#3"},
				"east": {"uv": [13.5, 10.25, 13.75, 11], "texture": "#3"},
				"south": {"uv": [11, 13.25, 11.375, 14], "texture": "#3"},
				"west": {"uv": [13.5, 11, 13.75, 11.75], "texture": "#3"},
				"up": {"uv": [14.375, 3, 14, 2.75], "texture": "#3"},
				"down": {"uv": [14.375, 3, 14, 3.25], "texture": "#3"}
			}
		},
		{
			"from": [7.25, 18.81865, 2.4515],
			"to": [8.75, 21.89365, 3.4515],
			"rotation": {"angle": 0, "axis": "y", "origin": [7.9375, 18.74834, 0.0954]},
			"faces": {
				"north": {"uv": [12.5, 13.25, 12.875, 14], "texture": "#3"},
				"east": {"uv": [5.5, 13.75, 5.75, 14.5], "texture": "#3"},
				"south": {"uv": [13.5, 0, 13.875, 0.75], "texture": "#3"},
				"west": {"uv": [5.75, 13.75, 6, 14.5], "texture": "#3"},
				"up": {"uv": [14.375, 3.75, 14, 3.5], "texture": "#3"},
				"down": {"uv": [14.375, 3.75, 14, 4], "texture": "#3"}
			}
		},
		{
			"from": [6.75, 14.45995, -1.326],
			"to": [9.25, 16.95995, 1.174],
			"rotation": {"angle": 0, "axis": "y", "origin": [7.9375, 14.44691, 0.0954]},
			"faces": {
				"north": {"uv": [9.5, 12, 10.125, 12.625], "texture": "#3"},
				"east": {"uv": [10.25, 12, 10.875, 12.625], "texture": "#3"},
				"south": {"uv": [11, 12, 11.625, 12.625], "texture": "#3"},
				"west": {"uv": [11.75, 12, 12.375, 12.625], "texture": "#3"},
				"up": {"uv": [2.625, 12.875, 2, 12.25], "texture": "#3"},
				"down": {"uv": [3.375, 12.25, 2.75, 12.875], "texture": "#3"}
			}
		},
		{
			"from": [6.75, 17.57122, 1.78527],
			"to": [9.25, 20.07122, 4.28527],
			"rotation": {"angle": 0, "axis": "y", "origin": [7.9375, 14.44691, 0.0954]},
			"faces": {
				"north": {"uv": [11.75, 10.5, 12.375, 11.125], "texture": "#3"},
				"east": {"uv": [11.75, 11.25, 12.375, 11.875], "texture": "#3"},
				"south": {"uv": [6.5, 12, 7.125, 12.625], "texture": "#3"},
				"west": {"uv": [7.25, 12, 7.875, 12.625], "texture": "#3"},
				"up": {"uv": [8.625, 12.625, 8, 12], "texture": "#3"},
				"down": {"uv": [9.375, 12, 8.75, 12.625], "texture": "#3"}
			}
		},
		{
			"from": [7.25, 15.56596, -0.80119],
			"to": [8.75, 18.64096, 0.19881],
			"rotation": {"angle": 0, "axis": "y", "origin": [7.9375, 18.74834, 0.0954]},
			"faces": {
				"north": {"uv": [13.5, 0.75, 13.875, 1.5], "texture": "#3"},
				"east": {"uv": [13.75, 9, 14, 9.75], "texture": "#3"},
				"south": {"uv": [13.5, 1.5, 13.875, 2.25], "texture": "#3"},
				"west": {"uv": [13.75, 9.75, 14, 10.5], "texture": "#3"},
				"up": {"uv": [4.375, 14.25, 4, 14], "texture": "#3"},
				"down": {"uv": [14.375, 4, 14, 4.25], "texture": "#3"}
			}
		}
	],
	"gui_light": "front",
	"display": {
		"thirdperson_righthand": {
			"translation": [0, -2.5, 7.25],
			"scale": [0.66, 0.66, 0.66]
		},
		"thirdperson_lefthand": {
			"translation": [0, -2.5, 7.25],
			"scale": [0.66, 0.66, 0.66]
		},
		"firstperson_righthand": {
			"rotation": [21.32, 14.68, 2.45],
			"translation": [4.75, 2.25, -1]
		},
		"firstperson_lefthand": {
			"rotation": [20.68, -17.32, 3.62],
			"translation": [7.25, 2.25, 0.5]
		},
		"ground": {
			"rotation": [45, 0, 0],
			"translation": [0, 3, 0],
			"scale": [0.29, 0.29, 0.29]
		},
		"gui": {
			"rotation": [86, 45, -81],
			"translation": [1, -1.5, 0],
			"scale": [0.53, 0.53, 0.53]
		},
		"fixed": {
			"rotation": [0, -90, 0],
			"translation": [-3, -0.25, -0.75],
			"scale": [0.5, 0.5, 0.5]
		}
	}
}