{"credit":"MadewithBlockbench","texture_size":[32,32],"textures":{"2":"golden_christmas:gold_shovel1","4":"golden_christmas:gold_shovel2","particle":"golden_christmas:gold_shovel1"},"elements":[{"from":[7.25,-2.175,7.25],"to":[8.75,0.6,8.75],"rotation":{"angle":0,"axis":"y","origin":[8,-5.9,8]},"faces":{"north":{"uv":[11.5,8.5,12.25,10],"texture":"#4"},"east":{"uv":[11,11.5,11.75,13],"texture":"#4"},"south":{"uv":[12,1,12.75,2.5],"texture":"#4"},"west":{"uv":[12,2.5,12.75,4],"texture":"#4"},"up":{"uv":[12.75,13.75,12,13],"texture":"#4"},"down":{"uv":[13.75,13,13,13.75],"texture":"#4"}}},{"from":[7,17.72759,4.2671],"to":[9,20.80259,5.2671],"rotation":{"angle":0,"axis":"y","origin":[8,19.26509,4.6671]},"faces":{"north":{"uv":[10,4.5,11,6],"texture":"#4"},"east":{"uv":[13,4,13.5,5.5],"texture":"#4"},"south":{"uv":[10,6,11,7.5],"texture":"#4"},"west":{"uv":[5.5,13,6,14.5],"texture":"#4"},"up":{"uv":[3,14,2,13.5],"texture":"#4"},"down":{"uv":[4,13.5,3,14],"texture":"#4"}}},{"from":[7.475,19.69948,4.5961],"to":[8.525,25.74948,11.4461],"rotation":{"angle":0,"axis":"y","origin":[8,21.98227,4.97727]},"faces":{"north":{"uv":[6,10.5,6.5,13.5],"texture":"#4"},"east":{"uv":[0,0,3.5,3],"texture":"#4"},"south":{"uv":[6.5,10.5,7,13.5],"texture":"#4"},"west":{"uv":[0,3,3.5,6],"texture":"#4"},"up":{"uv":[8.5,3.5,8,0],"texture":"#4"},"down":{"uv":[1,8,0.5,11.5],"texture":"#4"}}},{"from":[7.5,24.20732,5.48526],"to":[8.5,29.05732,10.31026],"rotation":{"angle":45,"axis":"x","origin":[8,26.03232,6.88526]},"faces":{"north":{"uv":[5,11,5.5,13.5],"texture":"#4"},"east":{"uv":[5.5,0,8,2.5],"texture":"#4"},"south":{"uv":[10,11,10.5,13.5],"texture":"#4"},"west":{"uv":[5.5,2.5,8,5],"texture":"#4"},"up":{"uv":[1,14,0.5,11.5],"texture":"#4"},"down":{"uv":[11,11.5,10.5,14],"texture":"#4"}}},{"from":[7.25,18.83757,4.53128],"to":[8.75,19.83757,7.60628],"rotation":{"angle":0,"axis":"y","origin":[8,19.55133,5.36794]},"faces":{"north":{"uv":[13.5,4.5,14.25,5],"texture":"#4"},"east":{"uv":[13,3,14.5,3.5],"texture":"#4"},"south":{"uv":[13.5,5,14.25,5.5],"texture":"#4"},"west":{"uv":[13,3.5,14.5,4],"texture":"#4"},"up":{"uv":[12.75,5.5,12,4],"texture":"#4"},"down":{"uv":[12.75,5.5,12,7],"texture":"#4"}}},{"from":[7,17.72759,10.7329],"to":[9,20.80259,11.7329],"rotation":{"angle":0,"axis":"y","origin":[8,19.26509,11.3329]},"faces":{"north":{"uv":[10,7.5,11,9],"texture":"#4"},"east":{"uv":[13,6.5,13.5,8],"texture":"#4"},"south":{"uv":[10.5,9,11.5,10.5],"texture":"#4"},"west":{"uv":[11,13,11.5,14.5],"texture":"#4"},"up":{"uv":[5,14,4,13.5],"texture":"#4"},"down":{"uv":[14.5,4,13.5,4.5],"texture":"#4"}}},{"from":[7.25,18.83757,8.39372],"to":[8.75,19.83757,11.46872],"rotation":{"angle":0,"axis":"y","origin":[8,19.55133,10.63206]},"faces":{"north":{"uv":[6.5,13.5,7.25,14],"texture":"#4"},"east":{"uv":[13,5.5,14.5,6],"texture":"#4"},"south":{"uv":[13.5,6.5,14.25,7],"texture":"#4"},"west":{"uv":[13,6,14.5,6.5],"texture":"#4"},"up":{"uv":[12.75,8.5,12,7],"texture":"#4"},"down":{"uv":[12.75,11.5,12,13],"texture":"#4"}}},{"from":[6.75,6.07787,6.125],"to":[9.25,7.32787,9.875],"rotation":{"angle":0,"axis":"y","origin":[8,6.45287,8]},"faces":{"north":{"uv":[13,1,14.25,1.75],"texture":"#4"},"east":{"uv":[10.5,10.5,12.25,11.25],"texture":"#4"},"south":{"uv":[13,2,14.25,2.75],"texture":"#4"},"west":{"uv":[11,0,12.75,0.75],"texture":"#4"},"up":{"uv":[7.25,6.75,6,5],"texture":"#4"},"down":{"uv":[7.25,7,6,8.75],"texture":"#4"}}},{"from":[7,2.57787,6.375],"to":[9,6.07787,9.625],"rotation":{"angle":0,"axis":"y","origin":[8,7.20287,8]},"faces":{"north":{"uv":[7.5,5,8.5,6.75],"texture":"#4"},"east":{"uv":[0.5,6,2,7.75],"texture":"#4"},"south":{"uv":[7.5,7,8.5,8.75],"texture":"#4"},"west":{"uv":[2,6,3.5,7.75],"texture":"#4"},"up":{"uv":[11,1.5,10,0],"texture":"#4"},"down":{"uv":[11,1.5,10,3],"texture":"#4"}}},{"from":[7,2.57787,4.375],"to":[9,5.07787,6.375],"rotation":{"angle":0,"axis":"y","origin":[8,7.20287,8.75]},"faces":{"north":{"uv":[7,11,8,12.25],"texture":"#4"},"east":{"uv":[11,7,12,8.25],"texture":"#4"},"south":{"uv":[8,11,9,12.25],"texture":"#4"},"west":{"uv":[9,11,10,12.25],"texture":"#4"},"up":{"uv":[8,13.5,7,12.5],"texture":"#4"},"down":{"uv":[9,12.5,8,13.5],"texture":"#4"}}},{"from":[7,0.6,7],"to":[9,1.6,9],"rotation":{"angle":0,"axis":"y","origin":[8,-5.9,8]},"faces":{"north":{"uv":[8.5,3,9.5,3.5],"texture":"#4"},"east":{"uv":[7.5,9,8.5,9.5],"texture":"#4"},"south":{"uv":[11.5,10,12.5,10.5],"texture":"#4"},"west":{"uv":[13,8,14,8.5],"texture":"#4"},"up":{"uv":[2,13.5,1,12.5],"texture":"#4"},"down":{"uv":[3,12.5,2,13.5],"texture":"#4"}}},{"from":[7.5,3.875,6.95],"to":[8.5,19.575,9.05],"rotation":{"angle":0,"axis":"y","origin":[8,-6.125,8]},"faces":{"north":{"uv":[5.5,5,6,12.75],"texture":"#4"},"east":{"uv":[3.5,0,4.5,7.75],"texture":"#4"},"south":{"uv":[0,6,0.5,13.75],"texture":"#4"},"west":{"uv":[4.5,0,5.5,7.75],"texture":"#4"},"up":{"uv":[1.5,14.5,1,13.5],"texture":"#4"},"down":{"uv":[2,13.5,1.5,14.5],"texture":"#4"}}},{"from":[7.875,10.54514,-5.19866],"to":[7.875,29.24514,7.30134],"rotation":{"angle":0,"axis":"y","origin":[7.875,19.99514,1.07634]},"faces":{"north":{"uv":[0,0,0,13.25],"texture":"#2"},"east":{"uv":[0,2,6.25,11.35],"texture":"#2"},"south":{"uv":[0,0,0,13.25],"texture":"#2"},"west":{"uv":[6.25,2,0,11.35],"texture":"#2"},"up":{"uv":[0,0,0,6.25],"texture":"#2"},"down":{"uv":[0,6.25,0,0],"texture":"#2"}}},{"from":[7.875,10.54514,8.69866],"to":[7.875,29.24514,21.19866],"rotation":{"angle":0,"axis":"y","origin":[7.875,19.99514,14.92366]},"faces":{"north":{"uv":[0,0,0,13.25],"texture":"#2"},"east":{"uv":[6.25,2,0,11.35],"texture":"#2"},"south":{"uv":[0,0,0,13.25],"texture":"#2"},"west":{"uv":[0,2,6.25,11.35],"texture":"#2"},"up":{"uv":[0,6.25,0,0],"texture":"#2"},"down":{"uv":[0,0,0,6.25],"texture":"#2"}}},{"from":[7,-4.4,7],"to":[9,-2.15,9],"rotation":{"angle":0,"axis":"y","origin":[8,-5.9,8]},"faces":{"north":{"uv":[1,11,2,12.25],"texture":"#4"},"east":{"uv":[11,1,12,2.25],"texture":"#4"},"south":{"uv":[2,11,3,12.25],"texture":"#4"},"west":{"uv":[11,2.5,12,3.75],"texture":"#4"},"up":{"uv":[4,13.5,3,12.5],"texture":"#4"},"down":{"uv":[5,12.5,4,13.5],"texture":"#4"}}},{"from":[6.75,-5.4,6.75],"to":[9.25,-4.15,9.25],"rotation":{"angle":0,"axis":"y","origin":[8,-5.15,8]},"faces":{"north":{"uv":[12.5,8.5,13.75,9.25],"texture":"#4"},"east":{"uv":[12.5,9.5,13.75,10.25],"texture":"#4"},"south":{"uv":[12.5,10.5,13.75,11.25],"texture":"#4"},"west":{"uv":[13,0,14.25,0.75],"texture":"#4"},"up":{"uv":[9.75,6.25,8.5,5],"texture":"#4"},"down":{"uv":[9.75,6.5,8.5,7.75],"texture":"#4"}}},{"from":[7.5,-8.5,8.6],"to":[8.5,-6,9.25],"rotation":{"angle":0,"axis":"y","origin":[8,-5.25,8]},"faces":{"north":{"uv":[11.5,13,12,14.25],"texture":"#4"},"east":{"uv":[7.5,13.5,7.75,14.75],"texture":"#4"},"south":{"uv":[13,11.5,13.5,12.75],"texture":"#4"},"west":{"uv":[8,13.5,8.25,14.75],"texture":"#4"},"up":{"uv":[14,7.25,13.5,7],"texture":"#4"},"down":{"uv":[14,7.5,13.5,7.75],"texture":"#4"}}},{"from":[7.5,-9.47907,8.38631],"to":[8.5,-8.82907,9.38631],"rotation":{"angle":-45,"axis":"x","origin":[8,-9.15407,8.13631]},"faces":{"north":{"uv":[8.5,13.5,9,13.75],"texture":"#4"},"east":{"uv":[10,13.5,10.5,13.75],"texture":"#4"},"south":{"uv":[13.5,11.5,14,11.75],"texture":"#4"},"west":{"uv":[13.5,12,14,12.25],"texture":"#4"},"up":{"uv":[10,5,9.5,4.5],"texture":"#4"},"down":{"uv":[10.5,9,10,9.5],"texture":"#4"}}},{"from":[7.5,-10.77907,6.61369],"to":[8.5,-10.12907,7.61369],"rotation":{"angle":45,"axis":"x","origin":[8,-10.45407,7.86369]},"faces":{"north":{"uv":[0.5,14,1,14.25],"texture":"#4"},"east":{"uv":[2,14,2.5,14.25],"texture":"#4"},"south":{"uv":[2.5,14,3,14.25],"texture":"#4"},"west":{"uv":[3,14,3.5,14.25],"texture":"#4"},"up":{"uv":[7.5,11,7,10.5],"texture":"#4"},"down":{"uv":[11.5,8.5,11,9],"texture":"#4"}}},{"from":[7.5,-9.8,6.75],"to":[8.5,-6.2,7.4],"rotation":{"angle":0,"axis":"y","origin":[8,-6.55,8]},"faces":{"north":{"uv":[9,12.5,9.5,14.25],"texture":"#4"},"east":{"uv":[5,13.5,5.25,15.25],"texture":"#4"},"south":{"uv":[9.5,12.5,10,14.25],"texture":"#4"},"west":{"uv":[6,13.5,6.25,15.25],"texture":"#4"},"up":{"uv":[14,12.75,13.5,12.5],"texture":"#4"},"down":{"uv":[0.5,14,0,14.25],"texture":"#4"}}},{"from":[6.75,0.875,6.5],"to":[9.25,3.375,9],"rotation":{"angle":45,"axis":"x","origin":[8,1.875,8]},"faces":{"north":{"uv":[1,8,2.25,9.25],"texture":"#4"},"east":{"uv":[2.5,8,3.75,9.25],"texture":"#4"},"south":{"uv":[8,3.5,9.25,4.75],"texture":"#4"},"west":{"uv":[4,8,5.25,9.25],"texture":"#4"},"up":{"uv":[9.75,1.25,8.5,0],"texture":"#4"},"down":{"uv":[9.75,1.5,8.5,2.75],"texture":"#4"}}},{"from":[6.75,17.775,6.5],"to":[9.25,20.275,9],"rotation":{"angle":45,"axis":"x","origin":[8,18.775,8]},"faces":{"north":{"uv":[1,9.5,2.25,10.75],"texture":"#4"},"east":{"uv":[2.5,9.5,3.75,10.75],"texture":"#4"},"south":{"uv":[9.5,3,10.75,4.25],"texture":"#4"},"west":{"uv":[4,9.5,5.25,10.75],"texture":"#4"},"up":{"uv":[8.75,10.75,7.5,9.5],"texture":"#4"},"down":{"uv":[10.25,9.5,9,10.75],"texture":"#4"}}},{"from":[6.9,-7,6.75],"to":[9.1,-4.75,9],"rotation":{"angle":45,"axis":"x","origin":[8,-6,8]},"faces":{"north":{"uv":[3,11,4,12.25],"texture":"#4"},"east":{"uv":[8.5,8,9.75,9.25],"texture":"#4"},"south":{"uv":[4,11,5,12.25],"texture":"#4"},"west":{"uv":[6,9,7.25,10.25],"texture":"#4"},"up":{"uv":[12,5.25,11,4],"texture":"#4"},"down":{"uv":[12,5.5,11,6.75],"texture":"#4"}}}],"gui_light":"front","display":{"thirdperson_righthand":{"translation":[0,5.5,2],"scale":[0.78,0.78,0.78]},"thirdperson_lefthand":{"translation":[0,5.5,2],"scale":[0.78,0.78,0.78]},"firstperson_righthand":{"translation":[0.75,-4.25,0]},"firstperson_lefthand":{"translation":[0.75,-4.25,0]},"ground":{"rotation":[45,0,0],"translation":[0,3,0],"scale":[0.4,0.4,0.4]},"gui":{"rotation":[87.84,44.25,-80.81],"translation":[-0.25,-0.75,0],"scale":[0.48,0.48,0.48]},"fixed":{"rotation":[0,-90,0],"translation":[-0.5,0,-0.75],"scale":[0.45,0.45,0.45]}}}