{"credit":"MadewithBlockbench","texture_size":[32,32],"textures":{"2":"golden_christmas:gold_hammer1","3":"golden_christmas:gold_hammer2","particle":"golden_christmas:gold_hammer1"},"elements":[{"from":[7.25,-6.975,6.65],"to":[8.75,-4.2,8.15],"rotation":{"angle":0,"axis":"y","origin":[8,-10.7,7.4]},"faces":{"north":{"uv":[12.5,7.5,13.25,9],"texture":"#3"},"east":{"uv":[8.5,12.5,9.25,14],"texture":"#3"},"south":{"uv":[12.5,9,13.25,10.5],"texture":"#3"},"west":{"uv":[12.5,10.5,13.25,12],"texture":"#3"},"up":{"uv":[2.75,14.75,2,14],"texture":"#3"},"down":{"uv":[6.25,14,5.5,14.75],"texture":"#3"}}},{"from":[6.75,1.27787,5.525],"to":[9.25,2.52787,9.275],"rotation":{"angle":0,"axis":"y","origin":[8,-1.34713,7.4]},"faces":{"north":{"uv":[3,13.5,4.25,14.25],"texture":"#3"},"east":{"uv":[1.5,12,3.25,12.75],"texture":"#3"},"south":{"uv":[13.5,3,14.75,3.75],"texture":"#3"},"west":{"uv":[10.5,12,12.25,12.75],"texture":"#3"},"up":{"uv":[7.75,10.75,6.5,9],"texture":"#3"},"down":{"uv":[9.25,9,8,10.75],"texture":"#3"}}},{"from":[7,-2.22213,5.775],"to":[9,1.27787,9.025],"rotation":{"angle":0,"axis":"y","origin":[8,2.40287,7.4]},"faces":{"north":{"uv":[0,9.5,1,11.25],"texture":"#3"},"east":{"uv":[3,8.5,4.5,10.25],"texture":"#3"},"south":{"uv":[1,9.5,2,11.25],"texture":"#3"},"west":{"uv":[8.5,5,10,6.75],"texture":"#3"},"up":{"uv":[4.5,12,3.5,10.5],"texture":"#3"},"down":{"uv":[9.5,11,8.5,12.5],"texture":"#3"}}},{"from":[7,-2.22213,3.775],"to":[9,0.27787,5.775],"rotation":{"angle":0,"axis":"y","origin":[8,2.40287,8.15]},"faces":{"north":{"uv":[5.5,12.5,6.5,13.75],"texture":"#3"},"east":{"uv":[12.5,6,13.5,7.25],"texture":"#3"},"south":{"uv":[6.5,12.5,7.5,13.75],"texture":"#3"},"west":{"uv":[7.5,12.5,8.5,13.75],"texture":"#3"},"up":{"uv":[2,14,1,13],"texture":"#3"},"down":{"uv":[3,13,2,14],"texture":"#3"}}},{"from":[7,-4.2,6.4],"to":[9,-3.2,8.4],"rotation":{"angle":0,"axis":"y","origin":[8,-10.7,7.4]},"faces":{"north":{"uv":[6.5,7.5,7.5,8],"texture":"#3"},"east":{"uv":[5.5,10.5,6.5,11],"texture":"#3"},"south":{"uv":[14,0.5,15,1],"texture":"#3"},"west":{"uv":[6.5,14,7.5,14.5],"texture":"#3"},"up":{"uv":[9.5,8,8.5,7],"texture":"#3"},"down":{"uv":[3,9.5,2,10.5],"texture":"#3"}}},{"from":[7.5,-3.225,6.35],"to":[8.5,12.475,8.45],"rotation":{"angle":0,"axis":"y","origin":[7.9375,9.47273,7.4875]},"faces":{"north":{"uv":[4.5,6,5,13.75],"texture":"#3"},"east":{"uv":[0,0,1,7.75],"texture":"#3"},"south":{"uv":[5,7.5,5.5,15.25],"texture":"#3"},"west":{"uv":[1,0,2,7.75],"texture":"#3"},"up":{"uv":[5,15,4.5,14],"texture":"#3"},"down":{"uv":[14.5,9.5,14,10.5],"texture":"#3"}}},{"from":[7.25,12.42331,3.7108],"to":[8.75,13.42331,6.7858],"rotation":{"angle":45,"axis":"x","origin":[8,11.62331,5.5483]},"faces":{"north":{"uv":[11,14,11.75,14.5],"texture":"#3"},"east":{"uv":[0,8,1.5,8.5],"texture":"#3"},"south":{"uv":[14,12,14.75,12.5],"texture":"#3"},"west":{"uv":[14,0,15.5,0.5],"texture":"#3"},"up":{"uv":[13.25,13.5,12.5,12],"texture":"#3"},"down":{"uv":[0.75,13,0,14.5],"texture":"#3"}}},{"from":[7,11.80829,4.74663],"to":[9,14.88329,5.74663],"rotation":{"angle":0,"axis":"y","origin":[7.9375,-24.36435,3.81888]},"faces":{"north":{"uv":[11.5,4.5,12.5,6],"texture":"#3"},"east":{"uv":[13,13.5,13.5,15],"texture":"#3"},"south":{"uv":[9.5,11.5,10.5,13],"texture":"#3"},"west":{"uv":[13.5,13.5,14,15],"texture":"#3"},"up":{"uv":[15,9.5,14,9],"texture":"#3"},"down":{"uv":[10.5,14,9.5,14.5],"texture":"#3"}}},{"from":[8,14.32925,-9.51651],"to":[8,23.82925,8.18349],"rotation":{"angle":22.5,"axis":"x","origin":[8,19.07925,-0.66651]},"faces":{"north":{"uv":[0,0,0,6.25],"texture":"#2"},"east":{"uv":[4.75,0,0,8.85],"rotation":90,"texture":"#2"},"south":{"uv":[0,6.25,0,0],"rotation":180,"texture":"#2"},"west":{"uv":[4.75,8.85,0,0],"rotation":90,"texture":"#2"},"up":{"uv":[0,13.25,0,0],"rotation":180,"texture":"#2"},"down":{"uv":[0,13.25,0,0],"texture":"#2"}}},{"from":[7,-9.2,6.4],"to":[9,-6.95,8.4],"rotation":{"angle":0,"axis":"y","origin":[8,-10.7,7.4]},"faces":{"north":{"uv":[3.5,12,4.5,13.25],"texture":"#3"},"east":{"uv":[12.5,1.5,13.5,2.75],"texture":"#3"},"south":{"uv":[12.5,3,13.5,4.25],"texture":"#3"},"west":{"uv":[12.5,4.5,13.5,5.75],"texture":"#3"},"up":{"uv":[11,7,10,6],"texture":"#3"},"down":{"uv":[14,0,13,1],"texture":"#3"}}},{"from":[6.75,-10.2,6.15],"to":[9.25,-8.95,8.65],"rotation":{"angle":0,"axis":"y","origin":[8,-9.95,7.4]},"faces":{"north":{"uv":[9.5,13,10.75,13.75],"texture":"#3"},"east":{"uv":[11,13,12.25,13.75],"texture":"#3"},"south":{"uv":[13.5,1,14.75,1.75],"texture":"#3"},"west":{"uv":[13.5,2,14.75,2.75],"texture":"#3"},"up":{"uv":[10.75,11.25,9.5,10],"texture":"#3"},"down":{"uv":[3.25,10.5,2,11.75],"texture":"#3"}}},{"from":[7.55,-12.10869,7.99],"to":[8.45,-9.85869,8.575],"rotation":{"angle":0,"axis":"y","origin":[8,-10.08369,7.45]},"faces":{"north":{"uv":[1,14,1.5,15.25],"texture":"#3"},"east":{"uv":[12,14,12.25,15.25],"texture":"#3"},"south":{"uv":[1.5,14,2,15.25],"texture":"#3"},"west":{"uv":[14,12.5,14.25,13.75],"texture":"#3"},"up":{"uv":[3.5,13.25,3,13],"texture":"#3"},"down":{"uv":[14.5,14,14,14.25],"texture":"#3"}}},{"from":[7.55,-12.98985,7.79768],"to":[8.45,-12.40485,8.69768],"rotation":{"angle":-45,"axis":"x","origin":[8,-12.69735,7.57268]},"faces":{"north":{"uv":[0,14.5,0.5,14.75],"texture":"#3"},"east":{"uv":[0.5,14.5,1,14.75],"texture":"#3"},"south":{"uv":[3,14.5,3.5,14.75],"texture":"#3"},"west":{"uv":[3.5,14.5,4,14.75],"texture":"#3"},"up":{"uv":[2,8.5,1.5,8],"texture":"#3"},"down":{"uv":[2,11.5,1.5,12],"texture":"#3"}}},{"from":[7.55,-14.15985,6.20232],"to":[8.45,-13.57485,7.10232],"rotation":{"angle":45,"axis":"x","origin":[8,-13.86735,7.32732]},"faces":{"north":{"uv":[14.5,4.5,15,4.75],"texture":"#3"},"east":{"uv":[14.5,5,15,5.25],"texture":"#3"},"south":{"uv":[14.5,5.5,15,5.75],"texture":"#3"},"west":{"uv":[14.5,6,15,6.25],"texture":"#3"},"up":{"uv":[11,12,10.5,11.5],"texture":"#3"},"down":{"uv":[13.5,1,13,1.5],"texture":"#3"}}},{"from":[7.55,-13.27869,6.325],"to":[8.45,-10.03869,6.91],"rotation":{"angle":0,"axis":"y","origin":[8,-11.25369,7.45]},"faces":{"north":{"uv":[13.5,9,14,10.5],"texture":"#3"},"east":{"uv":[10.5,14,10.75,15.5],"texture":"#3"},"south":{"uv":[13.5,10.5,14,12],"texture":"#3"},"west":{"uv":[14,10.5,14.25,12],"texture":"#3"},"up":{"uv":[4.5,14.75,4,14.5],"texture":"#3"},"down":{"uv":[15,4,14.5,4.25],"texture":"#3"}}},{"from":[6.75,-3.925,5.9],"to":[9.25,-1.425,8.4],"rotation":{"angle":45,"axis":"x","origin":[8,-2.925,7.4]},"faces":{"north":{"uv":[9.5,7,10.75,8.25],"texture":"#3"},"east":{"uv":[9.5,8.5,10.75,9.75],"texture":"#3"},"south":{"uv":[10,0,11.25,1.25],"texture":"#3"},"west":{"uv":[10,1.5,11.25,2.75],"texture":"#3"},"up":{"uv":[11.25,4.25,10,3],"texture":"#3"},"down":{"uv":[11.25,4.5,10,5.75],"texture":"#3"}}},{"from":[6.75,9.6681,4.36839],"to":[9.25,12.1681,6.86839],"rotation":{"angle":45,"axis":"x","origin":[7.9375,9.17273,7.4875]},"faces":{"north":{"uv":[5.5,11,6.75,12.25],"texture":"#3"},"east":{"uv":[11,6,12.25,7.25],"texture":"#3"},"south":{"uv":[7,11,8.25,12.25],"texture":"#3"},"west":{"uv":[11,7.5,12.25,8.75],"texture":"#3"},"up":{"uv":[12.25,10.25,11,9],"texture":"#3"},"down":{"uv":[12.25,10.5,11,11.75],"texture":"#3"}}},{"from":[6.75,12.33523,3.25],"to":[9.25,14.83523,4.75],"rotation":{"angle":45,"axis":"z","origin":[8,13.58523,3.5]},"faces":{"north":{"uv":[0,11.5,1.25,12.75],"texture":"#3"},"east":{"uv":[13.5,4,14.25,5.25],"texture":"#3"},"south":{"uv":[11.5,0,12.75,1.25],"texture":"#3"},"west":{"uv":[13.5,5.5,14.25,6.75],"texture":"#3"},"up":{"uv":[14.75,7.75,13.5,7],"texture":"#3"},"down":{"uv":[14.75,8,13.5,8.75],"texture":"#3"}}},{"from":[5.6,11.18523,-1.64],"to":[10.4,15.98523,3.24],"rotation":{"angle":-45,"axis":"z","origin":[8,13.58523,5.8]},"faces":{"north":{"uv":[5,2.5,7.5,0],"texture":"#3"},"east":{"uv":[5,5,7.5,2.5],"texture":"#3"},"south":{"uv":[5,7.5,7.5,5],"texture":"#3"},"west":{"uv":[2,8.5,4.5,6],"texture":"#3"},"up":{"uv":[10,5,7.5,2.5],"texture":"#3"},"down":{"uv":[10,0,7.5,2.5],"texture":"#3"}}},{"from":[8,3.34122,-9.51651],"to":[8,12.84122,8.18349],"rotation":{"angle":-22.5,"axis":"x","origin":[8,8.09122,-0.66651]},"faces":{"north":{"uv":[0,6.25,0,0],"texture":"#2"},"east":{"uv":[0,0,4.75,8.85],"rotation":90,"texture":"#2"},"south":{"uv":[0,0,0,6.25],"rotation":180,"texture":"#2"},"west":{"uv":[0,8.85,4.75,0],"rotation":90,"texture":"#2"},"up":{"uv":[0,0,0,13.25],"texture":"#2"},"down":{"uv":[0,0,0,13.25],"rotation":180,"texture":"#2"}}},{"from":[5.312,10.89723,-3.6328],"to":[10.688,16.27323,-1.5272],"rotation":{"angle":45,"axis":"z","origin":[8,13.58523,8.06]},"faces":{"north":{"uv":[2,0,4.75,2.75],"texture":"#3"},"east":{"uv":[7.5,5,8.5,7.75],"texture":"#3"},"south":{"uv":[2,3,4.75,5.75],"texture":"#3"},"west":{"uv":[5.5,7.5,6.5,10.25],"texture":"#3"},"up":{"uv":[9.25,9,6.5,8],"texture":"#3"},"down":{"uv":[2.75,8.5,0,9.5],"texture":"#3"}}},{"from":[8,14.32925,6.61651],"to":[8,23.82925,24.31651],"rotation":{"angle":-22.5,"axis":"x","origin":[8,19.07925,15.46651]},"faces":{"north":{"uv":[0,6.25,0,0],"rotation":180,"texture":"#2"},"east":{"uv":[4.75,8.85,0,0],"rotation":90,"texture":"#2"},"south":{"uv":[0,0,0,6.25],"texture":"#2"},"west":{"uv":[4.75,0,0,8.85],"rotation":90,"texture":"#2"},"up":{"uv":[0,0,0,13.25],"rotation":180,"texture":"#2"},"down":{"uv":[0,0,0,13.25],"texture":"#2"}}},{"from":[7,11.80829,9.05337],"to":[9,14.88329,10.05337],"rotation":{"angle":0,"axis":"y","origin":[7.9375,-24.36435,10.98112]},"faces":{"north":{"uv":[10.5,11.5,9.5,13],"texture":"#3"},"east":{"uv":[13.5,13.5,13,15],"texture":"#3"},"south":{"uv":[12.5,4.5,11.5,6],"texture":"#3"},"west":{"uv":[14,13.5,13.5,15],"texture":"#3"},"up":{"uv":[15,9,14,9.5],"texture":"#3"},"down":{"uv":[10.5,14.5,9.5,14],"texture":"#3"}}},{"from":[6.75,12.33523,10.05],"to":[9.25,14.83523,11.55],"rotation":{"angle":45,"axis":"z","origin":[8,13.58523,11.3]},"faces":{"north":{"uv":[12.75,0,11.5,1.25],"texture":"#3"},"east":{"uv":[14.25,4,13.5,5.25],"texture":"#3"},"south":{"uv":[1.25,11.5,0,12.75],"texture":"#3"},"west":{"uv":[14.25,5.5,13.5,6.75],"texture":"#3"},"up":{"uv":[14.75,7,13.5,7.75],"texture":"#3"},"down":{"uv":[14.75,8.75,13.5,8],"texture":"#3"}}},{"from":[5.312,10.89723,16.3272],"to":[10.688,16.27323,18.4328],"rotation":{"angle":45,"axis":"z","origin":[8,13.58523,6.74]},"faces":{"north":{"uv":[4.75,3,2,5.75],"texture":"#3"},"east":{"uv":[8.5,5,7.5,7.75],"texture":"#3"},"south":{"uv":[4.75,0,2,2.75],"texture":"#3"},"west":{"uv":[6.5,7.5,5.5,10.25],"texture":"#3"},"up":{"uv":[9.25,8,6.5,9],"texture":"#3"},"down":{"uv":[2.75,9.5,0,8.5],"texture":"#3"}}},{"from":[8,3.34122,6.61651],"to":[8,12.84122,24.31651],"rotation":{"angle":22.5,"axis":"x","origin":[8,8.09122,15.46651]},"faces":{"north":{"uv":[0,0,0,6.25],"rotation":180,"texture":"#2"},"east":{"uv":[0,8.85,4.75,0],"rotation":90,"texture":"#2"},"south":{"uv":[0,6.25,0,0],"texture":"#2"},"west":{"uv":[0,0,4.75,8.85],"rotation":90,"texture":"#2"},"up":{"uv":[0,13.25,0,0],"texture":"#2"},"down":{"uv":[0,13.25,0,0],"rotation":180,"texture":"#2"}}},{"from":[5.6,11.18523,11.56],"to":[10.4,15.98523,16.44],"rotation":{"angle":-45,"axis":"z","origin":[8,13.58523,9]},"faces":{"north":{"uv":[7.5,7.5,5,5],"texture":"#3"},"east":{"uv":[7.5,5,5,2.5],"texture":"#3"},"south":{"uv":[7.5,2.5,5,0],"texture":"#3"},"west":{"uv":[4.5,8.5,2,6],"texture":"#3"},"up":{"uv":[10,2.5,7.5,5],"texture":"#3"},"down":{"uv":[10,2.5,7.5,0],"texture":"#3"}}},{"from":[7.25,12.42331,8.0142],"to":[8.75,13.42331,11.0892],"rotation":{"angle":-45,"axis":"x","origin":[8,11.62331,9.2517]},"faces":{"north":{"uv":[14.75,12,14,12.5],"texture":"#3"},"east":{"uv":[1.5,8,0,8.5],"texture":"#3"},"south":{"uv":[11.75,14,11,14.5],"texture":"#3"},"west":{"uv":[15.5,0,14,0.5],"texture":"#3"},"up":{"uv":[13.25,12,12.5,13.5],"texture":"#3"},"down":{"uv":[0.75,14.5,0,13],"texture":"#3"}}},{"from":[5.95712,11.54235,-7.52013],"to":[5.95712,15.62811,-3.63987],"rotation":{"angle":45,"axis":"z","origin":[8,13.58523,4.5944]},"faces":{"north":{"uv":[16,15.5,16,16],"texture":"#3"},"east":{"uv":[12.69288,14.19013,12.6,12.25],"rotation":90,"texture":"#2"},"south":{"uv":[16,15.5,16,16],"texture":"#3"},"west":{"uv":[12.69288,12.25,12.6,14.19013],"rotation":90,"texture":"#2"},"up":{"uv":[12.69288,14.19013,12.6,12.25],"texture":"#2"},"down":{"uv":[12.6,14.19013,12.69288,12.25],"texture":"#2"}}},{"from":[5.95712,15.62811,-7.52013],"to":[10.04288,15.62811,-3.63987],"rotation":{"angle":45,"axis":"z","origin":[8,13.58523,4.5944]},"faces":{"north":{"uv":[16,15.5,16,16],"texture":"#3"},"east":{"uv":[12.69288,14.19013,12.6,12.25],"rotation":90,"texture":"#2"},"south":{"uv":[16,15.5,16,16],"texture":"#3"},"west":{"uv":[12.69288,12.25,12.6,14.19013],"rotation":90,"texture":"#2"},"up":{"uv":[12.69288,14.19013,12.6,12.25],"texture":"#2"},"down":{"uv":[12.6,12.25,12.69288,14.19013],"texture":"#2"}}},{"from":[10.04288,11.54235,-7.52013],"to":[10.04288,15.62811,-3.63987],"rotation":{"angle":-45,"axis":"z","origin":[8,13.58523,4.5944]},"faces":{"north":{"uv":[16,15.5,16,16],"texture":"#3"},"east":{"uv":[12.69288,14.19013,12.6,12.25],"rotation":90,"texture":"#2"},"south":{"uv":[16,15.5,16,16],"texture":"#3"},"west":{"uv":[12.69288,12.25,12.6,14.19013],"rotation":90,"texture":"#2"},"up":{"uv":[12.6,14.19013,12.69288,12.25],"texture":"#2"},"down":{"uv":[12.69288,14.19013,12.6,12.25],"texture":"#2"}}},{"from":[5.95712,15.62811,-7.52013],"to":[10.04288,15.62811,-3.63987],"rotation":{"angle":-45,"axis":"z","origin":[8,13.58523,4.5944]},"faces":{"north":{"uv":[16,15.5,16,16],"texture":"#3"},"east":{"uv":[12.69288,14.19013,12.6,12.25],"rotation":90,"texture":"#2"},"south":{"uv":[16,15.5,16,16],"texture":"#3"},"west":{"uv":[12.69288,12.25,12.6,14.19013],"rotation":90,"texture":"#2"},"up":{"uv":[12.6,14.19013,12.69288,12.25],"texture":"#2"},"down":{"uv":[12.69288,12.25,12.6,14.19013],"texture":"#2"}}},{"from":[5.95712,15.62811,18.13987],"to":[10.04288,15.62811,22.02013],"rotation":{"angle":45,"axis":"z","origin":[8,13.58523,9.9056]},"faces":{"north":{"uv":[16,15.5,16,16],"texture":"#3"},"east":{"uv":[12.69288,12.25,12.6,14.19013],"rotation":90,"texture":"#2"},"south":{"uv":[16,15.5,16,16],"texture":"#3"},"west":{"uv":[12.69288,14.19013,12.6,12.25],"rotation":90,"texture":"#2"},"up":{"uv":[12.69288,12.25,12.6,14.19013],"texture":"#2"},"down":{"uv":[12.6,14.19013,12.69288,12.25],"texture":"#2"}}},{"from":[5.95712,15.62811,18.13987],"to":[10.04288,15.62811,22.02013],"rotation":{"angle":-45,"axis":"z","origin":[8,13.58523,9.9056]},"faces":{"north":{"uv":[16,15.5,16,16],"texture":"#3"},"east":{"uv":[12.69288,12.25,12.6,14.19013],"rotation":90,"texture":"#2"},"south":{"uv":[16,15.5,16,16],"texture":"#3"},"west":{"uv":[12.69288,14.19013,12.6,12.25],"rotation":90,"texture":"#2"},"up":{"uv":[12.6,12.25,12.69288,14.19013],"texture":"#2"},"down":{"uv":[12.69288,14.19013,12.6,12.25],"texture":"#2"}}},{"from":[10.04288,11.54235,18.13987],"to":[10.04288,15.62811,22.02013],"rotation":{"angle":-45,"axis":"z","origin":[8,13.58523,9.9056]},"faces":{"north":{"uv":[16,15.5,16,16],"texture":"#3"},"east":{"uv":[12.69288,12.25,12.6,14.19013],"rotation":90,"texture":"#2"},"south":{"uv":[16,15.5,16,16],"texture":"#3"},"west":{"uv":[12.69288,14.19013,12.6,12.25],"rotation":90,"texture":"#2"},"up":{"uv":[12.6,12.25,12.69288,14.19013],"texture":"#2"},"down":{"uv":[12.69288,12.25,12.6,14.19013],"texture":"#2"}}},{"from":[5.95712,11.54235,18.13987],"to":[5.95712,15.62811,22.02013],"rotation":{"angle":45,"axis":"z","origin":[8,13.58523,9.9056]},"faces":{"north":{"uv":[16,15.5,16,16],"texture":"#3"},"east":{"uv":[12.69288,12.25,12.6,14.19013],"rotation":90,"texture":"#2"},"south":{"uv":[16,15.5,16,16],"texture":"#3"},"west":{"uv":[12.69288,14.19013,12.6,12.25],"rotation":90,"texture":"#2"},"up":{"uv":[12.69288,12.25,12.6,14.19013],"texture":"#2"},"down":{"uv":[12.6,12.25,12.69288,14.19013],"texture":"#2"}}}],"gui_light":"front","display":{"thirdperson_righthand":{"translation":[0,11,2],"scale":[0.78,0.78,0.78]},"thirdperson_lefthand":{"translation":[0,11,2],"scale":[0.78,0.78,0.78]},"firstperson_righthand":{"translation":[2.5,7,0.75]},"firstperson_lefthand":{"translation":[2.5,7,0.75]},"ground":{"rotation":[45,0,0],"translation":[0,3,0],"scale":[0.4,0.4,0.4]},"gui":{"rotation":[87.84,44.25,-80.81],"translation":[0.5,0.25,0],"scale":[0.47,0.47,0.47]},"fixed":{"rotation":[0,-90,0],"translation":[-0.5,2.25,-0.75],"scale":[0.52,0.52,0.52]}}}