{
	"credit": "Made with Blockbench",
	"texture_size": [64, 64],
	"textures": {
		"0": "modelengine:entity/medusa_arrow",
		"1": "modelengine:entity/medusa_bow"
	},
	"elements": [
		{
			"from": [6.38383, 5.45448, 5.672],
			"to": [6.98383, 6.65448, 9.872],
			"rotation": {"angle": 0, "axis": "y", "origin": [-5.07196, 6.09505, 11.52]},
			"faces": {
				"north": {"uv": [2, 6, 2.25, 6.5], "texture": "#1"},
				"east": {"uv": [6.5, 4, 8.25, 4.5], "texture": "#1"},
				"south": {"uv": [2, 6.5, 2.25, 7], "texture": "#1"},
				"west": {"uv": [2, 7, 3.75, 7.5], "texture": "#1"},
				"up": {"uv": [6.75, 9, 6.5, 7.25], "texture": "#1"},
				"down": {"uv": [7, 7.25, 6.75, 9], "texture": "#1"}
			}
		},
		{
			"from": [5.78383, 4.85448, 1.472],
			"to": [7.58383, 7.25448, 5.672],
			"rotation": {"angle": 0, "axis": "y", "origin": [-5.07196, 6.09505, 11.52]},
			"faces": {
				"north": {"uv": [4.25, 7.25, 5, 8.25], "texture": "#1"},
				"east": {"uv": [4.5, 4.5, 6.25, 5.5], "texture": "#1"},
				"south": {"uv": [5, 7.25, 5.75, 8.25], "texture": "#1"},
				"west": {"uv": [4.75, 0, 6.5, 1], "texture": "#1"},
				"up": {"uv": [5.25, 7.25, 4.5, 5.5], "texture": "#1"},
				"down": {"uv": [6, 5.5, 5.25, 7.25], "texture": "#1"}
			}
		},
		{
			"from": [5.78383, 3.05448, 2.672],
			"to": [7.58383, 4.85448, 4.472],
			"rotation": {"angle": 0, "axis": "y", "origin": [-5.07196, 6.09505, 11.52]},
			"faces": {
				"north": {"uv": [7.5, 1, 8.25, 1.75], "texture": "#1"},
				"east": {"uv": [7.5, 1.75, 8.25, 2.5], "texture": "#1"},
				"south": {"uv": [2, 7.5, 2.75, 8.25], "texture": "#1"},
				"west": {"uv": [7.5, 2.5, 8.25, 3.25], "texture": "#1"},
				"up": {"uv": [3.5, 8.25, 2.75, 7.5], "texture": "#1"},
				"down": {"uv": [8.25, 3.25, 7.5, 4], "texture": "#1"}
			}
		},
		{
			"from": [5.78383, 5.32928, -2.17849],
			"to": [7.58383, 7.72928, 2.62151],
			"rotation": {"angle": 22.5, "axis": "x", "origin": [7.22804, 7.98136, 0.85325]},
			"faces": {
				"north": {"uv": [5.75, 7.25, 6.5, 8.25], "texture": "#1"},
				"east": {"uv": [4.5, 2.5, 6.5, 3.5], "texture": "#1"},
				"south": {"uv": [7.5, 0, 8.25, 1], "texture": "#1"},
				"west": {"uv": [4.5, 3.5, 6.5, 4.5], "texture": "#1"},
				"up": {"uv": [3.75, 7, 3, 5], "texture": "#1"},
				"down": {"uv": [4.5, 5, 3.75, 7], "texture": "#1"}
			}
		},
		{
			"from": [6.08383, 7.48351, -4.1483],
			"to": [7.28383, 9.28351, 0.0517],
			"rotation": {"angle": 45, "axis": "x", "origin": [7.22804, 10.72604, -2.41168]},
			"faces": {
				"north": {"uv": [7.5, 7, 8, 7.75], "texture": "#1"},
				"east": {"uv": [6, 5.5, 7.75, 6.25], "texture": "#1"},
				"south": {"uv": [0, 7.75, 0.5, 8.5], "texture": "#1"},
				"west": {"uv": [6.25, 4.5, 8, 5.25], "texture": "#1"},
				"up": {"uv": [4.25, 8.75, 3.75, 7], "texture": "#1"},
				"down": {"uv": [7.5, 6.25, 7, 8], "texture": "#1"}
			}
		},
		{
			"from": [5.48383, 6.88351, -6.5483],
			"to": [7.88383, 9.28351, -4.1483],
			"rotation": {"angle": 45, "axis": "x", "origin": [7.22804, 10.72604, -2.41168]},
			"faces": {
				"north": {"uv": [6, 6.25, 7, 7.25], "texture": "#1"},
				"east": {"uv": [6.5, 0, 7.5, 1], "texture": "#1"},
				"south": {"uv": [6.5, 1, 7.5, 2], "texture": "#1"},
				"west": {"uv": [6.5, 2, 7.5, 3], "texture": "#1"},
				"up": {"uv": [7.5, 4, 6.5, 3], "texture": "#1"},
				"down": {"uv": [1, 6.75, 0, 7.75], "texture": "#1"}
			}
		},
		{
			"from": [7.58383, 2.45448, 4.472],
			"to": [9.38383, 7.25448, 11.072],
			"rotation": {"angle": 0, "axis": "y", "origin": [-5.07196, 6.09505, 11.52]},
			"faces": {
				"north": {"uv": [1.5, 4, 2.25, 6], "texture": "#1"},
				"east": {"uv": [0, 0, 2.75, 2], "texture": "#1"},
				"south": {"uv": [2.25, 5, 3, 7], "texture": "#1"},
				"west": {"uv": [0, 2, 2.75, 4], "texture": "#1"},
				"up": {"uv": [0.75, 6.75, 0, 4], "texture": "#1"},
				"down": {"uv": [1.5, 4, 0.75, 6.75], "texture": "#1"}
			}
		},
		{
			"from": [5.48383, 10.06266, 21.00915],
			"to": [7.88383, 12.46266, 23.40915],
			"rotation": {"angle": -45, "axis": "x", "origin": [7.22804, 10.72604, 22.45168]},
			"faces": {
				"north": {"uv": [7.5, 1, 6.5, 2], "texture": "#1"},
				"east": {"uv": [7.5, 0, 6.5, 1], "texture": "#1"},
				"south": {"uv": [7, 6.25, 6, 7.25], "texture": "#1"},
				"west": {"uv": [7.5, 2, 6.5, 3], "texture": "#1"},
				"up": {"uv": [7.5, 3, 6.5, 4], "texture": "#1"},
				"down": {"uv": [1, 7.75, 0, 6.75], "texture": "#1"}
			}
		},
		{
			"from": [6.08383, 10.66266, 16.80915],
			"to": [7.28383, 12.46266, 21.00915],
			"rotation": {"angle": -45, "axis": "x", "origin": [7.22804, 10.72604, 22.45168]},
			"faces": {
				"north": {"uv": [0.5, 7.75, 0, 8.5], "texture": "#1"},
				"east": {"uv": [7.75, 5.5, 6, 6.25], "texture": "#1"},
				"south": {"uv": [8, 7, 7.5, 7.75], "texture": "#1"},
				"west": {"uv": [8, 4.5, 6.25, 5.25], "texture": "#1"},
				"up": {"uv": [4.25, 7, 3.75, 8.75], "texture": "#1"},
				"down": {"uv": [7.5, 8, 7, 6.25], "texture": "#1"}
			}
		},
		{
			"from": [5.78383, 3.05448, 11.072],
			"to": [7.58383, 4.85448, 12.872],
			"rotation": {"angle": 0, "axis": "y", "origin": [-5.07196, 6.09505, 8.52]},
			"faces": {
				"north": {"uv": [2.75, 7.5, 2, 8.25], "texture": "#1"},
				"east": {"uv": [8.25, 1.75, 7.5, 2.5], "texture": "#1"},
				"south": {"uv": [8.25, 1, 7.5, 1.75], "texture": "#1"},
				"west": {"uv": [8.25, 2.5, 7.5, 3.25], "texture": "#1"},
				"up": {"uv": [3.5, 7.5, 2.75, 8.25], "texture": "#1"},
				"down": {"uv": [8.25, 4, 7.5, 3.25], "texture": "#1"}
			}
		},
		{
			"from": [5.78383, 7.04982, 13.26473],
			"to": [7.58383, 9.44982, 18.06473],
			"rotation": {"angle": -22.5, "axis": "x", "origin": [7.22804, 7.98136, 19.18674]},
			"faces": {
				"north": {"uv": [8.25, 0, 7.5, 1], "texture": "#1"},
				"east": {"uv": [6.5, 2.5, 4.5, 3.5], "texture": "#1"},
				"south": {"uv": [6.5, 7.25, 5.75, 8.25], "texture": "#1"},
				"west": {"uv": [6.5, 3.5, 4.5, 4.5], "texture": "#1"},
				"up": {"uv": [3.75, 5, 3, 7], "texture": "#1"},
				"down": {"uv": [4.5, 7, 3.75, 5], "texture": "#1"}
			}
		},
		{
			"name": "arrow",
			"from": [5.14804, 2.37505, 7.92],
			"to": [9.34804, 15.81505, 7.92],
			"rotation": {"angle": 0, "axis": "y", "origin": [7.24804, -3.58495, 10.92]},
			"faces": {
				"north": {"uv": [0, 0, 8, 2.5], "rotation": 90, "texture": "#0"},
				"east": {"uv": [16, 0, 8, 0], "rotation": 270, "texture": "#0"},
				"south": {"uv": [8, 0, 0, 2.5], "rotation": 270, "texture": "#0"},
				"west": {"uv": [8, 0, 0, 0], "rotation": 270, "texture": "#0"},
				"up": {"uv": [0, 0, 0, 2.5], "rotation": 270, "texture": "#0"},
				"down": {"uv": [8, 0, 8, 2.5], "rotation": 270, "texture": "#0"}
			}
		},
		{
			"name": "arrow",
			"from": [5.14804, 14.97505, 5.82],
			"to": [9.34804, 14.97505, 10.02],
			"rotation": {"angle": 0, "axis": "y", "origin": [7.24804, -3.58495, 10.92]},
			"faces": {
				"north": {"uv": [2.5, 2.5, 2.5, 5], "rotation": 90, "texture": "#0"},
				"east": {"uv": [2.5, 0, 2.5, 2.5], "rotation": 270, "texture": "#0"},
				"south": {"uv": [5, 2.5, 5, 5], "rotation": 270, "texture": "#0"},
				"west": {"uv": [2.5, 2.5, 2.5, 0], "rotation": 270, "texture": "#0"},
				"up": {"uv": [0, 2.5, 2.5, 5], "rotation": 270, "texture": "#0"},
				"down": {"uv": [2.5, 2.5, 5, 5], "rotation": 270, "texture": "#0"}
			}
		},
		{
			"name": "arrow",
			"from": [7.24804, 2.37505, 5.82],
			"to": [7.24804, 15.81505, 10.02],
			"rotation": {"angle": 0, "axis": "y", "origin": [7.24804, -3.58495, 10.92]},
			"faces": {
				"north": {"uv": [0, 2.5, 8, 2.5], "rotation": 90, "texture": "#0"},
				"east": {"uv": [8, 0, 0, 2.5], "rotation": 270, "texture": "#0"},
				"south": {"uv": [10.5, 2.5, 18.5, 2.5], "rotation": 270, "texture": "#0"},
				"west": {"uv": [8, 2.5, 0, 0], "rotation": 270, "texture": "#0"},
				"up": {"uv": [-2.5, 2.5, 0, 2.5], "rotation": 270, "texture": "#0"},
				"down": {"uv": [8, 2.5, 10.5, 2.5], "rotation": 270, "texture": "#0"}
			}
		},
		{
			"from": [5.78383, 4.85448, 9.872],
			"to": [7.58383, 7.25448, 14.072],
			"rotation": {"angle": 0, "axis": "y", "origin": [-5.07196, 6.09505, 8.52]},
			"faces": {
				"north": {"uv": [5.75, 7.25, 5, 8.25], "texture": "#1"},
				"east": {"uv": [6.25, 4.5, 4.5, 5.5], "texture": "#1"},
				"south": {"uv": [5, 7.25, 4.25, 8.25], "texture": "#1"},
				"west": {"uv": [6.5, 0, 4.75, 1], "texture": "#1"},
				"up": {"uv": [5.25, 5.5, 4.5, 7.25], "texture": "#1"},
				"down": {"uv": [6, 7.25, 5.25, 5.5], "texture": "#1"}
			}
		},
		{
			"from": [6.68383, 10.68547, -6.45968],
			"to": [6.68383, 11.28547, 9.14032],
			"rotation": {"angle": -22.5, "axis": "x", "origin": [6.68383, 10.98547, -4.65968]},
			"faces": {
				"north": {"uv": [4, 12.5, 4, 12.75], "texture": "#1"},
				"east": {"uv": [0, 9, 11.5, 9.25], "texture": "#1"},
				"south": {"uv": [0.25, 10, 0.25, 10.25], "texture": "#1"},
				"west": {"uv": [0, 9, 11.5, 9.25], "texture": "#1"},
				"up": {"uv": [14, 13.5, 14, 2], "texture": "#1"},
				"down": {"uv": [13.5, 3.75, 13.75, 15.25], "texture": "#1"}
			}
		},
		{
			"from": [6.68383, 8.28547, 7.29967],
			"to": [6.68383, 8.88547, 21.69967],
			"rotation": {"angle": 22.5, "axis": "x", "origin": [6.68383, 10.98547, 26.49967]},
			"faces": {
				"north": {"uv": [0.25, 10, 0.25, 10.25], "texture": "#1"},
				"east": {"uv": [11.5, 9, 0, 9.25], "texture": "#1"},
				"south": {"uv": [4, 12.5, 4, 12.75], "texture": "#1"},
				"west": {"uv": [11.5, 9, 0, 9.25], "texture": "#1"},
				"up": {"uv": [14, 2, 14, 13.5], "texture": "#1"},
				"down": {"uv": [13.5, 15.25, 13.75, 3.75], "texture": "#1"}
			}
		}
	],
	"display": {
		"thirdperson_righthand": {
			"rotation": [106, 0, 16],
			"translation": [1, -2, 3]
		},
		"thirdperson_lefthand": {
			"rotation": [106, 0, 14],
			"translation": [0.75, -2, 3],
			"scale": [-1, 1, 1]
		},
		"firstperson_righthand": {
			"rotation": [168, 76, -43],
			"translation": [-4, 1, -1.5]
		},
		"firstperson_lefthand": {
			"rotation": [110, -83, 6],
			"translation": [-9.25, 4, -1.5]
		},
		"gui": {
			"rotation": [61, 43, 86],
			"translation": [1.5, 1.25, 0],
			"scale": [0.6, 0.6, 0.6]
		}
	},
	"groups": [
		{
			"name": "bow",
			"origin": [-0.17989, 5.73762, 0.79999],
			"color": 0,
			"children": [0, 1, 2, 3, 4, 5, 6, 7, 8, 9, 10, 11, 12, 13, 14, 15, 16]
		}
	]
}