{"textures":{"1":"modelengine:entity/medusa_stone"},"elements":[{"from":[4.8285713,3.4285712,8.0],"to":[11.114285,8.0,12.571428],"rotation":{"angle":0.0,"axis":"y","origin":[8.285714,11.428572,10.285714]},"faces":{"east":{"uv":[9.0,7.75,10.0,8.75],"rotation":0,"texture":"#1","tintindex":0},"south":{"uv":[7.125,1.875,8.5,2.875],"rotation":0,"texture":"#1","tintindex":0},"north":{"uv":[7.0,4.875,8.375,5.875],"rotation":0,"texture":"#1","tintindex":0},"west":{"uv":[8.5,9.0,9.5,10.0],"rotation":0,"texture":"#1","tintindex":0},"up":{"uv":[8.5,3.875,7.125,2.875],"rotation":0,"texture":"#1","tintindex":0},"down":{"uv":[1.375,7.25,0.0,8.25],"rotation":0,"texture":"#1","tintindex":0}}}],"display":{"head":{"translation":[0.0,-6.4,0.0],"scale":[4.0,4.0,4.0]}}}