{"textures":{"0":"modelengine:entity/medusa"},"elements":[{"from":[4.742857,13.2047205,6.4867215],"to":[11.6,16.061863,9.343864],"rotation":{"angle":45.0,"axis":"x","origin":[8.171429,16.061863,8.201007]},"faces":{"east":{"uv":[11.125,7.75,11.75,8.375],"rotation":0,"texture":"#0","tintindex":0},"south":{"uv":[1.375,9.625,2.875,10.25],"rotation":0,"texture":"#0","tintindex":0},"north":{"uv":[9.625,1.0,11.125,1.625],"rotation":0,"texture":"#0","tintindex":0},"west":{"uv":[1.875,11.25,2.5,11.875],"rotation":0,"texture":"#0","tintindex":0},"up":{"uv":[11.125,2.25,9.625,1.625],"rotation":0,"texture":"#0","tintindex":0},"down":{"uv":[11.125,2.25,9.625,2.875],"rotation":0,"texture":"#0","tintindex":0}}},{"from":[4.1714287,13.233437,6.9888244],"to":[12.171429,17.804865,10.988825],"rotation":{"angle":0.0,"axis":"y","origin":[8.171429,17.233437,9.845967]},"faces":{"east":{"uv":[9.5,9.75,10.375,10.75],"rotation":0,"texture":"#0","tintindex":0},"south":{"uv":[2.75,0.0,4.5,1.0],"rotation":0,"texture":"#0","tintindex":0},"north":{"uv":[2.625,1.875,4.375,2.875],"rotation":0,"texture":"#0","tintindex":0},"west":{"uv":[9.875,0.0,10.75,1.0],"rotation":0,"texture":"#0","tintindex":0},"up":{"uv":[6.25,0.875,4.5,0.0],"rotation":0,"texture":"#0","tintindex":0},"down":{"uv":[7.25,4.0,5.5,4.875],"rotation":0,"texture":"#0","tintindex":0}}},{"from":[7.028571,17.629686,8.965283],"to":[9.314285,21.629686,11.250998],"rotation":{"angle":-22.5,"axis":"x","origin":[11.028572,17.058258,10.679569]},"faces":{"east":{"uv":[11.125,10.5,11.625,11.375],"rotation":0,"texture":"#0","tintindex":0},"south":{"uv":[0.0,11.25,0.5,12.125],"rotation":0,"texture":"#0","tintindex":0},"north":{"uv":[11.125,6.875,11.625,7.75],"rotation":0,"texture":"#0","tintindex":0},"west":{"uv":[1.375,11.25,1.875,12.125],"rotation":0,"texture":"#0","tintindex":0},"up":{"uv":[12.375,10.0,11.875,9.5],"rotation":0,"texture":"#0","tintindex":0},"down":{"uv":[10.375,11.875,9.875,12.375],"rotation":0,"texture":"#0","tintindex":0}}},{"from":[5.3142858,9.714286,7.428571],"to":[11.028572,13.714286,10.857143],"rotation":{"angle":22.5,"axis":"x","origin":[8.171429,13.142858,9.714286]},"faces":{"east":{"uv":[10.5,8.375,11.25,9.25],"rotation":0,"texture":"#0","tintindex":0},"south":{"uv":[5.625,3.125,6.875,4.0],"rotation":0,"texture":"#0","tintindex":0},"north":{"uv":[2.75,1.0,4.0,1.875],"rotation":0,"texture":"#0","tintindex":0},"west":{"uv":[10.375,10.5,11.125,11.375],"rotation":0,"texture":"#0","tintindex":0},"up":{"uv":[5.625,2.875,4.375,2.125],"rotation":0,"texture":"#0","tintindex":0},"down":{"uv":[11.0,2.875,9.75,3.625],"rotation":0,"texture":"#0","tintindex":0}}},{"from":[4.714286,5.142857,7.428571],"to":[11.6285715,9.714286,12.571428],"rotation":{"angle":22.5,"axis":"x","origin":[8.0,13.142858,9.714286]},"faces":{"east":{"uv":[0.0,8.25,1.125,9.25],"rotation":0,"texture":"#0","tintindex":0},"south":{"uv":[5.625,2.125,7.125,3.125],"rotation":0,"texture":"#0","tintindex":0},"north":{"uv":[5.5,4.875,7.0,5.875],"rotation":0,"texture":"#0","tintindex":0},"west":{"uv":[8.375,4.875,9.5,5.875],"rotation":0,"texture":"#0","tintindex":0},"up":{"uv":[4.125,4.0,2.625,2.875],"rotation":0,"texture":"#0","tintindex":0},"down":{"uv":[1.5,3.375,0.0,4.5],"rotation":0,"texture":"#0","tintindex":0}}},{"from":[6.428571,6.285714,6.857143],"to":[9.914286,9.142858,7.428571],"rotation":{"angle":22.5,"axis":"x","origin":[8.0,13.142858,9.714286]},"faces":{"east":{"uv":[2.5,3.375,2.625,4.0],"rotation":0,"texture":"#0","tintindex":0},"south":{"uv":[11.125,5.75,11.875,6.375],"rotation":0,"texture":"#0","tintindex":0},"north":{"uv":[11.125,1.75,11.875,2.375],"rotation":0,"texture":"#0","tintindex":0},"west":{"uv":[8.5,3.0,8.625,3.625],"rotation":0,"texture":"#0","tintindex":0},"up":{"uv":[5.25,1.0,4.5,0.875],"rotation":0,"texture":"#0","tintindex":0},"down":{"uv":[0.75,6.125,0.0,6.25],"rotation":0,"texture":"#0","tintindex":0}}},{"from":[3.0,5.714286,5.142857],"to":[4.771428,9.142858,17.142857],"rotation":{"angle":22.5,"axis":"x","origin":[8.0,13.142858,9.714286]},"faces":{"east":{"uv":[0.0,1.875,2.625,2.625],"rotation":0,"texture":"#0","tintindex":0},"south":{"uv":[11.875,5.25,12.25,6.0],"rotation":0,"texture":"#0","tintindex":0},"north":{"uv":[5.125,11.875,5.5,12.625],"rotation":0,"texture":"#0","tintindex":0},"west":{"uv":[0.0,2.625,2.625,3.375],"rotation":0,"texture":"#0","tintindex":0},"up":{"uv":[5.0,11.625,4.625,9.0],"rotation":0,"texture":"#0","tintindex":0},"down":{"uv":[1.375,9.625,1.0,12.25],"rotation":0,"texture":"#0","tintindex":0}}},{"from":[4.142857,5.142857,1.7142854],"to":[4.142857,8.0,5.142857],"rotation":{"angle":22.5,"axis":"x","origin":[8.0,13.142858,9.714286]},"faces":{"east":{"uv":[0.0,12.75,1.5,14.0],"rotation":0,"texture":"#0","tintindex":0},"south":{"uv":[11.875,5.25,12.25,6.0],"rotation":0,"texture":"#0","tintindex":0},"north":{"uv":[5.125,11.875,5.5,12.625],"rotation":0,"texture":"#0","tintindex":0},"west":{"uv":[1.5,12.75,0.0,14.0],"rotation":0,"texture":"#0","tintindex":0},"up":{"uv":[5.0,11.625,4.625,9.0],"rotation":0,"texture":"#0","tintindex":0},"down":{"uv":[1.375,9.625,1.0,12.25],"rotation":0,"texture":"#0","tintindex":0}}}],"display":{"head":{"translation":[0.0,-6.4,0.0],"scale":[4.0,4.0,4.0]}}}