{"textures":{"0":"modelengine:entity/medusa"},"elements":[{"from":[7.428571,5.142857,6.5714283],"to":[9.142858,8.0,9.428572],"rotation":{"angle":0.0,"axis":"y","origin":[5.142857,8.571428,8.285714]},"faces":{"east":{"uv":[5.0,11.25,5.625,11.875],"rotation":0,"texture":"#0","tintindex":0},"south":{"uv":[11.875,11.375,12.25,12.0],"rotation":0,"texture":"#0","tintindex":0},"north":{"uv":[11.125,11.875,11.5,12.5],"rotation":0,"texture":"#0","tintindex":0},"west":{"uv":[5.625,11.25,6.25,11.875],"rotation":0,"texture":"#0","tintindex":0},"up":{"uv":[11.875,12.5,11.5,11.875],"rotation":0,"texture":"#0","tintindex":0},"down":{"uv":[3.125,12.0,2.75,12.625],"rotation":0,"texture":"#0","tintindex":0}}},{"from":[7.428571,8.0,6.857143],"to":[8.571428,8.571428,8.571428],"rotation":{"angle":0.0,"axis":"y","origin":[5.142857,8.571428,8.285714]},"faces":{"east":{"uv":[6.25,0.75,6.625,0.875],"rotation":0,"texture":"#0","tintindex":0},"south":{"uv":[0.75,6.125,1.0,6.25],"rotation":0,"texture":"#0","tintindex":0},"north":{"uv":[5.625,0.875,5.875,1.0],"rotation":0,"texture":"#0","tintindex":0},"west":{"uv":[6.625,0.75,7.0,0.875],"rotation":0,"texture":"#0","tintindex":0},"up":{"uv":[12.5,8.0,12.25,7.625],"rotation":0,"texture":"#0","tintindex":0},"down":{"uv":[12.5,11.375,12.25,11.75],"rotation":0,"texture":"#0","tintindex":0}}},{"from":[8.571428,6.285714,6.285714],"to":[9.714286,8.0,8.0],"rotation":{"angle":0.0,"axis":"y","origin":[5.142857,8.571428,8.571428]},"faces":{"east":{"uv":[7.75,12.125,8.125,12.5],"rotation":0,"texture":"#0","tintindex":0},"south":{"uv":[1.125,12.25,1.375,12.625],"rotation":0,"texture":"#0","tintindex":0},"north":{"uv":[3.125,12.0,3.375,12.375],"rotation":0,"texture":"#0","tintindex":0},"west":{"uv":[12.125,10.0,12.5,10.375],"rotation":0,"texture":"#0","tintindex":0},"up":{"uv":[12.5,5.625,12.25,5.25],"rotation":0,"texture":"#0","tintindex":0},"down":{"uv":[12.5,5.625,12.25,6.0],"rotation":0,"texture":"#0","tintindex":0}}}],"display":{"head":{"translation":[0.0,-6.4,0.0],"scale":[4.0,4.0,4.0]}}}