{"textures":{"0":"modelengine:entity/medusa"},"elements":[{"from":[5.1142855,3.4285712,8.0],"to":[10.828571,8.0,12.0],"rotation":{"angle":0.0,"axis":"y","origin":[8.571428,11.428572,10.285714]},"faces":{"east":{"uv":[3.75,9.875,4.625,10.875],"rotation":0,"texture":"#0","tintindex":0},"south":{"uv":[8.125,5.875,9.375,6.875],"rotation":0,"texture":"#0","tintindex":0},"north":{"uv":[7.75,8.0,9.0,9.0],"rotation":0,"texture":"#0","tintindex":0},"west":{"uv":[6.25,10.0,7.125,11.0],"rotation":0,"texture":"#0","tintindex":0},"up":{"uv":[6.5,9.75,5.25,8.875],"rotation":0,"texture":"#0","tintindex":0},"down":{"uv":[4.625,9.0,3.375,9.875],"rotation":0,"texture":"#0","tintindex":0}}}],"display":{"head":{"translation":[0.0,-6.4,0.0],"scale":[4.0,4.0,4.0]}}}