{"credit":"Made with Blockbench","display":{"firstperson_lefthand":{"rotation":[0,49,0],"translation":[19.75,6.5,-17.75]},"firstperson_righthand":{"rotation":[0,49,0],"translation":[19.75,6.5,-17.75]},"fixed":{"scale":[0.4,0.4,0.4]},"ground":{"scale":[0.2,0.2,0.2],"translation":[0,6.25,0]},"gui":{"rotation":[30,45,0],"scale":[0.31,0.31,0.31],"translation":[0,0.5,0]},"head":{"scale":[3.2,3.2,3.2],"translation":[0,-12,0]},"thirdperson_lefthand":{"rotation":[53,36,0],"scale":[0.2,0.2,0.2],"translation":[0,0.75,0]},"thirdperson_righthand":{"rotation":[53,36,0],"scale":[0.2,0.2,0.2],"translation":[0,0.75,0]}},"elements":[{"faces":{"east":{"rotation":180,"texture":"#0","tintindex":0,"uv":[7.438,15,9.6255,16]},"north":{"rotation":180,"texture":"#0","tintindex":0,"uv":[7.438,15,9.6255,16]},"south":{"rotation":180,"texture":"#0","tintindex":0,"uv":[7.438,15,9.6255,16]},"west":{"rotation":180,"texture":"#0","tintindex":0,"uv":[7.438,15,9.6255,16]}},"from":[16.9,25.9,16.9],"rotation":{"angle":0,"axis":"y","origin":[8,14,8]},"to":[-0.9,18.1,-0.9]},{"faces":{"east":{"texture":"#0","tintindex":0,"uv":[7,15,10,16]},"north":{"texture":"#0","tintindex":0,"uv":[7,15,10,16]},"south":{"texture":"#0","tintindex":0,"uv":[7,15,10,16]},"up":{"texture":"#0","tintindex":0,"uv":[6,8,6.1865,8.115]},"west":{"texture":"#0","tintindex":0,"uv":[7,15,10,16]}},"from":[-4.1,17.9,-4.1],"rotation":{"angle":0,"axis":"y","origin":[8,14,8]},"to":[20.1,26.1,20.1]},{"faces":{"north":{"texture":"#0","uv":[5,12,7.375,12.68]},"south":{"texture":"#0","uv":[5,12,7.375,12.68]}},"from":[-1.5,-15.5,-1.5],"rotation":{"angle":0,"axis":"y","origin":[8,14,8]},"to":[17.5,-10,-1.5]},{"faces":{"east":{"texture":"#0","uv":[5,12,7.375,12.68]},"west":{"texture":"#0","uv":[5,12,7.375,12.68]}},"from":[-1.5,-15.5,-1.5],"rotation":{"angle":0,"axis":"y","origin":[8,14,8]},"to":[-1.5,-10,17.5]},{"faces":{"east":{"texture":"#0","uv":[5,12,7.375,12.68]},"west":{"texture":"#0","uv":[5,12,7.375,12.68]}},"from":[17.5,-15.5,-1.5],"rotation":{"angle":0,"axis":"y","origin":[8,14,8]},"to":[17.5,-10,17.5]},{"faces":{"north":{"texture":"#0","uv":[5,12,7.375,12.68]},"south":{"texture":"#0","uv":[5,12,7.375,12.68]}},"from":[-1.5,-15.5,17.5],"rotation":{"angle":0,"axis":"y","origin":[8,14,8]},"to":[17.5,-10,17.5]},{"faces":{"down":{"texture":"#0","uv":[4,13,7,16]},"east":{"texture":"#0","uv":[1,5,4,6]},"north":{"texture":"#0","uv":[1,5,4,6]},"south":{"texture":"#0","uv":[1,5,4,6]},"up":{"texture":"#0","uv":[7.063,8.375,8.563,9.875]},"west":{"texture":"#0","uv":[1,5,4,6]}},"from":[-4,18,-4],"rotation":{"angle":0,"axis":"y","origin":[8,14,8]},"to":[20,26,20]},{"faces":{"down":{"texture":"#0","uv":[1,13,4,16]},"east":{"texture":"#0","uv":[1,8.0005,4,9.5005]},"north":{"texture":"#0","uv":[7,13,10,14.5]},"south":{"texture":"#0","uv":[1,8.0005,4,9.5005]},"up":{"rotation":180,"texture":"#0","uv":[1,9.5,4,12.5]},"west":{"texture":"#0","uv":[1,8.0005,4,9.5005]}},"from":[-4,-10,-4],"rotation":{"angle":0,"axis":"y","origin":[8,14,8]},"to":[20,2,20]},{"faces":{"down":{"rotation":180,"texture":"#0","uv":[1,9.5,4,12.5]},"east":{"rotation":180,"texture":"#0","uv":[1,8.0005,4,9.5005]},"north":{"rotation":180,"texture":"#0","uv":[1,8.0005,4,9.5005]},"south":{"rotation":180,"texture":"#0","uv":[7.0005,13,10.0005,14.5]},"up":{"texture":"#0","uv":[1,13,4,16]},"west":{"rotation":180,"texture":"#0","uv":[1,8.0005,4,9.5005]}},"from":[20,2,20],"rotation":{"angle":0,"axis":"y","origin":[8,14,8]},"to":[-4,-10,-4]},{"faces":{"east":{"rotation":180,"texture":"#0","uv":[1.25,8,3.75,9.375]},"north":{"rotation":180,"texture":"#0","uv":[1.25,8,3.75,9.375]},"south":{"rotation":180,"texture":"#0","uv":[7.25,13,9.75,14.375]},"up":{"texture":"#0","uv":[1.25,13.25,3.75,15.75]},"west":{"rotation":180,"texture":"#0","uv":[1.25,8,3.75,9.375]}},"from":[18,2,18],"rotation":{"angle":0,"axis":"y","origin":[8,14,8]},"to":[-2,-9,-2]},{"faces":{"down":{"texture":"#0","uv":[1.25,13.25,3.75,15.75]},"east":{"texture":"#0","uv":[1.25,8,3.75,9.375]},"north":{"texture":"#0","uv":[7.25,13,9.75,14.375]},"south":{"texture":"#0","uv":[1.25,8,3.75,9.375]},"west":{"texture":"#0","uv":[1.25,8,3.75,9.375]}},"from":[-2,-9,-2],"rotation":{"angle":0,"axis":"y","origin":[8,14,8]},"to":[18,2,18]},{"faces":{"east":{"rotation":180,"texture":"#0","uv":[1.375,5,3.625,6]},"north":{"rotation":180,"texture":"#0","uv":[1.375,5,3.625,6]},"south":{"rotation":180,"texture":"#0","uv":[1.375,5,3.625,6]},"west":{"rotation":180,"texture":"#0","uv":[1.375,5,3.625,6]}},"from":[17,26,17],"rotation":{"angle":0,"axis":"y","origin":[8,14,8]},"to":[-1,18,-1]},{"faces":{"east":{"texture":"#0","uv":[3.75,6.0005,3.93,8]},"north":{"texture":"#0","uv":[3.75,6.0005,3.93,8]},"south":{"texture":"#0","uv":[3.75,6.0005,3.93,8]},"west":{"texture":"#0","uv":[3.75,6.0005,3.93,8]}},"from":[-3.5,2,-3.5],"rotation":{"angle":0,"axis":"y","origin":[8,14,8]},"to":[-2,18,-2]},{"faces":{"east":{"texture":"#0","uv":[3.75,6.0005,3.93,8]},"north":{"texture":"#0","uv":[3.75,6.0005,3.93,8]},"south":{"texture":"#0","uv":[3.75,6.0005,3.93,8]},"west":{"texture":"#0","uv":[3.75,6.0005,3.93,8]}},"from":[-3.5,2,18],"rotation":{"angle":0,"axis":"y","origin":[8,14,29]},"to":[-2,18,19.5]},{"faces":{"east":{"texture":"#0","uv":[3.75,6.0005,3.93,8]},"north":{"texture":"#0","uv":[3.75,6.0005,3.93,8]},"south":{"texture":"#0","uv":[3.75,6.0005,3.93,8]},"west":{"texture":"#0","uv":[3.75,6.0005,3.93,8]}},"from":[18,2,-3.5],"rotation":{"angle":0,"axis":"y","origin":[8,14,8]},"to":[19.5,18,-2]},{"faces":{"north":{"texture":"#0","uv":[1.313,6,3.688,6.625]},"south":{"texture":"#0","uv":[1.313,6,3.688,6.625]}},"from":[-2,13,-3],"rotation":{"angle":0,"axis":"y","origin":[8,14,8]},"to":[18,18,-3]},{"faces":{"east":{"texture":"#0","uv":[3.75,6.0005,3.93,8]},"north":{"texture":"#0","uv":[3.75,6.0005,3.93,8]},"south":{"texture":"#0","uv":[3.75,6.0005,3.93,8]},"west":{"texture":"#0","uv":[3.75,6.0005,3.93,8]}},"from":[18,2,18],"rotation":{"angle":0,"axis":"y","origin":[8,14,29]},"to":[19.5,18,19.5]},{"faces":{"east":{"texture":"#0","uv":[1.313,6,3.688,6.625]},"west":{"texture":"#0","uv":[1.313,6,3.688,6.625]}},"from":[19,13,-2],"rotation":{"angle":0,"axis":"y","origin":[8,14,8]},"to":[19,18,18]},{"faces":{"north":{"texture":"#0","uv":[1.313,6,3.688,6.625]},"south":{"texture":"#0","uv":[1.313,6,3.688,6.625]}},"from":[-2,13,19],"rotation":{"angle":0,"axis":"y","origin":[8,14,8]},"to":[18,18,19]},{"faces":{"east":{"texture":"#0","uv":[1.313,6,3.688,6.625]},"west":{"texture":"#0","uv":[1.313,6,3.688,6.625]}},"from":[-3,13,-2],"rotation":{"angle":0,"axis":"y","origin":[8,14,8]},"to":[-3,18,18]},{"faces":{"east":{"texture":"#0","uv":[4.0625,8,4.3125,9.5005]},"west":{"texture":"#0","uv":[4.0625,8,4.3125,9.5005]}},"from":[11.5,-10,-4],"to":[11.5,2,-2]},{"faces":{"east":{"texture":"#0","uv":[4.0625,8,4.3125,9.5005]},"west":{"texture":"#0","uv":[4.0625,8,4.3125,9.5005]}},"from":[4.5,-10,-4],"to":[4.5,2,-2]},{"faces":{"down":{"texture":"#0","uv":[2.063,9.5,2.938,9.75]},"up":{"texture":"#0","uv":[2.063,9.5,2.938,9.75]}},"from":[4.5,-9,-4],"to":[11.5,-9,-2]},{"faces":{"down":{"texture":"#0","uv":[4.188,12,4.813,12.625]},"east":{"texture":"#0","uv":[4.188,11.438,4.813,12]},"north":{"texture":"#0","uv":[4.188,11.438,4.813,12]},"south":{"texture":"#0","uv":[4.188,11.438,4.813,12]},"up":{"texture":"#0","uv":[4.188,10.8755,4.813,11.5]},"west":{"texture":"#0","uv":[4.188,11.438,4.813,12]}},"from":[5.5,18.1,5.5],"rotation":{"angle":0,"axis":"y","origin":[13,22,13]},"to":[10.5,22.6,10.5]},{"faces":{"down":{"texture":"#0","uv":[4.188,10.8755,4.813,11.5]},"east":{"rotation":180,"texture":"#0","uv":[4.188,11.438,4.813,12]},"north":{"rotation":180,"texture":"#0","uv":[4.188,11.438,4.813,12]},"south":{"rotation":180,"texture":"#0","uv":[4.188,11.438,4.813,12]},"up":{"texture":"#0","uv":[4.188,12,4.813,12.625]},"west":{"rotation":180,"texture":"#0","uv":[4.188,11.438,4.813,12]}},"from":[10.5,22.6,10.5],"rotation":{"angle":0,"axis":"y","origin":[13,22,13]},"to":[5.5,18.1,5.5]},{"faces":{"down":{"texture":"#0","uv":[4.063,12.25,4.1255,12.3125]},"east":{"texture":"#0","uv":[4.063,10.9375,4.1255,12.3125]},"north":{"texture":"#0","uv":[4.063,10.9375,4.1255,12.3125]},"south":{"texture":"#0","uv":[4.063,10.9375,4.1255,12.3125]},"up":{"texture":"#0","uv":[4.063,10.9375,4.1255,11]},"west":{"texture":"#0","uv":[4.063,10.9375,4.1255,12.3125]}},"from":[9,7.5,6.5],"to":[9.5,18.5,7]},{"faces":{"east":{"texture":"flame","uv":[0,3,8,16]},"west":{"texture":"flame","uv":[0,3,8,16]}},"from":[8,19,4],"rotation":{"angle":-45,"axis":"y","origin":[8,8,8]},"to":[8,32,12]},{"faces":{"north":{"texture":"flame","uv":[0,3,8,16]},"south":{"texture":"flame","uv":[0,3,8,16]}},"from":[4,19,8],"rotation":{"angle":-45,"axis":"y","origin":[8,8,8]},"to":[12,32,8]}],"groups":[{"children":[{"children":[0,1],"name":"group","origin":[8,14,8]},2,3,4,5,6,7,8,9,10,11,12,13,14,15,16,17,18,19,20,21],"name":"group","origin":[8,8,8]},22,{"children":[23,24],"name":"group","origin":[8,8,8]},25,26,27],"textures":{"0":"custom/entities/air_balloon/air_balloon","flame":"custom/entities/air_balloon/flame","particle":"custom/entities/air_balloon/air_balloon"}}