{"credit":"Made with Blockbench","display":{"firstperson_lefthand":{"rotation":[0,21,0],"scale":[0.2,0.2,0.2],"translation":[5.75,0,-4.5]},"firstperson_righthand":{"rotation":[0,21,0],"scale":[0.2,0.2,0.2],"translation":[5.75,0,-4.5]},"fixed":{"scale":[0.4,0.4,0.4]},"ground":{"scale":[0.2,0.2,0.2],"translation":[0,5.5,0]},"gui":{"rotation":[30,45,0],"scale":[0.25,0.25,0.25],"translation":[0,-0.5,0]},"head":{"scale":[3.2,3.2,3.2],"translation":[0,42.25,0]},"thirdperson_lefthand":{"rotation":[38,27,0],"scale":[0.1,0.1,0.1]},"thirdperson_righthand":{"rotation":[38,27,0],"scale":[0.1,0.1,0.1]}},"elements":[{"faces":{"down":{"texture":"#0","tintindex":0,"uv":[5,7.0005,10,12.0005]},"east":{"texture":"#0","tintindex":0,"uv":[0,0,5,5]},"north":{"texture":"#0","tintindex":0,"uv":[0,0,5,5]},"south":{"texture":"#0","tintindex":0,"uv":[0,0,5,5]},"up":{"texture":"#0","tintindex":0,"uv":[5.063,0,10.063,5]},"west":{"texture":"#0","tintindex":0,"uv":[0,0,5,5]}},"from":[-12,-10,-12],"rotation":{"angle":0,"axis":"y","origin":[8,6,8]},"to":[28,30,28]},{"faces":{"down":{"texture":"#0","tintindex":0,"uv":[5.063,0,10.063,5]},"east":{"rotation":180,"texture":"#0","tintindex":0,"uv":[0,0,5,5]},"north":{"rotation":180,"texture":"#0","tintindex":0,"uv":[0,0,5,5]},"south":{"rotation":180,"texture":"#0","tintindex":0,"uv":[0,0,5,5]},"up":{"texture":"#0","tintindex":0,"uv":[5,7.0005,10,12.0005]},"west":{"rotation":180,"texture":"#0","tintindex":0,"uv":[0,0,5,5]}},"from":[28,30,28],"rotation":{"angle":0,"axis":"y","origin":[8,6,8]},"to":[-12,-10,-12]},{"faces":{"down":{"rotation":270,"texture":"#0","uv":[4.563,6.498,4.998,6.063]},"east":{"rotation":270,"texture":"#0","uv":[4.063,6.0625,4.498,6.4975]},"north":{"texture":"#0","uv":[4.063,6.563,4.498,6.998]},"south":{"rotation":270,"texture":"#0","uv":[4.063,6.4975,4.498,6.0625]},"up":{"rotation":270,"texture":"#0","uv":[4.063,6.4975,4.498,6.0625]},"west":{"texture":"#0","uv":[4.063,6.563,4.498,6.998]}},"from":[-13.5,8.5,-13.5],"rotation":{"angle":0,"axis":"y","origin":[8,6,8]},"to":[-10,12,-10]},{"faces":{"down":{"rotation":180,"texture":"#0","uv":[4.563,6.498,4.998,6.063]},"east":{"texture":"#0","uv":[4.063,6.563,4.498,6.998]},"north":{"texture":"#0","uv":[4.063,6.563,4.498,6.998]},"south":{"rotation":270,"texture":"#0","uv":[4.063,6.0625,4.498,6.4975]},"up":{"texture":"#0","uv":[4.063,6.4975,4.498,6.0625]},"west":{"rotation":270,"texture":"#0","uv":[4.063,6.4975,4.498,6.0625]}},"from":[26,8.5,-13.5],"rotation":{"angle":0,"axis":"y","origin":[8,6,8]},"to":[29.5,12,-10]},{"faces":{"down":{"rotation":90,"texture":"#0","uv":[4.563,6.498,4.998,6.063]},"east":{"texture":"#0","uv":[4.063,6.563,4.498,6.998]},"north":{"rotation":270,"texture":"#0","uv":[4.063,6.4975,4.498,6.0625]},"south":{"texture":"#0","uv":[4.063,6.563,4.498,6.998]},"up":{"rotation":90,"texture":"#0","uv":[4.063,6.4975,4.498,6.0625]},"west":{"rotation":270,"texture":"#0","uv":[4.063,6.0625,4.498,6.4975]}},"from":[26,8.5,26],"rotation":{"angle":0,"axis":"y","origin":[8,6,8]},"to":[29.5,12,29.5]},{"faces":{"down":{"texture":"#0","uv":[4.563,6.498,4.998,6.063]},"east":{"rotation":270,"texture":"#0","uv":[4.063,6.4975,4.498,6.0625]},"north":{"rotation":270,"texture":"#0","uv":[4.063,6.0625,4.498,6.4975]},"south":{"texture":"#0","uv":[4.063,6.563,4.498,6.998]},"up":{"rotation":180,"texture":"#0","uv":[4.063,6.4975,4.498,6.0625]},"west":{"texture":"#0","uv":[4.063,6.563,4.498,6.998]}},"from":[-13.5,8.5,26],"rotation":{"angle":0,"axis":"y","origin":[8,6,8]},"to":[-10,12,29.5]},{"faces":{"east":{"texture":"#0","uv":[5.125,5,10,6.5]},"west":{"texture":"#0","uv":[5.125,5,10,6.5625]}},"from":[-12.5,-3,-11.5],"rotation":{"angle":0,"axis":"y","origin":[8,6,8]},"to":[-12.5,9.5,27.5]},{"faces":{"north":{"texture":"#0","uv":[5.125,5,10,6.5625]},"south":{"texture":"#0","uv":[5.125,5,10,6.5]}},"from":[-11.5,-3,-12.5],"rotation":{"angle":0,"axis":"y","origin":[8,6,8]},"to":[27.5,9.5,-12.5]},{"faces":{"east":{"texture":"#0","uv":[5.125,5,10,6.5625]},"west":{"texture":"#0","uv":[5.125,5,10,6.5]}},"from":[28.5,-3,-11.5],"rotation":{"angle":0,"axis":"y","origin":[8,6,8]},"to":[28.5,9.5,27.5]},{"faces":{"north":{"texture":"#0","uv":[5.125,5,10,6.5]},"south":{"texture":"#0","uv":[5.125,5,10,6.5625]}},"from":[-11.5,-3,28.5],"rotation":{"angle":0,"axis":"y","origin":[8,6,8]},"to":[27.5,9.5,28.5]},{"faces":{"north":{"texture":"#0","uv":[4.5625,6.563,4.937,6.9375]},"south":{"texture":"#0","uv":[4.5625,6.563,4.937,6.9375]}},"from":[6.5,8.5,-12.1],"rotation":{"angle":0,"axis":"y","origin":[8,6,8]},"to":[9.5,11.5,-12.1]},{"faces":{"east":{"texture":"#0","uv":[4.5625,6.563,4.937,6.9375]},"west":{"texture":"#0","uv":[4.5625,6.563,4.937,6.9375]}},"from":[28.1,8.5,6.5],"rotation":{"angle":0,"axis":"y","origin":[8,6,8]},"to":[28.1,11.5,9.5]},{"faces":{"north":{"texture":"#0","uv":[4.5625,6.563,4.937,6.9375]},"south":{"texture":"#0","uv":[4.5625,6.563,4.937,6.9375]}},"from":[6.5,8.5,28.1],"rotation":{"angle":0,"axis":"y","origin":[8,6,8]},"to":[9.5,11.5,28.1]},{"faces":{"down":{"rotation":180,"texture":"#0","uv":[4.5625,6.563,4.937,6.9375]},"up":{"texture":"#0","uv":[4.5625,6.563,4.937,6.9375]}},"from":[6.5,30.1,6.5],"rotation":{"angle":0,"axis":"x","origin":[8,6,8]},"to":[9.5,30.1,9.5]},{"faces":{"east":{"texture":"#0","uv":[4.5625,6.563,4.937,6.9375]},"west":{"texture":"#0","uv":[4.5625,6.563,4.937,6.9375]}},"from":[-12.1,8.5,6.5],"rotation":{"angle":0,"axis":"y","origin":[8,6,8]},"to":[-12.1,11.5,9.5]}],"groups":[{"children":[0,1,2,3,4,5,6,7,8,9,10,11,12,13,14],"name":"group","origin":[8,8,8]}],"textures":{"0":"custom/entities/air_balloon/air_balloon","particle":"custom/entities/air_balloon/air_balloon"}}