{"textures":{"0":"modelengine:entity/medusa"},"elements":[{"from":[4.8285713,3.4285712,8.0],"to":[11.114285,8.0,12.571428],"rotation":{"angle":0.0,"axis":"y","origin":[8.285714,11.428572,10.285714]},"faces":{"east":{"uv":[0.0,9.25,1.0,10.25],"rotation":0,"texture":"#0","tintindex":0},"south":{"uv":[7.375,0.0,8.75,1.0],"rotation":0,"texture":"#0","tintindex":0},"north":{"uv":[7.25,3.875,8.625,4.875],"rotation":0,"texture":"#0","tintindex":0},"west":{"uv":[9.375,5.875,10.375,6.875],"rotation":0,"texture":"#0","tintindex":0},"up":{"uv":[2.75,8.625,1.375,7.625],"rotation":0,"texture":"#0","tintindex":0},"down":{"uv":[4.125,7.625,2.75,8.625],"rotation":0,"texture":"#0","tintindex":0}}}],"display":{"head":{"translation":[0.0,-6.4,0.0],"scale":[4.0,4.0,4.0]}}}