{
    "sources": [
        {
            "type": "directory",
            "source": "custom",
            "prefix": "custom/"
        },
        {
            "type": "directory",
            "source": "gameplay_element",
            "prefix": "gameplay_element/"
        },
        {
            "type": "directory",
            "source": "painting",
            "prefix": "painting/"
        },
        {
            "type": "directory",
            "source": "rr",
            "prefix": "rr/"
        },
        {
            "type": "directory",
            "source": "creatures",
            "prefix": "creatures/"
        },
        {
            "type": "directory",
            "source": "blocks",
            "prefix": "blocks/"
        },
        {
            "type": "directory",
            "source": "mounts",
            "prefix": "mounts/"
        },
        {
            "type": "directory",
            "source": "npc",
            "prefix": "npc/"
        },
        {
            "type": "directory",
            "source": "guis",
            "prefix": "guis/"
        },
        {
            "type": "directory",
            "source": "entity",
            "prefix": "entity/"
        },
        {
            "type": "directory",
            "source": "models",
            "prefix": "models/"
        },
        {
            "type": "directory",
            "source": "spells",
            "prefix": "spells/"
        },
        {
            "type": "directory",
            "source": "retratos",
            "prefix": "retratos/"
        },
        {
            "type": "single",
            "resource": "minecraft:briefcase"
        },
        {
            "type": "single",
            "resource": "minecraft:suitcase_3_1"
        },
        {
            "type": "single",
            "resource": "minecraft:plants_festucapratensis"
        },
        {
            "type": "single",
            "resource": "minecraft:plants_brackendarkred"
        }
    ]
}