{"credit":"Made with Blockbench","display":{"gui":{"rotation":[30,135,0],"scale":[0.94,0.94,0.94],"translation":[0,4,0]},"head":{"rotation":[9,0,0],"scale":[1.71,1.71,1.71],"translation":[0,16.5,2]}},"elements":[{"faces":{"north":{"texture":"#0","uv":[2.5,0,5,2.5]}},"from":[9.5,4,5.5],"to":[14.5,9,5.5]},{"faces":{"north":{"texture":"#0","uv":[5,0,2.5,2.5]}},"from":[1.5,4,5.5],"to":[6.5,9,5.5]},{"faces":{"down":{"rotation":180,"texture":"#0","tintindex":0,"uv":[0,2,0.5,2.5]},"east":{"texture":"#0","tintindex":0,"uv":[2,0,2.5,2.5]},"north":{"texture":"#0","tintindex":0,"uv":[2.5,0,0,2.5]},"south":{"texture":"#0","tintindex":0,"uv":[9.5,0,12,2.5]},"up":{"texture":"#0","tintindex":0,"uv":[0,0,2.5,0.5]},"west":{"texture":"#0","tintindex":0,"uv":[0,0,0.5,2.5]}},"from":[1.5,4,5.5],"to":[6.5,9,7.5]},{"faces":{"down":{"rotation":180,"texture":"#0","tintindex":0,"uv":[0,2,0.5,2.5]},"east":{"texture":"#0","tintindex":0,"uv":[0,0,0.5,2.5]},"north":{"texture":"#0","tintindex":0,"uv":[0,0,2.5,2.5]},"south":{"texture":"#0","tintindex":0,"uv":[12,0,9.5,2.5]},"up":{"rotation":180,"texture":"#0","tintindex":0,"uv":[0,0,2.5,0.5]},"west":{"texture":"#0","tintindex":0,"uv":[2,0,2.5,2.5]}},"from":[9.5,4,5.5],"to":[14.5,9,7.5]},{"faces":{"east":{"texture":"#0","tintindex":0,"uv":[0,5,4.5,7.5]},"north":{"texture":"#0","tintindex":0,"uv":[0,2.5,4.5,5]},"south":{"texture":"#0","tintindex":0,"uv":[4.5,5,9,7.5]},"up":{"rotation":180,"texture":"#0","tintindex":0,"uv":[5,0,9.5,4.5]},"west":{"texture":"#0","tintindex":0,"uv":[4.5,5,0,7.5]}},"from":[3.5,0,3.5],"to":[12.5,5,12.5]},{"faces":{"down":{"texture":"#0","tintindex":0,"uv":[0,8,6.5,14.5]},"up":{"texture":"#0","tintindex":0,"uv":[0,8,6.5,14.5]}},"from":[1.5,0,1.5],"to":[14.5,0,14.5]},{"faces":{"down":{"rotation":180,"texture":"#0","tintindex":0,"uv":[9.5,0,5,4.5]},"east":{"texture":"#0","tintindex":0,"uv":[4.5,7.5,0,5]},"north":{"texture":"#0","tintindex":0,"uv":[4.5,7.5,9,5]},"south":{"texture":"#0","tintindex":0,"uv":[0,5,4.5,2.5]},"west":{"texture":"#0","tintindex":0,"uv":[0,7.5,4.5,5]}},"from":[12.5,5,12.5],"name":"cube inverted","to":[3.5,0,3.5]}],"groups":[0,1,{"children":[2,3,4,5,6],"name":"group","origin":[0,0,0]}],"texture_size":[32,32],"textures":{"0":"custom/cosmetics/summer/frog_hat","particle":"custom/cosmetics/summer/frog_hat"}}