{"textures":{"texture":"custom/gold_weight","particle":"custom/gold_weight"},"elements":[{"from":[5.2394,0,5.3521],"to":[10.57273,0.33333,10.68543],"faces":{"north":{"uv":[0,7.75,4,8],"texture":"#texture"},"east":{"uv":[4,8,4.25,12],"rotation":90,"texture":"#texture"},"south":{"uv":[0,7.75,4,8],"texture":"#texture"},"west":{"uv":[4,8,4.25,12],"rotation":90,"texture":"#texture"},"up":{"uv":[0,8,4,12],"texture":"#texture"},"down":{"uv":[0,8,4,12],"texture":"#texture"}}},{"from":[5.5728,0.3333,5.6854],"to":[10.23947,0.99997,10.35207],"faces":{"north":{"uv":[3.5,15.5,0,16],"texture":"#texture"},"east":{"uv":[3.5,12,4,15.5],"rotation":90,"texture":"#texture"},"south":{"uv":[3.5,15.5,0,16],"texture":"#texture"},"west":{"uv":[3.5,12,4,15.5],"rotation":90,"texture":"#texture"},"up":{"uv":[0,12,3.5,15.5],"texture":"#texture"}}},{"from":[7.2394,1,7.3521],"to":[8.57273,11,8.68543],"faces":{"north":{"uv":[4.25,8.5,5.25,16],"texture":"#texture"},"east":{"uv":[6.25,8.5,5.25,16],"texture":"#texture"},"south":{"uv":[4.25,8.5,5.25,16],"texture":"#texture"},"west":{"uv":[6.25,8.5,5.25,16],"texture":"#texture"},"up":{"uv":[0,0.75,1,1.75],"texture":"#texture"}}},{"from":[6.5728,1,6.6854],"to":[9.23947,1.33333,9.35207],"faces":{"north":{"uv":[2,5.75,2.25,7.75],"rotation":90,"texture":"#texture"},"east":{"uv":[0,5.5,2,5.75],"texture":"#texture"},"south":{"uv":[2,5.75,2.25,7.75],"rotation":90,"texture":"#texture"},"west":{"uv":[0,5.5,2,5.75],"texture":"#texture"},"up":{"uv":[0,5.75,2,7.75],"texture":"#texture"},"down":{"uv":[0,5.75,2,7.75],"texture":"#texture"}}},{"from":[6.9061,1.3333,7.0188],"to":[8.9061,1.99997,9.0188],"faces":{"north":{"uv":[2.25,5.75,3.75,6.25],"texture":"#texture"},"east":{"uv":[3.75,6.25,4.25,7.75],"rotation":270,"texture":"#texture"},"south":{"uv":[2.25,5.75,3.75,6.25],"texture":"#texture"},"west":{"uv":[3.75,6.25,4.25,7.75],"rotation":270,"texture":"#texture"},"up":{"uv":[2.25,6.25,3.75,7.75],"texture":"#texture"}}},{"from":[7.5728,11,7.6854],"to":[8.23947,11.66667,8.35207],"faces":{"north":{"uv":[0.25,4.5,0.75,5],"texture":"#texture"},"east":{"uv":[0.25,4.5,0.75,5],"texture":"#texture"},"south":{"uv":[0.25,4.5,0.75,5],"texture":"#texture"},"west":{"uv":[0.75,4.5,1.25,5],"texture":"#texture"},"up":{"uv":[0.25,4.5,0.75,5],"texture":"#texture"}}},{"from":[7.2394,14.3333,7.3521],"to":[8.57273,15.3333,8.68543],"faces":{"north":{"uv":[1,1.75,2,2.5],"texture":"#texture"},"east":{"uv":[0,1.75,1,2.5],"texture":"#texture"},"south":{"uv":[1,1.75,2,2.5],"texture":"#texture"},"west":{"uv":[0,1.75,1,2.5],"texture":"#texture"},"up":{"uv":[0,0.75,1,1.75],"texture":"#texture"},"down":{"uv":[0,0.75,1,1.75],"texture":"#texture"}}},{"from":[7.2394,11.6667,7.6854],"to":[8.57273,13.00003,8.35207],"faces":{"north":{"uv":[0,3.5,1,4.5],"texture":"#texture"},"east":{"uv":[1,3.5,1.5,4.5],"texture":"#texture"},"south":{"uv":[0,3.5,1,4.5],"texture":"#texture"},"west":{"uv":[1,3.5,1.5,4.5],"texture":"#texture"},"up":{"uv":[0.25,5,1.25,5.5],"texture":"#texture"},"down":{"uv":[0.25,5,1.25,5.5],"texture":"#texture"}}},{"from":[7.5728,13,7.6854],"to":[8.23947,14.33333,8.35207],"faces":{"north":{"uv":[0.25,2.5,0.75,3.5],"texture":"#texture"},"east":{"uv":[0.75,2.5,1.25,3.5],"texture":"#texture"},"south":{"uv":[0.25,2.5,0.75,3.5],"texture":"#texture"},"west":{"uv":[0.75,2.5,1.25,3.5],"texture":"#texture"}}},{"from":[3.9061,8,8.0188],"to":[14.57277,11.66667,8.0198],"rotation":{"angle":22.5,"axis":"z","origin":[3.9061,8,8.01878]},"faces":{"north":{"uv":[4.25,5.75,12.25,8.5],"texture":"#texture"},"south":{"uv":[4.25,5.75,12.25,8.5],"texture":"#texture"}}},{"from":[12.7624,7.1502,7.5334],"to":[12.7634,14.48353,11.20007],"rotation":{"angle":45,"axis":"y","origin":[10.92958,7.15023,9.3662]},"faces":{"east":{"uv":[6.25,11.25,8.5,16],"texture":"#texture"},"west":{"uv":[6.25,11.25,8.5,16],"texture":"#texture"}}},{"from":[13.5962,7.1502,6.6995],"to":[13.5972,14.48353,10.36617],"rotation":{"angle":-45,"axis":"y","origin":[13.59624,7.15023,6.69953]},"faces":{"east":{"uv":[6.25,11.25,8.5,16],"texture":"#texture"},"west":{"uv":[6.25,11.25,8.5,16],"texture":"#texture"}}},{"from":[6.5728,2,6.6854],"to":[9.23947,2.33333,9.35207],"faces":{"north":{"uv":[2,5.75,2.25,7.75],"rotation":90,"texture":"#texture"},"east":{"uv":[0,5.5,2,5.75],"texture":"#texture"},"south":{"uv":[2,5.75,2.25,7.75],"rotation":90,"texture":"#texture"},"west":{"uv":[0,5.5,2,5.75],"texture":"#texture"},"up":{"uv":[0,5.75,2,7.75],"texture":"#texture"},"down":{"uv":[0,5.75,2,7.75],"texture":"#texture"}}},{"from":[6.9061,2.3333,7.0188],"to":[8.9061,2.99997,9.0188],"faces":{"north":{"uv":[3.75,5.75,2.25,6.25],"rotation":180,"texture":"#texture"},"east":{"uv":[3.75,7.75,4.25,6.25],"rotation":90,"texture":"#texture"},"south":{"uv":[3.75,5.75,2.25,6.25],"rotation":180,"texture":"#texture"},"west":{"uv":[3.75,6.25,4.25,7.75],"rotation":90,"texture":"#texture"},"up":{"uv":[2.25,6.25,3.75,7.75],"texture":"#texture"}}},{"from":[6.5728,6,6.6854],"to":[9.23947,6.33333,9.35207],"faces":{"north":{"uv":[2,5.75,2.25,7.75],"rotation":90,"texture":"#texture"},"east":{"uv":[0,5.5,2,5.75],"texture":"#texture"},"south":{"uv":[2,5.75,2.25,7.75],"rotation":270,"texture":"#texture"},"west":{"uv":[0,5.5,2,5.75],"texture":"#texture"},"up":{"uv":[0,5.75,2,7.75],"texture":"#texture"},"down":{"uv":[0,5.75,2,7.75],"texture":"#texture"}}},{"from":[10.5962,6.8169,6.3662],"to":[13.92953,7.15023,9.69953],"faces":{"north":{"uv":[8.5,13.25,11,13.5],"texture":"#texture"},"east":{"uv":[11,13.5,11.25,16],"rotation":270,"texture":"#texture"},"south":{"uv":[8.5,13.25,11,13.5],"rotation":180,"texture":"#texture"},"west":{"uv":[11,13.5,11.25,16],"rotation":90,"texture":"#texture"},"up":{"uv":[8.5,13.5,11,16],"texture":"#texture"},"down":{"uv":[8.5,13.5,11,16],"texture":"#texture"}}},{"from":[1.6808,3.1596,6.3709],"to":[5.01413,3.49293,9.70423],"faces":{"north":{"uv":[8.5,13.25,11,13.5],"texture":"#texture"},"east":{"uv":[11,13.5,11.25,16],"rotation":270,"texture":"#texture"},"south":{"uv":[8.5,13.25,11,13.5],"texture":"#texture"},"west":{"uv":[11,13.5,11.25,16],"rotation":270,"texture":"#texture"},"up":{"uv":[8.5,13.5,11,16],"texture":"#texture"},"down":{"uv":[8.5,13.5,11,16],"texture":"#texture"}}},{"from":[4.6808,3.493,6.7042],"to":[4.6818,10.82633,10.37087],"rotation":{"angle":-45,"axis":"y","origin":[4.68075,3.49296,6.70423]},"faces":{"east":{"uv":[6.25,11.25,8.5,16],"texture":"#texture"},"west":{"uv":[6.25,11.25,8.5,16],"texture":"#texture"}}},{"from":[3.8469,3.493,7.5381],"to":[3.8479,10.82633,11.20477],"rotation":{"angle":45,"axis":"y","origin":[2.01409,3.49296,9.37089]},"faces":{"east":{"uv":[6.25,11.25,8.5,16],"texture":"#texture"},"west":{"uv":[6.25,11.25,8.5,16],"texture":"#texture"}}},{"from":[6.8846,5.3333,7.0295],"to":[8.8846,5.99997,9.0295],"faces":{"north":{"uv":[2.25,5.75,3.75,6.25],"texture":"#texture"},"east":{"uv":[3.75,6.25,4.25,7.75],"rotation":270,"texture":"#texture"},"south":{"uv":[2.25,5.75,3.75,6.25],"texture":"#texture"},"west":{"uv":[3.75,6.25,4.25,7.75],"rotation":270,"texture":"#texture"},"up":{"uv":[2.25,6.25,3.75,7.75],"texture":"#texture"},"down":{"uv":[2.25,6.25,3.75,7.75],"texture":"#texture"}}},{"from":[3.7793,3.5493,7.662],"to":[4.7793,4.21597,8.662],"rotation":{"angle":-45,"axis":"y","origin":[3.77934,3.5493,7.66197]},"faces":{"north":{"uv":[11.25,14,12,13.5],"texture":"#texture"},"east":{"uv":[11.25,13.5,12,14],"rotation":180,"texture":"#texture"},"south":{"uv":[11.25,14,12,13.5],"texture":"#texture"},"west":{"uv":[11.25,13.5,12,14],"rotation":180,"texture":"#texture"},"up":{"uv":[11.25,14,12,14.75],"rotation":90,"texture":"#texture"},"down":{"uv":[11.25,14,12,14.75],"rotation":90,"texture":"#texture"}}},{"from":[3.1127,3.5493,6.9953],"to":[4.1127,3.88263,7.9953],"rotation":{"angle":-22.5,"axis":"x","origin":[3.11268,3.5493,6.99531]},"faces":{"north":{"uv":[12.5,14,13.25,13.75],"texture":"#texture"},"east":{"uv":[12.5,13.75,13.25,14],"rotation":180,"texture":"#texture"},"south":{"uv":[12.5,14,13.25,13.75],"texture":"#texture"},"west":{"uv":[12.5,13.75,13.25,14],"rotation":180,"texture":"#texture"},"up":{"uv":[12.5,14,13.25,14.75],"rotation":90,"texture":"#texture"},"down":{"uv":[12.5,14,13.25,14.75],"rotation":90,"texture":"#texture"}}},{"from":[2.1127,3.5493,7.662],"to":[3.1127,3.88263,8.662],"faces":{"north":{"uv":[13.75,14,14.5,14.25],"rotation":180,"texture":"#texture"},"east":{"uv":[13.75,13.75,14.5,13.5],"texture":"#texture"},"south":{"uv":[13.75,13.75,14.5,14],"rotation":180,"texture":"#texture"},"west":{"uv":[13.75,13.75,14.5,14],"rotation":90,"texture":"#texture"},"up":{"uv":[13.75,14,14.5,14.75],"rotation":90,"texture":"#texture"},"down":{"uv":[13.75,14,14.5,14.75],"rotation":90,"texture":"#texture"}}}]}