{"textures":{"texture":"custom/gold_weight","particle":"custom/gold_weight"},"elements":[{"from":[5.5,0,5.5],"to":[10.83333,0.33333,10.83333],"faces":{"north":{"uv":[0,7.75,4,8],"texture":"#texture"},"east":{"uv":[4,8,4.25,12],"rotation":90,"texture":"#texture"},"south":{"uv":[0,7.75,4,8],"texture":"#texture"},"west":{"uv":[4,8,4.25,12],"rotation":90,"texture":"#texture"},"up":{"uv":[0,8,4,12],"texture":"#texture"},"down":{"uv":[0,8,4,12],"texture":"#texture"}}},{"from":[5.8334,0.3333,5.8333],"to":[10.50007,0.99997,10.49997],"faces":{"north":{"uv":[3.5,15.5,0,16],"texture":"#texture"},"east":{"uv":[3.5,12,4,15.5],"rotation":90,"texture":"#texture"},"south":{"uv":[3.5,15.5,0,16],"texture":"#texture"},"west":{"uv":[3.5,12,4,15.5],"rotation":90,"texture":"#texture"},"up":{"uv":[0,12,3.5,15.5],"texture":"#texture"}}},{"from":[7.5,1,7.5],"to":[8.83333,11,8.83333],"faces":{"north":{"uv":[4.25,8.5,5.25,16],"texture":"#texture"},"east":{"uv":[6.25,8.5,5.25,16],"texture":"#texture"},"south":{"uv":[4.25,8.5,5.25,16],"texture":"#texture"},"west":{"uv":[6.25,8.5,5.25,16],"texture":"#texture"},"up":{"uv":[0,0.75,1,1.75],"texture":"#texture"}}},{"from":[6.8334,1,6.8333],"to":[9.50007,1.33333,9.49997],"faces":{"north":{"uv":[2,5.75,2.25,7.75],"rotation":90,"texture":"#texture"},"east":{"uv":[0,5.5,2,5.75],"texture":"#texture"},"south":{"uv":[2,5.75,2.25,7.75],"rotation":90,"texture":"#texture"},"west":{"uv":[0,5.5,2,5.75],"texture":"#texture"},"up":{"uv":[0,5.75,2,7.75],"texture":"#texture"},"down":{"uv":[0,5.75,2,7.75],"texture":"#texture"}}},{"from":[7.1667,1.3333,7.1667],"to":[9.1667,1.99997,9.1667],"faces":{"north":{"uv":[2.25,5.75,3.75,6.25],"texture":"#texture"},"east":{"uv":[3.75,6.25,4.25,7.75],"rotation":270,"texture":"#texture"},"south":{"uv":[2.25,5.75,3.75,6.25],"texture":"#texture"},"west":{"uv":[3.75,6.25,4.25,7.75],"rotation":270,"texture":"#texture"},"up":{"uv":[2.25,6.25,3.75,7.75],"texture":"#texture"}}},{"from":[7.8334,11,7.8333],"to":[8.50007,11.66667,8.49997],"faces":{"north":{"uv":[0.25,4.5,0.75,5],"texture":"#texture"},"east":{"uv":[0.25,4.5,0.75,5],"texture":"#texture"},"south":{"uv":[0.25,4.5,0.75,5],"texture":"#texture"},"west":{"uv":[0.75,4.5,1.25,5],"texture":"#texture"},"up":{"uv":[0.25,4.5,0.75,5],"texture":"#texture"}}},{"from":[7.5,14.3333,7.5],"to":[8.83333,15.3333,8.83333],"faces":{"north":{"uv":[1,1.75,2,2.5],"texture":"#texture"},"east":{"uv":[0,1.75,1,2.5],"texture":"#texture"},"south":{"uv":[1,1.75,2,2.5],"texture":"#texture"},"west":{"uv":[0,1.75,1,2.5],"texture":"#texture"},"up":{"uv":[0,0.75,1,1.75],"texture":"#texture"},"down":{"uv":[0,0.75,1,1.75],"texture":"#texture"}}},{"from":[7.5,11.6667,7.8333],"to":[8.83333,13.00003,8.49997],"faces":{"north":{"uv":[0,3.5,1,4.5],"texture":"#texture"},"east":{"uv":[1,3.5,1.5,4.5],"texture":"#texture"},"south":{"uv":[0,3.5,1,4.5],"texture":"#texture"},"west":{"uv":[1,3.5,1.5,4.5],"texture":"#texture"},"up":{"uv":[0.25,5,1.25,5.5],"texture":"#texture"},"down":{"uv":[0.25,5,1.25,5.5],"texture":"#texture"}}},{"from":[7.8334,13,7.8333],"to":[8.50007,14.33333,8.49997],"faces":{"north":{"uv":[0.25,2.5,0.75,3.5],"texture":"#texture"},"east":{"uv":[0.75,2.5,1.25,3.5],"texture":"#texture"},"south":{"uv":[0.25,2.5,0.75,3.5],"texture":"#texture"},"west":{"uv":[0.75,2.5,1.25,3.5],"texture":"#texture"}}},{"from":[4.1364,8.1819,8.1819],"to":[14.80307,11.84857,8.1829],"rotation":{"angle":22.5,"axis":"z","origin":[4.13636,8.18182,8.18182]},"faces":{"north":{"uv":[4.25,5.75,12.25,8.5],"texture":"#texture"},"south":{"uv":[4.25,5.75,12.25,8.5],"texture":"#texture"}}},{"from":[13.0146,7.2727,7.6672],"to":[13.0156,14.60603,11.33387],"rotation":{"angle":45,"axis":"y","origin":[11.18182,7.27273,9.5]},"faces":{"east":{"uv":[6.25,11.25,8.5,16],"texture":"#texture"},"west":{"uv":[6.25,11.25,8.5,16],"texture":"#texture"}}},{"from":[13.8484,7.2727,6.8333],"to":[13.8494,14.60603,10.49997],"rotation":{"angle":-45,"axis":"y","origin":[13.84849,7.27273,6.83333]},"faces":{"east":{"uv":[6.25,11.25,8.5,16],"texture":"#texture"},"west":{"uv":[6.25,11.25,8.5,16],"texture":"#texture"}}},{"from":[6.8334,2,6.8333],"to":[9.50007,2.33333,9.49997],"faces":{"north":{"uv":[2,5.75,2.25,7.75],"rotation":90,"texture":"#texture"},"east":{"uv":[0,5.5,2,5.75],"texture":"#texture"},"south":{"uv":[2,5.75,2.25,7.75],"rotation":90,"texture":"#texture"},"west":{"uv":[0,5.5,2,5.75],"texture":"#texture"},"up":{"uv":[0,5.75,2,7.75],"texture":"#texture"},"down":{"uv":[0,5.75,2,7.75],"texture":"#texture"}}},{"from":[7.1667,2.3333,7.1667],"to":[9.1667,2.99997,9.1667],"faces":{"north":{"uv":[3.75,5.75,2.25,6.25],"rotation":180,"texture":"#texture"},"east":{"uv":[3.75,7.75,4.25,6.25],"rotation":90,"texture":"#texture"},"south":{"uv":[3.75,5.75,2.25,6.25],"rotation":180,"texture":"#texture"},"west":{"uv":[3.75,6.25,4.25,7.75],"rotation":90,"texture":"#texture"},"up":{"uv":[2.25,6.25,3.75,7.75],"texture":"#texture"}}},{"from":[6.8334,6,6.8333],"to":[9.50007,6.33333,9.49997],"faces":{"north":{"uv":[2,5.75,2.25,7.75],"rotation":90,"texture":"#texture"},"east":{"uv":[0,5.5,2,5.75],"texture":"#texture"},"south":{"uv":[2,5.75,2.25,7.75],"rotation":270,"texture":"#texture"},"west":{"uv":[0,5.5,2,5.75],"texture":"#texture"},"up":{"uv":[0,5.75,2,7.75],"texture":"#texture"},"down":{"uv":[0,5.75,2,7.75],"texture":"#texture"}}},{"from":[10.8484,6.9394,6.5],"to":[14.18173,7.27273,9.83333],"faces":{"north":{"uv":[8.5,13.25,11,13.5],"texture":"#texture"},"east":{"uv":[11,13.5,11.25,16],"rotation":270,"texture":"#texture"},"south":{"uv":[8.5,13.25,11,13.5],"rotation":180,"texture":"#texture"},"west":{"uv":[11,13.5,11.25,16],"rotation":90,"texture":"#texture"},"up":{"uv":[8.5,13.5,11,16],"texture":"#texture"},"down":{"uv":[8.5,13.5,11,16],"texture":"#texture"}}},{"from":[1.9091,3.2121,6.4848],"to":[5.24243,3.54543,9.81813],"faces":{"north":{"uv":[8.5,13.25,11,13.5],"texture":"#texture"},"east":{"uv":[11,13.5,11.25,16],"rotation":270,"texture":"#texture"},"south":{"uv":[8.5,13.25,11,13.5],"texture":"#texture"},"west":{"uv":[11,13.5,11.25,16],"rotation":270,"texture":"#texture"},"up":{"uv":[8.5,13.5,11,16],"texture":"#texture"},"down":{"uv":[8.5,13.5,11,16],"texture":"#texture"}}},{"from":[4.9091,3.5454,6.8181],"to":[4.9101,10.87873,10.48477],"rotation":{"angle":-45,"axis":"y","origin":[4.90909,3.54546,6.81818]},"faces":{"east":{"uv":[6.25,11.25,8.5,16],"texture":"#texture"},"west":{"uv":[6.25,11.25,8.5,16],"texture":"#texture"}}},{"from":[4.0753,3.5454,7.652],"to":[4.0763,10.87873,11.31867],"rotation":{"angle":45,"axis":"y","origin":[2.24242,3.54546,9.48485]},"faces":{"east":{"uv":[6.25,11.25,8.5,16],"texture":"#texture"},"west":{"uv":[6.25,11.25,8.5,16],"texture":"#texture"}}},{"from":[7.1452,5.3333,7.1774],"to":[9.1452,5.99997,9.1774],"faces":{"north":{"uv":[2.25,5.75,3.75,6.25],"texture":"#texture"},"east":{"uv":[3.75,6.25,4.25,7.75],"rotation":270,"texture":"#texture"},"south":{"uv":[2.25,5.75,3.75,6.25],"texture":"#texture"},"west":{"uv":[3.75,6.25,4.25,7.75],"rotation":270,"texture":"#texture"},"up":{"uv":[2.25,6.25,3.75,7.75],"texture":"#texture"},"down":{"uv":[2.25,6.25,3.75,7.75],"texture":"#texture"}}},{"from":[4.2121,3.5,7.8485],"to":[5.2121,4.16667,8.8485],"rotation":{"angle":-45,"axis":"y","origin":[4.21213,3.5,7.84849]},"faces":{"north":{"uv":[11.25,12.75,12,12.25],"texture":"#texture"},"east":{"uv":[11.25,12.25,12,12.75],"rotation":180,"texture":"#texture"},"south":{"uv":[11.25,12.75,12,12.25],"texture":"#texture"},"west":{"uv":[11.25,12.25,12,12.75],"rotation":180,"texture":"#texture"},"up":{"uv":[11.25,12.75,12,13.5],"rotation":90,"texture":"#texture"},"down":{"uv":[11.25,12.75,12,13.5],"rotation":270,"texture":"#texture"}}},{"from":[3.5454,3.5,7.1819],"to":[4.5454,3.83333,8.1819],"rotation":{"angle":-22.5,"axis":"x","origin":[3.54546,3.5,7.18182]},"faces":{"north":{"uv":[12.5,12.5,13.25,12.25],"texture":"#texture"},"east":{"uv":[12.5,12.5,13.25,12.75],"rotation":180,"texture":"#texture"},"south":{"uv":[12.5,12.5,13.25,12.25],"texture":"#texture"},"west":{"uv":[12.5,12.5,13.25,12.75],"rotation":180,"texture":"#texture"},"up":{"uv":[12.5,12.75,13.25,13.5],"rotation":90,"texture":"#texture"},"down":{"uv":[12.5,12.75,13.25,13.5],"rotation":90,"texture":"#texture"}}},{"from":[2.5454,3.5,7.8485],"to":[3.5454,3.83333,8.8485],"faces":{"north":{"uv":[13.75,12.25,14.5,12.5],"rotation":180,"texture":"#texture"},"east":{"uv":[13.75,12.75,14.5,12.5],"texture":"#texture"},"south":{"uv":[13.75,12.25,14.5,12.5],"rotation":180,"texture":"#texture"},"west":{"uv":[13.75,12.5,14.5,12.75],"rotation":90,"texture":"#texture"},"up":{"uv":[13.75,12.75,14.5,13.5],"rotation":90,"texture":"#texture"}}}]}