{"textures":{"texture":"custom/gold_weight","particle":"custom/gold_weight"},"elements":[{"from":[5.5,0,4.5],"to":[10.83333,0.33333,9.83333],"faces":{"north":{"uv":[0,7.75,4,8],"texture":"#texture"},"east":{"uv":[4,8,4.25,12],"rotation":90,"texture":"#texture"},"south":{"uv":[0,7.75,4,8],"texture":"#texture"},"west":{"uv":[4,8,4.25,12],"rotation":90,"texture":"#texture"},"up":{"uv":[0,8,4,12],"texture":"#texture"},"down":{"uv":[0,8,4,12],"texture":"#texture"}}},{"from":[5.8334,0.3333,4.8333],"to":[10.50007,0.99997,9.49997],"faces":{"north":{"uv":[3.5,15.5,0,16],"texture":"#texture"},"east":{"uv":[3.5,12,4,15.5],"rotation":90,"texture":"#texture"},"south":{"uv":[3.5,15.5,0,16],"texture":"#texture"},"west":{"uv":[3.5,12,4,15.5],"rotation":90,"texture":"#texture"},"up":{"uv":[0,12,3.5,15.5],"texture":"#texture"}}},{"from":[7.5,1,6.5],"to":[8.83333,11,7.83333],"faces":{"north":{"uv":[4.25,8.5,5.25,16],"texture":"#texture"},"east":{"uv":[6.25,8.5,5.25,16],"texture":"#texture"},"south":{"uv":[4.25,8.5,5.25,16],"texture":"#texture"},"west":{"uv":[6.25,8.5,5.25,16],"texture":"#texture"},"up":{"uv":[0,0.75,1,1.75],"texture":"#texture"}}},{"from":[6.8334,1,5.8333],"to":[9.50007,1.33333,8.49997],"faces":{"north":{"uv":[2,5.75,2.25,7.75],"rotation":90,"texture":"#texture"},"east":{"uv":[0,5.5,2,5.75],"texture":"#texture"},"south":{"uv":[2,5.75,2.25,7.75],"rotation":90,"texture":"#texture"},"west":{"uv":[0,5.5,2,5.75],"texture":"#texture"},"up":{"uv":[0,5.75,2,7.75],"texture":"#texture"},"down":{"uv":[0,5.75,2,7.75],"texture":"#texture"}}},{"from":[7.1667,1.3333,6.1667],"to":[9.1667,1.99997,8.1667],"faces":{"north":{"uv":[2.25,5.75,3.75,6.25],"texture":"#texture"},"east":{"uv":[3.75,6.25,4.25,7.75],"rotation":270,"texture":"#texture"},"south":{"uv":[2.25,5.75,3.75,6.25],"texture":"#texture"},"west":{"uv":[3.75,6.25,4.25,7.75],"rotation":270,"texture":"#texture"},"up":{"uv":[2.25,6.25,3.75,7.75],"texture":"#texture"}}},{"from":[7.8334,11,6.8333],"to":[8.50007,11.66667,7.49997],"faces":{"north":{"uv":[0.25,4.5,0.75,5],"texture":"#texture"},"east":{"uv":[0.25,4.5,0.75,5],"texture":"#texture"},"south":{"uv":[0.25,4.5,0.75,5],"texture":"#texture"},"west":{"uv":[0.75,4.5,1.25,5],"texture":"#texture"},"up":{"uv":[0.25,4.5,0.75,5],"texture":"#texture"}}},{"from":[7.5,14.3333,6.5],"to":[8.83333,15.3333,7.83333],"faces":{"north":{"uv":[1,1.75,2,2.5],"texture":"#texture"},"east":{"uv":[0,1.75,1,2.5],"texture":"#texture"},"south":{"uv":[1,1.75,2,2.5],"texture":"#texture"},"west":{"uv":[0,1.75,1,2.5],"texture":"#texture"},"up":{"uv":[0,0.75,1,1.75],"texture":"#texture"},"down":{"uv":[0,0.75,1,1.75],"texture":"#texture"}}},{"from":[7.5,11.6667,6.8333],"to":[8.83333,13.00003,7.49997],"faces":{"north":{"uv":[0,3.5,1,4.5],"texture":"#texture"},"east":{"uv":[1,3.5,1.5,4.5],"texture":"#texture"},"south":{"uv":[0,3.5,1,4.5],"texture":"#texture"},"west":{"uv":[1,3.5,1.5,4.5],"texture":"#texture"},"up":{"uv":[0.25,5,1.25,5.5],"texture":"#texture"},"down":{"uv":[0.25,5,1.25,5.5],"texture":"#texture"}}},{"from":[7.8334,13,6.8333],"to":[8.50007,14.33333,7.49997],"faces":{"north":{"uv":[0.25,2.5,0.75,3.5],"texture":"#texture"},"east":{"uv":[0.75,2.5,1.25,3.5],"texture":"#texture"},"south":{"uv":[0.25,2.5,0.75,3.5],"texture":"#texture"},"west":{"uv":[0.75,2.5,1.25,3.5],"texture":"#texture"}}},{"from":[4.1622,8.0001,7.1352],"to":[14.82887,11.66677,7.1362],"rotation":{"angle":22.5,"axis":"z","origin":[4.16216,8,7.13514]},"faces":{"north":{"uv":[4.25,5.75,12.25,8.5],"texture":"#texture"},"south":{"uv":[4.25,5.75,12.25,8.5],"texture":"#texture"}}},{"from":[12.9499,7.1351,6.6717],"to":[12.9509,14.46843,10.33837],"rotation":{"angle":45,"axis":"y","origin":[11.11711,7.13514,8.50451]},"faces":{"east":{"uv":[6.25,11.25,8.5,16],"texture":"#texture"},"west":{"uv":[6.25,11.25,8.5,16],"texture":"#texture"}}},{"from":[13.7837,7.1351,5.8378],"to":[13.7847,14.46843,9.50447],"rotation":{"angle":-45,"axis":"y","origin":[13.78378,7.13514,5.83784]},"faces":{"east":{"uv":[6.25,11.25,8.5,16],"texture":"#texture"},"west":{"uv":[6.25,11.25,8.5,16],"texture":"#texture"}}},{"from":[6.8334,2,5.8333],"to":[9.50007,2.33333,8.49997],"faces":{"north":{"uv":[2,5.75,2.25,7.75],"rotation":90,"texture":"#texture"},"east":{"uv":[0,5.5,2,5.75],"texture":"#texture"},"south":{"uv":[2,5.75,2.25,7.75],"rotation":90,"texture":"#texture"},"west":{"uv":[0,5.5,2,5.75],"texture":"#texture"},"up":{"uv":[0,5.75,2,7.75],"texture":"#texture"},"down":{"uv":[0,5.75,2,7.75],"texture":"#texture"}}},{"from":[7.1667,2.3333,6.1667],"to":[9.1667,2.99997,8.1667],"faces":{"north":{"uv":[3.75,5.75,2.25,6.25],"rotation":180,"texture":"#texture"},"east":{"uv":[3.75,7.75,4.25,6.25],"rotation":90,"texture":"#texture"},"south":{"uv":[3.75,5.75,2.25,6.25],"rotation":180,"texture":"#texture"},"west":{"uv":[3.75,6.25,4.25,7.75],"rotation":90,"texture":"#texture"},"up":{"uv":[2.25,6.25,3.75,7.75],"texture":"#texture"}}},{"from":[6.8334,6,5.8333],"to":[9.50007,6.33333,8.49997],"faces":{"north":{"uv":[2,5.75,2.25,7.75],"rotation":90,"texture":"#texture"},"east":{"uv":[0,5.5,2,5.75],"texture":"#texture"},"south":{"uv":[2,5.75,2.25,7.75],"rotation":270,"texture":"#texture"},"west":{"uv":[0,5.5,2,5.75],"texture":"#texture"},"up":{"uv":[0,5.75,2,7.75],"texture":"#texture"},"down":{"uv":[0,5.75,2,7.75],"texture":"#texture"}}},{"from":[10.7837,6.8018,5.5045],"to":[14.11703,7.13513,8.83783],"faces":{"north":{"uv":[8.5,13.25,11,13.5],"texture":"#texture"},"east":{"uv":[11,13.5,11.25,16],"rotation":270,"texture":"#texture"},"south":{"uv":[8.5,13.25,11,13.5],"rotation":180,"texture":"#texture"},"west":{"uv":[11,13.5,11.25,16],"rotation":90,"texture":"#texture"},"up":{"uv":[8.5,13.5,11,16],"texture":"#texture"},"down":{"uv":[8.5,13.5,11,16],"texture":"#texture"}}},{"from":[1.8108,3.1261,5.4505],"to":[5.14413,3.45943,8.78383],"faces":{"north":{"uv":[8.5,13.25,11,13.5],"texture":"#texture"},"east":{"uv":[11,13.5,11.25,16],"rotation":270,"texture":"#texture"},"south":{"uv":[8.5,13.25,11,13.5],"texture":"#texture"},"west":{"uv":[11,13.5,11.25,16],"rotation":270,"texture":"#texture"},"up":{"uv":[8.5,13.5,11,16],"texture":"#texture"},"down":{"uv":[8.5,13.5,11,16],"texture":"#texture"}}},{"from":[4.8108,3.4594,5.7838],"to":[4.8118,10.79273,9.45047],"rotation":{"angle":-45,"axis":"y","origin":[4.81081,3.45946,5.78378]},"faces":{"east":{"uv":[6.25,11.25,8.5,16],"texture":"#texture"},"west":{"uv":[6.25,11.25,8.5,16],"texture":"#texture"}}},{"from":[3.977,3.4594,6.6177],"to":[3.978,10.79273,10.28437],"rotation":{"angle":45,"axis":"y","origin":[2.14415,3.45946,8.45045]},"faces":{"east":{"uv":[6.25,11.25,8.5,16],"texture":"#texture"},"west":{"uv":[6.25,11.25,8.5,16],"texture":"#texture"}}},{"from":[7.1452,5.3333,6.1774],"to":[9.1452,5.99997,8.1774],"faces":{"north":{"uv":[2.25,5.75,3.75,6.25],"texture":"#texture"},"east":{"uv":[3.75,6.25,4.25,7.75],"rotation":270,"texture":"#texture"},"south":{"uv":[2.25,5.75,3.75,6.25],"texture":"#texture"},"west":{"uv":[3.75,6.25,4.25,7.75],"rotation":270,"texture":"#texture"},"up":{"uv":[2.25,6.25,3.75,7.75],"texture":"#texture"},"down":{"uv":[2.25,6.25,3.75,7.75],"texture":"#texture"}}},{"from":[3.3514,3.4505,7.1442],"to":[4.3514,4.11717,8.1442],"faces":{"north":{"uv":[11.25,15.25,12,14.75],"texture":"#texture"},"east":{"uv":[11.25,14.75,12,15.25],"rotation":180,"texture":"#texture"},"south":{"uv":[11.25,15.25,12,14.75],"texture":"#texture"},"west":{"uv":[11.25,14.75,12,15.25],"rotation":180,"texture":"#texture"},"up":{"uv":[11.25,15.25,12,16],"rotation":90,"texture":"#texture"}}},{"from":[3.3514,3.4505,5.8108],"to":[4.3514,3.78383,6.8108],"rotation":{"angle":-22.5,"axis":"y","origin":[3.35135,3.45045,5.81081]},"faces":{"north":{"uv":[12.5,15.25,13.25,15],"texture":"#texture"},"east":{"uv":[12.5,15,13.25,15.25],"rotation":180,"texture":"#texture"},"south":{"uv":[12.5,15.25,13.25,15],"texture":"#texture"},"west":{"uv":[12.5,15,13.25,15.25],"rotation":180,"texture":"#texture"},"up":{"uv":[12.5,15.25,13.25,16],"rotation":90,"texture":"#texture"},"down":{"uv":[12.5,15.25,13.25,16],"rotation":90,"texture":"#texture"}}},{"from":[2.3514,3.7838,6.8108],"to":[3.3514,4.11713,7.8108],"rotation":{"angle":22.5,"axis":"z","origin":[3.35135,3.78378,6.81081]},"faces":{"north":{"uv":[13.75,15,14.5,15.25],"rotation":180,"texture":"#texture"},"east":{"uv":[13.75,15.25,14.5,15],"texture":"#texture"},"south":{"uv":[13.75,15,14.5,15.25],"rotation":180,"texture":"#texture"},"west":{"uv":[12.5,15.25,13.25,16],"rotation":90,"texture":"#texture"},"up":{"uv":[14,15.25,14.75,16],"rotation":180,"texture":"#texture"},"down":{"uv":[13.75,15.25,14.5,16],"texture":"#texture"}}}]}