{"textures":{"texture":"custom/gold_weight","particle":"custom/gold_weight"},"elements":[{"from":[5.5,0,5.5],"to":[10.83333,0.33333,10.83333],"faces":{"north":{"uv":[0,7.75,4,8],"texture":"#texture"},"east":{"uv":[4,8,4.25,12],"rotation":90,"texture":"#texture"},"south":{"uv":[0,7.75,4,8],"texture":"#texture"},"west":{"uv":[4,8,4.25,12],"rotation":90,"texture":"#texture"},"up":{"uv":[0,8,4,12],"texture":"#texture"},"down":{"uv":[0,8,4,12],"texture":"#texture"}}},{"from":[5.8334,0.3333,5.8333],"to":[10.50007,0.99997,10.49997],"faces":{"north":{"uv":[3.5,15.5,0,16],"texture":"#texture"},"east":{"uv":[3.5,12,4,15.5],"rotation":90,"texture":"#texture"},"south":{"uv":[3.5,15.5,0,16],"texture":"#texture"},"west":{"uv":[3.5,12,4,15.5],"rotation":90,"texture":"#texture"},"up":{"uv":[0,12,3.5,15.5],"texture":"#texture"}}},{"from":[7.5,1,7.5],"to":[8.83333,11,8.83333],"faces":{"north":{"uv":[4.25,8.5,5.25,16],"texture":"#texture"},"east":{"uv":[6.25,8.5,5.25,16],"texture":"#texture"},"south":{"uv":[4.25,8.5,5.25,16],"texture":"#texture"},"west":{"uv":[6.25,8.5,5.25,16],"texture":"#texture"},"up":{"uv":[0,0.75,1,1.75],"texture":"#texture"}}},{"from":[6.8334,1,6.8333],"to":[9.50007,1.33333,9.49997],"faces":{"north":{"uv":[2,5.75,2.25,7.75],"rotation":90,"texture":"#texture"},"east":{"uv":[0,5.5,2,5.75],"texture":"#texture"},"south":{"uv":[2,5.75,2.25,7.75],"rotation":90,"texture":"#texture"},"west":{"uv":[0,5.5,2,5.75],"texture":"#texture"},"up":{"uv":[0,5.75,2,7.75],"texture":"#texture"},"down":{"uv":[0,5.75,2,7.75],"texture":"#texture"}}},{"from":[7.1667,1.3333,7.1667],"to":[9.1667,1.99997,9.1667],"faces":{"north":{"uv":[2.25,5.75,3.75,6.25],"texture":"#texture"},"east":{"uv":[3.75,6.25,4.25,7.75],"rotation":270,"texture":"#texture"},"south":{"uv":[2.25,5.75,3.75,6.25],"texture":"#texture"},"west":{"uv":[3.75,6.25,4.25,7.75],"rotation":270,"texture":"#texture"},"up":{"uv":[2.25,6.25,3.75,7.75],"texture":"#texture"}}},{"from":[7.8334,11,7.8333],"to":[8.50007,11.66667,8.49997],"faces":{"north":{"uv":[0.25,4.5,0.75,5],"texture":"#texture"},"east":{"uv":[0.25,4.5,0.75,5],"texture":"#texture"},"south":{"uv":[0.25,4.5,0.75,5],"texture":"#texture"},"west":{"uv":[0.75,4.5,1.25,5],"texture":"#texture"},"up":{"uv":[0.25,4.5,0.75,5],"texture":"#texture"}}},{"from":[7.5,14.3333,7.5],"to":[8.83333,15.3333,8.83333],"faces":{"north":{"uv":[1,1.75,2,2.5],"texture":"#texture"},"east":{"uv":[0,1.75,1,2.5],"texture":"#texture"},"south":{"uv":[1,1.75,2,2.5],"texture":"#texture"},"west":{"uv":[0,1.75,1,2.5],"texture":"#texture"},"up":{"uv":[0,0.75,1,1.75],"texture":"#texture"},"down":{"uv":[0,0.75,1,1.75],"texture":"#texture"}}},{"from":[7.5,11.6667,7.8333],"to":[8.83333,13.00003,8.49997],"faces":{"north":{"uv":[0,3.5,1,4.5],"texture":"#texture"},"east":{"uv":[1,3.5,1.5,4.5],"texture":"#texture"},"south":{"uv":[0,3.5,1,4.5],"texture":"#texture"},"west":{"uv":[1,3.5,1.5,4.5],"texture":"#texture"},"up":{"uv":[0.25,5,1.25,5.5],"texture":"#texture"},"down":{"uv":[0.25,5,1.25,5.5],"texture":"#texture"}}},{"from":[7.8334,13,7.8333],"to":[8.50007,14.33333,8.49997],"faces":{"north":{"uv":[0.25,2.5,0.75,3.5],"texture":"#texture"},"east":{"uv":[0.75,2.5,1.25,3.5],"texture":"#texture"},"south":{"uv":[0.25,2.5,0.75,3.5],"texture":"#texture"},"west":{"uv":[0.75,2.5,1.25,3.5],"texture":"#texture"}}},{"from":[2.328,12.2151,8.1667],"to":[12.99467,15.88177,8.1677],"rotation":{"angle":-22.5,"axis":"z","origin":[2.32799,12.21505,8.16667]},"faces":{"north":{"uv":[4.25,5.75,12.25,8.5],"texture":"#texture"},"south":{"uv":[4.25,5.75,12.25,8.5],"texture":"#texture"}}},{"from":[13.3221,3.6559,7.6672],"to":[13.3231,10.98923,11.33387],"rotation":{"angle":45,"axis":"y","origin":[11.48928,3.65591,9.5]},"faces":{"east":{"uv":[6.25,11.25,8.5,16],"texture":"#texture"},"west":{"uv":[6.25,11.25,8.5,16],"texture":"#texture"}}},{"from":[14.1559,3.6559,6.8333],"to":[14.1569,10.98923,10.49997],"rotation":{"angle":-45,"axis":"y","origin":[14.15595,3.65591,6.83333]},"faces":{"east":{"uv":[6.25,11.25,8.5,16],"texture":"#texture"},"west":{"uv":[6.25,11.25,8.5,16],"texture":"#texture"}}},{"from":[6.8334,2,6.8333],"to":[9.50007,2.33333,9.49997],"faces":{"north":{"uv":[2,5.75,2.25,7.75],"rotation":90,"texture":"#texture"},"east":{"uv":[0,5.5,2,5.75],"texture":"#texture"},"south":{"uv":[2,5.75,2.25,7.75],"rotation":90,"texture":"#texture"},"west":{"uv":[0,5.5,2,5.75],"texture":"#texture"},"up":{"uv":[0,5.75,2,7.75],"texture":"#texture"},"down":{"uv":[0,5.75,2,7.75],"texture":"#texture"}}},{"from":[7.1667,2.3333,7.1667],"to":[9.1667,2.99997,9.1667],"faces":{"north":{"uv":[3.75,5.75,2.25,6.25],"rotation":180,"texture":"#texture"},"east":{"uv":[3.75,7.75,4.25,6.25],"rotation":90,"texture":"#texture"},"south":{"uv":[3.75,5.75,2.25,6.25],"rotation":180,"texture":"#texture"},"west":{"uv":[3.75,6.25,4.25,7.75],"rotation":90,"texture":"#texture"},"up":{"uv":[2.25,6.25,3.75,7.75],"texture":"#texture"}}},{"from":[6.8334,6,6.8333],"to":[9.50007,6.33333,9.49997],"faces":{"north":{"uv":[2,5.75,2.25,7.75],"rotation":90,"texture":"#texture"},"east":{"uv":[0,5.5,2,5.75],"texture":"#texture"},"south":{"uv":[2,5.75,2.25,7.75],"rotation":270,"texture":"#texture"},"west":{"uv":[0,5.5,2,5.75],"texture":"#texture"},"up":{"uv":[0,5.75,2,7.75],"texture":"#texture"},"down":{"uv":[0,5.75,2,7.75],"texture":"#texture"}}},{"from":[11.1559,3.3226,6.5],"to":[14.48923,3.65593,9.83333],"faces":{"north":{"uv":[8.5,13.25,11,13.5],"texture":"#texture"},"east":{"uv":[11,13.5,11.25,16],"rotation":270,"texture":"#texture"},"south":{"uv":[8.5,13.25,11,13.5],"rotation":180,"texture":"#texture"},"west":{"uv":[11,13.5,11.25,16],"rotation":90,"texture":"#texture"},"up":{"uv":[8.5,13.5,11,16],"texture":"#texture"},"down":{"uv":[8.5,13.5,11,16],"texture":"#texture"}}},{"from":[2.1667,7.0645,6.5],"to":[5.50003,7.39783,9.83333],"faces":{"north":{"uv":[8.5,13.25,11,13.5],"texture":"#texture"},"east":{"uv":[11,13.5,11.25,16],"rotation":270,"texture":"#texture"},"south":{"uv":[8.5,13.25,11,13.5],"texture":"#texture"},"west":{"uv":[11,13.5,11.25,16],"rotation":270,"texture":"#texture"},"up":{"uv":[8.5,13.5,11,16],"texture":"#texture"},"down":{"uv":[8.5,13.5,11,16],"texture":"#texture"}}},{"from":[5.1667,7.3978,6.8333],"to":[5.1677,14.73113,10.49997],"rotation":{"angle":-45,"axis":"y","origin":[5.1667,7.39785,6.83333]},"faces":{"east":{"uv":[6.25,11.25,8.5,16],"texture":"#texture"},"west":{"uv":[6.25,11.25,8.5,16],"texture":"#texture"}}},{"from":[4.3329,7.3978,7.6672],"to":[4.3339,14.73113,11.33387],"rotation":{"angle":45,"axis":"y","origin":[2.50003,7.39785,9.5]},"faces":{"east":{"uv":[6.25,11.25,8.5,16],"texture":"#texture"},"west":{"uv":[6.25,11.25,8.5,16],"texture":"#texture"}}},{"from":[7.1452,5.3333,7.1774],"to":[9.1452,5.99997,9.1774],"faces":{"north":{"uv":[2.25,5.75,3.75,6.25],"texture":"#texture"},"east":{"uv":[3.75,6.25,4.25,7.75],"rotation":270,"texture":"#texture"},"south":{"uv":[2.25,5.75,3.75,6.25],"texture":"#texture"},"west":{"uv":[3.75,6.25,4.25,7.75],"rotation":270,"texture":"#texture"},"up":{"uv":[2.25,6.25,3.75,7.75],"texture":"#texture"},"down":{"uv":[2.25,6.25,3.75,7.75],"texture":"#texture"}}},{"from":[13.1667,3.6667,7.8333],"to":[14.1667,4.33337,8.8333],"rotation":{"angle":-45,"axis":"y","origin":[13.1667,3.66667,7.83333]},"faces":{"north":{"uv":[11.25,14,12,13.5],"texture":"#texture"},"east":{"uv":[11.25,13.5,12,14],"rotation":180,"texture":"#texture"},"south":{"uv":[11.25,14,12,13.5],"texture":"#texture"},"west":{"uv":[11.25,13.5,12,14],"rotation":180,"texture":"#texture"},"up":{"uv":[11.25,14,12,14.75],"rotation":90,"texture":"#texture"},"down":{"uv":[11.25,14,12,14.75],"rotation":90,"texture":"#texture"}}},{"from":[12.5,3.6667,7.1667],"to":[13.5,4.00003,8.1667],"rotation":{"angle":-22.5,"axis":"x","origin":[12.50003,3.66667,7.16667]},"faces":{"north":{"uv":[12.5,14,13.25,13.75],"texture":"#texture"},"east":{"uv":[12.5,13.75,13.25,14],"rotation":180,"texture":"#texture"},"south":{"uv":[12.5,14,13.25,13.75],"texture":"#texture"},"west":{"uv":[12.5,13.75,13.25,14],"rotation":180,"texture":"#texture"},"up":{"uv":[12.5,14,13.25,14.75],"rotation":90,"texture":"#texture"},"down":{"uv":[12.5,14,13.25,14.75],"rotation":90,"texture":"#texture"}}},{"from":[11.5,3.6667,7.8333],"to":[12.5,4.00003,8.8333],"faces":{"north":{"uv":[13.75,14,14.5,14.25],"rotation":180,"texture":"#texture"},"east":{"uv":[13.75,13.75,14.5,13.5],"texture":"#texture"},"south":{"uv":[13.75,13.75,14.5,14],"rotation":180,"texture":"#texture"},"west":{"uv":[13.75,13.75,14.5,14],"rotation":90,"texture":"#texture"},"up":{"uv":[13.75,14,14.5,14.75],"rotation":90,"texture":"#texture"},"down":{"uv":[13.75,14,14.5,14.75],"rotation":90,"texture":"#texture"}}}]}