{"textures":{"1":"modelengine:entity/medusa_stone"},"elements":[{"from":[6.857143,5.142857,6.5714283],"to":[8.571428,8.0,9.428572],"rotation":{"angle":0.0,"axis":"y","origin":[10.857143,8.571428,8.285714]},"faces":{"east":{"uv":[6.25,11.25,5.625,11.875],"rotation":0,"texture":"#1","tintindex":0},"south":{"uv":[12.25,11.375,11.875,12.0],"rotation":0,"texture":"#1","tintindex":0},"north":{"uv":[11.5,11.875,11.125,12.5],"rotation":0,"texture":"#1","tintindex":0},"west":{"uv":[5.625,11.25,5.0,11.875],"rotation":0,"texture":"#1","tintindex":0},"up":{"uv":[11.5,12.5,11.875,11.875],"rotation":0,"texture":"#1","tintindex":0},"down":{"uv":[2.75,12.0,3.125,12.625],"rotation":0,"texture":"#1","tintindex":0}}},{"from":[7.428571,8.0,6.857143],"to":[8.571428,8.571428,8.571428],"rotation":{"angle":0.0,"axis":"y","origin":[10.857143,8.571428,8.285714]},"faces":{"east":{"uv":[7.0,0.75,6.625,0.875],"rotation":0,"texture":"#1","tintindex":0},"south":{"uv":[1.0,6.125,0.75,6.25],"rotation":0,"texture":"#1","tintindex":0},"north":{"uv":[5.875,0.875,5.625,1.0],"rotation":0,"texture":"#1","tintindex":0},"west":{"uv":[6.625,0.75,6.25,0.875],"rotation":0,"texture":"#1","tintindex":0},"up":{"uv":[12.25,8.0,12.5,7.625],"rotation":0,"texture":"#1","tintindex":0},"down":{"uv":[12.25,11.375,12.5,11.75],"rotation":0,"texture":"#1","tintindex":0}}},{"from":[6.285714,6.285714,6.285714],"to":[7.428571,8.0,8.0],"rotation":{"angle":0.0,"axis":"y","origin":[10.857143,8.571428,8.571428]},"faces":{"east":{"uv":[12.5,10.0,12.125,10.375],"rotation":0,"texture":"#1","tintindex":0},"south":{"uv":[1.375,12.25,1.125,12.625],"rotation":0,"texture":"#1","tintindex":0},"north":{"uv":[3.375,12.0,3.125,12.375],"rotation":0,"texture":"#1","tintindex":0},"west":{"uv":[8.125,12.125,7.75,12.5],"rotation":0,"texture":"#1","tintindex":0},"up":{"uv":[12.25,5.625,12.5,5.25],"rotation":0,"texture":"#1","tintindex":0},"down":{"uv":[12.25,5.625,12.5,6.0],"rotation":0,"texture":"#1","tintindex":0}}}],"display":{"head":{"translation":[0.0,-6.4,0.0],"scale":[4.0,4.0,4.0]}}}