{"credit":"Made with Blockbench","elements":[{"faces":{"down":{"texture":"#0","uv":[0,6.5,6,7]},"east":{"texture":"#0","uv":[0,0,0.5,7]},"north":{"texture":"#0","uv":[0,0,6,7]},"south":{"texture":"#0","uv":[6,0,12,7]},"up":{"texture":"#0","uv":[0,0,6,0.5]},"west":{"texture":"#0","uv":[0,0,0.5,7]}},"from":[2,4,8],"rotation":{"angle":0,"axis":"y","origin":[10,12,16]},"to":[14,18,9]},{"faces":{"north":{"texture":"#0","uv":[10,7.5,16,11]},"south":{"texture":"#0","uv":[10,7.5,16,11]}},"from":[2,18,8],"rotation":{"angle":0,"axis":"y","origin":[10,26,16]},"to":[14,25,8]},{"faces":{"north":{"texture":"#0","uv":[0,9,10,16]},"south":{"texture":"#0","uv":[0,9,10,16]}},"from":[-2,-3,8],"rotation":{"angle":0,"axis":"y","origin":[6,5,16]},"to":[18,11,8]},{"faces":{"down":{"rotation":90,"texture":"#0","uv":[12,11,15,12]},"east":{"texture":"#0","uv":[12,13,15,16]},"south":{"texture":"#0","uv":[15,13,16,16]},"up":{"rotation":90,"texture":"#0","uv":[12,12,15,13]},"west":{"texture":"#0","uv":[12,13,15,16]}},"from":[7,7,9],"rotation":{"angle":0,"axis":"y","origin":[15,15,17]},"to":[9,13,15]},{"faces":{"down":{"rotation":180,"texture":"#0","uv":[12.5,5.5,13.5,6]},"east":{"texture":"#0","uv":[12,0,12.5,6]},"north":{"texture":"#0","uv":[12.5,0,13.5,6]},"up":{"rotation":180,"texture":"#0","uv":[12.5,0,13.5,0.5]},"west":{"texture":"#0","uv":[13.5,0,14,6]}},"from":[7,2,7],"rotation":{"angle":0,"axis":"y","origin":[15,10,15]},"to":[9,14,8]}],"texture_size":[32,32],"textures":{"0":"custom/custom_gear/shield/first_shield","particle":"custom/custom_gear/shield/first_shield"}}