{"credit":"Made with Blockbench","display":{"gui":{"rotation":[30,135,0],"scale":[0.88,0.88,0.88],"translation":[0.25,3.75,0]},"head":{"scale":[1.71,1.71,1.71],"translation":[0,6.5,0]}},"elements":[{"faces":{"down":{"texture":"#0","uv":[3.75,3.5,4.5,3.5]},"east":{"texture":"#0","uv":[4.5,0,2.25,2.5]},"north":{"texture":"#0","uv":[0,0,2.25,2.5]},"south":{"texture":"#0","uv":[4.5,0,6.75,2.5]},"up":{"rotation":180,"texture":"#0","uv":[5.5,2.5,7.75,4.75]},"west":{"texture":"#0","uv":[2.25,0,4.5,2.5]}},"from":[3.5,0,3.5],"to":[12.5,10,12.5]},{"faces":{"down":{"texture":"#0","uv":[2.75,2.5,5.5,5.25]},"east":{"texture":"#0","uv":[5.5,5.25,2.75,6]},"north":{"texture":"#0","uv":[0,6,2.75,6.75]},"south":{"texture":"#0","uv":[0,2.5,2.75,3.25]},"up":{"rotation":180,"texture":"#0","uv":[0,3.25,2.75,6]},"west":{"texture":"#0","uv":[2.75,5.25,5.5,6]}},"from":[2.5,-3.5,2],"rotation":{"angle":-22.5,"axis":"x","origin":[0,0,0]},"to":[13.5,-0.5,13]},{"faces":{"north":{"texture":"#0","tintindex":0,"uv":[0,6.75,2.25,9.25]},"south":{"texture":"#0","tintindex":0,"uv":[4.5,6.75,6.75,9.25]},"up":{"rotation":180,"texture":"#0","tintindex":0,"uv":[5.5,9.25,7.75,11.5]}},"from":[3.5,0,3.5],"to":[12.5,10,12.5]},{"faces":{"down":{"texture":"#0","tintindex":0,"uv":[2.75,9.25,5.5,12]},"east":{"texture":"#0","tintindex":0,"uv":[5.5,12,2.75,12.75]},"north":{"texture":"#0","tintindex":0,"uv":[0,12.75,2.75,13.5]},"south":{"texture":"#0","tintindex":0,"uv":[0,9.25,2.75,10]},"up":{"rotation":180,"texture":"#0","tintindex":0,"uv":[0,10,2.75,12.75]},"west":{"texture":"#0","tintindex":0,"uv":[2.75,12,5.5,12.75]}},"from":[2.5,-3.5,2],"rotation":{"angle":-22.5,"axis":"x","origin":[0,0,0]},"to":[13.5,-0.5,13]}],"groups":[0,1,{"children":[2,3],"name":"group","origin":[0,0,0]}],"texture_size":[64,64],"textures":{"0":"custom/cosmetics/star_wars/stormtrooper_helmet","particle":"custom/cosmetics/star_wars/stormtrooper_helmet"}}