{"credit":"Made with Blockbench","display":{"firstperson_lefthand":{"rotation":[0,-72,0],"translation":[16.75,-6,-12.25]},"firstperson_righthand":{"rotation":[0,-72,0],"translation":[16.75,-6,-12.25]},"fixed":{"rotation":[14,180,180],"scale":[2,2,2],"translation":[0,16.75,3.25]},"ground":{"scale":[0.4,0.4,0.4],"translation":[0,4.5,0]},"gui":{"scale":[0.52,0.52,0.52],"translation":[0,-2.5,0]},"head":{"scale":[1.6,1.6,1.6],"translation":[0,-63,2.75]},"thirdperson_lefthand":{"rotation":[62,180,0],"scale":[0.2,0.2,0.2],"translation":[0,-0.75,-0.5]},"thirdperson_righthand":{"rotation":[62,180,0],"scale":[0.2,0.2,0.2],"translation":[0,-0.75,-0.5]}},"elements":[{"faces":{"down":{"texture":"#1","uv":[7.5,5.25,12.5,8]},"up":{"rotation":180,"texture":"#1","uv":[7.5,5.25,12.5,8]}},"from":[-2,20.3,8.6],"rotation":{"angle":22.5,"axis":"x","origin":[8,20,9]},"to":[18,20.3,19.6]},{"faces":{"east":{"texture":"#1","uv":[7.75,8,7,14.5]},"south":{"texture":"#1","uv":[7.75,8,12.25,14.5]},"west":{"texture":"#1","uv":[7,8,7.75,14.5]}},"from":[-1,-4,5],"rotation":{"angle":-22.5,"axis":"x","origin":[8,22,8]},"to":[17,22,8]},{"faces":{"east":{"rotation":180,"texture":"#1","uv":[7.75,8,7,14.5]},"north":{"rotation":180,"texture":"#1","uv":[7.75,8,12.25,14.5]},"west":{"rotation":180,"texture":"#1","uv":[7,8,7.75,14.5]}},"from":[17,22,8],"rotation":{"angle":-22.5,"axis":"x","origin":[8,22,8]},"to":[-1,-4,5]},{"faces":{"east":{"rotation":180,"texture":"#1","tintindex":0,"uv":[2.5,8,1.75,14.5]},"north":{"rotation":180,"texture":"#1","tintindex":0,"uv":[2.5,8,7,14.5]},"west":{"rotation":180,"texture":"#1","tintindex":0,"uv":[1.75,8,2.5,14.5]}},"from":[17,22,8],"rotation":{"angle":-22.5,"axis":"x","origin":[8,22,8]},"to":[-1,-4,5]},{"faces":{"east":{"texture":"#1","tintindex":0,"uv":[2.5,8,1.75,14.5]},"south":{"texture":"#1","tintindex":0,"uv":[2.5,8,7,14.5]},"west":{"texture":"#1","tintindex":0,"uv":[1.75,8,2.5,14.5]}},"from":[-1,-4,5],"rotation":{"angle":-22.5,"axis":"x","origin":[8,22,8]},"to":[17,22,8]}],"groups":[{"children":[0,1,2,{"children":[3,4],"name":"group","origin":[8,8,8]}],"name":"group","origin":[8,24,8]}],"textures":{"1":"custom/cosmetics/cosmo/cosmo_base"}}