{"credit":"Made with Blockbench","display":{"firstperson_lefthand":{"rotation":[0,110,0],"translation":[9,5.5,-6.25]},"firstperson_righthand":{"rotation":[0,110,0],"translation":[9,5.5,-6.25]},"fixed":{"rotation":[-90,0,0],"scale":[2,2,2],"translation":[0,0,-16]},"ground":{"scale":[0.4,0.4,0.4],"translation":[0,2.25,0]},"gui":{"rotation":[30,135,0],"scale":[0.72,0.72,0.72],"translation":[-0.25,-0.5,0]},"head":{"scale":[1.62,1.62,1.62],"translation":[0,6,-0.75]},"thirdperson_lefthand":{"rotation":[64,58,0],"scale":[0.4,0.4,0.4],"translation":[0,1.5,1]},"thirdperson_righthand":{"rotation":[64,58,0],"scale":[0.4,0.4,0.4],"translation":[0,1.5,1]}},"elements":[{"faces":{"down":{"texture":"#0","uv":[7.5,0,12.5,5]},"up":{"texture":"#0","uv":[7.5,0,12.5,5]}},"from":[-2,7,-1],"rotation":{"angle":22.5,"axis":"x","origin":[8,8,8]},"to":[18,7,19]},{"faces":{"east":{"texture":"#0","uv":[5,5,7.5,7.5]},"north":{"texture":"#0","uv":[5,5,7.5,7.5]},"south":{"texture":"#0","uv":[5,5,7.5,7.5]},"west":{"texture":"#0","uv":[5,5,7.5,7.5]}},"from":[2.8,6.8,3.8],"rotation":{"angle":22.5,"axis":"x","origin":[8,8,8]},"to":[13.2,17.2,14.2]},{"faces":{"east":{"texture":"#0","uv":[12.5,0,15,2.5]},"north":{"texture":"#0","uv":[12.5,0,15,2.5]},"south":{"texture":"#0","uv":[12.5,0,15,2.5]},"up":{"texture":"#0","uv":[12.5,2.5,15,5]},"west":{"texture":"#0","uv":[12.5,0,15,2.5]}},"from":[3,7,4],"rotation":{"angle":22.5,"axis":"x","origin":[8,8,8]},"to":[13,17,14]},{"faces":{"north":{"texture":"#0","uv":[1,5.25,1.75,6.75]},"south":{"texture":"#0","uv":[1,5.25,1.75,6.75]}},"from":[14,2.1,5],"to":[17,8.1,5]},{"faces":{"north":{"texture":"#0","uv":[1,5.25,1.75,6.75]},"south":{"texture":"#0","uv":[1,5.25,1.75,6.75]}},"from":[-1,2.1,5],"to":[2,8.1,5]},{"faces":{"east":{"texture":"#0","tintindex":0,"uv":[5,0,7.5,2.5]},"north":{"texture":"#0","tintindex":0,"uv":[5,0,7.5,2.5]},"south":{"texture":"#0","tintindex":0,"uv":[5,0,7.5,2.5]},"up":{"texture":"#0","tintindex":0,"uv":[5,2.5,7.5,5]},"west":{"texture":"#0","tintindex":0,"uv":[5,0,7.5,2.5]}},"from":[3,7,4],"rotation":{"angle":22.5,"axis":"x","origin":[8,8,8]},"to":[13,17,14]},{"faces":{"down":{"texture":"#0","tintindex":0,"uv":[5,2.5,7.5,5]},"east":{"rotation":180,"texture":"#0","tintindex":0,"uv":[5,0,7.5,2.5]},"north":{"rotation":180,"texture":"#0","tintindex":0,"uv":[5,0,7.5,2.5]},"south":{"rotation":180,"texture":"#0","tintindex":0,"uv":[5,0,7.5,2.5]},"west":{"rotation":180,"texture":"#0","tintindex":0,"uv":[5,0,7.5,2.5]}},"from":[13,17,14],"rotation":{"angle":22.5,"axis":"x","origin":[8,8,8]},"to":[3,7,4]},{"faces":{"down":{"texture":"#0","tintindex":0,"uv":[0,0,5,5]},"up":{"texture":"#0","tintindex":0,"uv":[0,0,5,5]}},"from":[-2,7,-1],"rotation":{"angle":22.5,"axis":"x","origin":[8,8,8]},"to":[18,7,19]},{"faces":{"north":{"texture":"#0","tintindex":0,"uv":[0.25,5.25,1,6.75]},"south":{"texture":"#0","tintindex":0,"uv":[0.25,5.25,1,6.75]}},"from":[14,2.1,5],"to":[17,8.1,5]},{"faces":{"north":{"texture":"#0","tintindex":0,"uv":[0.25,5.25,1,6.75]},"south":{"texture":"#0","tintindex":0,"uv":[0.25,5.25,1,6.75]}},"from":[-1,2.1,5],"to":[2,8.1,5]}],"groups":[{"children":[0,1,2],"name":"group","origin":[8,8,8]},3,4,{"children":[5,6,7,8,9],"name":"group","origin":[8,8,8]}],"textures":{"0":"custom/cosmetics/cosmo/cosmo_base","particle":"custom/cosmetics/cosmo/cosmo_base"}}