{"credit":"Made with Blockbench","display":{"firstperson_lefthand":{"rotation":[-7,7,0],"translation":[9,-7.5,-1]},"firstperson_righthand":{"rotation":[-7,7,0],"translation":[10,-7.5,-1]},"fixed":{"scale":[2,2,2],"translation":[1.25,-0.5,-0.5]},"ground":{"scale":[0.4,0.4,0.4],"translation":[0,3.25,0]},"gui":{"rotation":[-14,0,-45],"scale":[0.65,0.65,0.65],"translation":[-3.75,-3.75,0]},"head":{"rotation":[0,0,90],"scale":[1.6,1.6,1.6],"translation":[9.5,0.5,1]},"thirdperson_lefthand":{"rotation":[46,0,0],"translation":[0,-5.75,-3.5]},"thirdperson_righthand":{"rotation":[46,0,0],"translation":[1,-5.75,-3.25]}},"elements":[{"faces":{"down":{"texture":"#1","tintindex":0,"uv":[0.25,13.75,0.5,14]},"east":{"texture":"#1","tintindex":0,"uv":[0.25,7.5,0.5,14]},"north":{"texture":"#1","tintindex":0,"uv":[0.25,7.5,0.5,14]},"south":{"texture":"#1","tintindex":0,"uv":[0.25,7.5,0.5,14]},"west":{"texture":"#1","tintindex":0,"uv":[0.25,7.5,0.5,14]}},"from":[7,0,7],"to":[8,26,8]},{"faces":{"down":{"texture":"#1","uv":[0.5,13.75,0.75,14]},"east":{"texture":"#1","uv":[0.5,7.5,0.75,14]},"north":{"texture":"#1","uv":[0.5,7.5,0.75,14]},"south":{"texture":"#1","uv":[0.5,7.5,0.75,14]},"west":{"texture":"#1","uv":[0.5,7.5,0.75,14]}},"from":[6.95,-0.15,6.95],"to":[8.05,25.95,8.05]},{"faces":{"down":{"rotation":90,"texture":"#1","uv":[0,6.75,0.75,7.5]},"east":{"texture":"#1","uv":[0.75,7.5,0,7.75]},"north":{"texture":"#1","uv":[0,7.5,0.75,7.75]},"south":{"texture":"#1","uv":[0,7.5,0.75,7.75]},"up":{"texture":"#1","uv":[0,6.75,0.75,7.5]},"west":{"texture":"#1","uv":[0.75,7.5,0,7.75]}},"from":[6,25,6],"to":[9,26,9]},{"faces":{"north":{"texture":"#1","uv":[0.75,6.75,2,8.25]},"south":{"texture":"#1","uv":[2,6.75,0.75,8.25]}},"from":[5,26,7.5],"to":[10,32,7.5]}],"textures":{"1":"custom/cosmetics/cosmo/cosmo_base"}}