{
	"parent": "block/block",
	"textures": {
		"3": "custom/fancy_leaves/dark_oak_leaves",
		"particle": "custom/fancy_leaves/dark_oak_leaves"
	},
	"elements": [
		{
			"from": [11.12141, 10.83127, -4.08929],
			"to": [11.12141, 22.83127, 19.91071],
			"rotation": {"angle": -22.5, "axis": "z", "origin": [5.42176, 9.04366, 6.70196]},
			"faces": {
				"east": {"uv": [0.00667, 7.99333, 15.99333, 0.00667], "rotation": 180, "texture": "#3", "tintindex": 0}
			}
		},
		{
			"from": [11.2, -5.788, -4.0916],
			"to": [11.2, 6.212, 19.9084],
			"rotation": {"angle": 22.5, "axis": "z", "origin": [5.5, 7.8, 6.7]},
			"faces": {
				"east": {"uv": [0, 16, 16, 8], "rotation": 180, "texture": "#3", "tintindex": 0}
			}
		},
		{
			"from": [-4.9584, -5.788, 10.9],
			"to": [19.0416, 6.212, 10.9],
			"rotation": {"angle": -22.5, "axis": "x", "origin": [8.25, 7.8, 5.2]},
			"faces": {
				"south": {"uv": [0, 16, 16, 8], "rotation": 180, "texture": "#3", "tintindex": 0}
			}
		},
		{
			"from": [-4.96071, 10.83127, 10.82141],
			"to": [19.03929, 22.83127, 10.82141],
			"rotation": {"angle": 22.5, "axis": "x", "origin": [8.24804, 9.04366, 5.12176]},
			"faces": {
				"south": {"uv": [0.00667, 7.99333, 15.99333, 0.00667], "rotation": 180, "texture": "#3", "tintindex": 0}
			}
		},
		{
			"from": [3.8, -5.788, -5.0084],
			"to": [3.8, 6.212, 18.9916],
			"rotation": {"angle": -22.5, "axis": "z", "origin": [9.5, 7.8, 8.2]},
			"faces": {
				"west": {"uv": [0, 16, 16, 8], "rotation": 180, "texture": "#3", "tintindex": 0}
			}
		},
		{
			"from": [3.87859, 10.83127, -5.01071],
			"to": [3.87859, 22.83127, 18.98929],
			"rotation": {"angle": 22.5, "axis": "z", "origin": [9.57824, 9.04366, 8.19804]},
			"faces": {
				"west": {"uv": [0.00667, 7.99333, 15.99333, 0.00667], "rotation": 180, "texture": "#3", "tintindex": 0}
			}
		},
		{
			"from": [-3.7916, -5.788, 3.5],
			"to": [20.2084, 6.212, 3.5],
			"rotation": {"angle": 22.5, "axis": "x", "origin": [7, 7.8, 9.2]},
			"faces": {
				"north": {"uv": [0, 16, 16, 8], "rotation": 180, "texture": "#3", "tintindex": 0}
			}
		},
		{
			"from": [-3.78929, 10.83127, 3.57859],
			"to": [20.21071, 22.83127, 3.57859],
			"rotation": {"angle": -22.5, "axis": "x", "origin": [7.00196, 9.04366, 9.27824]},
			"faces": {
				"north": {"uv": [0.00667, 7.99333, 15.99333, 0.00667], "rotation": 180, "texture": "#3", "tintindex": 0}
			}
		},
		{
			"from": [-1.33328, 12.86, -3.7204],
			"to": [17.86672, 12.86, 5.8796],
			"rotation": {"angle": 22.5, "axis": "x", "origin": [7.3, 8.3, 7.15]},
			"faces": {
				"up": {"uv": [0.00667, 7.99333, 15.99333, 0.00667], "rotation": 180, "texture": "#3", "tintindex": 0},
				"down": {"uv": [0, 15.5, 16, 7.5], "rotation": 180, "texture": "#3", "tintindex": 0}
			}
		},
		{
			"from": [-1.33143, 12.79713, 9.57502],
			"to": [17.86857, 12.79713, 19.17502],
			"rotation": {"angle": -22.5, "axis": "x", "origin": [7.30157, 8.23741, 8.14493]},
			"faces": {
				"up": {"uv": [0, 8, 16, 16], "texture": "#3", "tintindex": 0},
				"down": {"uv": [0, 7.5, 16, 15.5], "rotation": 180, "texture": "#3", "tintindex": 0}
			}
		},
		{
			"from": [1.18835, -2.79464, 5.7],
			"to": [18.22835, 5.72536, 5.7],
			"rotation": {"angle": -45, "axis": "y", "origin": [6.54607, 11.63539, 4.82731]},
			"faces": {
				"north": {"uv": [12.99858, 10.49972, 2.99976, 15.49912], "texture": "#3", "tintindex": 0},
				"south": {"uv": [2.99976, 10.49972, 12.99858, 15.49912], "texture": "#3", "tintindex": 0}
			}
		},
		{
			"from": [-2.79994, -2.79448, 7.95],
			"to": [14.24006, 5.72552, 7.95],
			"rotation": {"angle": 45, "axis": "y", "origin": [6.56, 10.25, 4.74]},
			"faces": {
				"north": {"uv": [12.99858, 10.49972, 2.99976, 15.49912], "texture": "#3", "tintindex": 0},
				"south": {"uv": [2.99976, 10.49972, 12.99858, 15.49912], "texture": "#3", "tintindex": 0}
			}
		}
	],
	"groups": [
		{
			"name": "group",
			"children": [0, 1, 2, 3, 4, 5, 6, 7, 8, 9, 10, 11]
		}
	]
}