{
	"__comment": "Designed by Tacocat & PlaneX64 with Cubik Studio - https://cubik.studio",
	"textures": {
		"texture": "block/spruce_planks",
		"1": "painting/gryffindor_frame",
		"2": "painting/moving_paintings/fat_lady55"
	},
	"elements": [ 	 
		{
			"from": [ 7.5938, -14, 8.218699 ],
			"to": [ 8.25005, 12.625, 9.437449 ],
			"faces": {
				"down": { "uv": [ 8.666666, 12, 7.333333, 11.33333 ], "texture": "#1" },
				"up": { "uv": [ 7.333333, 11.33333, 8.666667, 12 ], "texture": "#1" },
				"north": { "uv": [ 0, 2.833334, 0.3333333, 14.5 ], "texture": "#1" },
				"south": { "uv": [ 0, 2.833334, 0.3333333, 14.5 ], "texture": "#1" },
				"west": { "uv": [ 0.1666667, 1.666667, 0.8333334, 13.5 ], "texture": "#1" },
				"east": { "uv": [ 0.1666667, 1.666667, 0.8333334, 13.5 ], "texture": "#1" }
			}
		},
		{
			"from": [ 7.25, -13.9375, -12.2188 ],
			"to": [ 8.59375, -12.59375, 9.62495 ],
			"faces": {
				"down": { "uv": [ 5.333333, 11, 6, 1 ], "texture": "#1", "rotation": 270 },
				"up": { "uv": [ 5.333333, 11, 6, 1 ], "texture": "#1", "rotation": 180 },
				"north": { "uv": [ 5.333333, 11, 6, 1 ], "texture": "#1", "rotation": 270 },
				"south": { "uv": [ 5.333333, 11, 6, 1 ], "texture": "#1", "rotation": 270 },
				"west": { "uv": [ 4.666667, 11, 5.333333, 1 ], "texture": "#1", "rotation": 270 },
				"east": { "uv": [ 4.666667, 11, 5.333333, 1 ], "texture": "#1", "rotation": 270 }
			}
		},
		{
			"from": [ 7.625, -12.625, -11 ],
			"to": [ 8.28125, -11.96875, 8.3125 ],
			"faces": {
				"down": { "uv": [ 12.5, 2.166667, 12.83333, 13.16667 ], "texture": "#1", "rotation": 270 },
				"up": { "uv": [ 12.5, 2.166667, 12.83333, 13.16667 ], "texture": "#1", "rotation": 180 },
				"north": { "uv": [ 12.5, 2.166667, 12.83333, 2.5 ], "texture": "#1", "rotation": 270 },
				"south": { "uv": [ 12.5, 2.166667, 12.83333, 2.5 ], "texture": "#1", "rotation": 270 },
				"west": { "uv": [ 12.5, 2.166667, 12.83333, 13.16667 ], "texture": "#1", "rotation": 270 },
				"east": { "uv": [ 12.5, 2.166667, 12.83333, 13.16667 ], "texture": "#1", "rotation": 270 }
			}
		},
		{
			"from": [ 7.5938, -14, -12 ],
			"to": [ 8.25005, 12.625, -10.78125 ],
			"faces": {
				"down": { "uv": [ 8.666666, 12, 7.333333, 11.33333 ], "texture": "#1" },
				"up": { "uv": [ 7.333333, 11.33333, 8.666667, 12 ], "texture": "#1" },
				"north": { "uv": [ 0, 2.833334, 0.3333333, 14.5 ], "texture": "#1" },
				"south": { "uv": [ 0, 2.833334, 0.3333333, 14.5 ], "texture": "#1" },
				"west": { "uv": [ 0.1666667, 1.666667, 0.8333334, 13.5 ], "texture": "#1" },
				"east": { "uv": [ 0.1666667, 1.666667, 0.8333334, 13.5 ], "texture": "#1" }
			}
		},
		{
			"from": [ 7.625, 16.7992, -12.2476 ],
			"to": [ 8.28125, 21.83045, -10.27885 ],
			"rotation": { "origin": [ 7.625, 17.03125, -10.375 ], "axis": "x", "angle": 22.5 },
			"faces": {
				"down": { "uv": [ 6.833333, 4, 7.833333, 4.333332 ], "texture": "#1", "rotation": 270 },
				"up": { "uv": [ 6.833333, 4, 7.833333, 4.333332 ], "texture": "#1", "rotation": 270 },
				"north": { "uv": [ 7.833333, 3.833334, 8.166667, 5.833334 ], "texture": "#1" },
				"south": { "uv": [ 7.833333, 3.833334, 8.166667, 5.833334 ], "texture": "#1" },
				"west": { "uv": [ 6.833333, 3.833334, 7.833333, 5.833334 ], "texture": "#1" },
				"east": { "uv": [ 6.833333, 3.833334, 7.833333, 5.833334 ], "texture": "#1", "rotation": 180 }
			}
		},
		{
			"from": [ 7.5938, 20.8726, -8.9924 ],
			"to": [ 8.25005, 22.84135, -3.96115 ],
			"rotation": { "origin": [ 7.59375, 20.96875, -8.760416 ], "axis": "x", "angle": -45 },
			"faces": {
				"down": { "uv": [ 7.833333, 3.833334, 8.166667, 5.833334 ], "texture": "#1" },
				"up": { "uv": [ 7.833333, 3.833334, 8.166667, 5.833334 ], "texture": "#1" },
				"north": { "uv": [ 6.833333, 3.833334, 7.833333, 4.166667 ], "texture": "#1", "rotation": 180 },
				"south": { "uv": [ 6.833333, 3.833334, 7.833333, 4.166667 ], "texture": "#1", "rotation": 180 },
				"west": { "uv": [ 6.833333, 3.833334, 7.833333, 5.833334 ], "texture": "#1", "rotation": 90 },
				"east": { "uv": [ 6.833333, 3.833334, 7.833333, 5.833334 ], "texture": "#1", "rotation": 90 }
			}
		},
		{
			"from": [ 7.625, 23.9351, -5.9195 ],
			"to": [ 8.28125, 25.90385, -0.8882499 ],
			"rotation": { "origin": [ 7.625, 24.03125, -5.6875 ], "axis": "x", "angle": -22.5 },
			"faces": {
				"down": { "uv": [ 7.833333, 3.833334, 8.166667, 5.833334 ], "texture": "#1" },
				"up": { "uv": [ 7.833333, 3.833334, 8.166667, 5.833334 ], "texture": "#1" },
				"north": { "uv": [ 6.833333, 3.833334, 7.833333, 4.166667 ], "texture": "#1", "rotation": 90 },
				"south": { "uv": [ 6.833333, 3.833334, 7.833333, 4.166667 ], "texture": "#1", "rotation": 90 },
				"west": { "uv": [ 6.833333, 3.833334, 7.833333, 5.833334 ], "texture": "#1", "rotation": 90 },
				"east": { "uv": [ 6.833333, 3.833334, 7.833333, 5.833334 ], "texture": "#1", "rotation": 90 }
			}
		},
		{
			"from": [ 7.625, 23.7524, -0.768 ],
			"to": [ 8.28125, 25.72115, 4.26325 ],
			"rotation": { "origin": [ 7.625, 25.625, 4.03125 ], "axis": "x", "angle": 22.5 },
			"faces": {
				"down": { "uv": [ 7.833333, 3.833334, 8.166667, 5.833334 ], "texture": "#1" },
				"up": { "uv": [ 7.833333, 3.833334, 8.166667, 5.833334 ], "texture": "#1" },
				"north": { "uv": [ 6.833333, 3.833334, 7.833333, 4.166667 ], "texture": "#1", "rotation": 90 },
				"south": { "uv": [ 6.833333, 3.833334, 7.833333, 4.166667 ], "texture": "#1", "rotation": 90 },
				"west": { "uv": [ 6.833333, 3.833334, 7.833333, 5.833334 ], "texture": "#1", "rotation": 90 },
				"east": { "uv": [ 6.833333, 3.833334, 7.833333, 5.833334 ], "texture": "#1", "rotation": 90 }
			}
		},
		{
			"from": [ 7.5938, 25.4245, -2.2172 ],
			"to": [ 8.25005, 27.612, -0.2172 ],
			"faces": {
				"down": { "uv": [ 7.833334, 3.166667, 8.166667, 4 ], "texture": "#1" },
				"up": { "uv": [ 7.833334, 3.166667, 8.166667, 4 ], "texture": "#1" },
				"north": { "uv": [ 6.833333, 4.166667, 7.833333, 4.5 ], "texture": "#1" },
				"south": { "uv": [ 6.833333, 4.166667, 7.833333, 4.5 ], "texture": "#1", "rotation": 270 },
				"west": { "uv": [ 6.833333, 4.166667, 7.833333, 5.166667 ], "texture": "#1", "rotation": 90 },
				"east": { "uv": [ 6.833333, 4.166667, 7.833333, 5.166667 ], "texture": "#1", "rotation": 90 }
			}
		},
		{
			"from": [ 7.625, 17.4242, 7.5649 ],
			"to": [ 8.28125, 22.45545, 9.533649 ],
			"rotation": { "origin": [ 7.625, 17.65625, 9.4375 ], "axis": "x", "angle": -22.5 },
			"faces": {
				"down": { "uv": [ 6.833333, 0.5, 7.833333, 0.833333 ], "texture": "#1" },
				"up": { "uv": [ 6.833333, 0.5, 7.833333, 0.833333 ], "texture": "#1" },
				"north": { "uv": [ 7.833333, 3.833334, 8.166667, 5.833333 ], "texture": "#1" },
				"south": { "uv": [ 7.833333, 3.833334, 8.166667, 5.833333 ], "texture": "#1" },
				"west": { "uv": [ 6.833333, 0.5, 7.833333, 2.5 ], "texture": "#1", "rotation": 180 },
				"east": { "uv": [ 6.833333, 0.5, 7.833333, 2.5 ], "texture": "#1" }
			}
		},
		{
			"from": [ 7.5938, 20.3774, 2.6279 ],
			"to": [ 8.25005, 22.34615, 7.65915 ],
			"rotation": { "origin": [ 7.59375, 22.25, 7.427084 ], "axis": "x", "angle": 45 },
			"faces": {
				"down": { "uv": [ 7.833333, 3.833334, 8.166667, 5.833333 ], "texture": "#1" },
				"up": { "uv": [ 7.833333, 3.833334, 8.166667, 5.833333 ], "texture": "#1" },
				"north": { "uv": [ 6.833333, 3.833334, 7.833333, 4.166667 ], "texture": "#1", "rotation": 90 },
				"south": { "uv": [ 6.833333, 3.833334, 7.833333, 4.166667 ], "texture": "#1", "rotation": 90 },
				"west": { "uv": [ 6.833333, 3.833334, 7.833333, 5.833334 ], "texture": "#1", "rotation": 90 },
				"east": { "uv": [ 6.833333, 3.833334, 7.833333, 5.833334 ], "texture": "#1", "rotation": 90 }
			}
		},
		{
			"from": [ 7.5938, 12.5938, 7.75 ],
			"to": [ 8.25005, 17.62505, 9.53125 ],
			"faces": {
				"down": { "uv": [ 7.166667, 0.5, 7.833334, 0.833333 ], "texture": "#1" },
				"up": { "uv": [ 7.166667, 0.5, 7.833334, 0.833333 ], "texture": "#1" },
				"north": { "uv": [ 7.833333, 3.833334, 8.166666, 5.833333 ], "texture": "#1" },
				"south": { "uv": [ 7.833333, 3.833334, 8.166666, 5.833333 ], "texture": "#1" },
				"west": { "uv": [ 6.833334, 3.833334, 7.666667, 5.833334 ], "texture": "#1", "rotation": 180 },
				"east": { "uv": [ 7, 3.833334, 7.833333, 5.833334 ], "texture": "#1" }
			}
		},
		{
			"from": [ 7.5938, 12.5938, -12.125 ],
			"to": [ 8.25005, 17.62505, -10.34375 ],
			"faces": {
				"down": { "uv": [ 7.166667, 0.5, 7.833334, 0.833333 ], "texture": "#1" },
				"up": { "uv": [ 7.166667, 0.5, 7.833334, 0.833333 ], "texture": "#1" },
				"north": { "uv": [ 7.833333, 3.833334, 8.166666, 5.833333 ], "texture": "#1" },
				"south": { "uv": [ 7.833333, 3.833334, 8.166666, 5.833333 ], "texture": "#1" },
				"west": { "uv": [ 7.666667, 3.833334, 6.833334, 5.833334 ], "texture": "#1", "rotation": 180 },
				"east": { "uv": [ 7.833334, 3.833334, 7, 5.833334 ], "texture": "#1" }
			}
		},
		{
			"__comment": "PlaneX104",
			"from": [ 7.9375, -11.9688, -10.8125 ],
			"to": [ 8.21875, 20.5312, 8.1875 ],
			"faces": {
				"west": { "uv": [ 4.777778, 3.555555, 11.11111, 14.88889 ], "texture": "#2" },
				"east": { "uv": [ 0.2222222, 5.333334, 11.66667, 11.88889 ], "texture": "#texture", "rotation": 270 }
			}
		},
		{
			"__comment": "PlaneX104",
			"from": [ 7.9375, 20.5, -8.781199 ],
			"to": [ 8.21875, 23.53125, 6.218801 ],
			"faces": {
				"west": { "uv": [ 10.44444, 3.555555, 5.444445, 2.555557 ], "texture": "#2", "rotation": 180 },
				"east": { "uv": [ 11.44444, 6, 13, 11.22222 ], "texture": "#texture", "rotation": 270 }
			}
		},
		{
			"__comment": "PlaneX104",
			"from": [ 7.9375, 23.5312, -6.125 ],
			"to": [ 8.21875, 25.56245, 3.59375 ],
			"faces": {
				"west": { "uv": [ 6.333333, 1.777778, 9.555555, 2.555556 ], "texture": "#2" },
				"east": { "uv": [ 11.44444, 8.222223, 12.44444, 11.66667 ], "texture": "#texture", "rotation": 270 }
			}
		},
		{
			"from": [ 6.9896, -15.9479, -11.3438 ],
			"to": [ 8.989599, -13.9479, 8.6562 ],
			"faces": {
				"down": { "uv": [ 3.666667, 1, 4.666667, 11 ], "texture": "#1", "rotation": 90 },
				"up": { "uv": [ 3.666667, 1, 4.666667, 11 ], "texture": "#1" },
				"north": { "uv": [ 2.666667, 1, 3.666667, 11 ], "texture": "#1", "rotation": 90 },
				"south": { "uv": [ 2.666667, 1, 3.666667, 11 ], "texture": "#1", "rotation": 90 },
				"west": { "uv": [ 2.666667, 1, 3.666667, 11 ], "texture": "#1", "rotation": 270 },
				"east": { "uv": [ 2.666667, 1, 3.666667, 11 ], "texture": "#1", "rotation": 270 }
			}
		},
		{
			"from": [ 6.6667, -16, -14 ],
			"to": [ 9.333366, -12, -11.33333 ],
			"faces": {
				"down": { "uv": [ 1, 2, 2.333333, 3.333334 ], "texture": "#1" },
				"up": { "uv": [ 1, 2, 2.333333, 3.333334 ], "texture": "#1" },
				"north": { "uv": [ 1, 0, 2.333333, 2 ], "texture": "#1" },
				"south": { "uv": [ 1, 0, 2.333333, 2 ], "texture": "#1" },
				"west": { "uv": [ 1, 0, 2.333333, 2 ], "texture": "#1" },
				"east": { "uv": [ 1, 0, 2.333333, 2 ], "texture": "#1" }
			}
		},
		{
			"from": [ 7, -14.375, -13.6771 ],
			"to": [ 9, 15.625, -11.6771 ],
			"faces": {
				"down": { "uv": [ 2.666667, 0, 3.666667, 1 ], "texture": "#1" },
				"up": { "uv": [ 2.666667, 0, 3.666667, 1 ], "texture": "#1" },
				"north": { "uv": [ 0, 0, 1, 15.16667 ], "texture": "#1" },
				"south": { "uv": [ 0, 0, 1, 15.16667 ], "texture": "#1" },
				"west": { "uv": [ 0, 0, 1, 15.16667 ], "texture": "#1" },
				"east": { "uv": [ 0, 0, 1, 15.16667 ], "texture": "#1" }
			}
		},
		{
			"from": [ 6.6562, -11.2812, -14.0104 ],
			"to": [ 9.322866, -10.61453, -11.34373 ],
			"faces": {
				"down": { "uv": [ 1, 2, 2.333333, 3.333334 ], "texture": "#1" },
				"up": { "uv": [ 1, 2, 2.333333, 3.333334 ], "texture": "#1" },
				"north": { "uv": [ 1, 3.333334, 2.333333, 3.666667 ], "texture": "#1" },
				"south": { "uv": [ 1, 3.333334, 2.333333, 3.666667 ], "texture": "#1" },
				"west": { "uv": [ 1, 3.333334, 2.333333, 3.666667 ], "texture": "#1" },
				"east": { "uv": [ 1, 3.333334, 2.333333, 3.666667 ], "texture": "#1" }
			}
		},
		{
			"from": [ 6.6667, 11.9583, -14.0104 ],
			"to": [ 9.333366, 12.62497, -11.34373 ],
			"faces": {
				"down": { "uv": [ 1, 2, 2.333333, 3.333334 ], "texture": "#1" },
				"up": { "uv": [ 1, 2, 2.333333, 3.333334 ], "texture": "#1" },
				"north": { "uv": [ 1, 3.333334, 2.333333, 3.666667 ], "texture": "#1" },
				"south": { "uv": [ 1, 3.333334, 2.333333, 3.666667 ], "texture": "#1" },
				"west": { "uv": [ 1, 3.333334, 2.333333, 3.666667 ], "texture": "#1" },
				"east": { "uv": [ 1, 3.333334, 2.333333, 3.666667 ], "texture": "#1" }
			}
		},
		{
			"from": [ 6.6667, 14.9583, -14.0104 ],
			"to": [ 9.333366, 15.62497, -11.34373 ],
			"faces": {
				"down": { "uv": [ 1, 2, 2.333333, 3.333334 ], "texture": "#1", "rotation": 180 },
				"up": { "uv": [ 1, 2, 2.333333, 3.333334 ], "texture": "#1", "rotation": 180 },
				"north": { "uv": [ 1, 3.333334, 2.333333, 3.666667 ], "texture": "#1", "rotation": 180 },
				"south": { "uv": [ 1, 3.333334, 2.333333, 3.666667 ], "texture": "#1", "rotation": 180 },
				"west": { "uv": [ 1, 3.333334, 2.333333, 3.666667 ], "texture": "#1", "rotation": 180 },
				"east": { "uv": [ 1, 3.333334, 2.333333, 3.666667 ], "texture": "#1", "rotation": 180 }
			}
		},
		{
			"from": [ 6.3333, 15.625, -14.3438 ],
			"to": [ 9.666634, 16.29167, -11.01047 ],
			"faces": {
				"down": { "uv": [ 1, 4, 2.666667, 5.666667 ], "texture": "#1", "rotation": 180 },
				"up": { "uv": [ 1, 4, 2.666667, 5.666667 ], "texture": "#1", "rotation": 180 },
				"north": { "uv": [ 1, 3.666666, 2.666667, 4 ], "texture": "#1" },
				"south": { "uv": [ 1, 3.666666, 2.666667, 4 ], "texture": "#1" },
				"west": { "uv": [ 1, 3.666666, 2.666667, 4 ], "texture": "#1" },
				"east": { "uv": [ 1, 3.666666, 2.666667, 4 ], "texture": "#1" }
			}
		},
		{
			"from": [ 7.5, 27.051, -2.2172 ],
			"to": [ 8.5625, 27.926, -0.2172 ],
			"faces": {
				"down": { "uv": [ 6.5, 6.333334, 7, 7.333335 ], "texture": "#1", "rotation": 180 },
				"up": { "uv": [ 6.5, 6.333334, 7, 7.333335 ], "texture": "#1", "rotation": 180 },
				"north": { "uv": [ 7, 5.833334, 7.5, 6.333334 ], "texture": "#1", "rotation": 180 },
				"south": { "uv": [ 7, 6.333333, 7.5, 7.333334 ], "texture": "#1", "rotation": 180 },
				"west": { "uv": [ 7, 6.333333, 7.5, 7.333334 ], "texture": "#1", "rotation": 270 },
				"east": { "uv": [ 7, 6.333333, 7.5, 7.333334 ], "texture": "#1", "rotation": 270 }
			}
		},
		{
			"from": [ 7.4688, 27.9055, -2.5941 ],
			"to": [ 8.50005, 28.56175, 0.12465 ],
			"faces": {
				"down": { "uv": [ 7.833334, 6.166667, 8.5, 7.333334 ], "texture": "#1" },
				"up": { "uv": [ 7.833334, 6.166667, 8.5, 7.333334 ], "texture": "#1" },
				"north": { "uv": [ 7.833334, 5.833333, 8.5, 6.166667 ], "texture": "#1", "rotation": 180 },
				"south": { "uv": [ 7.833334, 5.833333, 8.5, 6.166667 ], "texture": "#1", "rotation": 180 },
				"west": { "uv": [ 7.5, 6.166667, 7.833333, 7.333334 ], "texture": "#1", "rotation": 270 },
				"east": { "uv": [ 7.5, 6.166667, 7.833333, 7.333334 ], "texture": "#1", "rotation": 270 }
			}
		},
		{
			"from": [ 8.031199, 28.5625, -2.5729 ],
			"to": [ 8.0322, 31.875, 0.1146009 ],
			"faces": {
				"west": { "uv": [ 9.833334, 0, 11.16667, 1.666667 ], "texture": "#1" },
				"east": { "uv": [ 9.833334, 0, 11.16667, 1.666667 ], "texture": "#1" }
			}
		},
		{
			"from": [ 7.3438, 17.393, -12.4054 ],
			"to": [ 8.6563, 22.42425, -11.74915 ],
			"rotation": { "origin": [ 7.34375, 17.625, -11.78125 ], "axis": "x", "angle": 22.5 },
			"faces": {
				"down": { "uv": [ 8.833334, 4.333333, 8.166667, 4 ], "texture": "#1" },
				"up": { "uv": [ 8.833334, 4.333333, 8.166667, 4 ], "texture": "#1" },
				"north": { "uv": [ 8.833334, 0.666667, 8.166667, 2.333333 ], "texture": "#1" },
				"south": { "uv": [ 9.833334, 2.833334, 9.166667, 4.5 ], "texture": "#1" },
				"west": { "uv": [ 9, 3, 8.666667, 4.666667 ], "texture": "#1" },
				"east": { "uv": [ 9, 0.666667, 8.666667, 2.333334 ], "texture": "#1", "rotation": 180 }
			}
		},
		{
			"from": [ 7.3438, 21.768, -10.5304 ],
			"to": [ 8.6563, 26.79925, -9.874146 ],
			"rotation": { "origin": [ 7.34375, 22, -9.90625 ], "axis": "x", "angle": 45 },
			"faces": {
				"down": { "uv": [ 8.166668, 0.833334, 8.833334, 1.166667 ], "texture": "#1", "rotation": 180 },
				"up": { "uv": [ 8.166668, 0.833334, 8.833334, 1.166667 ], "texture": "#1", "rotation": 180 },
				"north": { "uv": [ 8.833334, 0.666667, 8.166667, 2.333333 ], "texture": "#1" },
				"south": { "uv": [ 9.833334, 0.666667, 9.166667, 2.333333 ], "texture": "#1" },
				"west": { "uv": [ 9, 0.666667, 8.666667, 2.333334 ], "texture": "#1" },
				"east": { "uv": [ 9, 0.666667, 8.666667, 2.333334 ], "texture": "#1", "rotation": 180 }
			}
		},
		{
			"from": [ 7.3438, 25.3136, -6.7366 ],
			"to": [ 8.6563, 25.96985, -1.58035 ],
			"rotation": { "origin": [ 7.34375, 25.34375, -6.5 ], "axis": "x", "angle": -22.5 },
			"faces": {
				"down": { "uv": [ 9.833334, 0.666667, 9.166667, 2.333333 ], "texture": "#1" },
				"up": { "uv": [ 8.833334, 1.5, 8.166667, 3.166666 ], "texture": "#1" },
				"north": { "uv": [ 9.166667, 4.333333, 9.833334, 4.666667 ], "texture": "#1" },
				"south": { "uv": [ 9.166667, 4.333333, 9.833334, 4.666667 ], "texture": "#1" },
				"west": { "uv": [ 9, 0.666667, 8.666667, 2.333334 ], "texture": "#1", "rotation": 90 },
				"east": { "uv": [ 9, 0.666667, 8.666667, 2.333334 ], "texture": "#1", "rotation": 90 }
			}
		},
		{
			"from": [ 8.031199, 26.5938, -5.6562 ],
			"to": [ 8.0322, 29.18755, -2.9687 ],
			"faces": {
				"west": { "uv": [ 11.16667, 0, 12.5, 1.333333 ], "texture": "#1" },
				"east": { "uv": [ 11.16667, 0, 12.5, 1.333333 ], "texture": "#1" }
			}
		},
		{
			"from": [ 8.031199, 25.0312, -8.729199 ],
			"to": [ 8.0322, 27.62495, -6.041699 ],
			"faces": {
				"west": { "uv": [ 12.5, 0, 11.16667, 1.333333 ], "texture": "#1" },
				"east": { "uv": [ 12.5, 0, 11.16667, 1.333333 ], "texture": "#1" }
			}
		},
		{
			"from": [ 8.031199, 22.2188, -11.5729 ],
			"to": [ 8.0322, 24.81255, -8.8854 ],
			"faces": {
				"west": { "uv": [ 11.16667, 0, 12.5, 1.333333 ], "texture": "#1" },
				"east": { "uv": [ 11.16667, 0, 12.5, 1.333333 ], "texture": "#1" }
			}
		},
		{
			"from": [ 8.031199, 26.5938, 0.5208 ],
			"to": [ 8.0322, 29.18755, 3.2083 ],
			"faces": {
				"west": { "uv": [ 12.5, 0, 11.16667, 1.333333 ], "texture": "#1" },
				"east": { "uv": [ 12.5, 0, 11.16667, 1.333333 ], "texture": "#1" }
			}
		},
		{
			"from": [ 8.031199, 25.0312, 3.5833 ],
			"to": [ 8.0322, 27.62495, 6.2708 ],
			"faces": {
				"west": { "uv": [ 11.16667, 0, 12.5, 1.333333 ], "texture": "#1" },
				"east": { "uv": [ 11.16667, 0, 12.5, 1.333333 ], "texture": "#1" }
			}
		},
		{
			"from": [ 8.031199, 22.2188, 6.2708 ],
			"to": [ 8.0322, 24.81255, 8.9583 ],
			"faces": {
				"west": { "uv": [ 12.5, 0, 11.16667, 1.333333 ], "texture": "#1" },
				"east": { "uv": [ 12.5, 0, 11.16667, 1.333333 ], "texture": "#1" }
			}
		},
		{
			"from": [ 7.3438, 27.0949, -0.5179 ],
			"to": [ 8.6563, 27.75115, 4.63835 ],
			"rotation": { "origin": [ 7.34375, 27.125, -0.28125 ], "axis": "x", "angle": 22.5 },
			"faces": {
				"down": { "uv": [ 9.833334, 0.666667, 9.166667, 2.333333 ], "texture": "#1" },
				"up": { "uv": [ 8.833334, 1.666667, 8.166667, 3.333333 ], "texture": "#1" },
				"north": { "uv": [ 9.166667, 4.333333, 9.833334, 4.666667 ], "texture": "#1" },
				"south": { "uv": [ 9.166667, 4.333333, 9.833334, 4.666667 ], "texture": "#1" },
				"west": { "uv": [ 9, 0.666667, 8.666667, 2.333334 ], "texture": "#1", "rotation": 90 },
				"east": { "uv": [ 9, 0.666667, 8.666667, 2.333334 ], "texture": "#1", "rotation": 90 }
			}
		},
		{
			"from": [ 7.3438, 25.1574, 3.9821 ],
			"to": [ 8.6563, 25.81365, 9.13835 ],
			"rotation": { "origin": [ 7.34375, 25.1875, 4.21875 ], "axis": "x", "angle": 45 },
			"faces": {
				"down": { "uv": [ 9.833334, 0.666667, 9.166667, 2.333333 ], "texture": "#1" },
				"up": { "uv": [ 8.833334, 1.166667, 8.166667, 2.833333 ], "texture": "#1" },
				"north": { "uv": [ 7.333333, 11.33333, 8.666666, 12 ], "texture": "#1" },
				"south": { "uv": [ 7.333333, 11.33333, 8.666667, 12 ], "texture": "#1" },
				"west": { "uv": [ 9, 0.666667, 8.666667, 2.333334 ], "texture": "#1", "rotation": 90 },
				"east": { "uv": [ 9, 0.666667, 8.666667, 2.333334 ], "texture": "#1", "rotation": 90 }
			}
		},
		{
			"from": [ 7.3438, 16.7991, 7.6261 ],
			"to": [ 8.6563, 21.95535, 8.282349 ],
			"rotation": { "origin": [ 7.34375, 21.71875, 7.65625 ], "axis": "x", "angle": -22.5 },
			"faces": {
				"down": { "uv": [ 8.833334, 0.5, 8.166667, 0.833333 ], "texture": "#1" },
				"up": { "uv": [ 8.833334, 0.5, 8.166667, 0.833333 ], "texture": "#1" },
				"north": { "uv": [ 9.833334, 0.666667, 9.166667, 2.333333 ], "texture": "#1" },
				"south": { "uv": [ 7.833334, 0.833334, 7.166667, 2.5 ], "texture": "#1" },
				"west": { "uv": [ 9, 0.666667, 8.666667, 2.333334 ], "texture": "#1", "rotation": 180 },
				"east": { "uv": [ 9, 0.666667, 8.666667, 2.333334 ], "texture": "#1" }
			}
		},
		{
			"from": [ 7.6875, 24.9688, 9.6875 ],
			"to": [ 8.375, 26.2813, 10.34375 ],
			"faces": {
				"down": { "uv": [ 2.333333, 11.16667, 2.666667, 11.5 ], "texture": "#1", "rotation": 180 },
				"up": { "uv": [ 2.333333, 11.16667, 2.666667, 11.5 ], "texture": "#1", "rotation": 180 },
				"north": { "uv": [ 2.666667, 10.5, 2.333333, 11.16667 ], "texture": "#1", "rotation": 180 },
				"south": { "uv": [ 2.666667, 10.5, 2.333333, 11.16667 ], "texture": "#1", "rotation": 180 },
				"west": { "uv": [ 2.333333, 10.5, 2.666667, 11.16667 ], "texture": "#1", "rotation": 180 },
				"east": { "uv": [ 2.333333, 10.5, 2.666667, 11.16667 ], "texture": "#1", "rotation": 180 }
			}
		},
		{
			"from": [ 7.3125, 23.625, 9.3438 ],
			"to": [ 8.6875, 24.96875, 10.6563 ],
			"faces": {
				"down": { "uv": [ 2, 9.833334, 2.666667, 10.5 ], "texture": "#1", "rotation": 180 },
				"up": { "uv": [ 2, 9.833334, 2.666667, 10.5 ], "texture": "#1", "rotation": 180 },
				"north": { "uv": [ 2, 9.166666, 2.666667, 9.833334 ], "texture": "#1" },
				"south": { "uv": [ 2, 9.166666, 2.666667, 9.833334 ], "texture": "#1" },
				"west": { "uv": [ 2, 9.166666, 2.666667, 9.833334 ], "texture": "#1" },
				"east": { "uv": [ 2, 9.166666, 2.666667, 9.833334 ], "texture": "#1" }
			}
		},
		{
			"from": [ 7.0312, 21.625, 9.031199 ],
			"to": [ 9.0312, 22.9375, 10.93745 ],
			"faces": {
				"down": { "uv": [ 1.666667, 7.333334, 2.666667, 8.333334 ], "texture": "#1", "rotation": 270 },
				"up": { "uv": [ 1.666667, 7.333334, 2.666667, 8.333334 ], "texture": "#1", "rotation": 270 },
				"north": { "uv": [ 1.666667, 6.666667, 2.666667, 7.333334 ], "texture": "#1" },
				"south": { "uv": [ 1.666667, 6.666667, 2.666667, 7.333334 ], "texture": "#1" },
				"west": { "uv": [ 1.666667, 6.666667, 2.666667, 7.333334 ], "texture": "#1" },
				"east": { "uv": [ 1.666667, 6.666667, 2.666667, 7.333334 ], "texture": "#1" }
			}
		},
		{
			"from": [ 7.5, 22.9375, 9.5 ],
			"to": [ 8.5, 23.625, 10.5 ],
			"faces": {
				"down": { "uv": [ 7.5, 12.16667, 8.5, 13.16667 ], "texture": "#1" },
				"up": { "uv": [ 7.5, 2.833334, 8.5, 3.833334 ], "texture": "#1" },
				"north": { "uv": [ 2.166667, 8.333334, 2.666667, 8.666667 ], "texture": "#1" },
				"south": { "uv": [ 2.166667, 8.333334, 2.666667, 8.666667 ], "texture": "#1" },
				"west": { "uv": [ 2.166667, 8.333334, 2.666667, 8.666667 ], "texture": "#1" },
				"east": { "uv": [ 2.166667, 8.333334, 2.666667, 8.666667 ], "texture": "#1" }
			}
		},
		{
			"from": [ 7.3125, 20.9688, 9.3438 ],
			"to": [ 8.6875, 21.62505, 10.6563 ],
			"faces": {
				"down": { "uv": [ 2, 6, 2.666667, 6.666667 ], "texture": "#1", "rotation": 270 },
				"up": { "uv": [ 2, 6, 2.666667, 6.666667 ], "texture": "#1", "rotation": 270 },
				"north": { "uv": [ 2, 5.666667, 2.666667, 6 ], "texture": "#1", "rotation": 180 },
				"south": { "uv": [ 2, 5.666667, 2.666667, 6 ], "texture": "#1", "rotation": 180 },
				"west": { "uv": [ 2, 5.666667, 2.666667, 6 ], "texture": "#1", "rotation": 180 },
				"east": { "uv": [ 2, 5.666667, 2.666667, 6 ], "texture": "#1", "rotation": 180 }
			}
		},
		{
			"from": [ 6.6562, 17.9688, 8.6354 ],
			"to": [ 6.989533, 20.63547, 8.968733 ],
			"rotation": { "origin": [ 6.65625, 17.96875, 8.635416 ], "axis": "x", "angle": 22.5 },
			"faces": {
				"down": { "uv": [ 1.166667, 3.5, 1.333333, 3.666667 ], "texture": "#1" },
				"up": { "uv": [ 1.166667, 3.5, 1.333333, 3.666667 ], "texture": "#1" },
				"north": { "uv": [ 1, 3.666666, 2.166667, 3.833334 ], "texture": "#1", "rotation": 270 },
				"south": { "uv": [ 1, 3.5, 2.166667, 3.666668 ], "texture": "#1", "rotation": 270 },
				"west": { "uv": [ 1, 3.333334, 2.166667, 3.5 ], "texture": "#1", "rotation": 270 },
				"east": { "uv": [ 1, 3.333334, 2.166667, 3.5 ], "texture": "#1", "rotation": 270 }
			}
		},
		{
			"from": [ 6.6667, 20.2917, 9.656199 ],
			"to": [ 9.333366, 20.62503, 10.32287 ],
			"faces": {
				"down": { "uv": [ 6, 5, 6.833333, 5.166667 ], "texture": "#1" },
				"up": { "uv": [ 6, 5, 6.833333, 5.166667 ], "texture": "#1" },
				"north": { "uv": [ 6, 5, 6.833333, 5.166667 ], "texture": "#1" },
				"south": { "uv": [ 6, 5, 6.833333, 5.166667 ], "texture": "#1" },
				"west": { "uv": [ 6, 5.333333, 6.333333, 5.5 ], "texture": "#1" },
				"east": { "uv": [ 6, 5.333333, 6.333333, 5.5 ], "texture": "#1" }
			}
		},
		{
			"from": [ 6.6667, 20.625, 9.8229 ],
			"to": [ 9.333366, 20.95833, 10.15623 ],
			"faces": {
				"down": { "uv": [ 6, 5, 6.833333, 5.166667 ], "texture": "#1" },
				"up": { "uv": [ 6, 5, 6.833333, 5.166667 ], "texture": "#1" },
				"north": { "uv": [ 6, 5, 6.833333, 5.166667 ], "texture": "#1" },
				"south": { "uv": [ 6, 5, 6.833333, 5.166667 ], "texture": "#1" },
				"west": { "uv": [ 6.166667, 5.166667, 6.333333, 5.333334 ], "texture": "#1" },
				"east": { "uv": [ 6.166667, 5.166667, 6.333333, 5.333334 ], "texture": "#1" }
			}
		},
		{
			"from": [ 6.6667, 17.8438, 11.0312 ],
			"to": [ 7.000033, 20.51047, 11.36453 ],
			"rotation": { "origin": [ 6.666667, 17.84375, 11.03125 ], "axis": "x", "angle": -22.5 },
			"faces": {
				"down": { "uv": [ 1.166667, 3.5, 1.333333, 3.666667 ], "texture": "#1" },
				"up": { "uv": [ 1.166667, 3.5, 1.333333, 3.666667 ], "texture": "#1" },
				"north": { "uv": [ 1.166667, 3.5, 2.333333, 3.666667 ], "texture": "#1", "rotation": 270 },
				"south": { "uv": [ 1, 3.666666, 2.166667, 3.833334 ], "texture": "#1", "rotation": 270 },
				"west": { "uv": [ 1, 3.333334, 2.166667, 3.5 ], "texture": "#1", "rotation": 270 },
				"east": { "uv": [ 1, 3.333334, 2.166667, 3.5 ], "texture": "#1", "rotation": 270 }
			}
		},
		{
			"from": [ 6.6875, 17.9688, 11.0208 ],
			"to": [ 7.020833, 20.63547, 11.35413 ],
			"rotation": { "origin": [ 6.6875, 17.96875, 11.02083 ], "axis": "z", "angle": -22.5 },
			"faces": {
				"down": { "uv": [ 1.666667, 6.666667, 1.833333, 6.833334 ], "texture": "#1", "rotation": 270 },
				"up": { "uv": [ 1.666667, 6.666667, 1.833333, 6.833334 ], "texture": "#1", "rotation": 270 },
				"north": { "uv": [ 1, 3.333334, 2.166667, 3.5 ], "texture": "#1", "rotation": 270 },
				"south": { "uv": [ 1, 3.333334, 2.166667, 3.5 ], "texture": "#1", "rotation": 270 },
				"west": { "uv": [ 1.166667, 3.333334, 2.333333, 3.5 ], "texture": "#1", "rotation": 270 },
				"east": { "uv": [ 1, 3.666667, 2.166667, 3.833333 ], "texture": "#1", "rotation": 270 }
			}
		},
		{
			"from": [ 7.6458, 20.2812, 8.6354 ],
			"to": [ 8.312466, 20.61453, 11.30207 ],
			"faces": {
				"down": { "uv": [ 6, 5, 6.833333, 5.166667 ], "texture": "#1", "rotation": 270 },
				"up": { "uv": [ 6, 5, 6.833333, 5.166667 ], "texture": "#1", "rotation": 90 },
				"north": { "uv": [ 6, 5.333333, 6.333333, 5.5 ], "texture": "#1" },
				"south": { "uv": [ 6, 5.333333, 6.333333, 5.5 ], "texture": "#1" },
				"west": { "uv": [ 6, 5, 6.833333, 5.166667 ], "texture": "#1" },
				"east": { "uv": [ 6, 5, 6.833333, 5.166667 ], "texture": "#1" }
			}
		},
		{
			"from": [ 7.8125, 20.6146, 8.6354 ],
			"to": [ 8.145833, 20.94793, 11.30207 ],
			"faces": {
				"down": { "uv": [ 6, 5, 6.833333, 5.166667 ], "texture": "#1", "rotation": 270 },
				"up": { "uv": [ 6, 5, 6.833333, 5.166667 ], "texture": "#1", "rotation": 90 },
				"north": { "uv": [ 6.166667, 5.166667, 6.333333, 5.333334 ], "texture": "#1" },
				"south": { "uv": [ 6.166667, 5.166667, 6.333333, 5.333334 ], "texture": "#1" },
				"west": { "uv": [ 6, 5, 6.833333, 5.166667 ], "texture": "#1" },
				"east": { "uv": [ 6, 5, 6.833333, 5.166667 ], "texture": "#1" }
			}
		},
		{
			"from": [ 9, 17.7812, 11.0312 ],
			"to": [ 9.333333, 20.44787, 11.36453 ],
			"rotation": { "origin": [ 9, 17.78125, 11.03125 ], "axis": "z", "angle": 22.5 },
			"faces": {
				"down": { "uv": [ 1.666667, 6.666667, 1.833333, 6.833334 ], "texture": "#1", "rotation": 270 },
				"up": { "uv": [ 1.666667, 6.666667, 1.833333, 6.833334 ], "texture": "#1", "rotation": 270 },
				"north": { "uv": [ 1, 3.666666, 2.166667, 3.833332 ], "texture": "#1", "rotation": 270 },
				"south": { "uv": [ 1.166667, 3.333334, 2.333333, 3.5 ], "texture": "#1", "rotation": 270 },
				"west": { "uv": [ 1, 3.333334, 2.166667, 3.5 ], "texture": "#1", "rotation": 270 },
				"east": { "uv": [ 1.333333, 3.666667, 2.5, 3.833333 ], "texture": "#1", "rotation": 270 }
			}
		},
		{
			"from": [ 7, 16.2812, 9 ],
			"to": [ 9, 20.99995, 11 ],
			"faces": {
				"down": { "uv": [ 6, 4.166667, 6.833333, 5 ], "texture": "#1" },
				"up": { "uv": [ 6, 4.166667, 6.833333, 5 ], "texture": "#1" },
				"north": { "uv": [ 6, 1.833333, 6.833333, 3.833334 ], "texture": "#1" },
				"south": { "uv": [ 6, 1.833333, 6.833333, 3.833334 ], "texture": "#1" },
				"west": { "uv": [ 6, 1.833333, 6.833333, 3.833334 ], "texture": "#1" },
				"east": { "uv": [ 6, 1.833333, 6.833333, 3.833334 ], "texture": "#1" }
			}
		},
		{
			"from": [ 6.3333, 15.625, 8.3229 ],
			"to": [ 9.666634, 16.29167, 11.65623 ],
			"faces": {
				"down": { "uv": [ 1, 4, 2.666667, 5.666667 ], "texture": "#1", "rotation": 180 },
				"up": { "uv": [ 1, 4, 2.666667, 5.666667 ], "texture": "#1", "rotation": 180 },
				"north": { "uv": [ 1, 3.666666, 2.666667, 4 ], "texture": "#1" },
				"south": { "uv": [ 1, 3.666666, 2.666667, 4 ], "texture": "#1" },
				"west": { "uv": [ 1, 3.666666, 2.666667, 4 ], "texture": "#1" },
				"east": { "uv": [ 1, 3.666666, 2.666667, 4 ], "texture": "#1" }
			}
		},
		{
			"from": [ 6.6667, 14.9583, 8.656199 ],
			"to": [ 9.333366, 15.62497, 11.32287 ],
			"faces": {
				"down": { "uv": [ 1, 2, 2.333333, 3.333334 ], "texture": "#1", "rotation": 180 },
				"up": { "uv": [ 1, 2, 2.333333, 3.333334 ], "texture": "#1", "rotation": 180 },
				"north": { "uv": [ 1, 3.333334, 2.333333, 3.666667 ], "texture": "#1", "rotation": 180 },
				"south": { "uv": [ 1, 3.333334, 2.333333, 3.666667 ], "texture": "#1", "rotation": 180 },
				"west": { "uv": [ 1, 3.333334, 2.333333, 3.666667 ], "texture": "#1", "rotation": 180 },
				"east": { "uv": [ 1, 3.333334, 2.333333, 3.666667 ], "texture": "#1", "rotation": 180 }
			}
		},
		{
			"from": [ 7, -14.375, 8.9896 ],
			"to": [ 9, 15.625, 10.9896 ],
			"faces": {
				"down": { "uv": [ 2.666667, 0, 3.666667, 1 ], "texture": "#1" },
				"up": { "uv": [ 2.666667, 0, 3.666667, 1 ], "texture": "#1" },
				"north": { "uv": [ 0, 0, 1, 15.16667 ], "texture": "#1" },
				"south": { "uv": [ 0, 0, 1, 15.16667 ], "texture": "#1" },
				"west": { "uv": [ 0, 0, 1, 15.16667 ], "texture": "#1" },
				"east": { "uv": [ 0, 0, 1, 15.16667 ], "texture": "#1" }
			}
		},
		{
			"from": [ 6.6667, 11.9583, 8.656199 ],
			"to": [ 9.333366, 12.62497, 11.32287 ],
			"faces": {
				"down": { "uv": [ 1, 2, 2.333333, 3.333334 ], "texture": "#1" },
				"up": { "uv": [ 1, 2, 2.333333, 3.333334 ], "texture": "#1" },
				"north": { "uv": [ 1, 3.333334, 2.333333, 3.666667 ], "texture": "#1" },
				"south": { "uv": [ 1, 3.333334, 2.333333, 3.666667 ], "texture": "#1" },
				"west": { "uv": [ 1, 3.333334, 2.333333, 3.666667 ], "texture": "#1" },
				"east": { "uv": [ 1, 3.333334, 2.333333, 3.666667 ], "texture": "#1" }
			}
		},
		{
			"from": [ 6.6562, -11.2812, 8.656199 ],
			"to": [ 9.322866, -10.61453, 11.32287 ],
			"faces": {
				"down": { "uv": [ 1, 2, 2.333333, 3.333334 ], "texture": "#1" },
				"up": { "uv": [ 1, 2, 2.333333, 3.333334 ], "texture": "#1" },
				"north": { "uv": [ 1, 3.333334, 2.333333, 3.666667 ], "texture": "#1" },
				"south": { "uv": [ 1, 3.333334, 2.333333, 3.666667 ], "texture": "#1" },
				"west": { "uv": [ 1, 3.333334, 2.333333, 3.666667 ], "texture": "#1" },
				"east": { "uv": [ 1, 3.333334, 2.333333, 3.666667 ], "texture": "#1" }
			}
		},
		{
			"from": [ 6.6667, -16, 8.666699 ],
			"to": [ 9.333366, -12, 11.33337 ],
			"faces": {
				"down": { "uv": [ 1, 2, 2.333333, 3.333334 ], "texture": "#1" },
				"up": { "uv": [ 1, 2, 2.333333, 3.333334 ], "texture": "#1" },
				"north": { "uv": [ 1, 0, 2.333333, 2 ], "texture": "#1" },
				"south": { "uv": [ 1, 0, 2.333333, 2 ], "texture": "#1" },
				"west": { "uv": [ 1, 0, 2.333333, 2 ], "texture": "#1" },
				"east": { "uv": [ 1, 0, 2.333333, 2 ], "texture": "#1" }
			}
		},
		{
			"from": [ 9, 17.9688, 8.656199 ],
			"to": [ 9.333333, 20.63547, 8.989532 ],
			"rotation": { "origin": [ 9, 17.96875, 8.65625 ], "axis": "x", "angle": 22.5 },
			"faces": {
				"down": { "uv": [ 1.166667, 3.5, 1.333333, 3.666667 ], "texture": "#1" },
				"up": { "uv": [ 1.166667, 3.5, 1.333333, 3.666667 ], "texture": "#1" },
				"north": { "uv": [ 1, 3.666666, 2.166667, 3.833334 ], "texture": "#1", "rotation": 270 },
				"south": { "uv": [ 1, 3.5, 2.166667, 3.666668 ], "texture": "#1", "rotation": 270 },
				"west": { "uv": [ 1, 3.333334, 2.166667, 3.5 ], "texture": "#1", "rotation": 270 },
				"east": { "uv": [ 1, 3.333334, 2.166667, 3.5 ], "texture": "#1", "rotation": 270 }
			}
		},
		{
			"from": [ 9.0104, 17.8438, 11.0521 ],
			"to": [ 9.343733, 20.51047, 11.38543 ],
			"rotation": { "origin": [ 9.010417, 17.84375, 11.05208 ], "axis": "x", "angle": -22.5 },
			"faces": {
				"down": { "uv": [ 1.166667, 3.5, 1.333333, 3.666667 ], "texture": "#1" },
				"up": { "uv": [ 1.166667, 3.5, 1.333333, 3.666667 ], "texture": "#1" },
				"north": { "uv": [ 1.166667, 3.5, 2.333333, 3.666667 ], "texture": "#1", "rotation": 270 },
				"south": { "uv": [ 1, 3.666666, 2.166667, 3.833334 ], "texture": "#1", "rotation": 270 },
				"west": { "uv": [ 1, 3.333334, 2.166667, 3.5 ], "texture": "#1", "rotation": 270 },
				"east": { "uv": [ 1, 3.333334, 2.166667, 3.5 ], "texture": "#1", "rotation": 270 }
			}
		},
		{
			"from": [ 6.6562, 17.9688, -14.0312 ],
			"to": [ 6.989533, 20.63547, -13.69787 ],
			"rotation": { "origin": [ 6.65625, 17.96875, -14.03125 ], "axis": "x", "angle": 22.5 },
			"faces": {
				"down": { "uv": [ 1.166667, 3.5, 1.333333, 3.666667 ], "texture": "#1" },
				"up": { "uv": [ 1.166667, 3.5, 1.333333, 3.666667 ], "texture": "#1" },
				"north": { "uv": [ 1, 3.666666, 2.166667, 3.833334 ], "texture": "#1", "rotation": 270 },
				"south": { "uv": [ 1, 3.5, 2.166667, 3.666668 ], "texture": "#1", "rotation": 270 },
				"west": { "uv": [ 1, 3.333334, 2.166667, 3.5 ], "texture": "#1", "rotation": 270 },
				"east": { "uv": [ 1, 3.333334, 2.166667, 3.5 ], "texture": "#1", "rotation": 270 }
			}
		},
		{
			"from": [ 6.6667, 17.8438, -11.6354 ],
			"to": [ 7.000033, 20.51047, -11.30207 ],
			"rotation": { "origin": [ 6.666667, 17.84375, -11.63542 ], "axis": "x", "angle": -22.5 },
			"faces": {
				"down": { "uv": [ 1.166667, 3.5, 1.333333, 3.666667 ], "texture": "#1" },
				"up": { "uv": [ 1.166667, 3.5, 1.333333, 3.666667 ], "texture": "#1" },
				"north": { "uv": [ 1.166667, 3.5, 2.333333, 3.666667 ], "texture": "#1", "rotation": 270 },
				"south": { "uv": [ 1, 3.666666, 2.166667, 3.833334 ], "texture": "#1", "rotation": 270 },
				"west": { "uv": [ 1, 3.333334, 2.166667, 3.5 ], "texture": "#1", "rotation": 270 },
				"east": { "uv": [ 1, 3.333334, 2.166667, 3.5 ], "texture": "#1", "rotation": 270 }
			}
		},
		{
			"from": [ 6.6875, 17.9688, -11.6458 ],
			"to": [ 7.020833, 20.63547, -11.31247 ],
			"rotation": { "origin": [ 6.6875, 17.96875, -11.64583 ], "axis": "z", "angle": -22.5 },
			"faces": {
				"down": { "uv": [ 1.666667, 6.666667, 1.833333, 6.833334 ], "texture": "#1", "rotation": 270 },
				"up": { "uv": [ 1.666667, 6.666667, 1.833333, 6.833334 ], "texture": "#1", "rotation": 270 },
				"north": { "uv": [ 1, 3.333334, 2.166667, 3.5 ], "texture": "#1", "rotation": 270 },
				"south": { "uv": [ 1, 3.333334, 2.166667, 3.5 ], "texture": "#1", "rotation": 270 },
				"west": { "uv": [ 1.166667, 3.333334, 2.333333, 3.5 ], "texture": "#1", "rotation": 270 },
				"east": { "uv": [ 1, 3.666667, 2.166667, 3.833333 ], "texture": "#1", "rotation": 270 }
			}
		},
		{
			"from": [ 9, 17.7812, -11.6354 ],
			"to": [ 9.333333, 20.44787, -11.30207 ],
			"rotation": { "origin": [ 9, 17.78125, -11.63542 ], "axis": "z", "angle": 22.5 },
			"faces": {
				"down": { "uv": [ 1.666667, 6.666667, 1.833333, 6.833334 ], "texture": "#1", "rotation": 270 },
				"up": { "uv": [ 1.666667, 6.666667, 1.833333, 6.833334 ], "texture": "#1", "rotation": 270 },
				"north": { "uv": [ 1, 3.666666, 2.166667, 3.833332 ], "texture": "#1", "rotation": 270 },
				"south": { "uv": [ 1.166667, 3.333334, 2.333333, 3.5 ], "texture": "#1", "rotation": 270 },
				"west": { "uv": [ 1, 3.333334, 2.166667, 3.5 ], "texture": "#1", "rotation": 270 },
				"east": { "uv": [ 1.333333, 3.666667, 2.5, 3.833333 ], "texture": "#1", "rotation": 270 }
			}
		},
		{
			"from": [ 9.0104, 17.8438, -11.6146 ],
			"to": [ 9.343733, 20.51047, -11.28127 ],
			"rotation": { "origin": [ 9.010417, 17.84375, -11.61458 ], "axis": "x", "angle": -22.5 },
			"faces": {
				"down": { "uv": [ 1.166667, 3.5, 1.333333, 3.666667 ], "texture": "#1" },
				"up": { "uv": [ 1.166667, 3.5, 1.333333, 3.666667 ], "texture": "#1" },
				"north": { "uv": [ 1.166667, 3.5, 2.333333, 3.666667 ], "texture": "#1", "rotation": 270 },
				"south": { "uv": [ 1, 3.666666, 2.166667, 3.833334 ], "texture": "#1", "rotation": 270 },
				"west": { "uv": [ 1, 3.333334, 2.166667, 3.5 ], "texture": "#1", "rotation": 270 },
				"east": { "uv": [ 1, 3.333334, 2.166667, 3.5 ], "texture": "#1", "rotation": 270 }
			}
		},
		{
			"from": [ 7, 16.2812, -13.6667 ],
			"to": [ 9, 20.99995, -11.6667 ],
			"faces": {
				"down": { "uv": [ 6, 4.166667, 6.833333, 5 ], "texture": "#1" },
				"up": { "uv": [ 6, 4.166667, 6.833333, 5 ], "texture": "#1" },
				"north": { "uv": [ 6, 1.833333, 6.833333, 3.833334 ], "texture": "#1" },
				"south": { "uv": [ 6, 1.833333, 6.833333, 3.833334 ], "texture": "#1" },
				"west": { "uv": [ 6, 1.833333, 6.833333, 3.833334 ], "texture": "#1" },
				"east": { "uv": [ 6, 1.833333, 6.833333, 3.833334 ], "texture": "#1" }
			}
		},
		{
			"from": [ 9, 17.9688, -14.0104 ],
			"to": [ 9.333333, 20.63547, -13.67707 ],
			"rotation": { "origin": [ 9, 17.96875, -14.01042 ], "axis": "x", "angle": 22.5 },
			"faces": {
				"down": { "uv": [ 1.166667, 3.5, 1.333333, 3.666667 ], "texture": "#1" },
				"up": { "uv": [ 1.166667, 3.5, 1.333333, 3.666667 ], "texture": "#1" },
				"north": { "uv": [ 1, 3.666666, 2.166667, 3.833334 ], "texture": "#1", "rotation": 270 },
				"south": { "uv": [ 1, 3.5, 2.166667, 3.666668 ], "texture": "#1", "rotation": 270 },
				"west": { "uv": [ 1, 3.333334, 2.166667, 3.5 ], "texture": "#1", "rotation": 270 },
				"east": { "uv": [ 1, 3.333334, 2.166667, 3.5 ], "texture": "#1", "rotation": 270 }
			}
		},
		{
			"from": [ 6.6667, 20.2917, -13.0104 ],
			"to": [ 9.333366, 20.62503, -12.34373 ],
			"faces": {
				"down": { "uv": [ 6, 5, 6.833333, 5.166667 ], "texture": "#1" },
				"up": { "uv": [ 6, 5, 6.833333, 5.166667 ], "texture": "#1" },
				"north": { "uv": [ 6, 5, 6.833333, 5.166667 ], "texture": "#1" },
				"south": { "uv": [ 6, 5, 6.833333, 5.166667 ], "texture": "#1" },
				"west": { "uv": [ 6, 5.333333, 6.333333, 5.5 ], "texture": "#1" },
				"east": { "uv": [ 6, 5.333333, 6.333333, 5.5 ], "texture": "#1" }
			}
		},
		{
			"from": [ 6.6667, 20.625, -12.8438 ],
			"to": [ 9.333366, 20.95833, -12.51047 ],
			"faces": {
				"down": { "uv": [ 6, 5, 6.833333, 5.166667 ], "texture": "#1" },
				"up": { "uv": [ 6, 5, 6.833333, 5.166667 ], "texture": "#1" },
				"north": { "uv": [ 6, 5, 6.833333, 5.166667 ], "texture": "#1" },
				"south": { "uv": [ 6, 5, 6.833333, 5.166667 ], "texture": "#1" },
				"west": { "uv": [ 6.166667, 5.166667, 6.333333, 5.333334 ], "texture": "#1" },
				"east": { "uv": [ 6.166667, 5.166667, 6.333333, 5.333334 ], "texture": "#1" }
			}
		},
		{
			"from": [ 7.6458, 20.2812, -14.0312 ],
			"to": [ 8.312466, 20.61453, -11.36453 ],
			"faces": {
				"down": { "uv": [ 6, 5, 6.833333, 5.166667 ], "texture": "#1", "rotation": 270 },
				"up": { "uv": [ 6, 5, 6.833333, 5.166667 ], "texture": "#1", "rotation": 90 },
				"north": { "uv": [ 6, 5.333333, 6.333333, 5.5 ], "texture": "#1" },
				"south": { "uv": [ 6, 5.333333, 6.333333, 5.5 ], "texture": "#1" },
				"west": { "uv": [ 6, 5, 6.833333, 5.166667 ], "texture": "#1" },
				"east": { "uv": [ 6, 5, 6.833333, 5.166667 ], "texture": "#1" }
			}
		},
		{
			"from": [ 7.8125, 20.6146, -14.0312 ],
			"to": [ 8.145833, 20.94793, -11.36453 ],
			"faces": {
				"down": { "uv": [ 6, 5, 6.833333, 5.166667 ], "texture": "#1", "rotation": 270 },
				"up": { "uv": [ 6, 5, 6.833333, 5.166667 ], "texture": "#1", "rotation": 90 },
				"north": { "uv": [ 6.166667, 5.166667, 6.333333, 5.333334 ], "texture": "#1" },
				"south": { "uv": [ 6.166667, 5.166667, 6.333333, 5.333334 ], "texture": "#1" },
				"west": { "uv": [ 6, 5, 6.833333, 5.166667 ], "texture": "#1" },
				"east": { "uv": [ 6, 5, 6.833333, 5.166667 ], "texture": "#1" }
			}
		},
		{
			"from": [ 7.3125, 20.9688, -13.3229 ],
			"to": [ 8.6875, 21.62505, -12.0104 ],
			"faces": {
				"down": { "uv": [ 2, 6, 2.666667, 6.666667 ], "texture": "#1", "rotation": 270 },
				"up": { "uv": [ 2, 6, 2.666667, 6.666667 ], "texture": "#1", "rotation": 270 },
				"north": { "uv": [ 2, 5.666667, 2.666667, 6 ], "texture": "#1", "rotation": 180 },
				"south": { "uv": [ 2, 5.666667, 2.666667, 6 ], "texture": "#1", "rotation": 180 },
				"west": { "uv": [ 2, 5.666667, 2.666667, 6 ], "texture": "#1", "rotation": 180 },
				"east": { "uv": [ 2, 5.666667, 2.666667, 6 ], "texture": "#1", "rotation": 180 }
			}
		},
		{
			"from": [ 7.0312, 21.625, -13.6354 ],
			"to": [ 9.0312, 22.9375, -11.72915 ],
			"faces": {
				"down": { "uv": [ 1.666667, 7.333334, 2.666667, 8.333334 ], "texture": "#1", "rotation": 270 },
				"up": { "uv": [ 1.666667, 7.333334, 2.666667, 8.333334 ], "texture": "#1", "rotation": 270 },
				"north": { "uv": [ 1.666667, 6.666667, 2.666667, 7.333334 ], "texture": "#1" },
				"south": { "uv": [ 1.666667, 6.666667, 2.666667, 7.333334 ], "texture": "#1" },
				"west": { "uv": [ 1.666667, 6.666667, 2.666667, 7.333334 ], "texture": "#1" },
				"east": { "uv": [ 1.666667, 6.666667, 2.666667, 7.333334 ], "texture": "#1" }
			}
		},
		{
			"from": [ 7.5, 22.9375, -13.1667 ],
			"to": [ 8.5, 23.625, -12.1667 ],
			"faces": {
				"down": { "uv": [ 7.5, 12.16667, 8.5, 13.16667 ], "texture": "#1" },
				"up": { "uv": [ 7.5, 2.833334, 8.5, 3.833334 ], "texture": "#1" },
				"north": { "uv": [ 2.166667, 8.333334, 2.666667, 8.666667 ], "texture": "#1" },
				"south": { "uv": [ 2.166667, 8.333334, 2.666667, 8.666667 ], "texture": "#1" },
				"west": { "uv": [ 2.166667, 8.333334, 2.666667, 8.666667 ], "texture": "#1" },
				"east": { "uv": [ 2.166667, 8.333334, 2.666667, 8.666667 ], "texture": "#1" }
			}
		},
		{
			"from": [ 7.3125, 23.625, -13.3229 ],
			"to": [ 8.6875, 24.96875, -12.0104 ],
			"faces": {
				"down": { "uv": [ 2, 9.833334, 2.666667, 10.5 ], "texture": "#1", "rotation": 180 },
				"up": { "uv": [ 2, 9.833334, 2.666667, 10.5 ], "texture": "#1", "rotation": 180 },
				"north": { "uv": [ 2, 9.166666, 2.666667, 9.833334 ], "texture": "#1" },
				"south": { "uv": [ 2, 9.166666, 2.666667, 9.833334 ], "texture": "#1" },
				"west": { "uv": [ 2, 9.166666, 2.666667, 9.833334 ], "texture": "#1" },
				"east": { "uv": [ 2, 9.166666, 2.666667, 9.833334 ], "texture": "#1" }
			}
		},
		{
			"from": [ 7.6875, 24.9688, -13 ],
			"to": [ 8.375, 26.2813, -12.34375 ],
			"faces": {
				"down": { "uv": [ 2.333333, 11.16667, 2.666667, 11.5 ], "texture": "#1", "rotation": 180 },
				"up": { "uv": [ 2.333333, 11.16667, 2.666667, 11.5 ], "texture": "#1", "rotation": 180 },
				"north": { "uv": [ 2.666667, 10.5, 2.333333, 11.16667 ], "texture": "#1", "rotation": 180 },
				"south": { "uv": [ 2.666667, 10.5, 2.333333, 11.16667 ], "texture": "#1", "rotation": 180 },
				"west": { "uv": [ 2.333333, 10.5, 2.666667, 11.16667 ], "texture": "#1", "rotation": 180 },
				"east": { "uv": [ 2.333333, 10.5, 2.666667, 11.16667 ], "texture": "#1", "rotation": 180 }
			}
		},
		{
			"from": [ 9, 17.7812, -14.0312 ],
			"to": [ 9.333333, 20.44787, -13.69787 ],
			"rotation": { "origin": [ 9, 17.78125, -14.03125 ], "axis": "z", "angle": 22.5 },
			"faces": {
				"down": { "uv": [ 1.666667, 6.666667, 1.833333, 6.833334 ], "texture": "#1", "rotation": 270 },
				"up": { "uv": [ 1.666667, 6.666667, 1.833333, 6.833334 ], "texture": "#1", "rotation": 270 },
				"north": { "uv": [ 1, 3.666666, 2.166667, 3.833332 ], "texture": "#1", "rotation": 270 },
				"south": { "uv": [ 1.166667, 3.333334, 2.333333, 3.5 ], "texture": "#1", "rotation": 270 },
				"west": { "uv": [ 1, 3.333334, 2.166667, 3.5 ], "texture": "#1", "rotation": 270 },
				"east": { "uv": [ 1.333333, 3.666667, 2.5, 3.833333 ], "texture": "#1", "rotation": 270 }
			}
		},
		{
			"from": [ 6.6875, 17.9688, -14.0417 ],
			"to": [ 7.020833, 20.63547, -13.70837 ],
			"rotation": { "origin": [ 6.6875, 17.96875, -14.04167 ], "axis": "z", "angle": -22.5 },
			"faces": {
				"down": { "uv": [ 1.666667, 6.666667, 1.833333, 6.833334 ], "texture": "#1", "rotation": 270 },
				"up": { "uv": [ 1.666667, 6.666667, 1.833333, 6.833334 ], "texture": "#1", "rotation": 270 },
				"north": { "uv": [ 1, 3.333334, 2.166667, 3.5 ], "texture": "#1", "rotation": 270 },
				"south": { "uv": [ 1, 3.333334, 2.166667, 3.5 ], "texture": "#1", "rotation": 270 },
				"west": { "uv": [ 1.166667, 3.333334, 2.333333, 3.5 ], "texture": "#1", "rotation": 270 },
				"east": { "uv": [ 1, 3.666667, 2.166667, 3.833333 ], "texture": "#1", "rotation": 270 }
			}
		}
	],
	"display": {
		"head": {
			"rotation":  [ 0, 90, 0 ],
			"translation":  [ 19.5, -7, 0 ],
			"scale":  [ 2.1, 2.1, 2.1 ]
		}
	}
}