{"textures":{"0":"modelengine:entity/beast"},"elements":[{"from":[4.0,8.0,-1.1428576],"to":[12.0,13.142858,9.142858],"rotation":{"angle":-22.5,"axis":"x","origin":[8.0,0.0,13.142858]},"faces":{"east":{"uv":[5.0,3.875,6.125,4.4375],"rotation":0,"texture":"#0","tintindex":0},"south":{"uv":[5.75,0.0,6.625,0.5625],"rotation":0,"texture":"#0","tintindex":0},"north":{"uv":[4.875,5.5,5.75,6.0625],"rotation":0,"texture":"#0","tintindex":0},"west":{"uv":[5.0,4.4375,6.125,5.0],"rotation":0,"texture":"#0","tintindex":0},"up":{"uv":[2.0,4.625,1.125,3.5],"rotation":0,"texture":"#0","tintindex":0},"down":{"uv":[2.875,3.5,2.0,4.625],"rotation":0,"texture":"#0","tintindex":0}}},{"from":[7.428571,5.714286,-4.000001],"to":[8.571428,13.714286,-2.8571434],"rotation":{"angle":0.0,"axis":"y","origin":[8.0,-7.4285717,13.142858]},"faces":{"east":{"uv":[1.5,3.6875,1.625,4.5625],"rotation":0,"texture":"#0","tintindex":0},"south":{"uv":[1.5,3.5625,1.625,4.4375],"rotation":0,"texture":"#0","tintindex":0},"north":{"uv":[1.5,3.6875,1.625,4.5625],"rotation":0,"texture":"#0","tintindex":0},"west":{"uv":[1.5,3.625,1.625,4.5],"rotation":0,"texture":"#0","tintindex":0},"up":{"uv":[1.5,4.1875,1.625,4.3125],"rotation":0,"texture":"#0","tintindex":0},"down":{"uv":[0.0,0.0,0.125,0.125],"rotation":0,"texture":"#0","tintindex":0}}}],"display":{"head":{"translation":[0.0,-6.4,0.0],"scale":[4.0,4.0,4.0]}}}