{"textures":{"0":"modelengine:entity/beast"},"elements":[{"from":[4.0,-1.1428576,8.0],"to":[12.0,8.571428,8.0],"rotation":{"angle":0.0,"axis":"y","origin":[8.0,-3.4285717,15.428572]},"faces":{"east":{"uv":[0.0,0.0,0.0,1.0625],"rotation":0,"texture":"#0","tintindex":0},"south":{"uv":[8.5,4.625,9.5,5.6875],"rotation":0,"texture":"#0","tintindex":0},"north":{"uv":[15.125,1.0,16.0,2.0625],"rotation":0,"texture":"#0","tintindex":0},"west":{"uv":[0.0,0.0,0.0,1.0625],"rotation":0,"texture":"#0","tintindex":0},"up":{"uv":[0.0,0.0,1.0,0.0],"rotation":0,"texture":"#0","tintindex":0},"down":{"uv":[0.0,0.0,1.0,0.0],"rotation":0,"texture":"#0","tintindex":0}}}],"display":{"head":{"translation":[0.0,-6.4,0.0],"scale":[4.0,4.0,4.0]}}}