{"textures":{"0":"modelengine:entity/capybara"},"elements":[{"from":[5.928571,8.0,8.0],"to":[6.5,9.142858,9.142858],"rotation":{"angle":-22.5,"axis":"x","origin":[5.928571,8.0,8.0]},"faces":{"east":{"uv":[0.0,4.5,0.5,5.0],"rotation":0,"texture":"#0","tintindex":0},"south":{"uv":[1.25,4.5,1.5,5.0],"rotation":0,"texture":"#0","tintindex":0},"north":{"uv":[0.5,4.5,0.75,5.0],"rotation":0,"texture":"#0","tintindex":0},"west":{"uv":[0.75,4.5,1.25,5.0],"rotation":0,"texture":"#0","tintindex":0},"up":{"uv":[0.75,4.5,0.5,4.0],"rotation":0,"texture":"#0","tintindex":0},"down":{"uv":[1.0,4.0,0.75,4.5],"rotation":0,"texture":"#0","tintindex":0}}}],"display":{"head":{"translation":[0.0,-6.4,0.0],"scale":[4.0,4.0,4.0]}}}