{
    "providers": [
        {
            "type": "bitmap",
            "file": "1.jpg",
            "ascent": 120,
            "height": 120,
            "chars": ["5"
            ]
        },
        {
            "type": "bitmap",
            "file": "2.jpg",
            "ascent": 120,
            "height": 120,
            "chars": ["4"
            ]
        },
        {
            "type": "bitmap",
            "file": "3.jpg",
            "ascent": 120,
            "height": 120,
            "chars": ["3"
            ]
        },
        {
            "type": "bitmap",
            "file": "4.jpg",
            "ascent": 120,
            "height": 120,
            "chars": ["2"
            ]
        },
        {
            "type": "bitmap",
            "file": "5.jpg",
            "ascent": 120,
            "height": 120,
            "chars": ["1"
            ]
        },
        {
            "type": "bitmap",
            "file": "6.jpg",
            "ascent": 120,
            "height": 120,
            "chars": ["z"
            ]
        },
        {
            "type": "bitmap",
            "file": "7.jpg",
            "ascent": 120,
            "height": 120,
            "chars": ["y"
            ]
        },
        {
            "type": "bitmap",
            "file": "8.jpg",
            "ascent": 120,
            "height": 120,
            "chars": ["x"
            ]
        },
        {
            "type": "bitmap",
            "file": "9.jpg",
            "ascent": 120,
            "height": 120,
            "chars": ["w"
            ]
        },
        {
            "type": "bitmap",
            "file": "10.jpg",
            "ascent": 120,
            "height": 120,
            "chars": ["v"
            ]
        },
        {
            "type": "bitmap",
            "file": "11.jpg",
            "ascent": 120,
            "height": 120,
            "chars": ["u"
            ]
        },
        {
            "type": "bitmap",
            "file": "12.jpg",
            "ascent": 120,
            "height": 120,
            "chars": ["t"
            ]
        },
        {
            "type": "bitmap",
            "file": "13.jpg",
            "ascent": 120,
            "height": 120,
            "chars": ["s"
            ]
        },
        {
            "type": "bitmap",
            "file": "14.jpg",
            "ascent": 120,
            "height": 120,
            "chars": ["r"
            ]
        },
        {
            "type": "bitmap",
            "file": "15.jpg",
            "ascent": 120,
            "height": 120,
            "chars": ["q"
            ]
        },
        {
            "type": "bitmap",
            "file": "16.jpg",
            "ascent": 120,
            "height": 120,
            "chars": ["p"
            ]
        },
        {
            "type": "bitmap",
            "file": "17.jpg",
            "ascent": 120,
            "height": 120,
            "chars": ["o"
            ]
        },
        {
            "type": "bitmap",
            "file": "18.jpg",
            "ascent": 120,
            "height": 120,
            "chars": ["ñ"
            ]
        },
        {
            "type": "bitmap",
            "file": "19.jpg",
            "ascent": 120,
            "height": 120,
            "chars": ["n"
            ]
        },
        {
            "type": "bitmap",
            "file": "20.jpg",
            "ascent": 120,
            "height": 120,
            "chars": ["m"
            ]
        },
        {
            "type": "bitmap",
            "file": "21.jpg",
            "ascent": 120,
            "height": 120,
            "chars": ["l"
            ]
        },
        {
            "type": "bitmap",
            "file": "22.jpg",
            "ascent": 120,
            "height": 120,
            "chars": ["k"
            ]
        },
        {
            "type": "bitmap",
            "file": "23.jpg",
            "ascent": 120,
            "height": 120,
            "chars": ["j"
            ]
        },
        {
            "type": "bitmap",
            "file": "24.jpg",
            "ascent": 120,
            "height": 120,
            "chars": ["i"
            ]
        },
        {
            "type": "bitmap",
            "file": "25.jpg",
            "ascent": 120,
            "height": 120,
            "chars": ["h"
            ]
        },
        {
            "type": "bitmap",
            "file": "26.jpg",
            "ascent": 120,
            "height": 120,
            "chars": ["g"
            ]
        },
        {
            "type": "bitmap",
            "file": "27.jpg",
            "ascent": 120,
            "height": 120,
            "chars": ["f"
            ]
        },
        {
            "type": "bitmap",
            "file": "28.jpg",
            "ascent": 120,
            "height": 120,
            "chars": ["e"
            ]
        },
        {
            "type": "bitmap",
            "file": "29.jpg",
            "ascent": 120,
            "height": 120,
            "chars": ["d"
            ]
        },
        {
            "type": "bitmap",
            "file": "30.jpg",
            "ascent": 120,
            "height": 120,
            "chars": ["c"
            ]
        },
        {
            "type": "bitmap",
            "file": "31.png",
            "ascent": 120,
            "height": 120,
            "chars": ["b"
            ]
        },
        {
            "type": "bitmap",
            "file": "32.png",
            "ascent": 120,
            "height": 120,
            "chars": ["a"
            ]
        }
    ]
}