{
    "sven.yalosabras": {
        "sounds": [
            "sven/yalosabras"
        ]
    },
    "sven.wololo": {
        "sounds": [
            "sven/wololo"
        ]
    },
    "sven.wachichau": {
        "sounds": [
            "sven/wachichau"
        ]
    },
    "sven.arrastrandose": {
        "sounds": [
            "sven/vuelve"
        ]
    },
    "sven.vivo": {
        "sounds": [
            "sven/vivo"
        ]
    },
    "sven.vetevete": {
        "sounds": [
            "sven/vetevete"
        ]
    },
    "sven.vete": {
        "sounds": [
            "sven/vete"
        ]
    },
    "sven.verga": {
        "sounds": [
            "sven/verga"
        ]
    },
    "sven.tuturu": {
        "sounds": [
            "sven/tuturu"
        ]
    },
    "sven.trucazo": {
        "sounds": [
            "sven/trucazo"
        ]
    },
    "sven.tranquilo": {
        "sounds": [
            "sven/tranquilo"
        ]
    },
    "sven.todotermino": {
        "sounds": [
            "sven/todotermino"
        ]
    },
    "sven.toalla": {
        "sounds": [
            "sven/toalla"
        ]
    },
    "sven.soquetes": {
        "sounds": [
            "sven/soquetes"
        ]
    },
    "sven.significa": {
        "sounds": [
            "sven/significa"
        ]
    },
    "sven.shushushu": {
        "sounds": [
            "sven/shushushu"
        ]
    },
    "sven.sechufalo": {
        "sounds": [
            "sven/sechufalo"
        ]
    },
    "sven.sacamefoto": {
        "sounds": [
            "sven/sacamefoto"
        ]
    },
    "sven.sape": {
        "sounds": [
            "sven/sape"
        ]
    },
    "sven.roudabout": {
        "sounds": [
            "sven/roudabout"
        ]
    },
    "sven.ripp": {
        "sounds": [
            "sven/ripp"
        ]
    },
    "sven.rata": {
        "sounds": [
            "sven/rata"
        ]
    },
    "sven.queriko": {
        "sounds": [
            "sven/queriko"
        ]
    },
    "sven.putas": {
        "sounds": [
            "sven/putas"
        ]
    },
    "sven.presionando": {
        "sounds": [
            "sven/presionando"
        ]
    },
    "sven.potencia": {
        "sounds": [
            "sven/potencia"
        ]
    },
    "sven.placer": {
        "sounds": [
            "sven/placer"
        ]
    },
    "sven.perdon": {
        "sounds": [
            "sven/perdon"
        ]
    },
    "sven.pedazo": {
        "sounds": [
            "sven/pedazo"
        ]
    },
    "sven.pavo": {
        "sounds": [
            "sven/pavo"
        ]
    },
    "sven.ohno": {
        "sounds": [
            "sven/ohno"
        ]
    },
    "sven.ogt": {
        "sounds": [
            "sven/ogt"
        ]
    },
    "sven.obvio": {
        "sounds": [
            "sven/obvio"
        ]
    },
    "sven.obligame": {
        "sounds": [
            "sven/obligame"
        ]
    },
    "sven.noloentiendos": {
        "sounds": [
            "sven/noloentiendos"
        ]
    },
    "sven.nochecalurosa": {
        "sounds": [
            "sven/nochecalurosa"
        ]
    },
    "sven.nepslap": {
        "sounds": [
            "sven/nepslap"
        ]
    },
    "sven.negros2": {
        "sounds": [
            "sven/negros2"
        ]
    },
    "sven.negros": {
        "sounds": [
            "sven/negros"
        ]
    },
    "sven.muerto": {
        "sounds": [
            "sven/muerto"
        ]
    },
    "sven.morcilla": {
        "sounds": [
            "sven/morcilla"
        ]
    },
    "sven.miguel": {
        "sounds": [
            "sven/miguel"
        ]
    },
    "sven.mierda": {
        "sounds": [
            "sven/mierda"
        ]
    },
    "sven.meaburro": {
        "sounds": [
            "sven/meaburro"
        ]
    },
    "sven.matematicas": {
        "sounds": [
            "sven/matematicas"
        ]
    },
    "sven.marica": {
        "sounds": [
            "sven/marica"
        ]
    },
    "sven.manosear": {
        "sounds": [
            "sven/manosear"
        ]
    },
    "sven.malo": {
        "sounds": [
            "sven/malo"
        ]
    },
    "sven.maldita": {
        "sounds": [
            "sven/maldita"
        ]
    },
    "sven.loco": {
        "sounds": [
            "sven/loco"
        ]
    },
    "sven.libertad": {
        "sounds": [
            "sven/libertad"
        ]
    },
    "sven.lechero": {
        "sounds": [
            "sven/lechero"
        ]
    },
    "sven.kombat": {
        "sounds": [
            "sven/kombat"
        ]
    },
    "sven.jumper": {
        "sounds": [
            "sven/jumper"
        ]
    },
    "sven.jojo": {
        "sounds": [
            "sven/jojo"
        ]
    },
    "sven.joder": {
        "sounds": [
            "sven/joder"
        ]
    },
    "sven.jhonny": {
        "sounds": [
            "sven/jhonny"
        ]
    },
    "sven.iremos": {
        "sounds": [
            "sven/iremos"
        ]
    },
    "sven.imprenta": {
        "sounds": [
            "sven/imprenta"
        ]
    },
    "sven.hahaha": {
        "sounds": [
            "sven/hahaha"
        ]
    },
    "sven.fail": {
        "sounds": [
            "sven/fail2",
            "sven/fail2"
        ]
    },
    "sven.directed": {
        "sounds": [
            "sven/directed"
        ]
    },
    "sven.damedane": {
        "sounds": [
            "sven/damedane"
        ]
    },
    "sven.cumbia": {
        "sounds": [
            "sven/cumbia"
        ]
    },
    "sven.conectado": {
        "sounds": [
            "sven/conectado"
        ]
    },
    "sven.comohayquehacer": {
        "sounds": [
            "sven/comohayquehacer"
        ]
    },
    "sven.callate": {
        "sounds": [
            "sven/callate"
        ]
    },
    "sven.buttercup": {
        "sounds": [
            "sven/buttercup"
        ]
    },
    "sven.bulto": {
        "sounds": [
            "sven/bulto"
        ]
    },
    "sven.ay": {
        "sounds": [
            "sven/ay"
        ]
    },
    "sven.atreves": {
        "sounds": [
            "sven/atreves"
        ]
    },
    "sven.aprende": {
        "sounds": [
            "sven/aprend"
        ]
    },
    "sven.amorsalvaje": {
        "sounds": [
            "sven/amorsalvaje"
        ]
    },
    "sven.ajja": {
        "sounds": [
            "sven/ajja"
        ]
    },
    "sven.ajaja": {
        "sounds": [
            "sven/ajaja"
        ]
    },
    "sven.ahilotenes": {
        "sounds": [
            "sven/ahilotenes"
        ]
    },
    "sven.aguafiestas": {
        "sounds": [
            "sven/aguafiestas"
        ]
    },
    "sven.seacabo": {
        "sounds": [
            "sven/acabo"
        ]
    },
    "sven.zzz": {
        "sounds": [
            "sven/zzz"
        ]
    },
    "sven.xiao": {
        "sounds": [
            "sven/xiao"
        ]
    },
    "sven.what": {
        "sounds": [
            "sven/what"
        ]
    },
    "sven.wewewe": {
        "sounds": [
            "sven/wewewe"
        ]
    },
    "sven.welcum": {
        "sounds": [
            "sven/welcum"
        ]
    },
    "sven.wazzup": {
        "sounds": [
            "sven/wazzup"
        ]
    },
    "sven.uoh": {
        "sounds": [
            "sven/uoh"
        ]
    },
    "sven.tpd": {
        "sounds": [
            "sven/tp"
        ]
    },
    "sven.talala": {
        "sounds": [
            "sven/talala"
        ]
    },
    "sven.sad": {
        "sounds": [
            "sven/sad"
        ]
    },
    "sven.putin": {
        "sounds": [
            "sven/putin"
        ]
    },
    "sven.presidente": {
        "sounds": [
            "sven/presidente"
        ]
    },
    "sven.poder_dormir": {
        "sounds": [
            "sven/poder_dormir"
        ]
    },
    "sven.pensalo": {
        "sounds": [
            "sven/pensalo"
        ]
    },
    "sven.ohh": {
        "sounds": [
            "sven/ohh"
        ]
    },
    "sven.oda": {
        "sounds": [
            "sven/oda"
        ]
    },
    "sven.mimimi": {
        "sounds": [
            "sven/mimimi"
        ]
    },
    "sven.izi": {
        "sounds": [
            "sven/izi"
        ]
    },
    "sven.gtasa": {
        "sounds": [
            "sven/gtasa"
        ]
    },
    "sven.despertate": {
        "sounds": [
            "sven/despertate"
        ]
    },
    "sven.chino": {
        "sounds": [
            "sven/chino"
        ]
    },
    "sven.chf": {
        "sounds": [
            "sven/chf"
        ]
    },
    "sven.calm": {
        "sounds": [
            "sven/calm"
        ]
    },
    "sven.a": {
        "sounds": [
            "sven/a"
        ]
    },
    "sven.boss": {
        "sounds": [
            "sven/boss"
        ]
    },
    "sven.dbgt_ending": {
        "sounds": [{
        "stream": "true",
        "name": "sven/dbgt_ending"
        }
        ]
    },
    "sven.spin": {
        "sounds": [
            "sven/spin"
        ]
    },
    "sven.heart": {
        "sounds": [
            "sven/heart1",
            "sven/heart2"
        ]
    },
    "sven.mendigo": {
        "sounds": [
            "sven/mendigo"
        ]
    },
    "sven.merio": {
        "sounds": [
            "sven/merio"
        ]
    },
    "sven.tutuu": {
        "sounds": [
            "sven/tutuu"
        ]
    },
    "sven.turndown": {
        "sounds": [
            "sven/turndown"
        ]
    },
    "sven.suu": {
        "sounds": [
            "sven/suu"
        ]
    },
    "sven.salta": {
        "sounds": [
            "sven/salta"
        ]
    },
    "sven.rick": {
        "sounds": [
            "sven/rick"
        ]
    },
    "sven.piumz": {
        "sounds": [
            "sven/piumz"
        ]
    },
    "sven.pipipi": {
        "sounds": [
            "sven/pipipi"
        ]
    },
    "sven.piii": {
        "sounds": [
            "sven/piii"
        ]
    },
    "sven.ohohoh": {
        "sounds": [
            "sven/ohohoh"
        ]
    },
    "sven.noquiero": {
        "sounds": [
            "sven/noquiero"
        ]
    },
    "sven.noo": {
        "sounds": [
            "sven/noo"
        ]
    },
    "sven.nanana": {
        "sounds": [
            "sven/nanana"
        ]
    },
    "sven.musiquita": {
        "sounds": [
            "sven/musiquita"
        ]
    },
    "sven.movimiento0": {
        "sounds": [
            "sven/movimiento1",
            "sven/movimiento2"
        ]
    },
    "sven.movimiento": {
        "sounds": [
            "sven/movimiento"
        ]
    },
    "sven.mata": {
        "sounds": [
            "sven/mata"
        ]
    },
    "sven.larara": {
        "sounds": [
            "sven/larara"
        ]
    },
    "sven.lalara": {
        "sounds": [
            "sven/lalara"
        ]
    },
    "sven.laburar": {
        "sounds": [
            "sven/laburar"
        ]
    },
    "sven.khe": {
        "sounds": [
            "sven/khe"
        ]
    },
    "sven.ilari": {
        "sounds": [
            "sven/ilari"
        ]
    },
    "sven.haha": {
        "sounds": [
            "sven/haha"
        ]
    },
    "sven.gil": {
        "sounds": [
            "sven/gil"
        ]
    },
    "sven.fuaaa": {
        "sounds": [
            "sven/fuaaa"
        ]
    },
    "sven.fuaa": {
        "sounds": [
            "sven/fuaa"
        ]
    },
    "sven.fua": {
        "sounds": [
            "sven/fua"
        ]
    },
    "sven.cri": {
        "sounds": [
            "sven/cri"
        ]
    },
    "sven.crabdance": {
        "sounds": [
            "sven/crabdance"
        ]
    },
    "sven.cmurio": {
        "sounds": [
            "sven/cmurio"
        ]
    },
    "sven.chispotio": {
        "sounds": [
            "sven/chispotio"
        ]
    },
    "sven.casa": {
        "sounds": [
            "sven/casa"
        ]
    },
    "sven.callense": {
        "sounds": [
            "sven/callense"
        ]
    },
    "sven.ban": {
        "sounds": [
            "sven/ban"
        ]
    },
    "sven.armen": {
        "sounds": [
            "sven/armen"
        ]
    },
    "sven.arda": {
        "sounds": [
            "sven/arda"
        ]
    },
    "sven.ahhh": {
        "sounds": [
            "sven/ahhh"
        ]
    },
    "sven.adios": {
        "sounds": [
            "sven/adios"
        ]
    },
    "sven.aah": {
        "sounds": [
            "sven/aah"
        ]
    },
    "sven.accessdenied": {
        "sounds": [
            "sven/accessdenied"
        ]
    },
    "sven.ak47s": {
        "sounds": [
            "sven/ak47s"
        ]
    },
    "sven.allah": {
        "sounds": [
            "sven/allah"
        ]
    },
    "sven.applause": {
        "sounds": [
            "sven/applause"
        ]
    },
    "sven.aww": {
        "sounds": [
            "sven/aww"
        ]
    },
    "sven.bombplanted": {
        "sounds": [
            "sven/bombplanted"
        ]
    },
    "sven.burp": {
        "sounds": [
            "sven/burp"
        ]
    },
    "sven.cof": {
        "sounds": [
            "sven/cof"
        ]
    },
    "sven.coverme": {
        "sounds": [
            "sven/coverme"
        ]
    },
    "sven.dale": {
        "sounds": [
            "sven/dale"
        ]
    },
    "sven.doh": {
        "sounds": [
            "sven/doh"
        ]
    },
    "sven.ey": {
        "sounds": [
            "sven/ey"
        ]
    },
    "sven.fireinhole": {
        "sounds": [
            "sven/fireinhole"
        ]
    },
    "sven.gogogo": {
        "sounds": [
            "sven/gogogo"
        ]
    },
    "sven.greetings": {
        "sounds": [
            "sven/greetings"
        ]
    },
    "sven.hax": {
        "sounds": [
            "sven/hax"
        ]
    },
    "sven.helpme_nigga": {
        "sounds": [
            "sven/helpme_nigga"
        ]
    },
    "sven.hurra": {
        "sounds": [
            "sven/hurra"
        ]
    },
    "sven.iphone": {
        "sounds": [
            "sven/iphone"
        ]
    },
    "sven.iwantdrugs": {
        "sounds": [
            "sven/iwantdrugs"
        ]
    },
    "sven.kiss": {
        "sounds": [
            "sven/kiss"
        ]
    },
    "sven.letmein": {
        "sounds": [
            "sven/letmein"
        ]
    },
    "sven.letsgo": {
        "sounds": [
            "sven/letsgo"
        ]
    },
    "sven.medic": {
        "sounds": [
            "sven/medic"
        ]
    },
    "sven.mgalert": {
        "sounds": [
            "sven/mgalert"
        ]
    },
    "sven.mmm": {
        "sounds": [
            "sven/mmm"
        ]
    },
    "sven.nani": {
        "sounds": [
            "sven/nani"
        ]
    },
    "sven.nyannyan": {
        "sounds": [
            "sven/nyannyan"
        ]
    },
    "sven.ohbanana": {
        "sounds": [
            "sven/ohbanana"
        ]
    },
    "sven.ohhayo": {
        "sounds": [
            "sven/ohhayo"
        ]
    },
    "sven.ohmygah": {
        "sounds": [
            "sven/ohmygah"
        ]
    },
    "sven.ohshit": {
        "sounds": [
            "sven/ohshit"
        ]
    },
    "sven.omae": {
        "sounds": [
            "sven/omae"
        ]
    },
    "sven.omg": {
        "sounds": [
            "sven/omg"
        ]
    },
    "sven.oneshot": {
        "sounds": [
            "sven/oneshot"
        ]
    },
    "sven.oops": {
        "sounds": [
            "sven/oops"
        ]
    },
    "sven.pacman": {
        "sounds": [
            "sven/pacman"
        ]
    },
    "sven.pedo": {
        "sounds": [
            "sven/pedo1",
            "sven/pedo2"
        ]
    },
    "sven.punch": {
        "sounds": [
            "sven/punch"
        ]
    },
    "sven.cuack": {
        "sounds": [
            "sven/cuack"
        ]
    },
    "sven.retard": {
        "sounds": [
            "sven/retard"
        ]
    },
    "sven.rip": {
        "sounds": [
            "sven/rip"
        ]
    },
    "sven.rlly_nigga": {
        "sounds": [
            "sven/rlly_nigga"
        ]
    },
    "sven.slap": {
        "sounds": [
            "sven/slap"
        ]
    },
    "sven.surprise": {
        "sounds": [
            "sven/surprise"
        ]
    },
    "sven.tamtamtam": {
        "sounds": [
            "sven/tamtamtam"
        ]
    },
    "sven.thug": {
        "sounds": [
            "sven/thug"
        ]
    },
    "sven.trap": {
        "sounds": [
            "sven/trap"
        ]
    },
    "sven.victory": {
        "sounds": [
            "sven/victory"
        ]
    },
    "sven.whyumad": {
        "sounds": [
            "sven/whyumad"
        ]
    },
    "sven.xfiles": {
        "sounds": [
            "sven/xfiles"
        ]
    },
    "sven.yawn": {
        "sounds": [
            "sven/yawn"
        ]
    },
    "sven.yay": {
        "sounds": [
            "sven/yay"
        ]
    },
    "sven.yes_daddy": {
        "sounds": [
            "sven/yes_daddy"
        ]
    },
    "sven.yes_sir": {
        "sounds": [
            "sven/yes_sir"
        ]
    },
    "sven.oof": {
        "sounds": [
            "sven/oof"
        ]
    },
    "sven.elmasperron": {
        "sounds": [
            "sven/elmasperron"
        ]
    },
    "sven.agarrate": {
        "sounds": [
            "sven/agarrate"
        ]
    },
    "sven.aliens": {
        "sounds": [
            "sven/aliens"
        ]
    },
    "sven.aiuda": {
        "sounds": [
            "sven/ayuda"
        ]
    },
    "sven.badum": {
        "sounds": [
            "sven/badum"
        ]
    },
    "sven.arrepentir": {
        "sounds": [
            "sven/arrepentir"
        ]
    },
    "sven.avalo": {
        "sounds": [
            "sven/bomba"
        ]
    },
    "sven.buu": {
        "sounds": [
            "sven/buu"
        ]
    },
    "sven.gameover": {
        "sounds": [
            "sven/gameover1",
            "sven/gameover2"
        ]
    },
    "sven.monkey": {
        "sounds": [
            "sven/monkey"
        ]
    },
    "sven.musica": {
        "sounds": [
            "sven/musica"
        ]
    },
    "sven.noomira": {
        "sounds": [
            "sven/noomira"
        ]
    },
    "sven.ohyeah": {
        "sounds": [
            "sven/ohyeah"
        ]
    },
    "sven.paraste": {
        "sounds": [
            "sven/paraste"
        ]
    },
    "sven.quienteconoce": {
        "sounds": [
            "sven/qtc"
        ]
    },
    "sven.saleel": {
        "sounds": [
            "sven/saleel"
        ]
    },
    "sven.upa": {
        "sounds": [
            "sven/upa"
        ]
    },
    "sven.cua": {
        "sounds": [
            "sven/cua"
        ]
    },
    "sven.muybien": {
        "sounds": [
            "sven/muybien"
        ]
    },
    "sven.wiz": {
        "sounds": [
            "sven/wiz"
        ]
    },
    "sven.sisi": {
        "sounds": [
            "sven/sisi"
        ]
    },
    "sven.quepaso": {
        "sounds": [
            "sven/quepaso"
        ]
    },
    "sven.quemal": {
        "sounds": [
            "sven/quemal"
        ]
    },
    "sven.quebien": {
        "sounds": [
            "sven/quebien"
        ]
    },
    "sven.perdido": {
        "sounds": [
            "sven/perdido"
        ]
    },
    "sven.pasaran": {
        "sounds": [
            "sven/pasaran"
        ]
    },
    "sven.nou": {
        "sounds": [
            "sven/nou"
        ]
    },
    "sven.nojuego": {
        "sounds": [
            "sven/nojuego"
        ]
    },
    "sven.muere": {
        "sounds": [
            "sven/muere"
        ]
    },
    "sven.marcianito": {
        "sounds": [
            "sven/marcianito"
        ]
    },
    "sven.marcho": {
        "sounds": [
            "sven/marcho"
        ]
    },
    "sven.mama": {
        "sounds": [
            "sven/mama"
        ]
    },
    "sven.malditamalditamaldita": {
        "sounds": [
            "sven/malditamaldita"
        ]
    },
    "sven.kulikitaka": {
        "sounds": [
            "sven/kulikitaka"
        ]
    },
    "sven.idiota": {
        "sounds": [
            "sven/idiota"
        ]
    },
    "sven.gracias": {
        "sounds": [
            "sven/gracias"
        ]
    },
    "sven.gana": {
        "sounds": [
            "sven/gana"
        ]
    },
    "sven.feo": {
        "sounds": [
            "sven/feo"
        ]
    },
    "sven.explica": {
        "sounds": [
            "sven/explica"
        ]
    },
    "sven.dota": {
        "sounds": [
            "sven/dota"
        ]
    },
    "sven.dorime": {
        "sounds": [
            "sven/dorime"
        ]
    },
    "sven.descontrolar": {
        "sounds": [
            "sven/descontrolar"
        ]
    },
    "sven.dejavu3": {
        "sounds": [
            "sven/dejavu3"
        ]
    },
    "sven.dejavu2": {
        "sounds": [
            "sven/dejavu2"
        ]
    },
    "sven.dejavu": {
        "sounds": [
            "sven/dejavu"
        ]
    },
    "sven.clarita": {
        "sounds": [
            "sven/clarita"
        ]
    },
    "sven.chau": {
        "sounds": [
            "sven/chau"
        ]
    },
    "sven.callese": {
        "sounds": [
            "sven/callese1",
            "sven/callese2"
        ]
    },
    "sven.melleva": {
        "sounds": [
            "sven/melleva"
        ]
    },
    "sven.basta": {
        "sounds": [
            "sven/basta"
        ]
    },
    "sven.babosos": {
        "sounds": [
            "sven/babosos"
        ]
    },
    "sven.agradable": {
        "sounds": [
            "sven/agradable"
        ]
    },
    "sven.minero": {
        "sounds": [
            "sven/minero"
        ]
    },
    "sven.aymama": {
        "sounds": [
            "sven/aymama"
        ]
    },
    "sven.dejavu4": {
        "sounds": [
            "sven/dejavu4"
        ]
    }
}