{"credit":"Made with Blockbench","display":{"fixed":{"rotation":[-90,0,0],"scale":[2,2,2],"translation":[0,0,-14]},"gui":{"rotation":[30,135,0],"scale":[0.55,0.55,0.55],"translation":[0,-2,0]},"head":{"rotation":[9,-180,0],"scale":[1.6,1.6,1.6],"translation":[0,-56.5,12.25]}},"elements":[{"faces":{"down":{"texture":"#0","uv":[0,6.5,7,7]},"east":{"texture":"#0","uv":[6.5,0,7,6.5]},"north":{"texture":"#0","uv":[0,0,7,6.5]},"south":{"texture":"#0","uv":[0,0,7,6.5]},"up":{"rotation":180,"texture":"#0","uv":[7,6.5,14,7]},"west":{"texture":"#0","uv":[0,0,0.5,6.5]}},"from":[1,3,1],"rotation":{"angle":0,"axis":"y","origin":[9,11,9]},"to":[15,16,2]},{"faces":{"down":{"texture":"#0","uv":[0.5,7,6.5,13]}},"from":[2,4,2],"rotation":{"angle":0,"axis":"y","origin":[10,12,10]},"to":[14,4,14]},{"faces":{"east":{"texture":"#0","uv":[7,7,14,8]},"north":{"texture":"#0","uv":[7,7,14,8]},"south":{"texture":"#0","uv":[7,7,14,8]},"west":{"texture":"#0","uv":[7,7,14,8]}},"from":[1,1,1],"rotation":{"angle":0,"axis":"y","origin":[9,9,9]},"to":[15,3,15]},{"faces":{"down":{"texture":"#0","uv":[0,7,0.5,13]},"east":{"texture":"#0","uv":[0.5,0,6.5,6.5]},"up":{"rotation":180,"texture":"#0","uv":[7,0.5,7.5,6.5]},"west":{"texture":"#0","uv":[0.5,0,6.5,6.5]}},"from":[14,3,2],"rotation":{"angle":0,"axis":"y","origin":[22,11,10]},"to":[15,16,14]},{"faces":{"down":{"texture":"#0","uv":[6.5,7,7,13]},"east":{"texture":"#0","uv":[0.5,0,6.5,6.5]},"up":{"texture":"#0","uv":[7,0.5,7.5,6.5]},"west":{"texture":"#0","uv":[0.5,0,6.5,6.5]}},"from":[1,3,2],"rotation":{"angle":0,"axis":"y","origin":[9,11,10]},"to":[2,16,14]},{"faces":{"down":{"texture":"#0","uv":[0,13,7,13.5]},"east":{"texture":"#0","uv":[0,0,0.5,6.5]},"north":{"texture":"#0","uv":[0,0,7,6.5]},"south":{"texture":"#0","uv":[0,0,7,6.5]},"up":{"rotation":180,"texture":"#0","uv":[7,6.5,14,7]},"west":{"texture":"#0","uv":[6.5,0,7,6.5]}},"from":[1,3,14],"rotation":{"angle":0,"axis":"y","origin":[9,11,22]},"to":[15,16,15]},{"faces":{"north":{"texture":"#0","uv":[11,8,12.5,11.5]},"south":{"texture":"#0","uv":[12.5,8,11,11.5]}},"from":[2.5,9,-1],"rotation":{"angle":22.5,"axis":"y","origin":[5.5,10.5,-1]},"to":[5.5,16,-1]},{"faces":{"north":{"texture":"#0","uv":[12.5,8,11,11.5]},"south":{"texture":"#0","uv":[11,8,12.5,11.5]}},"from":[10.5,9,-1],"rotation":{"angle":-22.5,"axis":"y","origin":[10.5,10.5,-1]},"to":[13.5,16,-1]},{"faces":{"east":{"texture":"#0","uv":[11,8,9.5,10.5]},"north":{"texture":"#0","uv":[7,9.5,9.5,12]},"south":{"texture":"#0","uv":[7,12,9.5,14.5]},"up":{"rotation":180,"texture":"#0","uv":[7,8,9.5,9.5]},"west":{"texture":"#0","uv":[9.5,8,11,10.5]}},"from":[5.5,6,-2.1],"rotation":{"angle":0,"axis":"y","origin":[13,14,6]},"to":[10.5,11,0.9]},{"faces":{"down":{"rotation":180,"texture":"#0","uv":[7,8,9.5,9.5]},"east":{"rotation":180,"texture":"#0","uv":[11,8,9.5,10.5]},"north":{"rotation":180,"texture":"#0","uv":[7,12,9.5,14.5]},"south":{"rotation":180,"texture":"#0","uv":[7,9.5,9.5,12]},"west":{"rotation":180,"texture":"#0","uv":[9.5,8,11,10.5]}},"from":[10.5,11,0.9],"rotation":{"angle":0,"axis":"y","origin":[18,19,9]},"to":[5.5,6,-2.1]},{"faces":{"east":{"rotation":90,"texture":"#0","uv":[14,0,15.5,8]},"north":{"rotation":90,"texture":"#0","uv":[14,2,15.5,9]},"south":{"rotation":90,"texture":"#0","uv":[14,2,15.5,9]},"west":{"rotation":90,"texture":"#0","uv":[14,0,15.5,8]}},"from":[0.75,9.75,-0.25],"rotation":{"angle":-22.5,"axis":"x","origin":[8,11.5,8]},"to":[15.25,13.25,16.25]},{"faces":{"east":{"rotation":270,"texture":"#0","uv":[14,0,15.5,8]},"north":{"rotation":270,"texture":"#0","uv":[14,2,15.5,9]},"south":{"rotation":270,"texture":"#0","uv":[14,2,15.5,9]},"west":{"rotation":270,"texture":"#0","uv":[14,0,15.5,8]}},"from":[15.25,13.25,16.25],"rotation":{"angle":-22.5,"axis":"x","origin":[8,11.5,8]},"to":[0.75,9.75,-0.25]},{"faces":{"up":{"texture":"#0","tintindex":0,"uv":[7.5,0.5,13.5,6.5]}},"from":[2,15,2],"rotation":{"angle":0,"axis":"y","origin":[10,23,10]},"to":[14,15,14]},{"faces":{"east":{"rotation":180,"texture":"#0","tintindex":0,"uv":[11,0.5,11.5,4.5]},"up":{"texture":"#0","tintindex":0,"uv":[10.5,1.5,11,2]},"west":{"rotation":180,"texture":"#0","tintindex":0,"uv":[11,0.5,11.5,4.5]}},"from":[0.9,7.9,6.9],"rotation":{"angle":0,"axis":"x","origin":[9,16,15]},"to":[2.1,16.1,8.1]},{"faces":{"east":{"rotation":180,"texture":"#0","tintindex":0,"uv":[11,0.5,11.5,3]},"up":{"texture":"#0","tintindex":0,"uv":[10.5,1.5,11,2]},"west":{"rotation":180,"texture":"#0","tintindex":0,"uv":[11,0.5,11.5,3]}},"from":[0.9,10.9,9.9],"rotation":{"angle":0,"axis":"x","origin":[9,19,18]},"to":[2.1,16.1,11.1]},{"faces":{"east":{"texture":"#1","tintindex":0,"uv":[0,0,16,16]},"west":{"texture":"#1","tintindex":0,"uv":[0,0,16,16]}},"from":[8,15,0],"rotation":{"angle":-45,"axis":"y","origin":[8,15,8]},"to":[8,31,16]},{"faces":{"north":{"texture":"#1","tintindex":0,"uv":[0,0,16,16]},"south":{"texture":"#1","tintindex":0,"uv":[0,0,16,16]}},"from":[0,15,8],"rotation":{"angle":-45,"axis":"y","origin":[8,15,8]},"to":[16,31,8]},{"faces":{"east":{"rotation":180,"texture":"#0","tintindex":0,"uv":[11,0.5,11.5,3]},"up":{"texture":"#0","tintindex":0,"uv":[10.5,1.5,11,2]},"west":{"rotation":180,"texture":"#0","tintindex":0,"uv":[11,0.5,11.5,3]}},"from":[13.9,10.9,3.9],"rotation":{"angle":0,"axis":"x","origin":[22,19,12]},"to":[15.1,16.1,5.1]}],"groups":[{"children":[0,1,2,3,4,5],"name":"group","origin":[9,8,22]},{"children":[6,7,8,9],"name":"group","origin":[13,14,6]},10,11,{"children":[12,13,14,15,16,17],"name":"group","origin":[22,19,12]}],"texture_size":[32,32],"textures":{"0":"custom/cosmetics/witch/witch_cauldron","1":"custom/cosmetics/witch/witch_cauldron_bubbles","particle":"custom/cosmetics/witch/witch_cauldron"}}