{"credit":"Made with Blockbench","display":{"gui":{"scale":[0.48,0.48,0.48],"translation":[0,1,0]},"head":{"rotation":[-6,0,0],"scale":[1.61,1.61,1.61],"translation":[0,-48.5,6]}},"elements":[{"faces":{"north":{"texture":"#0","uv":[0.75,2,0.25,11]},"south":{"texture":"#0","uv":[0.25,2,0.75,11]}},"from":[7,-16,8],"rotation":{"angle":45,"axis":"z","origin":[8,5.66667,7]},"to":[9,20,8]},{"faces":{"east":{"texture":"#0","uv":[0.25,0,0.75,1.75]},"north":{"texture":"#0","uv":[0.25,0,0.75,1.75]},"south":{"texture":"#0","uv":[0.25,0,0.75,1.75]},"up":{"texture":"#0","uv":[0.5,0,0.75,0.25]},"west":{"texture":"#0","uv":[0.25,0,0.75,1.75]}},"from":[7,21,7],"rotation":{"angle":45,"axis":"z","origin":[8,5.66667,7]},"to":[9,28,9]},{"faces":{"down":{"texture":"#0","uv":[0.75,0,1.75,1]},"east":{"texture":"#0","uv":[0,1.75,1,2]},"north":{"texture":"#0","uv":[0,1.75,1,2]},"south":{"texture":"#0","uv":[0,1.75,1,2]},"up":{"texture":"#0","uv":[0.75,0,1.75,1]},"west":{"texture":"#0","uv":[0,1.75,1,2]}},"from":[6,20,6],"rotation":{"angle":45,"axis":"z","origin":[8,5.66667,7]},"to":[10,21,10]},{"faces":{"north":{"texture":"#0","uv":[0.75,2,0.25,11]},"south":{"texture":"#0","uv":[0.25,2,0.75,11]}},"from":[7,-16,8],"rotation":{"angle":-45,"axis":"z","origin":[8,5.66667,7]},"to":[9,20,8]},{"faces":{"east":{"texture":"#0","uv":[0.25,0,0.75,1.75]},"north":{"texture":"#0","uv":[0.25,0,0.75,1.75]},"south":{"texture":"#0","uv":[0.25,0,0.75,1.75]},"up":{"texture":"#0","uv":[0.5,0,0.75,0.25]},"west":{"texture":"#0","uv":[0.25,0,0.75,1.75]}},"from":[7,21,7],"rotation":{"angle":-45,"axis":"z","origin":[8,5.66667,7]},"to":[9,28,9]},{"faces":{"down":{"texture":"#0","uv":[0.75,0,1.75,1]},"east":{"texture":"#0","uv":[0,1.75,1,2]},"north":{"texture":"#0","uv":[0,1.75,1,2]},"south":{"texture":"#0","uv":[0,1.75,1,2]},"up":{"texture":"#0","uv":[0.75,0,1.75,1]},"west":{"texture":"#0","uv":[0,1.75,1,2]}},"from":[6,20,6],"rotation":{"angle":-45,"axis":"z","origin":[8,5.66667,7]},"to":[10,21,10]},{"faces":{"north":{"texture":"#0","uv":[1,1,5,6]},"south":{"texture":"#0","uv":[1,1,5,6]}},"from":[0,-9,9],"to":[16,11,9]},{"faces":{"down":{"texture":"#0","uv":[1.75,0.75,6.25,1]},"east":{"texture":"#0","uv":[6,0.5,6.25,1]},"north":{"texture":"#0","uv":[1.75,0.5,6.25,1]},"south":{"texture":"#0","uv":[1.75,0.5,6.25,1]},"up":{"texture":"#0","uv":[1.75,0,6.25,0.5]},"west":{"texture":"#0","uv":[6,0.5,6.25,1]}},"from":[-1,11,7],"to":[17,13,9]}],"groups":[{"children":[0,1,2],"name":"group","origin":[0,0,0]},{"children":[3,4,5],"name":"group","origin":[0,0,0]},6,7],"texture_size":[64,64],"textures":{"0":"custom/cosmetics/samurai/samurai_swords","particle":"custom/cosmetics/samurai/samurai_swords"}}