{"textures":{"0":"modelengine:entity/medusa_bow","2":"modelengine:entity/medusa_arrow"},"elements":[{"from":[7.584494,5.825577,5.9733377],"to":[8.155923,6.9684343,9.973338],"rotation":{"angle":0.0,"axis":"y","origin":[-3.325779,6.4356456,11.542861]},"faces":{"east":{"uv":[6.5,4.0,8.25,4.5],"rotation":0,"texture":"#0","tintindex":0},"south":{"uv":[2.0,6.5,2.25,7.0],"rotation":0,"texture":"#0","tintindex":0},"north":{"uv":[2.0,6.0,2.25,6.5],"rotation":0,"texture":"#0","tintindex":0},"west":{"uv":[2.0,7.0,3.75,7.5],"rotation":0,"texture":"#0","tintindex":0},"up":{"uv":[6.75,9.0,6.5,7.25],"rotation":0,"texture":"#0","tintindex":0},"down":{"uv":[7.0,7.25,6.75,9.0],"rotation":0,"texture":"#0","tintindex":0}}},{"from":[7.013066,5.2541485,1.9733377],"to":[8.727351,7.5398626,5.9733377],"rotation":{"angle":0.0,"axis":"y","origin":[-3.325779,6.4356456,11.542861]},"faces":{"east":{"uv":[4.5,4.5,6.25,5.5],"rotation":0,"texture":"#0","tintindex":0},"south":{"uv":[5.0,7.25,5.75,8.25],"rotation":0,"texture":"#0","tintindex":0},"north":{"uv":[4.25,7.25,5.0,8.25],"rotation":0,"texture":"#0","tintindex":0},"west":{"uv":[4.75,0.0,6.5,1.0],"rotation":0,"texture":"#0","tintindex":0},"up":{"uv":[5.25,7.25,4.5,5.5],"rotation":0,"texture":"#0","tintindex":0},"down":{"uv":[6.0,5.5,5.25,7.25],"rotation":0,"texture":"#0","tintindex":0}}},{"from":[7.013066,3.5398626,3.1161947],"to":[8.727351,5.2541485,4.8304806],"rotation":{"angle":0.0,"axis":"y","origin":[-3.325779,6.4356456,11.542861]},"faces":{"east":{"uv":[7.5,1.75,8.25,2.5],"rotation":0,"texture":"#0","tintindex":0},"south":{"uv":[2.0,7.5,2.75,8.25],"rotation":0,"texture":"#0","tintindex":0},"north":{"uv":[7.5,1.0,8.25,1.75],"rotation":0,"texture":"#0","tintindex":0},"west":{"uv":[7.5,2.5,8.25,3.25],"rotation":0,"texture":"#0","tintindex":0},"up":{"uv":[3.5,8.25,2.75,7.5],"rotation":0,"texture":"#0","tintindex":0},"down":{"uv":[8.25,3.25,7.5,4.0],"rotation":0,"texture":"#0","tintindex":0}}},{"from":[7.013066,5.706343,-1.5033207],"to":[8.727351,7.992058,3.068108],"rotation":{"angle":22.5,"axis":"x","origin":[8.388508,8.232137,1.3840542]},"faces":{"east":{"uv":[4.5,2.5,6.5,3.5],"rotation":0,"texture":"#0","tintindex":0},"south":{"uv":[7.5,0.0,8.25,1.0],"rotation":0,"texture":"#0","tintindex":0},"north":{"uv":[5.75,7.25,6.5,8.25],"rotation":0,"texture":"#0","tintindex":0},"west":{"uv":[4.5,3.5,6.5,4.5],"rotation":0,"texture":"#0","tintindex":0},"up":{"uv":[3.75,7.0,3.0,5.0],"rotation":0,"texture":"#0","tintindex":0},"down":{"uv":[4.5,5.0,3.75,7.0],"rotation":0,"texture":"#0","tintindex":0}}},{"from":[7.29878,7.757993,-3.3793306],"to":[8.441637,9.472279,0.62066936],"rotation":{"angle":45.0,"axis":"x","origin":[8.388508,10.846115,-1.7254047]},"faces":{"east":{"uv":[6.0,5.5,7.75,6.25],"rotation":0,"texture":"#0","tintindex":0},"south":{"uv":[0.0,7.75,0.5,8.5],"rotation":0,"texture":"#0","tintindex":0},"north":{"uv":[7.5,7.0,8.0,7.75],"rotation":0,"texture":"#0","tintindex":0},"west":{"uv":[6.25,4.5,8.0,5.25],"rotation":0,"texture":"#0","tintindex":0},"up":{"uv":[4.25,8.75,3.75,7.0],"rotation":0,"texture":"#0","tintindex":0},"down":{"uv":[7.5,6.25,7.0,8.0],"rotation":0,"texture":"#0","tintindex":0}}},{"from":[6.727351,7.186565,-5.665045],"to":[9.013065,9.472279,-3.3793306],"rotation":{"angle":45.0,"axis":"x","origin":[8.388508,10.846115,-1.7254047]},"faces":{"east":{"uv":[6.5,0.0,7.5,1.0],"rotation":0,"texture":"#0","tintindex":0},"south":{"uv":[6.5,1.0,7.5,2.0],"rotation":0,"texture":"#0","tintindex":0},"north":{"uv":[6.0,6.25,7.0,7.25],"rotation":0,"texture":"#0","tintindex":0},"west":{"uv":[6.5,2.0,7.5,3.0],"rotation":0,"texture":"#0","tintindex":0},"up":{"uv":[7.5,4.0,6.5,3.0],"rotation":0,"texture":"#0","tintindex":0},"down":{"uv":[1.0,6.75,0.0,7.75],"rotation":0,"texture":"#0","tintindex":0}}},{"from":[8.727351,2.9684343,4.8304806],"to":[10.441637,7.5398626,11.116196],"rotation":{"angle":0.0,"axis":"y","origin":[-3.325779,6.4356456,11.542861]},"faces":{"east":{"uv":[0.0,0.0,2.75,2.0],"rotation":0,"texture":"#0","tintindex":0},"south":{"uv":[2.25,5.0,3.0,7.0],"rotation":0,"texture":"#0","tintindex":0},"north":{"uv":[1.5,4.0,2.25,6.0],"rotation":0,"texture":"#0","tintindex":0},"west":{"uv":[0.0,2.0,2.75,4.0],"rotation":0,"texture":"#0","tintindex":0},"up":{"uv":[0.75,6.75,0.0,4.0],"rotation":0,"texture":"#0","tintindex":0},"down":{"uv":[1.5,4.0,0.75,6.75],"rotation":0,"texture":"#0","tintindex":0}}},{"from":[6.727351,10.214327,20.580147],"to":[9.013065,12.500042,22.865862],"rotation":{"angle":-45.0,"axis":"x","origin":[8.388508,10.846115,21.953983]},"faces":{"east":{"uv":[7.5,0.0,6.5,1.0],"rotation":0,"texture":"#0","tintindex":0},"south":{"uv":[7.0,6.25,6.0,7.25],"rotation":0,"texture":"#0","tintindex":0},"north":{"uv":[7.5,1.0,6.5,2.0],"rotation":0,"texture":"#0","tintindex":0},"west":{"uv":[7.5,2.0,6.5,3.0],"rotation":0,"texture":"#0","tintindex":0},"up":{"uv":[7.5,3.0,6.5,4.0],"rotation":0,"texture":"#0","tintindex":0},"down":{"uv":[1.0,7.75,0.0,6.75],"rotation":0,"texture":"#0","tintindex":0}}},{"from":[7.29878,10.785756,16.580147],"to":[8.441637,12.500042,20.580147],"rotation":{"angle":-45.0,"axis":"x","origin":[8.388508,10.846115,21.953983]},"faces":{"east":{"uv":[7.75,5.5,6.0,6.25],"rotation":0,"texture":"#0","tintindex":0},"south":{"uv":[8.0,7.0,7.5,7.75],"rotation":0,"texture":"#0","tintindex":0},"north":{"uv":[0.5,7.75,0.0,8.5],"rotation":0,"texture":"#0","tintindex":0},"west":{"uv":[8.0,4.5,6.25,5.25],"rotation":0,"texture":"#0","tintindex":0},"up":{"uv":[4.25,7.0,3.75,8.75],"rotation":0,"texture":"#0","tintindex":0},"down":{"uv":[7.5,8.0,7.0,6.25],"rotation":0,"texture":"#0","tintindex":0}}},{"from":[7.013066,3.5398626,11.116196],"to":[8.727351,5.2541485,12.830481],"rotation":{"angle":0.0,"axis":"y","origin":[-3.325779,6.4356456,8.685718]},"faces":{"east":{"uv":[8.25,1.75,7.5,2.5],"rotation":0,"texture":"#0","tintindex":0},"south":{"uv":[8.25,1.0,7.5,1.75],"rotation":0,"texture":"#0","tintindex":0},"north":{"uv":[2.75,7.5,2.0,8.25],"rotation":0,"texture":"#0","tintindex":0},"west":{"uv":[8.25,2.5,7.5,3.25],"rotation":0,"texture":"#0","tintindex":0},"up":{"uv":[3.5,7.5,2.75,8.25],"rotation":0,"texture":"#0","tintindex":0},"down":{"uv":[8.25,4.0,7.5,3.25],"rotation":0,"texture":"#0","tintindex":0}}},{"from":[7.013066,7.3449564,13.204508],"to":[8.727351,9.630671,17.775936],"rotation":{"angle":-22.5,"axis":"x","origin":[8.388508,8.232137,18.844524]},"faces":{"east":{"uv":[6.5,2.5,4.5,3.5],"rotation":0,"texture":"#0","tintindex":0},"south":{"uv":[6.5,7.25,5.75,8.25],"rotation":0,"texture":"#0","tintindex":0},"north":{"uv":[8.25,0.0,7.5,1.0],"rotation":0,"texture":"#0","tintindex":0},"west":{"uv":[6.5,3.5,4.5,4.5],"rotation":0,"texture":"#0","tintindex":0},"up":{"uv":[3.75,5.0,3.0,7.0],"rotation":0,"texture":"#0","tintindex":0},"down":{"uv":[4.5,7.0,3.75,5.0],"rotation":0,"texture":"#0","tintindex":0}}},{"from":[5.9313645,2.8927884,8.114289],"to":[9.931365,15.692789,8.114289],"rotation":{"angle":0.0,"axis":"y","origin":[7.9313645,-2.7834024,10.971432]},"faces":{"east":{"uv":[16.0,0.0,8.0,0.0],"rotation":270,"texture":"#2","tintindex":0},"south":{"uv":[8.0,0.0,0.0,2.5],"rotation":270,"texture":"#2","tintindex":0},"north":{"uv":[0.0,0.0,8.0,2.5],"rotation":90,"texture":"#2","tintindex":0},"west":{"uv":[8.0,0.0,0.0,0.0],"rotation":270,"texture":"#2","tintindex":0},"up":{"uv":[0.0,0.0,0.0,2.5],"rotation":270,"texture":"#2","tintindex":0},"down":{"uv":[8.0,0.0,8.0,2.5],"rotation":270,"texture":"#2","tintindex":0}}},{"from":[5.9313645,14.892789,6.1142893],"to":[9.931365,14.892789,10.114289],"rotation":{"angle":0.0,"axis":"y","origin":[7.9313645,-2.7834024,10.971432]},"faces":{"east":{"uv":[2.5,0.0,2.5,2.5],"rotation":270,"texture":"#2","tintindex":0},"south":{"uv":[5.0,2.5,5.0,5.0],"rotation":270,"texture":"#2","tintindex":0},"north":{"uv":[2.5,2.5,2.5,5.0],"rotation":90,"texture":"#2","tintindex":0},"west":{"uv":[2.5,2.5,2.5,0.0],"rotation":270,"texture":"#2","tintindex":0},"up":{"uv":[0.0,2.5,2.5,5.0],"rotation":270,"texture":"#2","tintindex":0},"down":{"uv":[2.5,2.5,5.0,5.0],"rotation":270,"texture":"#2","tintindex":0}}},{"from":[7.9313645,2.8927884,6.1142893],"to":[7.9313645,15.692789,10.114289],"rotation":{"angle":0.0,"axis":"y","origin":[7.9313645,-2.7834024,10.971432]},"faces":{"east":{"uv":[8.0,0.0,0.0,2.5],"rotation":270,"texture":"#2","tintindex":0},"south":{"uv":[10.5,2.5,18.5,2.5],"rotation":270,"texture":"#2","tintindex":0},"north":{"uv":[0.0,2.5,8.0,2.5],"rotation":90,"texture":"#2","tintindex":0},"west":{"uv":[8.0,2.5,0.0,0.0],"rotation":270,"texture":"#2","tintindex":0},"up":{"uv":[-2.5,2.5,0.0,2.5],"rotation":270,"texture":"#2","tintindex":0},"down":{"uv":[8.0,2.5,10.5,2.5],"rotation":270,"texture":"#2","tintindex":0}}},{"from":[7.013066,5.2541485,9.973338],"to":[8.727351,7.5398626,13.973338],"rotation":{"angle":0.0,"axis":"y","origin":[-3.325779,6.4356456,8.685718]},"faces":{"east":{"uv":[6.25,4.5,4.5,5.5],"rotation":0,"texture":"#0","tintindex":0},"south":{"uv":[5.0,7.25,4.25,8.25],"rotation":0,"texture":"#0","tintindex":0},"north":{"uv":[5.75,7.25,5.0,8.25],"rotation":0,"texture":"#0","tintindex":0},"west":{"uv":[6.5,0.0,4.75,1.0],"rotation":0,"texture":"#0","tintindex":0},"up":{"uv":[5.25,5.5,4.5,7.25],"rotation":0,"texture":"#0","tintindex":0},"down":{"uv":[6.0,7.25,5.25,5.5],"rotation":0,"texture":"#0","tintindex":0}}},{"from":[7.8702087,10.807475,-5.5806417],"to":[7.8702087,11.378904,9.276502],"rotation":{"angle":-22.5,"axis":"x","origin":[7.8702087,11.093189,-3.8663568]},"faces":{"east":{"uv":[0.0,9.0,11.5,9.25],"rotation":0,"texture":"#0","tintindex":0},"south":{"uv":[0.25,10.0,0.25,10.25],"rotation":0,"texture":"#0","tintindex":0},"north":{"uv":[4.0,12.5,4.0,12.75],"rotation":0,"texture":"#0","tintindex":0},"west":{"uv":[0.0,9.0,11.5,9.25],"rotation":0,"texture":"#0","tintindex":0},"up":{"uv":[14.0,13.5,14.0,2.0],"rotation":0,"texture":"#0","tintindex":0},"down":{"uv":[13.5,3.75,13.75,15.25],"rotation":0,"texture":"#0","tintindex":0}}},{"from":[7.8702087,8.521761,7.523505],"to":[7.8702087,9.093189,21.237791],"rotation":{"angle":22.5,"axis":"x","origin":[7.8702087,11.093189,25.80922]},"faces":{"east":{"uv":[11.5,9.0,0.0,9.25],"rotation":0,"texture":"#0","tintindex":0},"south":{"uv":[4.0,12.5,4.0,12.75],"rotation":0,"texture":"#0","tintindex":0},"north":{"uv":[0.25,10.0,0.25,10.25],"rotation":0,"texture":"#0","tintindex":0},"west":{"uv":[11.5,9.0,0.0,9.25],"rotation":0,"texture":"#0","tintindex":0},"up":{"uv":[14.0,2.0,14.0,13.5],"rotation":0,"texture":"#0","tintindex":0},"down":{"uv":[13.5,15.25,13.75,3.75],"rotation":0,"texture":"#0","tintindex":0}}}],"display":{"head":{"translation":[0.0,-6.4,0.0],"scale":[4.0,4.0,4.0]}}}