{
	"__comment": "Designed by Tacocat with Cubik Studio - https://cubik.studio",
	"textures": {
		"particle": "block/fence/acacia_fence_pole",
		"texture": "block/fence/acacia_fence_pole",
		"texture1": "block/sandstone_fence_post"
	},
	"elements": [ 	 
		{
			"__comment": "Box1",
			"from": [ 7, 14.6667, 0 ],
			"to": [ 9, 15.6667, 6.666667 ],
			"faces": {
				"down": { "uv": [ 5.333333, 3, 12, 5 ], "texture": "#texture", "rotation": 270 },
				"up": { "uv": [ 5.333334, 0, 12, 2 ], "texture": "#texture", "rotation": 270 },
				"north": { "uv": [ 5.333333, 2, 7, 3 ], "texture": "#texture" },
				"south": { "uv": [ 5.333333, 2, 7, 3 ], "texture": "#texture" },
				"west": { "uv": [ 5.333333, 2, 12, 3 ], "texture": "#texture" },
				"east": { "uv": [ 5.333333, 2, 12, 3 ], "texture": "#texture" }
			}
		},
		{
			"__comment": "Box1",
			"from": [ 7.6667, 3.3333, 5 ],
			"to": [ 8.333366, 11.66663, 5.666667 ],
			"faces": {
				"down": { "uv": [ 12, 7.666666, 12.66667, 8.333334 ], "texture": "#texture" },
				"up": { "uv": [ 12, 7.666666, 12.66667, 8.333334 ], "texture": "#texture" },
				"north": { "uv": [ 12, 0, 12.66667, 8.333334 ], "texture": "#texture" },
				"south": { "uv": [ 12, 0, 12.66667, 8.333334 ], "texture": "#texture" },
				"west": { "uv": [ 12.66667, 8.333334, 12, 0 ], "texture": "#texture" },
				"east": { "uv": [ 13.33333, 8.333334, 12.66667, 0 ], "texture": "#texture" }
			}
		},
		{
			"__comment": "Box1",
			"from": [ 7, 11.6667, 0 ],
			"to": [ 9, 12.6667, 6.666667 ],
			"faces": {
				"down": { "uv": [ 5.333333, 3, 12, 5 ], "texture": "#texture", "rotation": 270 },
				"up": { "uv": [ 5.333334, 0, 12, 2 ], "texture": "#texture", "rotation": 270 },
				"north": { "uv": [ 5.333333, 2, 7, 3 ], "texture": "#texture" },
				"south": { "uv": [ 5.333333, 2, 7, 3 ], "texture": "#texture" },
				"west": { "uv": [ 5.333333, 2, 12, 3 ], "texture": "#texture" },
				"east": { "uv": [ 5.333333, 2, 12, 3 ], "texture": "#texture" }
			}
		},
		{
			"__comment": "Box1",
			"from": [ 7, 2.3333, 0 ],
			"to": [ 9, 3.3333, 6.666667 ],
			"faces": {
				"down": { "uv": [ 5.333333, 3, 12, 5 ], "texture": "#texture", "rotation": 270 },
				"up": { "uv": [ 5.333334, 0, 12, 2 ], "texture": "#texture", "rotation": 270 },
				"north": { "uv": [ 5.333333, 2, 7, 3 ], "texture": "#texture" },
				"south": { "uv": [ 5.333333, 2, 7, 3 ], "texture": "#texture" },
				"west": { "uv": [ 5.333333, 2, 12, 3 ], "texture": "#texture" },
				"east": { "uv": [ 5.333333, 2, 12, 3 ], "texture": "#texture" }
			}
		},
		{
			"__comment": "Box1",
			"from": [ 7.6667, 3.3333, 3 ],
			"to": [ 8.333366, 11.66663, 3.666667 ],
			"faces": {
				"down": { "uv": [ 12, 7.666666, 12.66667, 8.333334 ], "texture": "#texture", "rotation": 90 },
				"up": { "uv": [ 12, 7.666666, 12.66667, 8.333334 ], "texture": "#texture", "rotation": 270 },
				"north": { "uv": [ 13.33333, 8.333334, 12.66667, 0 ], "texture": "#texture" },
				"south": { "uv": [ 12.66667, 8.333334, 12, 0 ], "texture": "#texture" },
				"west": { "uv": [ 12, 0, 12.66667, 8.333334 ], "texture": "#texture" },
				"east": { "uv": [ 12, 0, 12.66667, 8.333334 ], "texture": "#texture" }
			}
		},
		{
			"__comment": "Box1",
			"from": [ 7.6667, 3.3333, 1 ],
			"to": [ 8.333366, 11.66663, 1.666667 ],
			"faces": {
				"down": { "uv": [ 12, 7.666666, 12.66667, 8.333334 ], "texture": "#texture", "rotation": 180 },
				"up": { "uv": [ 12, 7.666666, 12.66667, 8.333334 ], "texture": "#texture", "rotation": 180 },
				"north": { "uv": [ 12, 0, 12.66667, 8.333334 ], "texture": "#texture" },
				"south": { "uv": [ 12, 0, 12.66667, 8.333334 ], "texture": "#texture" },
				"west": { "uv": [ 13.33333, 8.333334, 12.66667, 0 ], "texture": "#texture" },
				"east": { "uv": [ 12.66667, 8.333334, 12, 0 ], "texture": "#texture" }
			}
		}
	]
}