{
	"__comment": "Designed by Tacocat with Cubik Studio - https://cubik.studio",
	"textures": {
		"particle": "block/fence/gold_fence",
		"texture": "block/fence/gold_fence"
	},
	"elements": [ 	 
		{
			"__comment": "Box1",
			"from": [ 6.6667, 0, 6.6667 ],
			"to": [ 9.333366, 16, 9.333366 ],
			"faces": {
				"down": { "uv": [ 2.666667, 0, 5.333333, 2.666667 ], "texture": "#texture" },
				"up": { "uv": [ 2.666667, 0, 5.333333, 2.666667 ], "texture": "#texture" },
				"north": { "uv": [ 0, 0, 2.666667, 16 ], "texture": "#texture" },
				"south": { "uv": [ 0, 0, 2.666667, 16 ], "texture": "#texture" },
				"west": { "uv": [ 2.666667, 0, 0, 16 ], "texture": "#texture" },
				"east": { "uv": [ 2.666667, 0, 0, 16 ], "texture": "#texture" }
			}
		},
		{
			"__comment": "Box1",
			"from": [ 7, 16, 7 ],
			"to": [ 9, 16.66667, 9 ],
			"faces": {
				"down": { "uv": [ 4.666667, 7.333334, 6.666667, 9.333335 ], "texture": "#texture" },
				"up": { "uv": [ 2.666667, 7.333333, 4.666667, 9.333334 ], "texture": "#texture" },
				"north": { "uv": [ 4.666667, 6.666667, 2.666667, 7.333333 ], "texture": "#texture", "rotation": 180 },
				"south": { "uv": [ 4.666667, 6.666667, 2.666667, 7.333333 ], "texture": "#texture", "rotation": 180 },
				"west": { "uv": [ 2.666667, 6.666667, 4.666667, 7.333333 ], "texture": "#texture", "rotation": 180 },
				"east": { "uv": [ 2.666667, 6.666667, 4.666667, 7.333333 ], "texture": "#texture", "rotation": 180 }
			}
		},
		{
			"__comment": "Box1",
			"from": [ 6.3333, 15, 6.3333 ],
			"to": [ 9.666634, 15.66667, 9.666634 ],
			"faces": {
				"down": { "uv": [ 2.666667, 3.333334, 6, 6.666667 ], "texture": "#texture" },
				"up": { "uv": [ 2.666667, 3.333334, 6, 6.666667 ], "texture": "#texture" },
				"north": { "uv": [ 2.666667, 2.666666, 6, 3.333332 ], "texture": "#texture" },
				"south": { "uv": [ 2.666667, 2.666666, 6, 3.333332 ], "texture": "#texture" },
				"west": { "uv": [ 6, 2.666666, 2.666667, 3.333332 ], "texture": "#texture" },
				"east": { "uv": [ 6, 2.666666, 2.666667, 3.333332 ], "texture": "#texture" }
			}
		},
		{
			"__comment": "Box1",
			"from": [ 7.3333, 16.6667, 7.3333 ],
			"to": [ 8.666633, 18.00003, 8.666633 ],
			"faces": {
				"down": { "uv": [ 2.666667, 9.333335, 4, 10.66667 ], "texture": "#texture" },
				"up": { "uv": [ 2.666667, 9.333335, 4, 10.66667 ], "texture": "#texture" },
				"north": { "uv": [ 4, 9.333333, 5.333333, 10.66667 ], "texture": "#texture" },
				"south": { "uv": [ 4, 9.333333, 5.333333, 10.66667 ], "texture": "#texture" },
				"west": { "uv": [ 2.666667, 9.333335, 4, 10.66667 ], "texture": "#texture" },
				"east": { "uv": [ 2.666667, 9.333335, 4, 10.66667 ], "texture": "#texture" }
			}
		},
		{
			"__comment": "Box1",
			"from": [ 7, 18, 7 ],
			"to": [ 9, 18.33333, 9 ],
			"faces": {
				"down": { "uv": [ 4.666667, 7.333333, 6.666667, 9.333333 ], "texture": "#texture" },
				"up": { "uv": [ 2.666667, 7.333334, 4.666667, 9.333334 ], "texture": "#texture" },
				"north": { "uv": [ 2.666667, 7, 4.666667, 7.333334 ], "texture": "#texture" },
				"south": { "uv": [ 2.666667, 7, 4.666667, 7.333334 ], "texture": "#texture" },
				"west": { "uv": [ 4.666667, 7, 2.666667, 7.333334 ], "texture": "#texture" },
				"east": { "uv": [ 4.666667, 7, 2.666667, 7.333334 ], "texture": "#texture" }
			}
		},
		{
			"__comment": "Box1",
			"from": [ 7.6667, 18.3333, 7.6667 ],
			"to": [ 8.333366, 19.66663, 8.333366 ],
			"faces": {
				"down": { "uv": [ 2.666667, 10.66667, 3.333333, 11.33333 ], "texture": "#texture" },
				"up": { "uv": [ 2.666667, 10.66667, 3.333333, 11.33333 ], "texture": "#texture" },
				"north": { "uv": [ 2.666667, 11.33333, 3.333333, 12.66667 ], "texture": "#texture" },
				"south": { "uv": [ 2.666667, 11.33333, 3.333333, 12.66667 ], "texture": "#texture" },
				"west": { "uv": [ 3.333333, 11.33333, 2.666667, 12.66667 ], "texture": "#texture" },
				"east": { "uv": [ 3.333333, 11.33333, 2.666667, 12.66667 ], "texture": "#texture" }
			}
		},
		{
			"__comment": "Box1",
			"from": [ 6.3333, 0.3333, 6.3333 ],
			"to": [ 9.666634, 0.9999667, 9.666634 ],
			"faces": {
				"down": { "uv": [ 2.666667, 3.333334, 6, 6.666667 ], "texture": "#texture" },
				"up": { "uv": [ 2.666667, 3.333334, 6, 6.666667 ], "texture": "#texture" },
				"north": { "uv": [ 2.666667, 2.666666, 6, 3.333332 ], "texture": "#texture" },
				"south": { "uv": [ 2.666667, 2.666666, 6, 3.333332 ], "texture": "#texture" },
				"west": { "uv": [ 6, 2.666666, 2.666667, 3.333332 ], "texture": "#texture" },
				"east": { "uv": [ 6, 2.666666, 2.666667, 3.333332 ], "texture": "#texture" }
			}
		},
		{
			"__comment": "Box1",
			"from": [ 7, -0.6667, 7 ],
			"to": [ 9, -0.000033319, 9 ],
			"faces": {
				"down": { "uv": [ 4.666667, 7.333334, 6.666667, 9.333335 ], "texture": "#texture" },
				"up": { "uv": [ 2.666667, 7.333333, 4.666667, 9.333334 ], "texture": "#texture" },
				"north": { "uv": [ 2.666667, 6.666667, 4.666667, 7.333333 ], "texture": "#texture" },
				"south": { "uv": [ 2.666667, 6.666667, 4.666667, 7.333333 ], "texture": "#texture" },
				"west": { "uv": [ 4.666667, 6.666667, 2.666667, 7.333333 ], "texture": "#texture" },
				"east": { "uv": [ 4.666667, 6.666667, 2.666667, 7.333333 ], "texture": "#texture" }
			}
		},
		{
			"__comment": "Box1",
			"from": [ 7.3333, -2, 7.3333 ],
			"to": [ 8.666633, -0.6666666, 8.666633 ],
			"faces": {
				"down": { "uv": [ 2.666667, 9.333335, 4, 10.66667 ], "texture": "#texture" },
				"up": { "uv": [ 2.666667, 9.333335, 4, 10.66667 ], "texture": "#texture" },
				"north": { "uv": [ 4, 9.333333, 5.333333, 10.66667 ], "texture": "#texture" },
				"south": { "uv": [ 4, 9.333333, 5.333333, 10.66667 ], "texture": "#texture" },
				"west": { "uv": [ 2.666667, 9.333335, 4, 10.66667 ], "texture": "#texture" },
				"east": { "uv": [ 2.666667, 9.333335, 4, 10.66667 ], "texture": "#texture" }
			}
		},
		{
			"__comment": "Box1",
			"from": [ 7, -2.3333, 7 ],
			"to": [ 9, -1.999967, 9 ],
			"faces": {
				"down": { "uv": [ 4.666667, 7.333333, 6.666667, 9.333333 ], "texture": "#texture" },
				"up": { "uv": [ 2.666667, 7.333334, 4.666667, 9.333334 ], "texture": "#texture" },
				"north": { "uv": [ 2.666667, 7, 4.666667, 7.333334 ], "texture": "#texture" },
				"south": { "uv": [ 2.666667, 7, 4.666667, 7.333334 ], "texture": "#texture" },
				"west": { "uv": [ 4.666667, 7, 2.666667, 7.333334 ], "texture": "#texture" },
				"east": { "uv": [ 4.666667, 7, 2.666667, 7.333334 ], "texture": "#texture" }
			}
		},
		{
			"__comment": "Box1",
			"from": [ 7.6667, -3.6667, 7.6667 ],
			"to": [ 8.333366, -2.333366, 8.333366 ],
			"faces": {
				"down": { "uv": [ 2.666667, 10.66667, 3.333333, 11.33333 ], "texture": "#texture" },
				"up": { "uv": [ 2.666667, 10.66667, 3.333333, 11.33333 ], "texture": "#texture" },
				"north": { "uv": [ 2.666667, 11.33333, 3.333333, 12.66667 ], "texture": "#texture", "rotation": 180 },
				"south": { "uv": [ 2.666667, 11.33333, 3.333333, 12.66667 ], "texture": "#texture", "rotation": 180 },
				"west": { "uv": [ 3.333333, 11.33333, 2.666667, 12.66667 ], "texture": "#texture", "rotation": 180 },
				"east": { "uv": [ 3.333333, 11.33333, 2.666667, 12.66667 ], "texture": "#texture", "rotation": 180 }
			}
		}
	]
}