{
	"__comment": "Designed by Tacocat with Cubik Studio - https://cubik.studio",
	"textures": {
		"particle": "block/fence/gold_fence",
		"texture": "block/fence/gold_fence"
	},
	"elements": [ 	 
		{
			"__comment": "Box1",
			"from": [ 7.3334, 13.3333, 0 ],
			"to": [ 8.666733, 13.99997, 6.666671 ],
			"faces": {
				"down": { "uv": [ 7.333333, 7.666667, 8.666667, 14.33333 ], "texture": "#texture", "rotation": 180 },
				"up": { "uv": [ 7.333333, 7.666667, 8.666667, 14.33333 ], "texture": "#texture" },
				"north": { "uv": [ 7.333333, 7.666667, 8.666667, 8.333334 ], "texture": "#texture" },
				"south": { "uv": [ 7.333333, 7.666667, 8.666667, 8.333334 ], "texture": "#texture" },
				"west": { "uv": [ 8, 4.333333, 8.666666, 11 ], "texture": "#texture", "rotation": 90 },
				"east": { "uv": [ 8, 11, 8.666666, 4.333333 ], "texture": "#texture", "rotation": 90 }
			}
		},
		{
			"__comment": "Box1",
			"from": [ 7.3334, 2.6667, 6 ],
			"to": [ 8.666733, 13.33337, 6.666667 ],
			"faces": {
				"down": { "uv": [ 0, 0, 2.666667, 16 ], "texture": "#texture", "rotation": 180 },
				"up": { "uv": [ 2.666667, 16, 0, 0 ], "texture": "#texture", "rotation": 180 },
				"north": { "uv": [ 7.333333, 4.666667, 8.666666, 15.33333 ], "texture": "#texture" },
				"south": { "uv": [ 7.333333, 4.666667, 8.666666, 15.33333 ], "texture": "#texture" },
				"west": { "uv": [ 7, 14.66667, 7.666667, 4 ], "texture": "#texture", "rotation": 180 },
				"east": { "uv": [ 7, 4, 7.666667, 14.66667 ], "texture": "#texture" }
			}
		},
		{
			"__comment": "Box1",
			"from": [ 7.7187, 3.9219, -1.3594 ],
			"to": [ 8.18745, 9.26565, -0.7031499 ],
			"rotation": { "origin": [ 8.187499, 11.84375, -3.281248 ], "axis": "x", "angle": -45 },
			"faces": {
				"down": { "uv": [ 8.666666, 9.666666, 8, 5.333333 ], "texture": "#texture", "rotation": 270 },
				"up": { "uv": [ 8.666666, 9.666666, 8, 5.333333 ], "texture": "#texture", "rotation": 270 },
				"north": { "uv": [ 8.666666, 9.666668, 8, 5.333335 ], "texture": "#texture" },
				"south": { "uv": [ 8.333334, 9.666666, 7.666668, 5.333333 ], "texture": "#texture", "rotation": 180 },
				"west": { "uv": [ 8.666666, 5.333333, 8, 9.666666 ], "texture": "#texture" },
				"east": { "uv": [ 8.666666, 9.666666, 8, 5.333333 ], "texture": "#texture", "rotation": 180 }
			}
		},
		{
			"__comment": "Box1",
			"from": [ 7.7188, 7.6562, 3.875 ],
			"to": [ 8.18755, 8.31245, 6.0625 ],
			"faces": {
				"down": { "uv": [ 9.333334, 11.33333, 8.666668, 8.333333 ], "texture": "#texture" },
				"up": { "uv": [ 8.666668, 7.333333, 8.000002, 4.333332 ], "texture": "#texture" },
				"north": { "uv": [ 7.666667, 9, 7, 8.666667 ], "texture": "#texture", "rotation": 180 },
				"south": { "uv": [ 7.666667, 9, 7, 8.666667 ], "texture": "#texture", "rotation": 180 },
				"west": { "uv": [ 9, 5.333333, 8.333334, 8.333334 ], "texture": "#texture", "rotation": 270 },
				"east": { "uv": [ 9, 4.999999, 8.333334, 8 ], "texture": "#texture", "rotation": 270 }
			}
		},
		{
			"__comment": "Box1",
			"from": [ 7.875, 2.625, 3.875 ],
			"to": [ 8.15625, 13.34375, 4.15625 ],
			"faces": {
				"down": { "uv": [ 7, 14.66667, 7.333333, 14.33333 ], "texture": "#texture" },
				"up": { "uv": [ 7, 14.66667, 7.333333, 14.33333 ], "texture": "#texture" },
				"north": { "uv": [ 7.333333, 15, 7.666667, 4.333333 ], "texture": "#texture", "rotation": 180 },
				"south": { "uv": [ 7, 14.66667, 7.333333, 4 ], "texture": "#texture", "rotation": 180 },
				"west": { "uv": [ 8.666666, 15, 8.999999, 4.333333 ], "texture": "#texture", "rotation": 180 },
				"east": { "uv": [ 8.666666, 15, 8.999999, 4.333333 ], "texture": "#texture", "rotation": 180 }
			}
		},
		{
			"__comment": "Box1",
			"from": [ 7.3229, 2, -0.0105 ],
			"to": [ 8.656233, 2.666667, 6.65617 ],
			"faces": {
				"down": { "uv": [ 7.333333, 7.666667, 8.666667, 14.33333 ], "texture": "#texture", "rotation": 180 },
				"up": { "uv": [ 7.333333, 7.666667, 8.666667, 14.33333 ], "texture": "#texture" },
				"north": { "uv": [ 7.333333, 7.666667, 8.666667, 8.333334 ], "texture": "#texture" },
				"south": { "uv": [ 7.333333, 7.666667, 8.666667, 8.333334 ], "texture": "#texture" },
				"west": { "uv": [ 8, 4.333333, 8.666666, 11 ], "texture": "#texture", "rotation": 90 },
				"east": { "uv": [ 8, 11, 8.666666, 4.333333 ], "texture": "#texture", "rotation": 90 }
			}
		},
		{
			"__comment": "Box1",
			"from": [ 7.6562, 11.375, 0 ],
			"to": [ 8.281199, 13.34375, 0.28125 ],
			"faces": {
				"down": { "uv": [ 7, 14.66667, 7.333333, 14.33333 ], "texture": "#texture" },
				"up": { "uv": [ 7, 14.66667, 7.333333, 14.33333 ], "texture": "#texture" },
				"north": { "uv": [ 7.333334, 6, 8, 4.333334 ], "texture": "#texture", "rotation": 180 },
				"south": { "uv": [ 7.333334, 6, 8, 4.333334 ], "texture": "#texture", "rotation": 180 },
				"west": { "uv": [ 7.333334, 6, 7.666667, 4.333334 ], "texture": "#texture", "rotation": 180 },
				"east": { "uv": [ 7.333334, 6, 7.666667, 4.333334 ], "texture": "#texture", "rotation": 180 }
			}
		},
		{
			"__comment": "Box1",
			"from": [ 7.875, 2.625, 3.875 ],
			"to": [ 8.15625, 13.34375, 4.15625 ],
			"faces": {
				"down": { "uv": [ 7, 14.66667, 7.333333, 14.33333 ], "texture": "#texture" },
				"up": { "uv": [ 7, 14.66667, 7.333333, 14.33333 ], "texture": "#texture" },
				"north": { "uv": [ 7.333333, 15, 7.666667, 4.333333 ], "texture": "#texture", "rotation": 180 },
				"south": { "uv": [ 7, 14.66667, 7.333333, 4 ], "texture": "#texture", "rotation": 180 },
				"west": { "uv": [ 8.666666, 15, 8.999999, 4.333333 ], "texture": "#texture", "rotation": 180 },
				"east": { "uv": [ 8.666666, 15, 8.999999, 4.333333 ], "texture": "#texture", "rotation": 180 }
			}
		},
		{
			"__comment": "Box1",
			"from": [ 7.6562, 2.6563, 0 ],
			"to": [ 8.281199, 4.7188, 0.28125 ],
			"faces": {
				"down": { "uv": [ 7, 14.66667, 7.333333, 14.33333 ], "texture": "#texture" },
				"up": { "uv": [ 7, 14.66667, 7.333333, 14.33333 ], "texture": "#texture" },
				"north": { "uv": [ 7.333334, 15, 8, 13.33333 ], "texture": "#texture", "rotation": 180 },
				"south": { "uv": [ 7.333334, 15, 8, 13.33333 ], "texture": "#texture", "rotation": 180 },
				"west": { "uv": [ 7.666667, 13.33333, 8, 11.66667 ], "texture": "#texture", "rotation": 180 },
				"east": { "uv": [ 7.666667, 13.33333, 8, 11.66667 ], "texture": "#texture", "rotation": 180 }
			}
		},
		{
			"__comment": "Box1",
			"from": [ 7.698, 2.9687, 2.6667 ],
			"to": [ 8.218834, 3.635367, 8.000031 ],
			"rotation": { "origin": [ 8.218749, 0.96875, 0.000000954 ], "axis": "x", "angle": -45 },
			"faces": {
				"down": { "uv": [ 8.666666, 9.666668, 8, 5.333335 ], "texture": "#texture", "rotation": 180 },
				"up": { "uv": [ 7.666668, 5.333333, 8.333334, 9.666666 ], "texture": "#texture" },
				"north": { "uv": [ 8.666666, 9.666666, 8, 5.333333 ], "texture": "#texture", "rotation": 90 },
				"south": { "uv": [ 8, 5.333333, 8.666666, 9.666666 ], "texture": "#texture", "rotation": 90 },
				"west": { "uv": [ 8.666666, 5.333333, 8, 9.666666 ], "texture": "#texture", "rotation": 270 },
				"east": { "uv": [ 8.666666, 9.666666, 8, 5.333333 ], "texture": "#texture", "rotation": 270 }
			}
		}
	]
}