{
	"__comment": "Designed by Tacocat with Cubik Studio - https://cubik.studio",
	"textures": {
		"particle": "block/fence/dark_oak_fence",
		"texture": "block/fence/dark_oak_fence"
	},
	"elements": [ 	 
		{
			"__comment": "Box2",
			"from": [ 7, 7.9375, 5.9688 ],
			"to": [ 9, 12.4375, 9.4688 ],
			"rotation": { "origin": [ 7, 7.9375, 5.96875 ], "axis": "x", "angle": -45 },
			"faces": {
				"down": { "uv": [ 4, 5.333334, 5.333333, 7.666667 ], "texture": "#texture", "rotation": 180 },
				"up": { "uv": [ 4, 5.333334, 5.333333, 7.666667 ], "texture": "#texture", "rotation": 180 },
				"north": { "uv": [ 5.333333, 4, 8.333334, 5.333334 ], "texture": "#texture", "rotation": 270 },
				"south": { "uv": [ 5.333333, 4, 8.333334, 5.333334 ], "texture": "#texture", "rotation": 270 },
				"west": { "uv": [ 5.333334, 5.333333, 8.333334, 7.666667 ], "texture": "#texture", "rotation": 270 },
				"east": { "uv": [ 5.333334, 5.333333, 8.333334, 7.666667 ], "texture": "#texture", "rotation": 270 }
			}
		},
		{
			"__comment": "Box2",
			"from": [ 6.9688, 10.2778, -0.2378 ],
			"to": [ 9.0313, 13.7778, 3.91845 ],
			"rotation": { "origin": [ 6.96875, 10.15625, 3.96875 ], "axis": "x", "angle": 22.5 },
			"faces": {
				"down": { "uv": [ 5.333333, 4, 8.333334, 5.333334 ], "texture": "#texture", "rotation": 270 },
				"up": { "uv": [ 5.333333, 4, 8.333334, 5.333334 ], "texture": "#texture", "rotation": 90 },
				"north": { "uv": [ 4, 5.333334, 5.333333, 7.666667 ], "texture": "#texture", "rotation": 180 },
				"south": { "uv": [ 4, 5.333334, 5.333333, 7.666667 ], "texture": "#texture" },
				"west": { "uv": [ 5.333334, 5.333333, 8.333334, 7.666667 ], "texture": "#texture" },
				"east": { "uv": [ 5.333334, 5.333333, 8.333334, 7.666667 ], "texture": "#texture", "rotation": 180 }
			}
		},
		{
			"__comment": "Box2",
			"from": [ 6.5, 11, 0 ],
			"to": [ 9.5, 16, 1.5 ],
			"faces": {
				"down": { "uv": [ 5, 8, 7, 9 ], "texture": "#texture" },
				"up": { "uv": [ 5, 8, 7, 9 ], "texture": "#texture" },
				"north": { "uv": [ 5, 8.666668, 7, 12 ], "texture": "#texture" },
				"south": { "uv": [ 5, 8.666668, 7, 12 ], "texture": "#texture" },
				"west": { "uv": [ 4, 12, 5, 8.666667 ], "texture": "#texture", "rotation": 180 },
				"east": { "uv": [ 4, 8.666667, 5, 12 ], "texture": "#texture" }
			}
		}
	]
}