{
	"__comment": "Designed by Tacocat with Cubik Studio - https://cubik.studio",
	"textures": {
		"particle": "block/fence/sandstone_fence_pole",
		"texture": "block/fence/sandstone_fence",
		"texture1": "block/sandstone_top_alt_11"
	},
	"elements": [ 	 
		{
			"__comment": "Box1",
			"from": [ 6.6667, 0, 0 ],
			"to": [ 9.333366, 16, 6 ],
			"faces": {
				"down": { "uv": [ 9.333334, 11.33333, 15.33333, 14 ], "texture": "#texture1", "rotation": 90 },
				"up": { "uv": [ 9.333334, 11.33333, 15.33333, 14 ], "texture": "#texture1", "rotation": 270 },
				"north": { "uv": [ 0, 0, 2.666667, 16 ], "texture": "#texture1" },
				"south": { "uv": [ 0, 0, 2.666667, 16 ], "texture": "#texture1" },
				"west": { "uv": [ 0, 0, 6, 16 ], "texture": "#texture1" },
				"east": { "uv": [ 0, 0, 6, 16 ], "texture": "#texture1" }
			}
		}
	]
}