{
	"__comment": "Designed by Tacocat with Cubik Studio - https://cubik.studio",
	"textures": {
		"particle": "block/fence/spruce_fence",
		"texture": "block/fence/spruce_fence"
	},
	"elements": [ 	 
		{
			"__comment": "top bar",
			"from": [ 7, 12, 0 ],
			"to": [ 9, 15, 9 ],
			"faces": {
				"down": { "uv": [ 4, 12.66667, 13.33333, 14.66667 ], "texture": "#texture", "rotation": 90 },
				"up": { "uv": [ 4, 10.66667, 13.33333, 12.66667 ], "texture": "#texture", "rotation": 90 },
				"north": { "uv": [ 5, 0.333334, 7, 3.666666 ], "texture": "#texture", "cullface": "north" },
				"west": { "uv": [ 4, 7.333333, 13.33333, 10.66667 ], "texture": "#texture" },
				"east": { "uv": [ 4, 7.333334, 13.33333, 10.66667 ], "texture": "#texture" }
			}
		},
		{
			"__comment": "lower bar",
			"from": [ 7, 6, 0 ],
			"to": [ 9, 9, 9 ],
			"faces": {
				"down": { "uv": [ 4, 12.66667, 13.33333, 14.66667 ], "texture": "#texture", "rotation": 90 },
				"up": { "uv": [ 4, 10.66667, 13.33333, 12.66667 ], "texture": "#texture", "rotation": 90 },
				"north": { "uv": [ 5, 0.333334, 7, 3.666666 ], "texture": "#texture", "cullface": "north" },
				"west": { "uv": [ 4, 4, 13.33333, 7.333334 ], "texture": "#texture" },
				"east": { "uv": [ 4, 4, 13.33333, 7.333334 ], "texture": "#texture" }
			}
		}
	]
}