{
	"parent": "block/block",
	"textures": {
		"3": "custom/fancy_leaves/birch_leaves",
		"particle": "custom/fancy_leaves/birch_leaves"
	},
	"elements": [
		{
			"from": [11.12141, 10.78127, -4.23929],
			"to": [11.12141, 22.78127, 19.76071],
			"rotation": {"angle": -22.5, "axis": "z", "origin": [5.42176, 8.99366, 6.55196]},
			"faces": {
				"east": {"uv": [0.00667, 7.99333, 15.99333, 0.00667], "rotation": 180, "texture": "#3", "tintindex": 0}
			}
		},
		{
			"from": [11.2, -5.838, -4.2416],
			"to": [11.2, 6.162, 19.7584],
			"rotation": {"angle": 22.5, "axis": "z", "origin": [5.5, 7.75, 6.55]},
			"faces": {
				"east": {"uv": [0, 16, 16, 8], "rotation": 180, "texture": "#3", "tintindex": 0}
			}
		},
		{
			"from": [-4.9584, -5.838, 10.75],
			"to": [19.0416, 6.162, 10.75],
			"rotation": {"angle": -22.5, "axis": "x", "origin": [8.25, 7.75, 5.05]},
			"faces": {
				"south": {"uv": [0, 16, 16, 8], "rotation": 180, "texture": "#3", "tintindex": 0}
			}
		},
		{
			"from": [-4.96071, 10.78127, 10.67141],
			"to": [19.03929, 22.78127, 10.67141],
			"rotation": {"angle": 22.5, "axis": "x", "origin": [8.24804, 8.99366, 4.97176]},
			"faces": {
				"south": {"uv": [0.00667, 7.99333, 15.99333, 0.00667], "rotation": 180, "texture": "#3", "tintindex": 0}
			}
		},
		{
			"from": [3.8, -5.838, -5.1584],
			"to": [3.8, 6.162, 18.8416],
			"rotation": {"angle": -22.5, "axis": "z", "origin": [9.5, 7.75, 8.05]},
			"faces": {
				"west": {"uv": [0, 16, 16, 8], "rotation": 180, "texture": "#3", "tintindex": 0}
			}
		},
		{
			"from": [3.87859, 10.78127, -5.16071],
			"to": [3.87859, 22.78127, 18.83929],
			"rotation": {"angle": 22.5, "axis": "z", "origin": [9.57824, 8.99366, 8.04804]},
			"faces": {
				"west": {"uv": [0.00667, 7.99333, 15.99333, 0.00667], "rotation": 180, "texture": "#3", "tintindex": 0}
			}
		},
		{
			"from": [-3.7916, -5.838, 3.35],
			"to": [20.2084, 6.162, 3.35],
			"rotation": {"angle": 22.5, "axis": "x", "origin": [7, 7.75, 9.05]},
			"faces": {
				"north": {"uv": [0, 16, 16, 8], "rotation": 180, "texture": "#3", "tintindex": 0}
			}
		},
		{
			"from": [-3.78929, 10.78127, 3.42859],
			"to": [20.21071, 22.78127, 3.42859],
			"rotation": {"angle": -22.5, "axis": "x", "origin": [7.00196, 8.99366, 9.12824]},
			"faces": {
				"north": {"uv": [0.00667, 7.99333, 15.99333, 0.00667], "rotation": 180, "texture": "#3", "tintindex": 0}
			}
		},
		{
			"from": [-1.33328, 12.81, -3.8704],
			"to": [17.86672, 12.81, 5.7296],
			"rotation": {"angle": 22.5, "axis": "x", "origin": [7.3, 8.25, 7]},
			"faces": {
				"up": {"uv": [0.00667, 7.99333, 15.99333, 0.00667], "rotation": 180, "texture": "#3", "tintindex": 0},
				"down": {"uv": [0, 15.5, 16, 7.5], "rotation": 180, "texture": "#3", "tintindex": 0}
			}
		},
		{
			"from": [-1.33143, 12.74713, 9.42502],
			"to": [17.86857, 12.74713, 19.02502],
			"rotation": {"angle": -22.5, "axis": "x", "origin": [7.30157, 8.18741, 7.99493]},
			"faces": {
				"up": {"uv": [0, 8, 16, 16], "texture": "#3", "tintindex": 0},
				"down": {"uv": [0, 7.5, 16, 15.5], "rotation": 180, "texture": "#3", "tintindex": 0}
			}
		},
		{
			"from": [1.18835, -2.84464, 5.55],
			"to": [18.22835, 5.67536, 5.55],
			"rotation": {"angle": -45, "axis": "y", "origin": [6.54607, 11.58539, 4.67731]},
			"faces": {
				"north": {"uv": [12.99858, 10.49972, 2.99976, 15.49912], "texture": "#3", "tintindex": 0},
				"south": {"uv": [2.99976, 10.49972, 12.99858, 15.49912], "texture": "#3", "tintindex": 0}
			}
		},
		{
			"from": [-2.79994, -2.84448, 7.8],
			"to": [14.24006, 5.67552, 7.8],
			"rotation": {"angle": 45, "axis": "y", "origin": [6.56, 10.2, 4.59]},
			"faces": {
				"north": {"uv": [12.99858, 10.49972, 2.99976, 15.49912], "texture": "#3", "tintindex": 0},
				"south": {"uv": [2.99976, 10.49972, 12.99858, 15.49912], "texture": "#3", "tintindex": 0}
			}
		}
	],
	"groups": [
		{
			"name": "group",
			"children": [0, 1, 2, 3, 4, 5, 6, 7, 8, 9, 10, 11]
		}
	]
}