{"ambientocclusion":false,"credit":"Made with Blockbench","elements":[{"faces":{"down":{"cullface":"down","texture":"#bottom","uv":[1,1,15,15]},"up":{"cullface":"up","texture":"#top","uv":[1,1,15,15]}},"from":[1,0,1],"name":"stem_top","to":[15,16,15]},{"faces":{"north":{"texture":"#side","uv":[1,0,15,16]},"south":{"texture":"#side","uv":[1,0,15,16]}},"from":[1,0,2],"name":"stem_side","rotation":{"angle":0,"axis":"y","origin":[8,8,7]},"to":[15,16,14]},{"faces":{"east":{"texture":"#side","uv":[1,0,15,16]},"west":{"texture":"#side","uv":[1,0,15,16]}},"from":[2,0,1],"name":"stem_side","rotation":{"angle":0,"axis":"y","origin":[7,8,8]},"to":[14,16,15]}],"textures":{"bottom":"custom/misc_blocks/cactus/cactus_bottom","particle":"custom/misc_blocks/cactus/cactus_side","side":"custom/misc_blocks/cactus/cactus_side","top":"custom/misc_blocks/cactus/cactus_top"}}