{"ambientocclusion":false,"credit":"Made with Blockbench","elements":[{"faces":{"down":{"cullface":"down","texture":"#bottom","uv":[1,1,15,15]},"up":{"cullface":"up","texture":"#top","uv":[1,1,15,15]}},"from":[1,0,1],"name":"stem_top","to":[15,16,15]},{"faces":{"north":{"texture":"#arm","uv":[1,0,15,16]},"south":{"texture":"#side","uv":[1,0,15,16]}},"from":[1,0,2],"name":"stem_side","rotation":{"angle":0,"axis":"y","origin":[8,8,7]},"to":[15,16,14]},{"faces":{"east":{"texture":"#side","uv":[1,0,15,16]},"west":{"texture":"#side","uv":[1,0,15,16]}},"from":[2,0,1],"name":"stem_side","rotation":{"angle":0,"axis":"y","origin":[7,8,8]},"to":[14,16,15]},{"faces":{"down":{"rotation":270,"texture":"#arm_side","uv":[7,11,12,15]},"east":{"rotation":180,"texture":"#arm_side","uv":[7,11,12,15]},"north":{"rotation":180,"texture":"#arm_side","uv":[12,11,16,15]},"up":{"rotation":90,"texture":"#arm_side","uv":[7,11,12,15]},"west":{"texture":"#arm_side","uv":[7,11,12,15]}},"from":[6,4,-3],"rotation":{"angle":0,"axis":"y","origin":[8,8,6]},"to":[10,8,2]}],"groups":[0,1,2,{"children":[3],"name":"group","origin":[14,12,2]}],"textures":{"arm":"custom/misc_blocks/cactus/cactus_arm_side","arm_side":"custom/misc_blocks/cactus/cactus_arm","bottom":"custom/misc_blocks/cactus/cactus_bottom","particle":"custom/misc_blocks/cactus/cactus_side","side":"custom/misc_blocks/cactus/cactus_side","top":"custom/misc_blocks/cactus/cactus_top"}}