{
	"credit": "Made with Blockbench",
	"texture_size": [32, 32],
	"textures": {
		"0": "custom/cosmetics/13",
		"particle": "cosmetics/13"
	},
	"elements": [
		{
			"from": [0, 0, 0],
			"to": [1, 12, 12],
			"faces": {
				"north": {"uv": [6, 9, 6.5, 15], "texture": "#0"},
				"east": {"uv": [0, 0, 6, 6], "texture": "#0"},
				"south": {"uv": [6.5, 9, 7, 15], "texture": "#0"},
				"west": {"uv": [0, 6, 6, 12], "texture": "#0"},
				"up": {"uv": [7.5, 15, 7, 9], "texture": "#0"},
				"down": {"uv": [8, 9, 7.5, 15], "texture": "#0"}
			}
		},
		{
			"from": [1, 5, 0],
			"to": [10, 8, 1],
			"faces": {
				"north": {"uv": [6, 3, 10.5, 4.5], "texture": "#0"},
				"east": {"uv": [10.5, 3.5, 11, 5], "texture": "#0"},
				"south": {"uv": [6, 7.5, 10.5, 9], "texture": "#0"},
				"west": {"uv": [10.5, 5, 11, 6.5], "texture": "#0"},
				"up": {"uv": [13.5, 9.5, 9, 9], "texture": "#0"},
				"down": {"uv": [13.5, 9.5, 9, 10], "texture": "#0"}
			}
		},
		{
			"from": [1, 5, 11],
			"to": [10, 8, 12],
			"faces": {
				"north": {"uv": [6, 3, 10.5, 4.5], "texture": "#0"},
				"east": {"uv": [10.5, 6.5, 11, 8], "texture": "#0"},
				"south": {"uv": [6, 7.5, 10.5, 9], "texture": "#0"},
				"west": {"uv": [9, 10.5, 9.5, 12], "texture": "#0"},
				"up": {"uv": [13.5, 10.5, 9, 10], "texture": "#0"},
				"down": {"uv": [15, 3, 10.5, 3.5], "texture": "#0"}
			}
		},
		{
			"from": [10, 5, 11],
			"to": [9, 8, 1],
			"faces": {
				"north": {"uv": [9.5, 10.5, 10, 12], "texture": "#0"},
				"east": {"uv": [6, 1.5, 11, 3], "texture": "#0"},
				"south": {"uv": [10, 10.5, 10.5, 12], "texture": "#0"},
				"west": {"uv": [6, 1.5, 11, 3], "texture": "#0"},
				"up": {"uv": [8.5, 14, 8, 9], "texture": "#0"},
				"down": {"uv": [9, 9, 8.5, 14], "texture": "#0"}
			}
		}
	],
	"display": {
		"thirdperson_righthand": {
			"rotation": [-0.5, 93, -94],
			"translation": [1, -2.5, 1.5],
			"scale": [0.45, 0.56, 0.41]
		},
		"thirdperson_lefthand": {
			"rotation": [0.5, 93, 94],
			"translation": [1, -2.5, 3.5],
			"scale": [0.45, 0.56, 0.41]
		},
		"firstperson_righthand": {
			"rotation": [-9, 22, 0],
			"translation": [0.5, 5, 2.5],
			"scale": [0.36, 0.34, 0.32]
		},
		"firstperson_lefthand": {
			"rotation": [-9, 187, 0],
			"translation": [0.5, 5.5, 2.5],
			"scale": [0.36, 0.34, 0.32]
		},
		"gui": {
			"rotation": [-14.25, 72.5, 8],
			"translation": [3.5, 2, 0]
		},
		"head": {
			"rotation": [0, -90, 0],
			"translation": [-2.75, 3.25, 4.75],
			"scale": [1.60742, 1.21289, 1.24023]
		},
		"fixed": {
			"rotation": [0, -90.5, 0],
			"translation": [-3, 2.25, 5.25],
			"scale": [0.98828, 1.49023, 1.31836]
		}
	},
	"groups": [
		{
			"name": "group",
			"origin": [8, 8, 8],
			"color": 0,
			"children": [0, 1, 2, 3]
		}
	]
}