{
	"credit": "Made with Blockbench",
	"texture_size": [64, 64],
	"textures": {
		"0": "custom/cosmetics/machete",
		"particle": "cosmetics/machete"
	},
	"elements": [
		{
			"from": [8, 0, 5],
			"to": [10, 7, 10],
			"faces": {
				"north": {"uv": [2, 3.5, 2.5, 5.25], "texture": "#0"},
				"east": {"uv": [1, 0, 2.25, 1.75], "texture": "#0"},
				"south": {"uv": [2.5, 3.5, 3, 5.25], "texture": "#0"},
				"west": {"uv": [1, 1.75, 2.25, 3.5], "texture": "#0"},
				"up": {"uv": [4.5, 2.25, 4, 1], "texture": "#0"},
				"down": {"uv": [4.5, 2.25, 4, 3.5], "texture": "#0"}
			}
		},
		{
			"from": [7, 7, 4],
			"to": [11, 9, 11],
			"faces": {
				"north": {"uv": [4, 3.5, 5, 4], "texture": "#0"},
				"east": {"uv": [3.75, 0, 5.5, 0.5], "texture": "#0"},
				"south": {"uv": [4, 4, 5, 4.5], "texture": "#0"},
				"west": {"uv": [3.75, 0.5, 5.5, 1], "texture": "#0"},
				"up": {"uv": [3.25, 1.75, 2.25, 0], "texture": "#0"},
				"down": {"uv": [3.25, 1.75, 2.25, 3.5], "texture": "#0"}
			}
		},
		{
			"from": [9, 9, 7],
			"to": [9, 32, 9],
			"faces": {
				"north": {"uv": [0, 0, 0, 5.75], "texture": "#0"},
				"east": {"uv": [0.5, 0, 1, 5.75], "texture": "#0"},
				"south": {"uv": [0, 0, 0, 5.75], "texture": "#0"},
				"west": {"uv": [0.5, 0, 1, 5.75], "texture": "#0"},
				"up": {"uv": [0, 0.5, 0, 0], "texture": "#0"},
				"down": {"uv": [0, 0, 0, 0.5], "texture": "#0"}
			}
		},
		{
			"from": [9, 9, 6],
			"to": [9, 32, 7],
			"faces": {
				"north": {"uv": [0, 0, 0, 5.75], "texture": "#0"},
				"east": {"uv": [3.5, 0, 3.75, 5.75], "texture": "#0"},
				"south": {"uv": [0, 0, 0, 5.75], "texture": "#0"},
				"west": {"uv": [3.5, 0, 3.75, 5.75], "texture": "#0"},
				"up": {"uv": [0, 0.25, 0, 0], "texture": "#0"},
				"down": {"uv": [0, 0, 0, 0.25], "texture": "#0"}
			}
		},
		{
			"from": [9, 9, 5],
			"to": [9, 31, 6],
			"faces": {
				"north": {"uv": [0, 0, 0, 5.5], "texture": "#0"},
				"east": {"uv": [1.25, 3.5, 1.5, 9], "texture": "#0"},
				"south": {"uv": [0, 0, 0, 5.5], "texture": "#0"},
				"west": {"uv": [1.25, 3.5, 1.5, 9], "texture": "#0"},
				"up": {"uv": [0, 0.25, 0, 0], "texture": "#0"},
				"down": {"uv": [0, 0, 0, 0.25], "texture": "#0"}
			}
		},
		{
			"from": [9, 9, 9],
			"to": [9, 31, 10],
			"faces": {
				"north": {"uv": [0, 0, 0, 5.5], "texture": "#0"},
				"east": {"uv": [1.75, 3.5, 2, 9], "texture": "#0"},
				"south": {"uv": [0, 0, 0, 5.5], "texture": "#0"},
				"west": {"uv": [1.75, 3.5, 2, 9], "texture": "#0"},
				"up": {"uv": [0, 0.25, 0, 0], "texture": "#0"},
				"down": {"uv": [0, 0, 0, 0.25], "texture": "#0"}
			}
		},
		{
			"from": [9, 17, 10],
			"to": [9, 29, 11],
			"faces": {
				"north": {"uv": [0, 0, 0, 3.5], "texture": "#0"},
				"east": {"uv": [3.75, 1, 4, 4.5], "texture": "#0"},
				"south": {"uv": [0, 0, 0, 3.5], "texture": "#0"},
				"west": {"uv": [3.75, 1, 4, 4.5], "texture": "#0"},
				"up": {"uv": [0, 0.25, 0, 0], "texture": "#0"},
				"down": {"uv": [0, 0, 0, 0.25], "texture": "#0"}
			}
		}
	],
	"display": {
		"thirdperson_righthand": {
			"rotation": [1.5, -180, 4],
			"translation": [0.5, 2.5, 1],
			"scale": [0.93, 0.79, 0.51]
		},
		"thirdperson_lefthand": {
			"rotation": [1.5, -180, 4],
			"translation": [-0.5, 2.5, 1],
			"scale": [0.93, 0.79, 0.51]
		},
		"firstperson_righthand": {
			"rotation": [0, 165, 0],
			"translation": [10.5, -3, -6.5],
			"scale": [0.93, 0.66, 0.61]
		},
		"firstperson_lefthand": {
			"rotation": [0, 165, 0],
			"translation": [10.5, -3, -7],
			"scale": [0.93, 0.66, 0.61]
		},
		"ground": {
			"translation": [0, 1.5, 0],
			"scale": [1.10546, 0.66993, 0.55078]
		},
		"gui": {
			"rotation": [71, -125.5, 88.25],
			"translation": [-2.5, -3, -2.75],
			"scale": [0, 0.54773, 0.56383]
		},
		"head": {
			"translation": [-0.75, 14, 0]
		},
		"fixed": {
			"rotation": [0, -88, 0],
			"translation": [0, -3, -3.5],
			"scale": [0.81445, 0.72852, 0.76172]
		}
	},
	"groups": [
		{
			"name": "group",
			"origin": [8, 8, 8],
			"color": 0,
			"children": [0, 1, 2, 3, 4, 5, 6]
		}
	]
}