{"credit":"Made with Blockbench","display":{"firstperson_lefthand":{"rotation":[0,-65,0],"translation":[9,5.5,-6.25]},"firstperson_righthand":{"rotation":[0,-65,0],"translation":[9,5.5,-6.25]},"fixed":{"rotation":[-90,0,0],"scale":[2,2,2],"translation":[0,0,-16.25]},"ground":{"scale":[0.4,0.4,0.4],"translation":[0,2.25,0]},"gui":{"rotation":[30,135,0],"translation":[0.5,5.5,0]},"head":{"rotation":[9,90,0],"scale":[1.95,1.95,1.95],"translation":[0,18.5,2.25]},"thirdperson_lefthand":{"rotation":[64,58,0],"scale":[0.4,0.4,0.4],"translation":[0,1.75,2]},"thirdperson_righthand":{"rotation":[64,58,0],"scale":[0.4,0.4,0.4],"translation":[0,1.75,2]}},"elements":[{"faces":{"down":{"texture":"#0","tintindex":0,"uv":[8,4,12,7]}},"from":[4,0,-2],"rotation":{"angle":0,"axis":"y","origin":[8,0,8]},"to":[12,0,4]},{"faces":{"up":{"rotation":180,"texture":"#0","tintindex":0,"uv":[8,4,12,7]}},"from":[4,0.2,-2],"rotation":{"angle":0,"axis":"y","origin":[8,0,8]},"to":[12,0.2,4]},{"faces":{"east":{"texture":"#0","tintindex":0,"uv":[4,0,0,1.5]},"north":{"texture":"#0","tintindex":0,"uv":[4,0,0,1.5]},"south":{"texture":"#0","tintindex":0,"uv":[8,0,4,1.5]},"up":{"texture":"#0","tintindex":0,"uv":[8,0,12,4]},"west":{"texture":"#0","tintindex":0,"uv":[4,0,0,1.5]}},"from":[4,0,4],"rotation":{"angle":0,"axis":"y","origin":[8,0,8]},"to":[12,3,12]},{"faces":{"down":{"texture":"#0","tintindex":0,"uv":[8,0,12,4]},"east":{"rotation":180,"texture":"#0","tintindex":0,"uv":[4,0,0,1.5]},"north":{"rotation":180,"texture":"#0","tintindex":0,"uv":[8,0,4,1.5]},"south":{"rotation":180,"texture":"#0","tintindex":0,"uv":[4,0,0,1.5]},"west":{"rotation":180,"texture":"#0","tintindex":0,"uv":[4,0,0,1.5]}},"from":[12,3,12],"rotation":{"angle":0,"axis":"y","origin":[0,0,0]},"to":[4,0,4]}],"groups":[{"children":[0,1,2],"name":"group","origin":[8,8,8]},3],"textures":{"0":"custom/cosmetics/baseball_cap","particle":"custom/cosmetics/baseball_cap"}}