{"credit":"Made with Blockbench","display":{"firstperson_lefthand":{"rotation":[0,136,0],"translation":[3,7.25,0]},"firstperson_righthand":{"rotation":[0,136,0],"translation":[3,7.25,0]},"fixed":{"scale":[2,2,2],"translation":[0,10.25,-2.75]},"ground":{"scale":[0.5,0.5,0.5],"translation":[0,5.5,0]},"gui":{"scale":[1.59,1.59,1.59],"translation":[0,10.25,0]},"head":{"scale":[1.6,1.6,1.6],"translation":[0,1.75,-8]},"thirdperson_lefthand":{"rotation":[54,24,0],"scale":[0.4,0.4,0.4],"translation":[0,1.5,1]},"thirdperson_righthand":{"rotation":[54,24,0],"scale":[0.4,0.4,0.4],"translation":[0,1.5,1]}},"elements":[{"faces":{"north":{"texture":"#0","tintindex":0,"uv":[0,5,10,14]},"south":{"texture":"#0","tintindex":0,"uv":[0,5,10,14]}},"from":[3,-3,9],"rotation":{"angle":0,"axis":"y","origin":[8,8,12]},"to":[13,6,9]},{"faces":{"down":{"texture":"#0","tintindex":0,"uv":[0,4,8,5]},"east":{"texture":"#0","tintindex":0,"uv":[0,0,1,5]},"north":{"texture":"#0","tintindex":0,"uv":[0,0,8,5]},"south":{"texture":"#0","tintindex":0,"uv":[0,0,8,5]},"up":{"texture":"#0","tintindex":0,"uv":[0,0,8,1]},"west":{"texture":"#0","tintindex":0,"uv":[0,0,1,5]}},"from":[4,1,8],"rotation":{"angle":0,"axis":"y","origin":[8,8,12]},"to":[12,6,9]}],"groups":[{"children":[0,1],"name":"group","origin":[8,8,8]}],"textures":{"0":"custom/cosmetics/beard1","particle":"custom/cosmetics/beard1"}}