{"credit":"Made with Blockbench","display":{"firstperson_lefthand":{"rotation":[0,-59,0],"translation":[6.25,5.5,0]},"firstperson_righthand":{"rotation":[0,-59,0],"translation":[6.25,5.5,0]},"fixed":{"rotation":[-90,0,0],"scale":[2,2,2],"translation":[0,0,-16]},"ground":{"scale":[0.4,0.4,0.4],"translation":[0,4.75,0]},"gui":{"rotation":[30,45,0],"translation":[0,5.25,0]},"head":{"rotation":[0,0,9],"scale":[1.6,1.6,1.6],"translation":[-1.75,16.75,0]},"thirdperson_lefthand":{"rotation":[61,44,0],"scale":[0.4,0.4,0.4],"translation":[0,2.5,2]},"thirdperson_righthand":{"rotation":[61,44,0],"scale":[0.4,0.4,0.4],"translation":[0,2.5,2]}},"elements":[{"faces":{"down":{"texture":"#0","tintindex":0,"uv":[4,13,5,14]},"east":{"texture":"#0","tintindex":0,"uv":[0,11,10,14]},"north":{"texture":"#0","tintindex":0,"uv":[0,11,10,14]},"south":{"texture":"#0","tintindex":0,"uv":[0,11,10,14]},"up":{"texture":"#0","tintindex":0,"uv":[0,0,10,10]},"west":{"texture":"#0","tintindex":0,"uv":[0,11,10,14]}},"from":[3,0,3],"to":[13,3,13]},{"faces":{"north":{"texture":"#0","tintindex":0,"uv":[10,0,12,2]},"south":{"texture":"#0","tintindex":0,"uv":[12,0,10,2]}},"from":[7,3,8],"to":[9,5,8]}],"textures":{"0":"custom/cosmetics/beret","particle":"custom/cosmetics/beret"}}