{"credit":"Made with Blockbench","display":{"firstperson_lefthand":{"rotation":[0,125,0],"translation":[3.75,0,-3]},"firstperson_righthand":{"rotation":[0,125,0],"translation":[3.75,0,-3]},"fixed":{"rotation":[-90,0,0],"scale":[2,2,2],"translation":[0,0,-0.25]},"ground":{"scale":[0.4,0.4,0.4],"translation":[0,4,0]},"gui":{"rotation":[30,135,0],"scale":[0.7,0.7,0.7],"translation":[-0.5,0.25,0]},"head":{"scale":[1.6,1.6,1.6],"translation":[0,6.75,0]},"thirdperson_lefthand":{"rotation":[41,0,0],"scale":[0.4,0.4,0.4],"translation":[0,0,2.25]},"thirdperson_righthand":{"rotation":[41,0,0],"scale":[0.4,0.4,0.4],"translation":[0,0,2.25]}},"elements":[{"faces":{"down":{"texture":"#0","uv":[10,0,0,8]},"up":{"rotation":180,"texture":"#0","uv":[0,0,10,8]}},"from":[-2,2,-1],"rotation":{"angle":-22.5,"axis":"x","origin":[8,8,8]},"to":[18,2,15]},{"faces":{"down":{"texture":"#0","uv":[4,10.5,8.5,15]},"east":{"texture":"#0","uv":[4,15,8.5,16]},"north":{"texture":"#0","uv":[4,15,8.5,16]},"south":{"texture":"#0","uv":[4,15,8.5,16]},"up":{"texture":"#0","uv":[4,10.5,8.5,15]},"west":{"texture":"#0","uv":[4,15,8.5,16]}},"from":[3.3,6.8,3.3],"rotation":{"angle":0,"axis":"x","origin":[8,7,7]},"to":[12.7,9.2,12.7]},{"faces":{"down":{"texture":"#0","uv":[4,10.5,8.5,15]},"east":{"rotation":180,"texture":"#0","uv":[8.5,15,13,16]},"north":{"rotation":180,"texture":"#0","uv":[8.5,15,13,16]},"south":{"rotation":180,"texture":"#0","uv":[8.5,15,13,16]},"up":{"texture":"#0","uv":[4,10.5,8.5,15]},"west":{"rotation":180,"texture":"#0","uv":[8.5,15,13,16]}},"from":[12.7,9.2,12.7],"rotation":{"angle":0,"axis":"x","origin":[8,7,7]},"to":[3.3,6.8,3.3]},{"faces":{"north":{"texture":"#0","uv":[1,13,3.5,16]},"south":{"texture":"#0","uv":[1,13,3.5,16]}},"from":[5.5,8,4.5],"rotation":{"angle":-45,"axis":"x","origin":[8,7,4.5]},"to":[10.5,14,4.5]},{"faces":{"east":{"texture":"#0","uv":[1,13,3.5,16]},"west":{"texture":"#0","uv":[1,13,3.5,16]}},"from":[4.5,8,5.5],"rotation":{"angle":45,"axis":"z","origin":[4.5,7,8]},"to":[4.5,14,10.5]},{"faces":{"east":{"texture":"#0","uv":[1,13,3.5,16]},"west":{"texture":"#0","uv":[1,13,3.5,16]}},"from":[11.5,8,5.5],"rotation":{"angle":-45,"axis":"z","origin":[11.5,7,8]},"to":[11.5,14,10.5]},{"faces":{"north":{"texture":"#0","uv":[1,13,3.5,16]},"south":{"texture":"#0","uv":[1,13,3.5,16]}},"from":[5.5,8,11.5],"rotation":{"angle":45,"axis":"x","origin":[8,7,11.5]},"to":[10.5,14,11.5]},{"faces":{"east":{"texture":"#0","tintindex":0,"uv":[4,9.5,8.5,10.5]},"north":{"texture":"#0","tintindex":0,"uv":[4,9.5,8.5,10.5]},"south":{"texture":"#0","tintindex":0,"uv":[4,9.5,8.5,10.5]},"west":{"texture":"#0","tintindex":0,"uv":[4,9.5,8.5,10.5]}},"from":[3.15,6.65,3.15],"rotation":{"angle":0,"axis":"x","origin":[8,7,7]},"to":[12.85,9.35,12.85]}],"groups":[0,{"children":[1,2,{"children":[],"name":"group","origin":[8,8,7]},3,4,5,6],"name":"group","origin":[8,8,8]},7],"textures":{"0":"custom/cosmetics/bud_crown","particle":"custom/cosmetics/bud_crown"}}