{"credit":"Made with Blockbench","display":{"firstperson_lefthand":{"rotation":[0,-108,0],"translation":[3.25,-3,0]},"firstperson_righthand":{"rotation":[0,-108,0],"translation":[3.25,-3,0]},"fixed":{"rotation":[-90,0,0],"scale":[2,2,2],"translation":[0,0,-16]},"ground":{"scale":[0.4,0.4,0.4],"translation":[0,5.75,0]},"gui":{"rotation":[30,135,0],"scale":[0.96,0.96,0.96]},"head":{"rotation":[0,0,90],"scale":[1.6,1.6,1.6],"translation":[-0.25,6.25,0]},"thirdperson_lefthand":{"rotation":[73,168,0],"translation":[0,-3.25,-5.5]},"thirdperson_righthand":{"rotation":[73,-4,0],"translation":[0,-4.5,-4.75]}},"elements":[{"faces":{"down":{"texture":"#0","uv":[0,0,0.5,0.5]},"east":{"texture":"#0","uv":[0,0,1,16]},"north":{"texture":"#0","uv":[0,0,1,16]},"south":{"texture":"#0","uv":[0,0,1,16]},"up":{"texture":"#0","uv":[0,0,0.5,0.5]},"west":{"texture":"#0","uv":[0,0,1,16]}},"from":[5,0,7],"rotation":{"angle":0,"axis":"y","origin":[17,8,8]},"to":[6,16,8]},{"faces":{"down":{"texture":"#0","uv":[5,0,1,1]},"north":{"texture":"#0","uv":[5,0,1,1]},"south":{"texture":"#0","uv":[5,0,1,1]},"up":{"texture":"#0","uv":[5,0,1,1]}},"from":[6,15,7],"rotation":{"angle":0,"axis":"y","origin":[7,8,9]},"to":[10,16,8]},{"faces":{"down":{"texture":"#0","uv":[2.5,1.5,3,2]},"east":{"texture":"#0","uv":[5,0,6,4]},"north":{"texture":"#0","uv":[5,0,6,4]},"south":{"texture":"#0","uv":[5,0,6,4]},"up":{"texture":"#0","uv":[0,0,0.5,0.5]},"west":{"texture":"#0","uv":[5,0,6,4]}},"from":[10,12,7],"to":[11,16,8]}],"textures":{"0":"custom/cosmetics/cane","particle":"custom/cosmetics/cane"}}