{"credit":"Made with Blockbench","display":{"firstperson_lefthand":{"rotation":[0,13,0],"translation":[10.25,6.5,-6.25]},"firstperson_righthand":{"rotation":[-4,13,0],"translation":[10.25,6.5,-6.25]},"fixed":{"rotation":[-90,0,0],"scale":[2,2,2],"translation":[0,0,-16.25]},"ground":{"scale":[0.4,0.4,0.4],"translation":[0,8.75,0]},"gui":{"rotation":[30,45,0],"translation":[0,5,0]},"head":{"rotation":[3,0,0],"scale":[1.9,1.9,1.9],"translation":[0,17.5,0.75]},"thirdperson_lefthand":{"rotation":[56,43,0],"scale":[0.4,0.4,0.4],"translation":[0,2.25,2.5]},"thirdperson_righthand":{"rotation":[56,43,0],"scale":[0.4,0.4,0.4],"translation":[0,2.25,2.5]}},"elements":[{"faces":{"east":{"texture":"#1","tintindex":0,"uv":[0,3,4,6]},"north":{"texture":"#1","tintindex":0,"uv":[0,3,4,6]},"south":{"texture":"#1","tintindex":0,"uv":[0,3,4,6]},"west":{"texture":"#1","tintindex":0,"uv":[0,3,4,6]}},"from":[3.8,-0.2,3.8],"to":[12.2,6.2,12.2]},{"faces":{"east":{"texture":"#1","uv":[0,0,4,3]},"north":{"texture":"#1","uv":[0,0,4,3]},"south":{"texture":"#1","uv":[0,0,4,3]},"up":{"texture":"#1","uv":[4,0,8,4]},"west":{"texture":"#1","uv":[0,0,4,3]}},"from":[4,0,4],"rotation":{"angle":0,"axis":"y","origin":[8,6,8]},"to":[12,6,12]},{"faces":{"down":{"texture":"#1","uv":[4,0,8,4]},"east":{"rotation":180,"texture":"#1","uv":[0,0,4,3]},"north":{"rotation":180,"texture":"#1","uv":[0,0,4,3]},"south":{"rotation":180,"texture":"#1","uv":[0,0,4,3]},"west":{"rotation":180,"texture":"#1","uv":[0,0,4,3]}},"from":[12,6,12],"rotation":{"angle":0,"axis":"y","origin":[8,6,8]},"to":[4,0,4]},{"faces":{"down":{"texture":"#1","uv":[8,0,16,8]},"up":{"texture":"#1","uv":[8,0,16,8]}},"from":[0,0,0],"to":[16,0,16]},{"faces":{"east":{"texture":"#1","uv":[2,7,4,10]},"west":{"texture":"#1","uv":[2,7,4,10]}},"from":[3.9,1.55,4.2],"rotation":{"angle":-22.5,"axis":"x","origin":[3.9,1.5,6]},"to":[3.9,7.55,8.2]},{"faces":{"east":{"texture":"#1","uv":[0,7,2,10]},"west":{"texture":"#1","uv":[0,7,2,10]}},"from":[3.9,1.5,4],"rotation":{"angle":22.5,"axis":"z","origin":[3.9,1.5,6]},"to":[3.9,7.5,8]}],"textures":{"1":"custom/cosmetics/casino_fedora"}}