{"credit":"Made with Blockbench","display":{"gui":{"rotation":[30,135,0],"scale":[0.86,0.86,0.86],"translation":[-0.75,1.25,0]},"head":{"scale":[1.84,1.84,1.84],"translation":[0,16.5,0]}},"elements":[{"faces":{"east":{"texture":"#0","uv":[0,10,4,12.5]},"north":{"texture":"#0","uv":[0,10,4,12.5]},"south":{"texture":"#0","uv":[0,10,4,12.5]},"up":{"texture":"#0","uv":[8.5,2,9,2.5]},"west":{"texture":"#0","uv":[0,10,4,12.5]}},"from":[4,0,4],"to":[12,5,12]},{"faces":{"down":{"texture":"#0","uv":[8.5,2,9,2.5]},"east":{"rotation":180,"texture":"#0","uv":[0,10,4,12.5]},"north":{"rotation":180,"texture":"#0","uv":[0,10,4,12.5]},"south":{"rotation":180,"texture":"#0","uv":[0,10,4,12.5]},"west":{"rotation":180,"texture":"#0","uv":[0,10,4,12.5]}},"from":[12,5,12],"to":[4,0,4]},{"faces":{"down":{"texture":"#0","uv":[6,0,12,6]},"east":{"texture":"#0","uv":[0,6,6,10]},"north":{"texture":"#0","uv":[0,6,6,10]},"south":{"texture":"#0","uv":[0,6,6,10]},"up":{"texture":"#0","uv":[0,0,6,6]},"west":{"texture":"#0","uv":[0,6,6,10]}},"from":[2,4,2],"rotation":{"angle":22.5,"axis":"x","origin":[8,5,8]},"to":[14,12,14]},{"faces":{"east":{"texture":"#0","tintindex":0,"uv":[4,10,8,12.5]},"north":{"texture":"#0","tintindex":0,"uv":[4,10,8,12.5]},"south":{"texture":"#0","tintindex":0,"uv":[4,10,8,12.5]},"west":{"texture":"#0","tintindex":0,"uv":[4,10,8,12.5]}},"from":[3.75,-0.25,3.75],"to":[12.25,5.25,12.25]}],"texture_size":[32,32],"textures":{"0":"custom/cosmetics/chef_hat","particle":"custom/cosmetics/chef_hat"}}