{"credit":"Made with Blockbench","display":{"firstperson_lefthand":{"rotation":[0,102,0],"translation":[0,6,1.25]},"firstperson_righthand":{"rotation":[0,102,0],"translation":[0,6,1.25]},"ground":{"scale":[0.5,0.5,0.5],"translation":[0,6.5,-2]},"gui":{"translation":[0,5.5,0]},"head":{"scale":[1.6,1.6,1.6],"translation":[0,16,-2]},"thirdperson_lefthand":{"rotation":[64,39,0],"scale":[0.4,0.4,0.4],"translation":[-1.25,3.25,2.25]},"thirdperson_righthand":{"rotation":[64,39,0],"scale":[0.4,0.4,0.4],"translation":[-1.25,3.25,2.25]}},"elements":[{"faces":{"down":{"rotation":180,"texture":"#0","tintindex":0,"uv":[4,4,0,8]},"east":{"texture":"#0","tintindex":0,"uv":[0,0,4,4]},"north":{"texture":"#0","tintindex":0,"uv":[0,0,4,4]},"south":{"texture":"#0","tintindex":0,"uv":[0,0,4,4]},"up":{"rotation":180,"texture":"#0","tintindex":0,"uv":[8,0,4,4]},"west":{"texture":"#0","tintindex":0,"uv":[0,0,4,4]}},"from":[2,0,10],"rotation":{"angle":0,"axis":"y","origin":[10,8,8]},"to":[6,4,14]},{"faces":{"down":{"texture":"#0","tintindex":0,"uv":[5,9,9,13]},"east":{"texture":"#0","tintindex":0,"uv":[5,5,9,9]},"north":{"texture":"#0","tintindex":0,"uv":[5,5,9,9]},"south":{"texture":"#0","tintindex":0,"uv":[5,5,9,9]},"up":{"texture":"#0","tintindex":0,"uv":[9,5,13,9]},"west":{"texture":"#0","tintindex":0,"uv":[5,5,9,9]}},"from":[1.5,-0.5,9.5],"rotation":{"angle":0,"axis":"y","origin":[10,8,8]},"to":[6.5,4.5,14.5]},{"faces":{"down":{"texture":"#0","tintindex":0,"uv":[9,5,13,9]},"east":{"rotation":270,"texture":"#0","tintindex":0,"uv":[5,9,9,5]},"north":{"rotation":270,"texture":"#0","tintindex":0,"uv":[5,9,9,5]},"south":{"rotation":270,"texture":"#0","tintindex":0,"uv":[5,9,9,5]},"up":{"texture":"#0","tintindex":0,"uv":[5,9,9,13]},"west":{"rotation":270,"texture":"#0","tintindex":0,"uv":[5,9,9,5]}},"from":[6.5,4.5,14.5],"rotation":{"angle":0,"axis":"y","origin":[10,8,8]},"to":[1.5,-0.5,9.5]},{"faces":{"down":{"rotation":180,"texture":"#0","tintindex":0,"uv":[4,4,0,8]},"east":{"texture":"#0","tintindex":0,"uv":[0,0,4,4]},"north":{"texture":"#0","tintindex":0,"uv":[0,0,4,4]},"south":{"texture":"#0","tintindex":0,"uv":[0,0,4,4]},"up":{"rotation":180,"texture":"#0","tintindex":0,"uv":[8,0,4,4]},"west":{"texture":"#0","tintindex":0,"uv":[0,0,4,4]}},"from":[10,0,10],"rotation":{"angle":0,"axis":"y","origin":[18,8,8]},"to":[14,4,14]},{"faces":{"down":{"texture":"#0","tintindex":0,"uv":[5,9,9,13]},"east":{"texture":"#0","tintindex":0,"uv":[5,5,9,9]},"north":{"texture":"#0","tintindex":0,"uv":[5,5,9,9]},"south":{"texture":"#0","tintindex":0,"uv":[5,5,9,9]},"up":{"texture":"#0","tintindex":0,"uv":[9,5,13,9]},"west":{"texture":"#0","tintindex":0,"uv":[5,5,9,9]}},"from":[9.5,-0.5,9.5],"rotation":{"angle":0,"axis":"y","origin":[18,8,8]},"to":[14.5,4.5,14.5]},{"faces":{"down":{"texture":"#0","tintindex":0,"uv":[9,5,13,9]},"east":{"rotation":270,"texture":"#0","tintindex":0,"uv":[5,9,9,5]},"north":{"rotation":270,"texture":"#0","tintindex":0,"uv":[5,9,9,5]},"south":{"rotation":270,"texture":"#0","tintindex":0,"uv":[5,9,9,5]},"up":{"texture":"#0","tintindex":0,"uv":[5,9,9,13]},"west":{"rotation":270,"texture":"#0","tintindex":0,"uv":[5,9,9,5]}},"from":[14.5,4.5,14.5],"rotation":{"angle":0,"axis":"y","origin":[18,8,8]},"to":[9.5,-0.5,9.5]}],"groups":[{"children":[0,1,2],"name":"group","origin":[8,8,8]},{"children":[3,4,5],"name":"group","origin":[8,8,8]}],"textures":{"0":"custom/cosmetics/female_hair3","particle":"custom/cosmetics/female_hair3"}}