{"credit":"Made with Blockbench","display":{"firstperson_lefthand":{"rotation":[0,95,0],"translation":[2.25,-2,0]},"firstperson_righthand":{"rotation":[0,95,0],"translation":[2.25,-2,0]},"ground":{"scale":[0.4,0.4,0.4],"translation":[0,2.5,0]},"head":{"scale":[1.6,1.6,1.6],"translation":[0,-3.25,6.5]},"thirdperson_lefthand":{"rotation":[40,29,0],"scale":[0.4,0.4,0.4]},"thirdperson_righthand":{"rotation":[40,29,0],"scale":[0.4,0.4,0.4]}},"elements":[{"faces":{"east":{"texture":"#0","tintindex":0,"uv":[4,0,7,16]},"north":{"texture":"#0","tintindex":0,"uv":[0,0,4,16]},"south":{"texture":"#0","tintindex":0,"uv":[0,0,4,16]},"up":{"texture":"#0","tintindex":0,"uv":[7,2,11,5]},"west":{"texture":"#0","tintindex":0,"uv":[4,0,7,16]}},"from":[6,0,7],"to":[10,16,10]},{"faces":{"down":{"texture":"#0","tintindex":0,"uv":[7,2,11,5]},"east":{"rotation":180,"texture":"#0","tintindex":0,"uv":[4,0,7,16]},"north":{"rotation":180,"texture":"#0","tintindex":0,"uv":[0,0,4,16]},"south":{"rotation":180,"texture":"#0","tintindex":0,"uv":[0,0,4,16]},"west":{"rotation":180,"texture":"#0","tintindex":0,"uv":[4,0,7,16]}},"from":[10,16,10],"to":[6,0,7]},{"faces":{"north":{"texture":"#0","uv":[7,0,9,2]},"south":{"texture":"#0","uv":[7,0,9,2]}},"from":[7,13,6.9],"to":[9,15,6.9]}],"textures":{"0":"custom/cosmetics/female_hair2","particle":"custom/cosmetics/female_hair2"}}