{"credit":"Made with Blockbench","display":{"firstperson_lefthand":{"rotation":[0,-179,0],"translation":[2,10.75,0]},"firstperson_righthand":{"rotation":[0,-179,0],"translation":[2,10.75,0]},"fixed":{"translation":[0,7,-2.75]},"ground":{"scale":[0.4,0.4,0.4],"translation":[0,12.5,0]},"gui":{"rotation":[30,135,0],"scale":[1.5,1.5,1.5],"translation":[0,10.25,0]},"head":{"scale":[1.6,1.6,1.6],"translation":[0,17.5,6.75]},"thirdperson_lefthand":{"rotation":[50,44,0],"scale":[0.4,0.4,0.4],"translation":[0,2.5,2]},"thirdperson_righthand":{"rotation":[50,44,0],"scale":[0.4,0.4,0.4],"translation":[0,2.5,2]}},"elements":[{"faces":{"down":{"texture":"#0","tintindex":0,"uv":[1,8,2,9]},"east":{"texture":"#0","tintindex":0,"uv":[1,5,6,9]},"north":{"texture":"#0","tintindex":0,"uv":[1,5,6,9]},"south":{"texture":"#0","tintindex":0,"uv":[1,5,6,9]},"up":{"texture":"#0","tintindex":0,"uv":[1,0,6,5]},"west":{"texture":"#0","tintindex":0,"uv":[1,5,6,9]}},"from":[5.5,0,5.5],"to":[10.5,4,10.5]},{"faces":{"east":{"texture":"#0","tintindex":0,"uv":[3,9,6,15]},"south":{"texture":"#0","tintindex":0,"uv":[6,9,11,15]},"west":{"texture":"#0","tintindex":0,"uv":[3,9,6,15]}},"from":[5.5,-6,7.5],"to":[10.5,0,10.5]},{"faces":{"east":{"rotation":180,"texture":"#0","tintindex":0,"uv":[3,9,6,15]},"north":{"rotation":180,"texture":"#0","tintindex":0,"uv":[6,9,11,15]},"west":{"rotation":180,"texture":"#0","tintindex":0,"uv":[3,9,6,15]}},"from":[10.5,0,10.5],"to":[5.5,-6,7.5]},{"faces":{"north":{"texture":"#0","uv":[7,8,10,9]},"south":{"texture":"#0","uv":[7,8,10,9]}},"from":[6.5,1,5.4],"to":[9.5,2,5.4]}],"textures":{"0":"custom/cosmetics/female_hair4","particle":"custom/cosmetics/female_hair4"}}