{"credit":"Made with Blockbench","display":{"gui":{"rotation":[30,135,0],"scale":[0.67,0.67,0.67],"translation":[0,0.5,0]},"head":{"rotation":[-3,0,0],"scale":[1.43,1.43,1.43],"translation":[0,4.25,0]}},"elements":[{"faces":{"down":{"texture":"#0","uv":[8,0,16,8]},"east":{"texture":"#0","uv":[0,0,8,7]},"north":{"texture":"#0","uv":[0,0,8,7]},"south":{"texture":"#0","uv":[0,0,8,7]},"up":{"texture":"#0","uv":[0,7,8,15]},"west":{"texture":"#0","uv":[0,0,8,7]}},"from":[0,0,0],"to":[16,14,16]},{"faces":{"east":{"texture":"#1","uv":[0,1,8,8]},"north":{"texture":"#1","uv":[0,1,8,8]},"south":{"texture":"#1","uv":[0,1,8,8]},"west":{"texture":"#1","uv":[0,1,8,8]}},"from":[0,0,0],"to":[16,14,16]},{"faces":{"down":{"texture":"#1","uv":[8,0,16,8]},"up":{"texture":"#1","uv":[8,0,16,8]}},"from":[0,11,0],"to":[16,11,16]},{"faces":{"down":{"texture":"#1","uv":[8,0,16,8]},"up":{"texture":"#1","uv":[8,0,16,8]}},"from":[0,0.1,0],"to":[16,0.1,16]},{"faces":{"east":{"texture":"#1","uv":[8.5,10.5,15.5,16]},"north":{"texture":"#1","uv":[8.5,10.5,15.5,16]},"south":{"texture":"#1","uv":[8.5,10.5,15.5,16]},"west":{"texture":"#1","uv":[8.5,10.5,15.5,16]}},"from":[1,0,1],"to":[15,11,15]},{"faces":{"east":{"texture":"#1","tintindex":0,"uv":[1,10,7,12]},"north":{"texture":"#1","tintindex":0,"uv":[1,8,7,10]},"south":{"texture":"#1","tintindex":0,"uv":[1,12,7,14]},"west":{"texture":"#1","tintindex":0,"uv":[1,14,7,16]}},"from":[2,4,2],"to":[14,8,14]},{"faces":{"east":{"rotation":180,"texture":"#1","tintindex":0,"uv":[7,14,1,16]},"north":{"rotation":180,"texture":"#1","tintindex":0,"uv":[7,12,1,14]},"south":{"rotation":180,"texture":"#1","tintindex":0,"uv":[7,8,1,10]},"west":{"rotation":180,"texture":"#1","tintindex":0,"uv":[7,10,1,12]}},"from":[14,8,14],"to":[2,4,2]},{"faces":{"down":{"texture":"#0","tintindex":0,"uv":[8,9,14,14.5]},"east":{"rotation":180,"texture":"#0","tintindex":0,"uv":[8,8,14,9]},"north":{"rotation":180,"texture":"#0","tintindex":0,"uv":[8,8,14,9]},"south":{"rotation":180,"texture":"#0","tintindex":0,"uv":[8,8,14,9]},"up":{"texture":"#0","tintindex":0,"uv":[8,9,14,14.5]},"west":{"rotation":180,"texture":"#0","tintindex":0,"uv":[8,8,14,9]}},"from":[14,16,14],"to":[2,14,2]},{"faces":{"down":{"texture":"#0","tintindex":0,"uv":[8,9,14,14.5]},"east":{"texture":"#0","tintindex":0,"uv":[8,8,14,9]},"north":{"texture":"#0","tintindex":0,"uv":[8,8,14,9]},"south":{"texture":"#0","tintindex":0,"uv":[8,8,14,9]},"up":{"texture":"#0","tintindex":0,"uv":[8,9,14,14.5]},"west":{"texture":"#0","tintindex":0,"uv":[8,8,14,9]}},"from":[2,14,2],"to":[14,16,14]}],"texture_size":[64,64],"textures":{"0":"custom/cosmetics/fish_bowl/fish_bowl","1":"custom/cosmetics/fish_bowl/fish","particle":"custom/cosmetics/fish_bowl/fish_bowl"}}