{"credit":"Made with Blockbench","display":{"firstperson_lefthand":{"rotation":[128,-1,-1],"translation":[9.75,-4.75,2.5]},"firstperson_righthand":{"rotation":[128,-1,-1],"translation":[9.75,-4.75,2.5]},"gui":{"rotation":[0,0,-50],"scale":[0.85,0.85,0.85],"translation":[-0.75,-0.75,0]},"thirdperson_lefthand":{"rotation":[90,-90,0],"translation":[0,-2,5.75]},"thirdperson_righthand":{"rotation":[90,90,0],"translation":[0,-2,5.75]}},"elements":[{"faces":{"down":{"texture":"#0","uv":[0,6,3,9]},"east":{"texture":"#0","uv":[0,0,3,6]},"north":{"texture":"#0","uv":[3,0,6,6]},"south":{"texture":"#0","uv":[6,0,3,6]},"west":{"texture":"#0","uv":[0,0,3,6]}},"from":[5,0,5],"to":[11,12,11]},{"faces":{"east":{"rotation":180,"texture":"#0","uv":[3,0,0,6]},"north":{"rotation":180,"texture":"#0","uv":[3,0,6,6]},"south":{"rotation":180,"texture":"#0","uv":[6,0,3,6]},"up":{"texture":"#0","uv":[0,6,3,9]},"west":{"rotation":180,"texture":"#0","uv":[3,0,0,6]}},"from":[11,12,11],"to":[5,0,5]},{"faces":{"east":{"texture":"#1","uv":[0,0,5,16]},"north":{"texture":"#1","uv":[5,0,10,16]},"south":{"texture":"#1","uv":[10,0,5,16]},"west":{"texture":"#1","uv":[0,0,5,16]}},"from":[5.5,5,5.5],"to":[10.5,21,10.5]}],"texture_size":[32,32],"textures":{"0":"custom/cosmetics/flame_fist/flame_fist","1":"custom/cosmetics/flame_fist/flame_arm","particle":"custom/cosmetics/flame_fist/flame_fist"}}