{"credit":"Made with Blockbench","display":{"firstperson_lefthand":{"rotation":[0,13,0],"translation":[6.75,5.75,0]},"firstperson_righthand":{"rotation":[0,13,0],"translation":[6.75,5.75,0]},"fixed":{"rotation":[-90,0,0],"scale":[2,2,2],"translation":[0,0,-16.25]},"ground":{"scale":[0.4,0.4,0.4],"translation":[0,3.25,0]},"gui":{"rotation":[30,135,0],"translation":[0.25,5.25,0]},"head":{"rotation":[3,0,0],"scale":[1.9,1.9,1.9],"translation":[0,17.25,0.75]},"thirdperson_lefthand":{"rotation":[39,38,0],"scale":[0.4,0.4,0.4],"translation":[0,4,1.75]},"thirdperson_righthand":{"rotation":[39,38,0],"scale":[0.4,0.4,0.4],"translation":[0,4,1.75]}},"elements":[{"faces":{"down":{"texture":"#0","uv":[6,1.5,8,3.5]},"east":{"texture":"#0","uv":[4,4.5,8,6.5]},"north":{"texture":"#0","uv":[0,4.5,4,6.5]},"south":{"texture":"#0","uv":[0,4.5,4,6.5]},"up":{"texture":"#0","uv":[0,0,4,4]},"west":{"texture":"#0","uv":[4,4.5,8,6.5]}},"from":[4,0,4],"to":[12,4,12]},{"faces":{"east":{"texture":"#0","uv":[4.5,1,9.5,3.5]},"north":{"texture":"#0","uv":[10,5,11,7.5]},"south":{"texture":"#0","uv":[10,5,11,7.5]},"up":{"texture":"#0","uv":[10,0,11,5]},"west":{"texture":"#0","uv":[4.5,1,9.5,3.5]}},"from":[7,0,3],"to":[9,5,13]},{"faces":{"down":{"texture":"#0","uv":[0,8,5,14]},"up":{"rotation":180,"texture":"#0","uv":[0,8,5,14]}},"from":[3,0,1],"to":[13,0,13]}],"textures":{"0":"custom/cosmetics/hard_hat_silver","particle":"custom/cosmetics/hard_hat_silver"}}