{"credit":"Made with Blockbench","display":{"firstperson_lefthand":{"rotation":[0,16,0],"translation":[4.25,6.5,0]},"firstperson_righthand":{"rotation":[0,16,0],"translation":[4.25,6.5,0]},"fixed":{"scale":[2,2,2],"translation":[0,8.25,0]},"ground":{"scale":[0.4,0.4,0.4],"translation":[0,2.75,0]},"gui":{"rotation":[30,-45,0],"translation":[-0.25,3.5,0]},"head":{"scale":[1.6,1.6,1.6],"translation":[0,8,1.75]},"thirdperson_lefthand":{"rotation":[39,29,0],"scale":[0.5,0.5,0.5],"translation":[0,1,0.5]},"thirdperson_righthand":{"rotation":[39,29,0],"scale":[0.5,0.5,0.5],"translation":[0,1,0.5]}},"elements":[{"faces":{"east":{"texture":"#0","tintindex":0,"uv":[1,8,4,11]},"north":{"texture":"#0","tintindex":0,"uv":[0,3,1,6]},"south":{"texture":"#0","tintindex":0,"uv":[0,3,1,6]},"up":{"rotation":180,"texture":"#0","tintindex":0,"uv":[0,0,1,3]},"west":{"texture":"#0","tintindex":0,"uv":[0,3,3,6]}},"from":[3,5,6],"rotation":{"angle":0,"axis":"y","origin":[7,8,8]},"to":[4,8,9]},{"faces":{"down":{"rotation":270,"texture":"#0","tintindex":0,"uv":[0,11,5,13]},"east":{"texture":"#0","tintindex":0,"uv":[1,8,4,11]},"north":{"texture":"#0","tintindex":0,"uv":[6,7,4,12]},"south":{"texture":"#0","tintindex":0,"uv":[4,7,6,12]},"up":{"rotation":90,"texture":"#0","tintindex":0,"uv":[0,6,5,8]},"west":{"texture":"#0","tintindex":0,"uv":[0,7,5,12]}},"from":[2,0,5],"rotation":{"angle":0,"axis":"y","origin":[7,8,8]},"to":[4,5,10]},{"faces":{"down":{"rotation":90,"texture":"#0","tintindex":0,"uv":[0,11,5,13]},"east":{"texture":"#0","tintindex":0,"uv":[0,7,5,12]},"north":{"texture":"#0","tintindex":0,"uv":[4,7,6,12]},"south":{"texture":"#0","tintindex":0,"uv":[6,7,4,12]},"up":{"rotation":270,"texture":"#0","tintindex":0,"uv":[0,6,5,8]},"west":{"texture":"#0","tintindex":0,"uv":[1,8,4,11]}},"from":[12,0,5],"rotation":{"angle":0,"axis":"x","origin":[9,8,8]},"to":[14,5,10]},{"faces":{"east":{"texture":"#0","tintindex":0,"uv":[0,3,3,6]},"north":{"texture":"#0","tintindex":0,"uv":[0,3,1,6]},"south":{"texture":"#0","tintindex":0,"uv":[0,3,1,6]},"up":{"texture":"#0","tintindex":0,"uv":[0,0,1,3]},"west":{"texture":"#0","tintindex":0,"uv":[1,8,4,11]}},"from":[12,5,6],"rotation":{"angle":0,"axis":"y","origin":[9,8,8]},"to":[13,8,9]},{"faces":{"down":{"texture":"#0","tintindex":0,"uv":[1,8,4,11]},"north":{"texture":"#0","tintindex":0,"uv":[1,2,9,3]},"south":{"rotation":180,"texture":"#0","tintindex":0,"uv":[1,0,9,1]},"up":{"texture":"#0","tintindex":0,"uv":[1,3,9,0]}},"from":[4,7,6],"to":[12,8,9]},{"faces":{"east":{"texture":"#0","uv":[6,3,3,6]}},"from":[14.1,1,6],"to":[14.1,4,9]},{"faces":{"west":{"texture":"#0","uv":[3,3,6,6]}},"from":[1.9,1,6],"to":[1.9,4,9]}],"groups":[{"children":[0,1],"name":"group","origin":[8,8,8]},{"children":[2,3],"name":"group","origin":[8,8,8]},4,5,6],"textures":{"0":"custom/cosmetics/headphones","particle":"custom/cosmetics/headphones"}}