{"credit":"Made with Blockbench","display":{"firstperson_lefthand":{"rotation":[0,39,0],"translation":[8.75,4.25,-5.25]},"firstperson_righthand":{"rotation":[0,39,0],"translation":[8.75,4.25,-5.25]},"fixed":{"rotation":[-90,0,0],"scale":[2,2,2],"translation":[0,0,-16]},"ground":{"scale":[0.4,0.4,0.4],"translation":[0,4.75,0]},"gui":{"rotation":[30,45,0],"translation":[0,4.5,0]},"head":{"rotation":[16,0,0],"scale":[1.6,1.6,1.6],"translation":[0,15.25,3.75]},"thirdperson_lefthand":{"rotation":[43,53,0],"scale":[0.4,0.4,0.4],"translation":[0,1.75,0.5]},"thirdperson_righthand":{"rotation":[43,53,0],"scale":[0.4,0.4,0.4],"translation":[0,1.75,0.5]}},"elements":[{"faces":{"down":{"texture":"#0","uv":[0,2.5,5,7.5]},"east":{"texture":"#0","tintindex":0,"uv":[0,0,5,2.5]},"north":{"texture":"#0","tintindex":0,"uv":[0,0,5,2.5]},"south":{"texture":"#0","tintindex":0,"uv":[0,0,5,2.5]},"up":{"texture":"#0","tintindex":0,"uv":[5,2.5,10,7.5]},"west":{"texture":"#0","tintindex":0,"uv":[0,0,5,2.5]}},"from":[3,0,3],"to":[13,5,13]},{"faces":{"down":{"texture":"#0","uv":[0,2.5,5,7.5]},"east":{"texture":"#0","uv":[0,7.5,5,10]},"north":{"texture":"#0","uv":[0,7.5,5,10]},"south":{"texture":"#0","uv":[0,7.5,5,10]},"west":{"texture":"#0","uv":[0,7.5,5,10]}},"from":[2.75,-0.25,2.75],"to":[13.25,5.25,13.25]},{"faces":{"east":{"rotation":180,"texture":"#0","uv":[0,7.5,5,10]},"north":{"rotation":180,"texture":"#0","uv":[0,7.5,5,10]},"south":{"rotation":180,"texture":"#0","uv":[0,7.5,5,10]},"up":{"texture":"#0","uv":[0,2.5,5,7.5]},"west":{"rotation":180,"texture":"#0","uv":[0,7.5,5,10]}},"from":[13.25,5.25,13.25],"to":[2.75,-0.25,2.75]},{"faces":{"east":{"texture":"#0","uv":[5,0,7,2]},"north":{"texture":"#0","uv":[5,0,7,2]},"south":{"texture":"#0","uv":[5,0,7,2]},"up":{"texture":"#0","uv":[7,0,9,2]},"west":{"texture":"#0","uv":[5,0,7,2]}},"from":[6,5,6],"to":[10,9,10]}],"textures":{"0":"custom/cosmetics/knit_hat","particle":"custom/cosmetics/knit_hat"}}