{"credit":"Made with Blockbench","display":{"firstperson_lefthand":{"rotation":[0,34,0],"translation":[10.25,4.75,-5.25]},"firstperson_righthand":{"rotation":[0,34,0],"translation":[10.25,4.75,-5.25]},"fixed":{"rotation":[-90,0,0],"scale":[2,2,2],"translation":[0,0,-16]},"ground":{"scale":[0.4,0.4,0.4],"translation":[0,6.75,0]},"gui":{"rotation":[30,45,0],"translation":[0.5,4.75,0]},"head":{"scale":[1.63,1.63,1.63],"translation":[0,17,0]},"thirdperson_lefthand":{"rotation":[47,33,0],"scale":[0.4,0.4,0.4],"translation":[0,2.5,2]},"thirdperson_righthand":{"rotation":[47,33,0],"scale":[0.4,0.4,0.4],"translation":[0,2.5,2]}},"elements":[{"faces":{"down":{"rotation":180,"texture":"#0","tintindex":0,"uv":[8.5,0,12.5,4.5]},"east":{"texture":"#0","tintindex":0,"uv":[0,0,4.5,2]},"north":{"texture":"#0","tintindex":0,"uv":[0,2,4,4]},"south":{"texture":"#0","tintindex":0,"uv":[0,4,4,6]},"up":{"texture":"#0","tintindex":0,"uv":[4.5,0,8.5,4.5]},"west":{"texture":"#0","tintindex":0,"uv":[4.5,0,0,2]}},"from":[4,0,3],"to":[12,4,12]},{"faces":{"down":{"rotation":180,"texture":"#0","tintindex":0,"uv":[8.5,8,12.5,12.5]},"east":{"texture":"#0","tintindex":0,"uv":[0,8,4.5,10]},"north":{"texture":"#0","tintindex":0,"uv":[0,10,4,12]},"south":{"texture":"#0","tintindex":0,"uv":[0,12,4,14]},"up":{"texture":"#0","tintindex":0,"uv":[4.5,8,8.5,12.5]},"west":{"texture":"#0","tintindex":0,"uv":[4.5,8,0,10]}},"from":[3.5,-0.5,2.5],"to":[12.5,4.5,12.5]},{"faces":{"down":{"texture":"#0","tintindex":0,"uv":[8.5,8,4.5,12.5]},"east":{"rotation":180,"texture":"#0","tintindex":0,"uv":[0,8,4.5,10]},"north":{"rotation":180,"texture":"#0","tintindex":0,"uv":[0,12,4,14]},"south":{"rotation":180,"texture":"#0","tintindex":0,"uv":[0,10,4,12]},"up":{"rotation":180,"texture":"#0","tintindex":0,"uv":[8.5,8,12.5,12.5]},"west":{"rotation":180,"texture":"#0","tintindex":0,"uv":[4.5,8,0,10]}},"from":[12.5,4.5,12.5],"to":[3.5,-0.5,2.5]}],"textures":{"0":"custom/cosmetics/male_hair2","particle":"custom/cosmetics/male_hair2"}}