{"credit":"Made with Blockbench","display":{"firstperson_lefthand":{"rotation":[0,125,0],"translation":[6,3.5,-3.5]},"firstperson_righthand":{"rotation":[0,125,0],"translation":[6,3.5,-3.5]},"fixed":{"rotation":[-90,0,0],"scale":[2,2,2],"translation":[0,0,-10.5]},"ground":{"scale":[0.4,0.4,0.4],"translation":[0,4.25,0]},"gui":{"rotation":[30,135,0],"translation":[0.75,3.75,0]},"head":{"rotation":[5,0,0],"scale":[1.9,1.9,1.9],"translation":[0,11.75,0.75]},"thirdperson_lefthand":{"rotation":[39,39,0],"scale":[0.4,0.4,0.4],"translation":[0,2,0]},"thirdperson_righthand":{"rotation":[39,39,0],"scale":[0.4,0.4,0.4],"translation":[0,2,0]}},"elements":[{"faces":{"east":{"texture":"#0","uv":[0,6.5,4,8.5]},"north":{"texture":"#0","uv":[0,4,4,6]},"south":{"texture":"#0","uv":[0,4,4,6]},"up":{"texture":"#0","uv":[0,0,4,4]},"west":{"texture":"#0","uv":[0,6.5,4,8.5]}},"from":[4,3,4],"to":[12,7,12]},{"faces":{"down":{"texture":"#0","uv":[0,0,4,4]},"east":{"rotation":180,"texture":"#0","uv":[0,6.5,4,8.5]},"north":{"rotation":180,"texture":"#0","uv":[0,4,4,6]},"south":{"rotation":180,"texture":"#0","uv":[0,4,4,6]},"west":{"rotation":180,"texture":"#0","uv":[0,6.5,4,8.5]}},"from":[12,7,12],"to":[4,3,4]},{"faces":{"down":{"rotation":180,"texture":"#0","uv":[8.5,15,3.5,8.5]},"east":{"texture":"#0","uv":[0,0,5,0]},"north":{"texture":"#0","uv":[0,0,5,0]},"south":{"texture":"#0","uv":[0,0,5,0]},"up":{"texture":"#0","uv":[8.5,15,3.5,8.5]},"west":{"texture":"#0","uv":[0,0,5,0]}},"from":[3,3,0],"to":[13,3,13]},{"faces":{"down":{"texture":"#0","uv":[5,13,7,14]},"east":{"texture":"#0","uv":[7.5,3,6.5,5]},"north":{"texture":"#0","uv":[5,3,7,5]},"up":{"rotation":180,"texture":"#0","uv":[5,2.5,7,3.5]},"west":{"texture":"#0","uv":[6.5,3,7.5,5]}},"from":[6,3,2],"to":[10,7,4]},{"faces":{"down":{"rotation":270,"texture":"#0","uv":[4,5,7.5,6]},"east":{"rotation":180,"texture":"#0","uv":[4,5,7.5,6]},"up":{"rotation":90,"texture":"#0","uv":[4,5,7.5,6]},"west":{"texture":"#0","uv":[4,5,7.5,6]}},"from":[7,4,-5],"to":[9,6,2]},{"faces":{"down":{"rotation":90,"texture":"#0","uv":[4,5,7.5,6]},"east":{"texture":"#0","uv":[4,5,7.5,6]},"up":{"rotation":270,"texture":"#0","uv":[4,5,7.5,6]},"west":{"rotation":180,"texture":"#0","uv":[4,5,7.5,6]}},"from":[9,6,2],"to":[7,4,-5]},{"faces":{"east":{"texture":"#0","tintindex":0,"uv":[7.5,0.5,6.5,2.5]},"up":{"rotation":180,"texture":"#0","tintindex":0,"uv":[5,0,7,1]},"west":{"texture":"#0","tintindex":0,"uv":[6.5,0.5,7.5,2.5]}},"from":[6,3,2],"to":[10,7,4]},{"faces":{"east":{"texture":"#0","tintindex":0,"uv":[4,6.5,8,8]},"north":{"texture":"#0","tintindex":0,"uv":[4,6.5,8,8]},"south":{"texture":"#0","tintindex":0,"uv":[4,6.5,8,8]},"west":{"texture":"#0","tintindex":0,"uv":[4,6.5,8,8]}},"from":[3.78,3.78,3.78],"to":[12.22,7.22,12.22]},{"faces":{"east":{"rotation":180,"texture":"#0","tintindex":0,"uv":[4,6.5,8,8]},"north":{"rotation":180,"texture":"#0","tintindex":0,"uv":[4,6.5,8,8]},"south":{"rotation":180,"texture":"#0","tintindex":0,"uv":[4,6.5,8,8]},"west":{"rotation":180,"texture":"#0","tintindex":0,"uv":[4,6.5,8,8]}},"from":[12.22,7.22,12.22],"to":[3.78,3.78,3.78]}],"groups":[0,1,2,3,4,5,{"children":[6,7,8],"name":"group","origin":[8,8,8]}],"textures":{"0":"custom/cosmetics/miner_cap","particle":"custom/cosmetics/miner_cap"}}