{"credit":"Made with Blockbench","display":{"firstperson_lefthand":{"rotation":[0,-54,0],"translation":[10,4,-6.75]},"firstperson_righthand":{"rotation":[0,-54,0],"translation":[10,4,-6.75]},"fixed":{"rotation":[-90,0,0],"scale":[2,2,2],"translation":[0,0,-16]},"ground":{"scale":[0.4,0.4,0.4],"translation":[0,3.5,0]},"gui":{"rotation":[30,135,0],"translation":[0.25,3.75,0]},"head":{"scale":[1.6,1.6,1.6],"translation":[0,19.5,0]},"thirdperson_lefthand":{"rotation":[63,51,0],"scale":[0.4,0.4,0.4],"translation":[0,1.75,1.5]},"thirdperson_righthand":{"rotation":[63,51,0],"scale":[0.4,0.4,0.4],"translation":[0,1.75,1.5]}},"elements":[{"faces":{"down":{"texture":"#0","uv":[8,0,15,7]},"east":{"texture":"#0","uv":[0,8,7,16]},"north":{"texture":"#0","uv":[0,8,7,16]},"south":{"texture":"#0","uv":[0,8,7,16]},"up":{"texture":"#0","uv":[0,0,7,7]},"west":{"texture":"#0","uv":[0,8,7,16]}},"from":[4.5,0,4.5],"to":[11.5,8,11.5]},{"faces":{"down":{"texture":"#0","uv":[9,12,16,16]},"up":{"rotation":180,"texture":"#0","uv":[9,12,16,16]}},"from":[4.5,0.5,0.5],"to":[11.5,0.5,4.5]},{"faces":{"down":{"rotation":180,"texture":"#0","uv":[7,9,9,10]},"north":{"texture":"#0","uv":[7,9,9,10]},"south":{"rotation":180,"texture":"#0","uv":[7,9,9,10]},"up":{"rotation":180,"texture":"#0","uv":[7,9,9,10]},"west":{"texture":"#0","uv":[8,9,9,10]}},"from":[2.5,1,7.5],"rotation":{"angle":0,"axis":"y","origin":[10,14,16]},"to":[4.5,2,8.5]},{"faces":{"down":{"rotation":180,"texture":"#0","uv":[7,9,9,10]},"north":{"texture":"#0","uv":[7,9,9,10]},"south":{"rotation":180,"texture":"#0","uv":[7,9,9,10]},"up":{"rotation":180,"texture":"#0","uv":[7,9,9,10]},"west":{"texture":"#0","uv":[8,9,9,10]}},"from":[2.5,6,7.5],"rotation":{"angle":0,"axis":"y","origin":[10,14,16]},"to":[4.5,7,8.5]},{"faces":{"east":{"texture":"#0","uv":[8,10,9,14]},"north":{"texture":"#0","uv":[8,10,9,14]},"south":{"texture":"#0","uv":[8,10,9,14]},"west":{"texture":"#0","uv":[8,10,9,14]}},"from":[2.5,2,7.5],"rotation":{"angle":0,"axis":"y","origin":[10,14,16]},"to":[3.5,6,8.5]}],"groups":[0,1,{"children":[2,3,4],"name":"group","origin":[8,8,8]}],"textures":{"0":"custom/cosmetics/mug_hat","particle":"custom/cosmetics/mug_hat"}}