{"credit":"Made with Blockbench","display":{"firstperson_lefthand":{"rotation":[0,36,0],"translation":[15.75,0,-12]},"firstperson_righthand":{"rotation":[0,36,0],"translation":[15.75,0,-12]},"fixed":{"rotation":[0,-180,0],"scale":[2,2,2],"translation":[0,8.5,-17.75]},"ground":{"scale":[0.4,0.4,0.4],"translation":[0,8,0]},"gui":{"rotation":[30,125,0],"scale":[0.41,0.41,0.41],"translation":[1.25,-0.25,0]},"head":{"scale":[1.53,1.53,1.53],"translation":[0,-38.75,24.5]},"thirdperson_lefthand":{"rotation":[51,58,0],"scale":[0.4,0.4,0.4],"translation":[4.25,1,3.75]},"thirdperson_righthand":{"rotation":[51,58,0],"scale":[0.4,0.4,0.4],"translation":[4.25,1,3.75]}},"elements":[{"faces":{"down":{"rotation":270,"texture":"#0","uv":[0,1.5,4.5,2.25]},"east":{"texture":"#0","uv":[0,0,4.5,0.75]},"north":{"texture":"#0","uv":[8,0,8.75,0.75]},"south":{"texture":"#0","uv":[8,0,8.75,0.75]},"up":{"rotation":270,"texture":"#0","uv":[0,0.75,4.5,1.5]},"west":{"texture":"#0","uv":[0,0,4.5,0.75]}},"from":[6.5,20,3],"rotation":{"angle":0,"axis":"y","origin":[8,16,16]},"to":[9.5,23,21]},{"faces":{"east":{"texture":"#0","uv":[4.5,0,8,7.75]},"west":{"texture":"#0","uv":[4.5,0,8,7.75]}},"from":[8,-11,5],"rotation":{"angle":0,"axis":"y","origin":[8,16,16]},"to":[8,20,19]},{"faces":{"east":{"texture":"#0","uv":[8.75,0.5,9.25,8]},"north":{"texture":"#0","uv":[8.75,0.5,9.25,8]},"south":{"texture":"#0","uv":[8.75,0.5,9.25,8]},"up":{"texture":"#0","uv":[8.75,0.5,9.25,1]},"west":{"texture":"#0","uv":[9.25,0.5,8.75,8]}},"from":[7,-9,3],"rotation":{"angle":22.5,"axis":"x","origin":[8,16,16]},"to":[9,21,5]},{"faces":{"east":{"texture":"#0","uv":[0,8,1.5,11]},"north":{"texture":"#0","uv":[0,8,2,11]},"south":{"texture":"#0","uv":[0,8,2,11]},"up":{"texture":"#0","uv":[0,12.5,2,14]},"west":{"texture":"#0","uv":[0.5,8,2,11]}},"from":[3.9,-8.1,-6.1],"rotation":{"angle":0,"axis":"y","origin":[8,16,18]},"to":[12.1,4.1,0.1]},{"faces":{"down":{"texture":"#0","uv":[0,12.5,2,14]},"east":{"rotation":180,"texture":"#0","uv":[0,8,1.5,11]},"north":{"rotation":180,"texture":"#0","uv":[0,8,2,11]},"south":{"rotation":180,"texture":"#0","uv":[0,8,2,11]},"west":{"rotation":180,"texture":"#0","uv":[0.5,8,2,11]}},"from":[12.1,4.1,0.1],"rotation":{"angle":0,"axis":"y","origin":[8,16,16]},"to":[3.9,-8.1,-6.1]},{"faces":{"east":{"texture":"#0","uv":[10.5,6.25,9.25,8.25]},"west":{"texture":"#0","uv":[9.25,6.25,10.5,8.25]}},"from":[8,23,4],"to":[8,31,9]},{"faces":{"down":{"rotation":180,"texture":"#0","tintindex":0,"uv":[2,10,4,12]},"east":{"texture":"#0","tintindex":0,"uv":[2,8,3.5,10]},"north":{"texture":"#0","tintindex":0,"uv":[2,8,4,10]},"south":{"texture":"#0","tintindex":0,"uv":[2,8,4,10]},"up":{"rotation":180,"texture":"#0","tintindex":0,"uv":[2,10,4,11.5]},"west":{"texture":"#0","tintindex":0,"uv":[2.5,8,4,10]}},"from":[4,-4,-6],"rotation":{"angle":0,"axis":"y","origin":[8,16,18]},"to":[12,4,0]},{"faces":{"east":{"texture":"#0","tintindex":0,"uv":[4.5,8,8,15.75]},"west":{"texture":"#0","tintindex":0,"uv":[4.5,8,8,15.75]}},"from":[8,-11,5],"rotation":{"angle":0,"axis":"y","origin":[8,16,16]},"to":[8,20,19]},{"faces":{"down":{"rotation":270,"texture":"#0","tintindex":0,"uv":[0,3.75,4.5,4.5]},"east":{"texture":"#0","tintindex":0,"uv":[0,2.25,4.5,3]},"up":{"rotation":270,"texture":"#0","tintindex":0,"uv":[0,2.5,4.5,3.25]},"west":{"texture":"#0","tintindex":0,"uv":[0,2.25,4.5,3]}},"from":[6.4,19.9,2.9],"rotation":{"angle":0,"axis":"y","origin":[8,16,16]},"to":[9.6,23.1,21.1]}],"groups":[{"children":[0,1,2,3,4,5,{"children":[6,7,8],"name":"group","origin":[8,10,16]}],"name":"group","origin":[8,8,8]}],"textures":{"0":"custom/cosmetics/original_banner","particle":"custom/cosmetics/original_banner"}}