{"credit":"Made with Blockbench","display":{"firstperson_lefthand":{"translation":[4.5,3.25,0]},"firstperson_righthand":{"translation":[4.5,3.25,0]},"fixed":{"rotation":[-90,0,0],"scale":[2,2,2],"translation":[0,0,-16]},"ground":{"scale":[0.4,0.4,0.4],"translation":[0,7,0]},"gui":{"rotation":[30,45,0],"translation":[0,4,0]},"head":{"rotation":[6,0,0],"scale":[1.6,1.6,1.6],"translation":[0,16.75,1.25]},"thirdperson_lefthand":{"rotation":[51,-49,0],"scale":[0.5,0.5,0.5],"translation":[0,2.5,2.5]},"thirdperson_righthand":{"rotation":[51,-49,0],"scale":[0.5,0.5,0.5],"translation":[0,2.5,2.5]}},"elements":[{"faces":{"down":{"texture":"#0","uv":[5,9,10,14]},"east":{"texture":"#0","uv":[0,1.5,5,2.5]},"north":{"texture":"#0","uv":[0,1.5,5,2.5]},"south":{"texture":"#0","uv":[0,1.5,5,2.5]},"up":{"texture":"#0","uv":[0,8,5,13]},"west":{"texture":"#0","uv":[0,1.5,5,2.5]}},"from":[3,0,3],"to":[13,2,13]},{"faces":{"east":{"texture":"#0","uv":[5,0,10,2]},"north":{"texture":"#0","uv":[5,0,10,2]},"south":{"texture":"#0","uv":[5,0,10,2]},"up":{"texture":"#0","uv":[8,0,13,5]},"west":{"texture":"#0","uv":[5,0,10,2]}},"from":[3,2,3],"to":[13,6,13]},{"faces":{"down":{"texture":"#0","uv":[8,0,13,5]},"east":{"rotation":180,"texture":"#0","uv":[5,0,10,2]},"north":{"rotation":180,"texture":"#0","uv":[5,0,10,2]},"south":{"rotation":180,"texture":"#0","uv":[5,0,10,2]},"west":{"rotation":180,"texture":"#0","uv":[5,0,10,2]}},"from":[13,6,13],"to":[3,2,3]},{"faces":{"north":{"texture":"#0","uv":[0,2.5,8,6.5]},"south":{"texture":"#0","uv":[0,2.5,8,6.5]}},"from":[0,2,8],"rotation":{"angle":45,"axis":"y","origin":[8,8,8]},"to":[16,10,8]},{"faces":{"north":{"texture":"#0","uv":[0,2.5,8,6.5]},"south":{"texture":"#0","uv":[0,2.5,8,6.5]}},"from":[0,2,8],"rotation":{"angle":-45,"axis":"y","origin":[8,8,8]},"to":[16,10,8]},{"faces":{"east":{"texture":"#0","tintindex":0,"uv":[0,0,4,1.5]},"north":{"texture":"#0","tintindex":0,"uv":[0,0,4,1.5]},"south":{"texture":"#0","tintindex":0,"uv":[0,0,4,1.5]},"up":{"texture":"#0","tintindex":0,"uv":[8,5,12,9]},"west":{"texture":"#0","tintindex":0,"uv":[0,0,4,1.5]}},"from":[4,2,4],"to":[12,5,12]}],"textures":{"0":"custom/cosmetics/original_crown","particle":"custom/cosmetics/original_crown"}}