{"credit":"Made with Blockbench","display":{"firstperson_lefthand":{"rotation":[0,-142,0],"translation":[6,1.75,0]},"firstperson_righthand":{"rotation":[0,-142,0],"translation":[6,1.75,0]},"fixed":{"rotation":[-90,0,0],"scale":[2,2,2],"translation":[0,0,-18]},"ground":{"scale":[0.4,0.4,0.4],"translation":[0,4.75,0]},"gui":{"rotation":[-24,-90,0]},"head":{"rotation":[15,152,0],"scale":[1.6,1.6,1.6],"translation":[-11.75,7.75,13]},"thirdperson_lefthand":{"rotation":[28,-158,0],"translation":[2.5,1.25,7]},"thirdperson_righthand":{"rotation":[28,-158,0],"translation":[2.5,1.25,6.75]}},"elements":[{"faces":{"east":{"texture":"#0","tintindex":0,"uv":[16,0,0,16]},"west":{"texture":"#0","tintindex":0,"uv":[0,0,16,16]}},"from":[8,0,0],"to":[8,16,16]}],"textures":{"0":"custom/cosmetics/quill","particle":"custom/cosmetics/quill"}}