{"credit":"Made with Blockbench","display":{"firstperson_lefthand":{"rotation":[0,158,0],"translation":[11.75,5,-5.75]},"firstperson_righthand":{"rotation":[0,-18,0],"translation":[11.75,5,-5.75]},"fixed":{"rotation":[-90,0,0],"scale":[2,2,2],"translation":[0,0,-16]},"ground":{"scale":[0.4,0.4,0.4],"translation":[0,4.5,0]},"gui":{"rotation":[30,45,0],"scale":[0.9,0.9,0.9],"translation":[0.75,6.75,0]},"head":{"scale":[1.6,1.6,1.6],"translation":[0,16,0]},"thirdperson_lefthand":{"rotation":[64,-34,0],"scale":[0.4,0.4,0.4],"translation":[0,1,2.5]},"thirdperson_righthand":{"rotation":[64,-34,0],"scale":[0.4,0.4,0.4],"translation":[0,1,2.5]}},"elements":[{"faces":{"down":{"texture":"#0","uv":[0,2.5,5,7.5]},"east":{"texture":"#0","uv":[0,0,5,2.5]},"north":{"texture":"#0","uv":[0,0,5,2.5]},"south":{"texture":"#0","uv":[0,0,5,2.5]},"up":{"texture":"#0","uv":[5,2.5,10,7.5]},"west":{"texture":"#0","uv":[0,0,5,2.5]}},"from":[3,0,3],"to":[13,5,13]},{"faces":{"down":{"rotation":90,"texture":"#0","uv":[6.5,0,8,1.5]},"east":{"texture":"#0","uv":[10,2,11.5,7.5]},"north":{"texture":"#0","uv":[10,2,11.5,7.5]},"south":{"texture":"#0","uv":[10,2,11.5,7.5]},"up":{"rotation":180,"texture":"#0","uv":[5,0,6.5,1.5]},"west":{"texture":"#0","uv":[10,2,11.5,7.5]}},"from":[1,-8,5],"rotation":{"angle":22.5,"axis":"x","origin":[1.51398,-2.50697,5.49297]},"to":[4,3,8]}],"textures":{"0":"custom/cosmetics/racoon_hat","particle":"custom/cosmetics/racoon_hat"}}