{"credit":"Made with Blockbench","display":{"firstperson_lefthand":{"rotation":[0,35,0],"translation":[3,8,0]},"firstperson_righthand":{"rotation":[0,35,0],"translation":[3,8,0]},"ground":{"scale":[0.5,0.5,0.5],"translation":[0,4.25,0]},"gui":{"rotation":[30,135,0],"translation":[0,6.25,0]},"head":{"scale":[1.6,1.6,1.6],"translation":[0,11.25,0]},"thirdperson_lefthand":{"rotation":[54,20,0],"scale":[0.4,0.4,0.4],"translation":[0,1.75,3.25]},"thirdperson_righthand":{"rotation":[54,20,0],"scale":[0.4,0.4,0.4],"translation":[0,1.75,3.25]}},"elements":[{"faces":{"east":{"texture":"#0","tintindex":0,"uv":[0,0,4,2]},"north":{"texture":"#0","tintindex":0,"uv":[0,2,3,4]},"south":{"texture":"#0","tintindex":0,"uv":[0,4,3,6]},"west":{"texture":"#0","tintindex":0,"uv":[4,0,0,2]}},"from":[5,5,4],"rotation":{"angle":0,"axis":"y","origin":[8,13,8]},"to":[11,9,12]},{"faces":{"east":{"rotation":180,"texture":"#0","tintindex":0,"uv":[0,0,4,2]},"north":{"rotation":180,"texture":"#0","tintindex":0,"uv":[3,4,0,6]},"south":{"rotation":180,"texture":"#0","tintindex":0,"uv":[0,2,3,4]},"west":{"rotation":180,"texture":"#0","tintindex":0,"uv":[4,0,0,2]}},"from":[11,9,12],"rotation":{"angle":0,"axis":"y","origin":[8,13,8]},"to":[5,5,4]},{"faces":{"down":{"texture":"#0","uv":[6,2,8,4]},"east":{"texture":"#0","uv":[8,0,6,2]},"north":{"texture":"#0","uv":[4,0,6,2]},"south":{"texture":"#0","uv":[8,0,10,2]},"up":{"rotation":180,"texture":"#0","uv":[4,2,6,4]},"west":{"texture":"#0","uv":[6,0,8,2]}},"from":[3,-2,3],"rotation":{"angle":0,"axis":"y","origin":[11,6,11]},"to":[7,2,7]},{"faces":{"east":{"texture":"#0","uv":[6.5,4,8,7]},"west":{"texture":"#0","uv":[8,4,6.5,7]}},"from":[3,2,4],"rotation":{"angle":0,"axis":"y","origin":[11,10,12]},"to":[3,8,7]}],"textures":{"0":"custom/cosmetics/redstone_stall_gear","particle":"custom/cosmetics/redstone_stall_gear"}}