{"credit":"Made with Blockbench","display":{"firstperson_lefthand":{"rotation":[0,139,0],"translation":[28.75,-2.5,-11]},"firstperson_righthand":{"rotation":[0,139,0],"translation":[18.5,-2.5,-13.5]},"fixed":{"rotation":[-90,0,0],"scale":[2,2,2],"translation":[0,0,-16.75]},"ground":{"scale":[0.3,0.3,0.3],"translation":[0,5.25,0]},"gui":{"rotation":[30,135,0],"scale":[0.65,0.65,0.65],"translation":[0,4,0]},"head":{"rotation":[8,0,0],"scale":[1.5,1.5,1.5],"translation":[0,15.25,1.75]},"thirdperson_lefthand":{"rotation":[46,0,0],"scale":[0.3,0.3,0.3],"translation":[0,1.25,1.25]},"thirdperson_righthand":{"rotation":[46,0,0],"scale":[0.3,0.3,0.3],"translation":[0,1.25,1.25]}},"elements":[{"faces":{"down":{"texture":"#0","uv":[10,1.5,15.5,7]},"up":{"texture":"#0","uv":[10,1.5,15.5,7]}},"from":[-3,0,-3],"rotation":{"angle":0,"axis":"z","origin":[8,-9.8,8]},"to":[19,0,19]},{"faces":{"east":{"texture":"#0","uv":[11.5,0.25,14,1.5]},"north":{"texture":"#0","uv":[11.5,0.25,14,1.5]},"south":{"texture":"#0","uv":[11.5,0.25,14,1.5]},"up":{"texture":"#0","uv":[11.5,3,14,5.5]},"west":{"texture":"#0","uv":[11.5,0.25,14,1.5]}},"from":[3,0,3],"rotation":{"angle":0,"axis":"z","origin":[8,-9.8,8]},"to":[13,5,13]},{"faces":{"east":{"texture":"#0","tintindex":0,"uv":[11.5,7,14,8.25]},"north":{"texture":"#0","tintindex":0,"uv":[11.5,7,14,8.25]},"south":{"texture":"#0","tintindex":0,"uv":[11.5,7,14,8.25]},"west":{"texture":"#0","tintindex":0,"uv":[11.5,7,14,8.25]}},"from":[2.75,-0.25,2.75],"rotation":{"angle":0,"axis":"z","origin":[8,-9.8,8]},"to":[13.25,5.25,13.25]},{"faces":{"east":{"rotation":180,"texture":"#0","tintindex":0,"uv":[11.5,7,14,8.25]},"north":{"rotation":180,"texture":"#0","tintindex":0,"uv":[11.5,7,14,8.25]},"south":{"rotation":180,"texture":"#0","tintindex":0,"uv":[11.5,7,14,8.25]},"west":{"rotation":180,"texture":"#0","tintindex":0,"uv":[11.5,7,14,8.25]}},"from":[13.25,5.25,13.25],"rotation":{"angle":0,"axis":"z","origin":[8,-9.8,8]},"to":[2.75,-0.25,2.75]}],"groups":[{"children":[0,1,2,3],"name":"group","origin":[8,13,8]}],"textures":{"0":"custom/decorations/farmer","particle":"custom/decorations/farmer"}}