{"credit":"Made with Blockbench","display":{"firstperson_lefthand":{"rotation":[1,80,0],"translation":[7.75,-4.5,1]},"firstperson_righthand":{"rotation":[1,80,0],"translation":[7.75,-4.5,1]},"fixed":{"scale":[2,2,2],"translation":[0,5.25,-5.25]},"ground":{"scale":[0.5,0.5,0.5],"translation":[0,6.5,0]},"gui":{"rotation":[30,-45,0],"translation":[0,2.5,0]},"head":{"rotation":[-90,0,-25],"scale":[1.6,1.6,1.6],"translation":[2,10.25,-5.5]},"thirdperson_lefthand":{"rotation":[68,90,0],"translation":[0.75,-3,-1.5]},"thirdperson_righthand":{"rotation":[68,90,0],"translation":[0.75,-3,-1.5]}},"elements":[{"faces":{"down":{"texture":"#0","tintindex":0,"uv":[0,12.5,6.5,15]},"east":{"texture":"#0","tintindex":0,"uv":[7,0,9.5,4.5]},"north":{"texture":"#0","tintindex":0,"uv":[0,0,6.5,4.5]},"south":{"texture":"#0","tintindex":0,"uv":[0,0,6.5,4.5]},"up":{"texture":"#0","tintindex":0,"uv":[0,9.5,6.5,12]},"west":{"texture":"#0","tintindex":0,"uv":[7,0,9.5,4.5]}},"from":[1.5,0,5.5],"to":[14.5,9,10.5]},{"faces":{"down":{"texture":"#0","uv":[6.5,12.5,13,15]},"north":{"texture":"#0","uv":[0,4.5,6.5,9]},"south":{"texture":"#0","uv":[0,4.5,6.5,9]},"up":{"texture":"#0","uv":[6.5,9.5,13,12]}},"from":[1.3,-0.2,5.3],"to":[14.7,9.2,10.7]},{"faces":{"down":{"texture":"#0","uv":[6.5,9.5,13,12]},"north":{"rotation":180,"texture":"#0","uv":[0,4.5,6.5,9]},"south":{"rotation":180,"texture":"#0","uv":[0,4.5,6.5,9]},"up":{"texture":"#0","uv":[6.5,12.5,13,15]}},"from":[14.7,9.2,10.7],"to":[1.3,-0.2,5.3]},{"faces":{"north":{"texture":"#0","uv":[8,6.5,11.5,8]},"south":{"texture":"#0","uv":[8,6.5,11.5,8]}},"from":[4.5,9,7.5],"to":[11.5,12,7.5]}],"textures":{"0":"custom/cosmetics/suit_case","particle":"custom/cosmetics/suit_case"}}