{"credit":"Made with Blockbench","display":{"firstperson_lefthand":{"rotation":[0,23,0],"translation":[18.5,-2.5,-13.5]},"firstperson_righthand":{"rotation":[0,23,0],"translation":[18.5,-2.5,-13.5]},"fixed":{"rotation":[-90,0,0],"scale":[2,2,2],"translation":[0,0,-16.75]},"ground":{"scale":[0.3,0.3,0.3],"translation":[0,5.25,0]},"gui":{"rotation":[30,135,0],"scale":[0.5,0.5,0.5],"translation":[0,3.75,0]},"head":{"rotation":[13,0,0],"scale":[1.5,1.5,1.5],"translation":[0,14.5,2.5]},"thirdperson_lefthand":{"rotation":[46,0,0],"scale":[0.3,0.3,0.3],"translation":[0,1.25,1.25]},"thirdperson_righthand":{"rotation":[46,0,0],"scale":[0.3,0.3,0.3],"translation":[0,1.25,1.25]}},"elements":[{"faces":{"down":{"texture":"#0","uv":[0,2.75,7,9.75]},"up":{"texture":"#0","uv":[0,2.75,7,9.75]}},"from":[-6,0,-6],"rotation":{"angle":0,"axis":"z","origin":[8,-9.8,8]},"to":[22,0,22]},{"faces":{"east":{"texture":"#0","uv":[0,0,2.5,1.25]},"north":{"texture":"#0","uv":[0,0,2.5,1.25]},"south":{"texture":"#0","uv":[0,0,2.5,1.25]},"up":{"texture":"#0","uv":[2.25,5,4.75,7.5]},"west":{"texture":"#0","uv":[0,0,2.5,1.25]}},"from":[3,0,3],"rotation":{"angle":0,"axis":"z","origin":[8,-9.8,8]},"to":[13,5,13]},{"faces":{"east":{"texture":"#0","tintindex":0,"uv":[0,1.25,2.5,2.75]},"north":{"texture":"#0","tintindex":0,"uv":[0,1.25,2.5,2.75]},"south":{"texture":"#0","tintindex":0,"uv":[0,1.25,2.5,2.75]},"west":{"texture":"#0","tintindex":0,"uv":[2.5,1.25,5,2.75]}},"from":[2.75,0,2.75],"rotation":{"angle":0,"axis":"z","origin":[8,-9.8,8]},"to":[13.25,6.5,13.25]},{"faces":{"east":{"rotation":180,"texture":"#0","tintindex":0,"uv":[5,1.25,2.5,2.75]},"north":{"rotation":180,"texture":"#0","tintindex":0,"uv":[0,1.25,2.5,2.75]},"south":{"rotation":180,"texture":"#0","tintindex":0,"uv":[0,1.25,2.5,2.75]},"west":{"rotation":180,"texture":"#0","tintindex":0,"uv":[0,1.25,2.5,2.75]}},"from":[13.25,6.5,13.25],"rotation":{"angle":0,"axis":"z","origin":[8,-9.8,8]},"to":[2.75,0,2.75]},{"faces":{"down":{"rotation":90,"texture":"#0","tintindex":0,"uv":[7.5,2,7,4.5]},"up":{"rotation":90,"texture":"#0","tintindex":0,"uv":[7,2,7.5,4.5]}},"from":[-6.25,0.25,9],"to":[3.75,0.25,11]},{"faces":{"east":{"texture":"#0","tintindex":0,"uv":[7.5,4.75,7,6.75]},"west":{"texture":"#0","tintindex":0,"uv":[7,4.75,7.5,6.75]}},"from":[-6.25,-7.75,9],"to":[-6.25,0.25,11]}],"groups":[{"children":[0,1,2,3],"name":"group","origin":[8,13,8]},4,5],"textures":{"0":"custom/cosmetics/sun_hat","particle":"custom/cosmetics/sun_hat"}}