{"credit":"Made with Blockbench","display":{"ground":{"translation":[19.5,-5.5,0]},"gui":{"rotation":[30,135,0],"scale":[0.88,0.88,0.88],"translation":[-0.25,2.75,0]},"head":{"scale":[1.6,1.6,1.6],"translation":[0,6.25,0]}},"elements":[{"faces":{"down":{"texture":"#0","uv":[6,8,11,8.5]},"east":{"texture":"#0","uv":[6,5,6.5,8.5]},"north":{"texture":"#0","uv":[6,5,11,8.5]},"up":{"texture":"#0","uv":[6,5,11,5.5]},"west":{"texture":"#0","uv":[10.5,5,11,8.5]}},"from":[3,1,1],"to":[13,8,3]},{"faces":{"down":{"texture":"#0","uv":[6,5,11,5.5]},"east":{"rotation":180,"texture":"#0","uv":[10.5,5,11,8.5]},"south":{"rotation":180,"texture":"#0","uv":[6,5,11,8.5]},"up":{"texture":"#0","uv":[6,8,11,8.5]},"west":{"rotation":180,"texture":"#0","uv":[10.5,5,11,8.5]}},"from":[13,8,3],"to":[3,1,1]},{"faces":{"east":{"texture":"#0","uv":[13.5,7.5,15,12]},"west":{"texture":"#0","uv":[15,7.5,13.5,12]}},"from":[4,0,13],"to":[12,9,16]},{"faces":{"down":{"rotation":270,"texture":"#0","uv":[0.5,15,2,15.5]},"east":{"rotation":270,"texture":"#0","uv":[1,15,5.5,15.5]},"north":{"rotation":270,"texture":"#0","uv":[1,15,5.5,15.5]},"south":{"rotation":270,"texture":"#0","uv":[1,15,5.5,15.5]},"up":{"rotation":270,"texture":"#0","uv":[4,15,5.5,15.5]},"west":{"rotation":270,"texture":"#0","uv":[1,15,5.5,15.5]}},"from":[12.55,9.55,16.55],"to":[3.45,-0.55,13.15]},{"faces":{"down":{"rotation":270,"texture":"#0","uv":[0.5,15,1,15.5]},"east":{"rotation":270,"texture":"#0","uv":[0,15,6,15.5]},"north":{"rotation":270,"texture":"#0","uv":[0,15,6,15.5]},"south":{"rotation":270,"texture":"#0","uv":[0,15,6,15.5]},"up":{"rotation":270,"texture":"#0","uv":[5.5,15,6,15.5]},"west":{"rotation":270,"texture":"#0","uv":[0,15,6,15.5]}},"from":[14.55,10.55,13.55],"to":[1.45,-0.55,2.45]},{"faces":{"down":{"rotation":180,"texture":"#0","tintindex":0,"uv":[12,6,16,7.5]},"east":{"texture":"#0","tintindex":0,"uv":[12,7.5,13.5,12]},"south":{"texture":"#0","tintindex":0,"uv":[12,0,16,4.5]},"up":{"texture":"#0","tintindex":0,"uv":[12,4.5,16,6]},"west":{"texture":"#0","tintindex":0,"uv":[13.5,7.5,12,12]}},"from":[4,0,13],"to":[12,9,16]},{"faces":{"down":{"texture":"#0","tintindex":0,"uv":[5,10,11,15]},"east":{"texture":"#0","tintindex":0,"uv":[0,10,5,15]},"north":{"texture":"#0","tintindex":0,"uv":[0,0,6,5]},"south":{"texture":"#0","tintindex":0,"uv":[0,5,6,10]},"up":{"rotation":180,"texture":"#0","tintindex":0,"uv":[6,0,12,5]},"west":{"texture":"#0","tintindex":0,"uv":[0,10,5,15]}},"from":[2,0,3],"to":[14,10,13]},{"faces":{"down":{"rotation":180,"texture":"#0","tintindex":0,"uv":[6,0,12,5]},"east":{"rotation":180,"texture":"#0","tintindex":0,"uv":[0,10,5,15]},"north":{"rotation":180,"texture":"#0","tintindex":0,"uv":[0,5,6,10]},"south":{"rotation":180,"texture":"#0","tintindex":0,"uv":[0,0,6,5]},"up":{"texture":"#0","tintindex":0,"uv":[5,10,11,15]},"west":{"rotation":180,"texture":"#0","tintindex":0,"uv":[0,10,5,15]}},"from":[14,10,13],"to":[2,0,3]}],"groups":[0,1,2,3,4,{"children":[5,6,7],"name":"group","origin":[0,0,0]}],"texture_size":[32,32],"textures":{"0":"custom/cosmetics/sussy_helmet","particle":"custom/cosmetics/sussy_helmet"}}