{"credit":"Made with Blockbench","display":{"gui":{"rotation":[30,135,0],"scale":[0.71,0.71,0.71]},"head":{"scale":[1.71,1.71,1.71],"translation":[0,5.75,1.5]}},"elements":[{"faces":{"east":{"texture":"#0","uv":[6,8.5,8,9]},"north":{"texture":"#0","uv":[6,8.5,8,9]},"south":{"texture":"#0","uv":[6,8.5,8,9]},"up":{"texture":"#0","uv":[8.5,8.5,10.5,10.5]},"west":{"texture":"#0","uv":[6,8.5,8,9]}},"from":[6,9,7],"to":[10,10,11]},{"faces":{"north":{"texture":"#1","uv":[0,0,10,8]}},"from":[3,1,1.9],"to":[13,9,1.9]},{"faces":{"north":{"texture":"#0","uv":[10.5,8.5,11,13.5]},"south":{"texture":"#0","uv":[10.5,8.5,11,13.5]}},"from":[7,10,9],"rotation":{"angle":22.5,"axis":"z","origin":[7.5,10,9]},"to":[8,20,9]},{"faces":{"north":{"texture":"#0","uv":[10.5,8.5,11,13.5]},"south":{"texture":"#0","uv":[10.5,8.5,11,13.5]}},"from":[8,10,9],"rotation":{"angle":-45,"axis":"z","origin":[8.5,10,9]},"to":[9,20,9]},{"faces":{"down":{"texture":"#0","tintindex":0,"uv":[0,7,6,9]},"east":{"texture":"#0","tintindex":0,"uv":[6,0,8,5]},"north":{"texture":"#0","tintindex":0,"uv":[0,0,6,5]},"south":{"texture":"#0","tintindex":0,"uv":[8,0,14,5]},"up":{"rotation":180,"texture":"#0","tintindex":0,"uv":[0,5,6,7]},"west":{"texture":"#0","tintindex":0,"uv":[6,0,8,5]}},"from":[2,0,2],"to":[14,10,6]},{"faces":{"down":{"rotation":180,"texture":"#0","tintindex":0,"uv":[11,5,16,8.5]},"east":{"texture":"#0","tintindex":0,"uv":[3.5,9,0,13.5]},"south":{"texture":"#0","tintindex":0,"uv":[3.5,9,8.5,13.5]},"up":{"texture":"#0","tintindex":0,"uv":[6,5,11,8.5]},"west":{"texture":"#0","tintindex":0,"uv":[0,9,3.5,13.5]}},"from":[3,0,6],"to":[13,9,13]}],"groups":[0,1,2,3,{"children":[4,5],"name":"group","origin":[0,0,0]}],"texture_size":[32,32],"textures":{"0":"custom/cosmetics/tv_helmet/tv_helmet","1":"custom/cosmetics/tv_helmet/tv_screen","particle":"custom/cosmetics/tv_helmet/tv_helmet"}}