{"credit":"Made with Blockbench","display":{"firstperson_lefthand":{"rotation":[0,-69,0],"translation":[6.75,5.5,-3.25]},"firstperson_righthand":{"rotation":[0,-69,0],"translation":[6.75,5.5,-3.25]},"fixed":{"rotation":[-90,0,0],"scale":[2,2,2],"translation":[0,0,-15.5]},"ground":{"scale":[0.4,0.4,0.4],"translation":[0,3,0]},"gui":{"rotation":[30,45,0],"scale":[0.8,0.8,0.8],"translation":[0,4.25,0]},"head":{"rotation":[9,0,0],"scale":[1.8,1.8,1.8],"translation":[0,17,2]},"thirdperson_lefthand":{"rotation":[52,32,0],"scale":[0.4,0.4,0.4],"translation":[0,3.5,2.5]},"thirdperson_righthand":{"rotation":[52,32,0],"scale":[0.4,0.4,0.4],"translation":[0,3.5,2.5]}},"elements":[{"faces":{"east":{"texture":"#0","uv":[4,12.5,8,14.5]},"north":{"texture":"#0","uv":[0,4,4,6]},"south":{"texture":"#0","uv":[0,4,4,6]},"up":{"texture":"#0","uv":[0,0,4,4]},"west":{"texture":"#0","uv":[4,12.5,8,14.5]}},"from":[4,1,4],"to":[12,5,12]},{"faces":{"down":{"texture":"#0","uv":[0,0,4,4]},"east":{"rotation":180,"texture":"#0","uv":[4,12.5,8,14.5]},"north":{"rotation":180,"texture":"#0","uv":[0,4,4,6]},"south":{"rotation":180,"texture":"#0","uv":[0,4,4,6]},"west":{"rotation":180,"texture":"#0","uv":[4,12.5,8,14.5]}},"from":[12,5,12],"to":[4,1,4]},{"faces":{"east":{"texture":"#0","uv":[4,10.5,8,12.5]},"north":{"texture":"#0","uv":[0,10.5,4,12.5]},"south":{"texture":"#0","uv":[0,10.5,4,12.5]},"up":{"texture":"#0","uv":[0,6.5,4,10.5]},"west":{"texture":"#0","uv":[4,10.5,8,12.5]}},"from":[3.75,0.75,3.75],"to":[12.25,5.25,12.25]},{"faces":{"down":{"texture":"#0","uv":[0,6.5,4,10.5]},"east":{"rotation":180,"texture":"#0","uv":[4,10.5,8,12.5]},"north":{"rotation":180,"texture":"#0","uv":[0,10.5,4,12.5]},"south":{"rotation":180,"texture":"#0","uv":[0,10.5,4,12.5]},"west":{"rotation":180,"texture":"#0","uv":[4,10.5,8,12.5]}},"from":[12.25,5.25,12.25],"to":[3.75,0.75,3.75]},{"faces":{"east":{"texture":"#0","tintindex":0,"uv":[8,10.5,12,12.5]},"north":{"texture":"#0","tintindex":0,"uv":[8,10.5,12,12.5]},"south":{"texture":"#0","tintindex":0,"uv":[8,10.5,12,12.5]},"west":{"texture":"#0","tintindex":0,"uv":[8,10.5,12,12.5]}},"from":[3.5,0.5,3.5],"to":[12.5,5.5,12.5]},{"faces":{"east":{"rotation":180,"texture":"#0","tintindex":0,"uv":[8,10.5,12,12.5]},"north":{"rotation":180,"texture":"#0","tintindex":0,"uv":[8,10.5,12,12.5]},"south":{"rotation":180,"texture":"#0","tintindex":0,"uv":[8,10.5,12,12.5]},"west":{"rotation":180,"texture":"#0","tintindex":0,"uv":[8,10.5,12,12.5]}},"from":[12.5,5.5,12.5],"to":[3.5,0.5,3.5]},{"faces":{"down":{"texture":"#0","uv":[5.5,0.5,14.5,8.5]},"up":{"texture":"#0","uv":[5.5,0.5,14.5,8.5]}},"from":[-1,0.5,0],"to":[17,0.5,16]}],"textures":{"0":"custom/cosmetics/western_hat","particle":"custom/cosmetics/western_hat"}}