{
 "parent": "item/generated",
 "textures": {
 "layer0": "item/paper"
 },
 
 "overrides": [
 {"predicate": {"custom_model_data":1}, "model": "retratos/rowan_feliz"},
 {"predicate": {"custom_model_data":2}, "model": "retratos/rowan_pensante"},
 {"predicate": {"custom_model_data":3}, "model": "retratos/olli"},
 {"predicate": {"custom_model_data":4}, "model": "retratos/olli_varita"},
 {"predicate": {"custom_model_data":5}, "model": "retratos/rowan_bufanda"},
 {"predicate": {"custom_model_data":6}, "model": "retratos/rowan_sueter"},
 {"predicate": {"custom_model_data":7}, "model": "retratos/rowan_gorro"},
 {"predicate": {"custom_model_data":8}, "model": "retratos/mcgonagall"},
 {"predicate": {"custom_model_data":9}, "model": "retratos/sombrero"},
 {"predicate": {"custom_model_data":10}, "model": "retratos/dumbledore"},
 {"predicate": {"custom_model_data":11}, "model": "retratos/sprout"},
 {"predicate": {"custom_model_data":12}, "model": "retratos/flitwick"},
 {"predicate": {"custom_model_data":13}, "model": "retratos/snape"}
 ]
}