{
	"parent": "item/handheld",
	"textures": {
		"layer0": "item/wooden_shovel"
	},
	"overrides": [
		{ "predicate": {"damaged": 0, "damage": 0},                    "model": "creatures/owl/owl_32"},
		{ "predicate": {"damaged": 0, "damage": 0.016666666666666666}, "model": "creatures/owl/owl_31"},
		{ "predicate": {"damaged": 0, "damage": 0.03333333333333333},  "model": "creatures/owl/owl_30"},
		{ "predicate": {"damaged": 0, "damage": 0.05},                 "model": "creatures/owl/owl_29"},
		{ "predicate": {"damaged": 0, "damage": 0.06666666666666667},  "model": "creatures/owl/owl_28"},
		{ "predicate": {"damaged": 0, "damage": 0.08333333333333333},  "model": "creatures/owl/owl_27"},
		{ "predicate": {"damaged": 0, "damage": 0.1},                  "model": "creatures/owl/owl_26"},
		{ "predicate": {"damaged": 0, "damage": 0.11666666666666667},  "model": "creatures/owl/owl_25"},
		{ "predicate": {"damaged": 0, "damage": 0.13333333333333333},  "model": "creatures/owl/owl_24"},
		{ "predicate": {"damaged": 0, "damage": 0.15},                 "model": "creatures/owl/owl_23"},
		{ "predicate": {"damaged": 0, "damage": 0.16666666666666666},  "model": "creatures/owl/owl_22"},
		{ "predicate": {"damaged": 0, "damage": 0.18333333333333332},  "model": "creatures/owl/owl_21"},
		{ "predicate": {"damaged": 0, "damage": 0.2},                  "model": "creatures/owl/owl_20"},
		{ "predicate": {"damaged": 0, "damage": 0.21666666666666667},  "model": "creatures/owl/owl_19"},
		{ "predicate": {"damaged": 0, "damage": 0.23333333333333334},  "model": "creatures/owl/owl_18"},
		{ "predicate": {"damaged": 0, "damage": 0.25},                 "model": "creatures/owl/owl_17"},
		{ "predicate": {"damaged": 0, "damage": 0.26666666666666666},  "model": "creatures/owl/owl_16"},
		{ "predicate": {"damaged": 0, "damage": 0.2833333333333333},   "model": "creatures/owl/owl_15"},
		{ "predicate": {"damaged": 0, "damage": 0.3},                  "model": "creatures/owl/owl_14"},
		{ "predicate": {"damaged": 0, "damage": 0.31666666666666665},  "model": "creatures/owl/owl_13"},
		{ "predicate": {"damaged": 0, "damage": 0.3333333333333333},   "model": "creatures/owl/owl_12"},
		{ "predicate": {"damaged": 0, "damage": 0.35},                 "model": "creatures/owl/owl_11"},
		{ "predicate": {"damaged": 0, "damage": 0.36666666666666664},  "model": "creatures/owl/owl_10"},
		{ "predicate": {"damaged": 0, "damage": 0.3833333333333333},   "model": "creatures/owl/owl_9"},
		{ "predicate": {"damaged": 0, "damage": 0.4},                  "model": "creatures/owl/owl_8"},
		{ "predicate": {"damaged": 0, "damage": 0.4166666666666667},   "model": "creatures/owl/owl_7"},
		{ "predicate": {"damaged": 0, "damage": 0.43333333333333335},  "model": "creatures/owl/owl_6"},
		{ "predicate": {"damaged": 0, "damage": 0.45},                 "model": "creatures/owl/owl_5"},
		{ "predicate": {"damaged": 0, "damage": 0.4666666666666667},   "model": "creatures/owl/owl_4"},
		{ "predicate": {"damaged": 0, "damage": 0.48333333333333334},  "model": "creatures/owl/owl_3"},
		{ "predicate": {"damaged": 0, "damage": 0.5},                  "model": "creatures/owl/owl_2"},
		{ "predicate": {"damaged": 0, "damage": 0.5166666666666666},   "model": "creatures/owl/owl_1"},
		{ "predicate": {"damaged": 0, "damage": 0.5333333333333333},   "model": "creatures/owl/owl_0"},
		{ "predicate": {"damaged": 0, "damage": 0.55},                 "model": "npc/arms/death_eater_spell_cast/death_eater_spell_arm_20"},
		{ "predicate": {"damaged": 0, "damage": 0.5666666666666667},   "model": "npc/arms/death_eater_spell_cast/death_eater_spell_arm_19"},
		{ "predicate": {"damaged": 0, "damage": 0.5833333333333334},   "model": "npc/arms/death_eater_spell_cast/death_eater_spell_arm_18"},
		{ "predicate": {"damaged": 0, "damage": 0.6},                  "model": "npc/arms/death_eater_spell_cast/death_eater_spell_arm_17"},
		{ "predicate": {"damaged": 0, "damage": 0.6166666666666667},   "model": "npc/arms/death_eater_spell_cast/death_eater_spell_arm_16"},
		{ "predicate": {"damaged": 0, "damage": 0.6333333333333333},   "model": "npc/arms/death_eater_spell_cast/death_eater_spell_arm_15"},
		{ "predicate": {"damaged": 0, "damage": 0.65},                 "model": "npc/arms/death_eater_spell_cast/death_eater_spell_arm_14"},
		{ "predicate": {"damaged": 0, "damage": 0.6666666666666666},   "model": "npc/arms/death_eater_spell_cast/death_eater_spell_arm_13"},
		{ "predicate": {"damaged": 0, "damage": 0.6833333333333333},   "model": "npc/arms/death_eater_spell_cast/death_eater_spell_arm_12"},
		{ "predicate": {"damaged": 0, "damage": 0.7},                  "model": "npc/arms/death_eater_spell_cast/death_eater_spell_arm_11"},
		{ "predicate": {"damaged": 0, "damage": 0.7166666666666667},   "model": "npc/arms/death_eater_spell_cast/death_eater_spell_arm_10"},
		{ "predicate": {"damaged": 0, "damage": 0.7333333333333333},   "model": "npc/arms/death_eater_spell_cast/death_eater_spell_arm_9"},
		{ "predicate": {"damaged": 0, "damage": 0.75},                 "model": "npc/arms/death_eater_spell_cast/death_eater_spell_arm_8"},
		{ "predicate": {"damaged": 0, "damage": 0.7666666666666666},   "model": "npc/arms/death_eater_spell_cast/death_eater_spell_arm_7"},
		{ "predicate": {"damaged": 0, "damage": 0.7833333333333333},   "model": "npc/arms/death_eater_spell_cast/death_eater_spell_arm_6"},
		{ "predicate": {"damaged": 0, "damage": 0.8},                  "model": "npc/arms/death_eater_spell_cast/death_eater_spell_arm_5"},
		{ "predicate": {"damaged": 0, "damage": 0.8166666666666667},   "model": "npc/arms/death_eater_spell_cast/death_eater_spell_arm_4"},
		{ "predicate": {"damaged": 0, "damage": 0.8333333333333334},   "model": "npc/arms/death_eater_spell_cast/death_eater_spell_arm_3"},
		{ "predicate": {"damaged": 0, "damage": 0.85},                 "model": "npc/arms/death_eater_spell_cast/death_eater_spell_arm_2"},
		{ "predicate": {"damaged": 0, "damage": 0.8666666666666667},   "model": "npc/arms/death_eater_spell_cast/death_eater_spell_arm_1"},
		{ "predicate": {"damaged": 0, "damage": 0.8833333333333333},   "model": "npc/arms/death_eater_spell_cast/death_eater_spell_arm_left"},
		{ "predicate": {"damaged": 0, "damage": 0.9},                  "model": "npc/heads/death_eater6"},
		{ "predicate": {"damaged": 0, "damage": 0.9166666666666666},   "model": "npc/heads/death_eater5"},
		{ "predicate": {"damaged": 0, "damage": 0.9333333333333333},   "model": "npc/heads/death_eater4"},
		{ "predicate": {"damaged": 0, "damage": 0.95},                 "model": "npc/heads/death_eater3"},
		{ "predicate": {"damaged": 0, "damage": 0.9666666666666667},   "model": "npc/heads/death_eater2"},
		{ "predicate": {"damaged": 0, "damage": 0.9833333333333333},   "model": "npc/heads/death_eater1"},
		{ "predicate": {"damaged": 1, "damage": 0},                    "model": "item/wooden_shovel"},
		{ "predicate": {"damaged": 1, "damage": 0.016666666666666666}, "model": "creatures/owl/owl_block1"},
		{ "predicate": {"damaged": 1, "damage": 0.03333333333333333}, "model": "guis/hidden"}
	]
}