{"credit":"Made with Blockbench","display":{"firstperson_lefthand":{"rotation":[12,132,0],"translation":[9.5,-10.5,-12.75]},"firstperson_righthand":{"rotation":[12,132,0],"translation":[9.5,-10.5,-12.75]},"fixed":{"rotation":[-90,0,0],"scale":[2,2,2],"translation":[0,0,-4]},"ground":{"scale":[0.4,0.4,0.4],"translation":[0,3,0]},"gui":{"rotation":[30,135,0],"scale":[0.5,0.5,0.5],"translation":[0,-5.25,0]},"head":{"scale":[1.6,1.6,1.6],"translation":[0,-4,0]},"thirdperson_lefthand":{"rotation":[53,0,0],"scale":[0.5,0.5,0.5],"translation":[-0.25,-0.25,2.75]},"thirdperson_righthand":{"rotation":[53,0,0],"scale":[0.5,0.5,0.5],"translation":[-0.25,-0.25,2.75]}},"elements":[{"faces":{"down":{"texture":"#0","tintindex":0,"uv":[7,0,10.5,3.5]},"east":{"texture":"#0","tintindex":0,"uv":[0,0,3.5,3.5]},"north":{"texture":"#0","tintindex":0,"uv":[0,0,3.5,3.5]},"south":{"texture":"#0","tintindex":0,"uv":[0,0,3.5,3.5]},"up":{"texture":"#0","tintindex":0,"uv":[3.5,0,7,3.5]},"west":{"texture":"#0","tintindex":0,"uv":[0,0,3.5,3.5]}},"from":[1,17,1],"to":[15,31,15]},{"faces":{"east":{"texture":"#0","uv":[10.5,0,14,3.5]},"north":{"texture":"#0","uv":[10.5,0,14,3.5]},"south":{"texture":"#0","uv":[10.5,0,14,3.5]},"west":{"texture":"#0","uv":[10.5,0,14,3.5]}},"from":[0.75,16.75,0.75],"to":[15.25,31.25,15.25]},{"faces":{"north":{"texture":"#0","uv":[1.5,3.5,2,6.5]},"south":{"texture":"#0","uv":[1.5,3.5,2,6.5]}},"from":[7,5,8],"rotation":{"angle":45,"axis":"y","origin":[7.99476,10.99999,8.00525]},"to":[9,17,8]},{"faces":{"north":{"texture":"#0","uv":[1.5,3.5,2,6.5]},"south":{"texture":"#0","uv":[1.5,3.5,2,6.5]}},"from":[7,5,8],"rotation":{"angle":-45,"axis":"y","origin":[7.99476,10.99999,8.00525]},"to":[9,17,8]},{"faces":{"down":{"texture":"#0","tintindex":0,"uv":[11.5,5.25,12.25,6]},"east":{"texture":"#0","tintindex":0,"uv":[11.5,5,12.25,5.25]},"north":{"texture":"#0","tintindex":0,"uv":[11.5,5,12.25,5.25]},"south":{"texture":"#0","tintindex":0,"uv":[11.5,5,12.25,5.25]},"up":{"texture":"#0","tintindex":0,"uv":[11.5,5.25,12.25,6]},"west":{"texture":"#0","tintindex":0,"uv":[11.5,5,12.25,5.25]}},"from":[6.5,15,6.5],"to":[9.5,16,9.5]}],"groups":[{"children":[0,1],"name":"group","origin":[8,8,8]},2,3,4],"textures":{"0":"custom/entities/balloons/balloon_1","particle":"custom/entities/balloons/balloon_1"}}