{"credit":"Made with Blockbench","display":{"head":{"scale":[1.6,1.6,1.6],"translation":[0,29.5,0]}},"elements":[{"faces":{"east":{"texture":"#1","uv":[0.5,0.5,0,12]},"north":{"texture":"#1","uv":[0,0.5,0.5,12]},"south":{"texture":"#1","uv":[0,0.5,0.5,12]},"west":{"texture":"#1","uv":[0.5,0.5,0,12]}},"from":[7,-16,7],"rotation":{"angle":0,"axis":"y","origin":[0,-1,0]},"to":[9,30,9]},{"faces":{"down":{"texture":"#1","uv":[5.5,0,8,2.5]},"east":{"texture":"#1","uv":[5.5,2.25,8,2.5]},"north":{"texture":"#1","uv":[5.5,2.25,8,2.5]},"south":{"texture":"#1","uv":[5.5,2.25,8,2.5]},"up":{"texture":"#1","uv":[5.5,0,8,2.5]},"west":{"texture":"#1","uv":[5.5,2.25,8,2.5]}},"from":[3,22,3],"rotation":{"angle":0,"axis":"y","origin":[0,-1,0]},"to":[13,23,13]},{"faces":{"down":{"rotation":180,"texture":"#1","uv":[0.5,0,5.5,4.75]},"up":{"texture":"#1","uv":[0.5,0,5.5,4.75]}},"from":[-2,23,-16],"rotation":{"angle":22.5,"axis":"x","origin":[8,23,3]},"to":[18,23,3]},{"faces":{"down":{"texture":"#1","uv":[0.5,0,5.5,4.75]},"up":{"rotation":180,"texture":"#1","uv":[0.5,0,5.5,4.75]}},"from":[-2,23,13],"rotation":{"angle":-22.5,"axis":"x","origin":[8,23,13]},"to":[18,23,32]},{"faces":{"down":{"rotation":270,"texture":"#1","uv":[0.5,0,5.5,4.75]},"up":{"rotation":270,"texture":"#1","uv":[0.5,0,5.5,4.75]}},"from":[-16,23,-2],"rotation":{"angle":-22.5,"axis":"z","origin":[3,23,8]},"to":[3,23,18]},{"faces":{"down":{"rotation":90,"texture":"#1","uv":[0.5,0,5.5,4.75]},"up":{"rotation":90,"texture":"#1","uv":[0.5,0,5.5,4.75]}},"from":[13,23,-2],"rotation":{"angle":22.5,"axis":"z","origin":[13,23,8]},"to":[32,23,18]},{"faces":{"north":{"texture":"#1","uv":[2.25,4.75,4.75,8.75]},"south":{"texture":"#1","uv":[4.75,4.75,2.25,8.75]}},"from":[9,7,8],"rotation":{"angle":-45,"axis":"y","origin":[8,15,8]},"to":[19,23,8]},{"faces":{"north":{"texture":"#1","uv":[0.5,5.75,2.25,8.5]},"south":{"texture":"#1","uv":[2.25,5.75,0.5,8.5]}},"from":[-1,11,8],"rotation":{"angle":-45,"axis":"y","origin":[8,16.5,8]},"to":[6,22,8]},{"faces":{"down":{"rotation":180,"texture":"#1","uv":[5.5,3.75,7.5,5.25]},"up":{"texture":"#1","uv":[5.5,3.75,7.5,5.25]}},"from":[4,1,1],"rotation":{"angle":22.5,"axis":"x","origin":[8,1,7]},"to":[12,1,7]},{"faces":{"down":{"texture":"#1","uv":[5.5,2.5,7.25,3.75]},"up":{"rotation":180,"texture":"#1","uv":[5.5,2.5,7.25,3.75]}},"from":[4.5,-7,9],"rotation":{"angle":-22.5,"axis":"x","origin":[8,-7,9]},"to":[11.5,-7,14]}],"texture_size":[64,64],"textures":{"1":"custom/entities/balloons/balloon_patrick"}}