{"credit":"Made with Blockbench","display":{"head":{"scale":[1.6,1.6,1.6],"translation":[0,29.5,0]}},"elements":[{"faces":{"down":{"rotation":180,"texture":"#0","uv":[0,8,4.25,12]},"east":{"rotation":270,"texture":"#0","uv":[0,8,8,12]},"north":{"texture":"#0","uv":[0,0,4.25,8]},"south":{"texture":"#0","uv":[4.25,0,0,8]},"up":{"rotation":180,"texture":"#0","uv":[0.25,8,4.5,12]},"west":{"rotation":270,"texture":"#0","uv":[0,8,8,12]}},"from":[-1.19239,-0.29289,0],"rotation":{"angle":-45,"axis":"z","origin":[10.125,8.375,5.5]},"to":[15.80761,31.70711,16]},{"faces":{"down":{"rotation":180,"texture":"#0","uv":[4.25,8,8,12]},"north":{"texture":"#0","uv":[4.25,3.75,8,8]},"south":{"texture":"#0","uv":[8,3.75,4.25,8]},"up":{"rotation":180,"texture":"#0","uv":[4.25,8,8,12]},"west":{"rotation":270,"texture":"#0","uv":[0.25,8,4.5,12]}},"from":[-13,6,0],"rotation":{"angle":-45,"axis":"z","origin":[4.125,15.375,5.5]},"to":[2,23,16]},{"faces":{"down":{"rotation":180,"texture":"#0","uv":[0,12,6,16]},"east":{"rotation":270,"texture":"#0","uv":[0,12,6,16]},"north":{"texture":"#0","uv":[8,2,14,8]},"south":{"rotation":270,"texture":"#0","uv":[8,2,14,8]}},"from":[-7.37132,4.87132,-0.25],"rotation":{"angle":-45,"axis":"z","origin":[4.125,12.375,5.5]},"to":[17.12868,29.37132,16.25]},{"faces":{"north":{"texture":"#0","uv":[10.25,8,16,16]},"south":{"texture":"#0","uv":[10.25,8,16,16]}},"from":[-3.5,-9,-0.5],"rotation":{"angle":0,"axis":"z","origin":[8.125,15.375,6.5]},"to":[19.5,23,-0.5]},{"faces":{"north":{"texture":"#0","uv":[10.25,8,16,16]},"south":{"texture":"#0","uv":[10.25,8,16,16]}},"from":[-3.5,-9,16.5],"rotation":{"angle":0,"axis":"z","origin":[8.125,15.375,24.5]},"to":[19.5,23,16.5]},{"faces":{"down":{"texture":"#0","uv":[8,8,9.5,9.5]},"east":{"texture":"#0","uv":[8,9.5,9.5,10]},"north":{"texture":"#0","uv":[8,9.5,9.5,10]},"south":{"texture":"#0","uv":[8,9.5,9.5,10]},"up":{"texture":"#0","uv":[8,8,9.5,9.5]},"west":{"texture":"#0","uv":[8,9.5,9.5,10]}},"from":[5,-3,5],"rotation":{"angle":0,"axis":"y","origin":[13,5,13]},"to":[11,-1,11]},{"faces":{"north":{"texture":"#0","uv":[8,10,8.5,13.25]},"south":{"texture":"#0","uv":[8,10,8.5,13.25]}},"from":[7,-16,8],"rotation":{"angle":-45,"axis":"y","origin":[8,-9.5,8]},"to":[9,-3,8]},{"faces":{"north":{"texture":"#0","uv":[8,10,8.5,13.25]},"south":{"texture":"#0","uv":[8,10,8.5,13.25]}},"from":[7,-16,8],"rotation":{"angle":45,"axis":"y","origin":[8,-9.5,8]},"to":[9,-3,8]}],"groups":[{"children":[0,1,2],"name":"group","origin":[0,3,8]},3,4,5,6,7],"texture_size":[64,64],"textures":{"0":"custom/entities/balloons/balloon_valentine","particle":"custom/entities/balloons/balloon_valentine"}}