{"credit":"DSprl","textures":{"particle":"chp","layer0":"chp"},"elements":[{"from":[5,14,8],"to":[11,15,9],"faces":{"north":{"uv":[5,3,11,2],"rotation":180,"texture":"#layer0"},"east":{"uv":[10,2,11,3],"texture":"#layer0"},"south":{"uv":[5,2,11,3],"texture":"#layer0"},"west":{"uv":[5,2,6,3],"texture":"#layer0"},"up":{"uv":[11,2,5,3],"rotation":180,"texture":"#layer0"},"down":{"uv":[5,2,11,3],"texture":"#layer0"}}},{"from":[6,13,8],"to":[10,14,9],"faces":{"north":{"uv":[6,4,10,3],"rotation":180,"texture":"#layer0"},"east":{"uv":[9,3,10,4],"texture":"#layer0"},"south":{"uv":[6,3,10,4],"texture":"#layer0"},"west":{"uv":[6,3,7,4],"texture":"#layer0"},"up":{"uv":[10,3,6,4],"rotation":180,"texture":"#layer0"},"down":{"uv":[6,3,10,4],"texture":"#layer0"}}},{"from":[7,12,8],"to":[9,13,9],"faces":{"north":{"uv":[7,5,9,4],"rotation":180,"texture":"#layer0"},"east":{"uv":[8,4,9,5],"texture":"#layer0"},"south":{"uv":[7,4,9,5],"texture":"#layer0"},"west":{"uv":[7,4,8,5],"texture":"#layer0"},"up":{"uv":[9,4,7,5],"rotation":180,"texture":"#layer0"},"down":{"uv":[7,4,9,5],"texture":"#layer0"}}},{"from":[6,11,8],"to":[10,12,9],"faces":{"north":{"uv":[6,6,10,5],"rotation":180,"texture":"#layer0"},"east":{"uv":[9,5,10,6],"texture":"#layer0"},"south":{"uv":[6,5,10,6],"texture":"#layer0"},"west":{"uv":[6,5,7,6],"texture":"#layer0"},"up":{"uv":[10,5,6,6],"rotation":180,"texture":"#layer0"},"down":{"uv":[6,5,10,6],"texture":"#layer0"}}},{"from":[5,10,8],"to":[11,11,9],"faces":{"north":{"uv":[5,7,11,6],"rotation":180,"texture":"#layer0"},"east":{"uv":[10,6,11,7],"texture":"#layer0"},"south":{"uv":[5,6,11,7],"texture":"#layer0"},"west":{"uv":[5,6,6,7],"texture":"#layer0"},"up":{"uv":[11,6,5,7],"rotation":180,"texture":"#layer0"},"down":{"uv":[5,6,11,7],"texture":"#layer0"}}},{"from":[5,5,8],"to":[11,10,9],"faces":{"north":{"uv":[5,8,11,7],"rotation":180,"texture":"#layer0","tintindex":0},"east":{"uv":[10,7,11,8],"texture":"#layer0"},"south":{"uv":[5,7,11,8],"texture":"#layer0","tintindex":0},"west":{"uv":[5,7,6,8],"texture":"#layer0"},"up":{"uv":[11,7,5,8],"rotation":180,"texture":"#layer0"},"down":{"uv":[5,7,11,8],"texture":"#layer0"}}},{"from":[5,3,8],"to":[11,5,9],"faces":{"north":{"uv":[5,14,11,12],"rotation":180,"texture":"#layer0"},"east":{"uv":[10,12,11,13],"texture":"#layer0"},"south":{"uv":[5,12,11,14],"texture":"#layer0"},"west":{"uv":[5,12,6,13],"texture":"#layer0"},"up":{"uv":[11,12,5,13],"rotation":180,"texture":"#layer0"},"down":{"uv":[5,12,11,13],"texture":"#layer0"}}},{"from":[6,2,8],"to":[10,3,9],"faces":{"north":{"uv":[6,15,10,14],"rotation":180,"texture":"#layer0"},"east":{"uv":[9,14,10,15],"texture":"#layer0"},"south":{"uv":[6,14,10,15],"texture":"#layer0"},"west":{"uv":[6,14,7,15],"texture":"#layer0"},"up":{"uv":[10,14,6,15],"rotation":180,"texture":"#layer0"},"down":{"uv":[6,14,10,15],"texture":"#layer0"}}}],"display":{}}