{
	"credit": "DSprl",
	"textures": {
		"0": "item/iron_boots",
		"3": "block/brown_wool",
		"particle": "item/iron_boots"
	},
	"elements": [
		{
			"from": [0, 0, 0],
			"to": [16, 0, 16],
			"faces": {
				"up": {"uv": [0, 0, 16, 16], "texture": "#3"},
				"down": {"uv": [0, 0, 16, 16], "texture": "#3"}
			}
		},
		{
			"from": [0, 0, 1],
			"to": [1, 16, 16],
			"faces": {
				"north": {"uv": [0, 0, 1, 16], "texture": "#3"},
				"east": {"uv": [0, 0, 16, 16], "texture": "#3"},
				"south": {"uv": [0, 0, 1, 16], "texture": "#3"},
				"west": {"uv": [0, 0, 16, 16], "texture": "#3"},
				"up": {"uv": [0, 0, 16, 1], "rotation": 270, "texture": "#3"}
			}
		},
		{
			"from": [15, 0, 1],
			"to": [16, 16, 16],
			"faces": {
				"north": {"uv": [0, 0, 1, 16], "texture": "#3"},
				"east": {"uv": [0, 0, 16, 16], "texture": "#3"},
				"south": {"uv": [0, 0, 1, 16], "texture": "#3"},
				"west": {"uv": [0, 0, 16, 16], "texture": "#3"},
				"up": {"uv": [0, 0, 16, 1], "rotation": 270, "texture": "#3"}
			}
		},
		{
			"from": [0, 0, 0],
			"to": [16, 16, 1],
			"faces": {
				"north": {"uv": [0, 0, 16, 16], "texture": "#3"},
				"east": {"uv": [0, 0, 1, 16], "texture": "#3"},
				"south": {"uv": [0, 0, 16, 16], "texture": "#3"},
				"west": {"uv": [0, 0, 1, 16], "texture": "#3"},
				"up": {"uv": [0, 0, 16, 1], "texture": "#3"}
			}
		},
		{
			"from": [1, 0, 15],
			"to": [15, 16, 16],
			"faces": {
				"north": {"uv": [0, 0, 16, 16], "texture": "#3"},
				"east": {"uv": [0, 0, 1, 16], "texture": "#3"},
				"south": {"uv": [0, 0, 16, 16], "texture": "#3"},
				"west": {"uv": [0, 0, 1, 16], "texture": "#3"},
				"up": {"uv": [0, 0, 16, 1], "texture": "#3"}
			}
		},
		{
			"from": [1, 1, 2],
			"to": [5, 4, 4],
			"faces": {
				"north": {"uv": [1, 10, 5, 13], "rotation": 180, "texture": "#0"},
				"east": {"uv": [4, 12, 5, 13], "rotation": 270, "texture": "#0"},
				"south": {"uv": [1, 10, 5, 13], "texture": "#0"},
				"west": {"uv": [1, 10, 2, 13], "rotation": 90, "texture": "#0"},
				"up": {"uv": [1, 10, 2, 11], "rotation": 180, "texture": "#0"},
				"down": {"uv": [1, 12, 5, 13], "texture": "#0"}
			}
		},
		{
			"from": [11, 1, 2],
			"to": [15, 4, 4],
			"faces": {
				"north": {"uv": [1, 10, 5, 13], "rotation": 180, "texture": "#0"},
				"east": {"uv": [14, 10, 15, 13], "rotation": 270, "texture": "#0"},
				"south": {"uv": [11, 10, 15, 13], "texture": "#0"},
				"west": {"uv": [1, 10, 2, 13], "rotation": 90, "texture": "#0"},
				"up": {"uv": [1, 10, 5, 11], "rotation": 180, "texture": "#0"},
				"down": {"uv": [1, 12, 5, 13], "texture": "#0"}
			}
		},
		{
			"from": [2, 4, 2],
			"to": [3, 5, 4],
			"faces": {
				"north": {"uv": [2, 9, 3, 10], "texture": "#0"},
				"east": {"uv": [2, 9, 3, 10], "rotation": 270, "texture": "#0"},
				"south": {"uv": [2, 9, 3, 10], "texture": "#0"},
				"west": {"uv": [2, 9, 3, 10], "rotation": 90, "texture": "#0"},
				"up": {"uv": [2, 9, 3, 10], "rotation": 180, "texture": "#0"},
				"down": {"uv": [2, 9, 3, 10], "texture": "#0"}
			}
		},
		{
			"from": [13, 4, 2],
			"to": [14, 5, 4],
			"faces": {
				"north": {"uv": [13, 9, 14, 10], "texture": "#0"},
				"east": {"uv": [2, 9, 3, 10], "rotation": 270, "texture": "#0"},
				"south": {"uv": [13, 9, 14, 10], "texture": "#0"},
				"west": {"uv": [2, 9, 3, 10], "rotation": 90, "texture": "#0"},
				"up": {"uv": [2, 9, 3, 10], "rotation": 180, "texture": "#0"},
				"down": {"uv": [2, 9, 3, 10], "texture": "#0"}
			}
		},
		{
			"from": [5, 2, 2],
			"to": [7, 3, 4],
			"faces": {
				"north": {"uv": [9, 10, 11, 11], "texture": "#0"},
				"east": {"uv": [2, 9, 3, 10], "rotation": 270, "texture": "#0"},
				"south": {"uv": [2, 9, 3, 10], "texture": "#0"},
				"west": {"uv": [2, 9, 3, 10], "rotation": 90, "texture": "#0"},
				"up": {"uv": [2, 9, 3, 10], "rotation": 180, "texture": "#0"},
				"down": {"uv": [2, 9, 3, 10], "texture": "#0"}
			}
		},
		{
			"from": [9, 2, 2],
			"to": [11, 3, 4],
			"faces": {
				"north": {"uv": [2, 9, 3, 10], "texture": "#0"},
				"east": {"uv": [2, 9, 3, 10], "rotation": 270, "texture": "#0"},
				"south": {"uv": [9, 11, 11, 12], "texture": "#0"},
				"west": {"uv": [2, 9, 3, 10], "rotation": 90, "texture": "#0"},
				"up": {"uv": [2, 9, 3, 10], "rotation": 180, "texture": "#0"},
				"down": {"uv": [2, 9, 3, 10], "texture": "#0"}
			}
		},
		{
			"from": [5, 3, 2],
			"to": [7, 4, 4],
			"faces": {
				"north": {"uv": [5, 10, 7, 11], "rotation": 180, "texture": "#0"},
				"east": {"uv": [6, 10, 7, 11], "rotation": 270, "texture": "#0"},
				"south": {"uv": [5, 10, 7, 11], "texture": "#0"}
			}
		},
		{
			"from": [9, 3, 2],
			"to": [11, 4, 4],
			"faces": {
				"north": {"uv": [5, 10, 7, 11], "rotation": 180, "texture": "#0"},
				"east": {"uv": [6, 10, 7, 11], "rotation": 270, "texture": "#0"},
				"south": {"uv": [9, 10, 11, 11], "texture": "#0"},
				"west": {"uv": [9, 9, 10, 10], "rotation": 90, "texture": "#0"}
			}
		},
		{
			"from": [3, 4, 2],
			"to": [7, 10, 4],
			"faces": {
				"north": {"uv": [3, 4, 7, 10], "rotation": 180, "texture": "#0"},
				"east": {"uv": [6, 4, 7, 10], "rotation": 270, "texture": "#0"},
				"south": {"uv": [3, 4, 7, 10], "texture": "#0"},
				"west": {"uv": [3, 4, 4, 9], "rotation": 90, "texture": "#0"},
				"up": {"uv": [3, 4, 7, 5], "rotation": 180, "texture": "#0"}
			}
		},
		{
			"from": [9, 4, 2],
			"to": [13, 10, 4],
			"faces": {
				"north": {"uv": [3, 4, 7, 10], "rotation": 180, "texture": "#0"},
				"east": {"uv": [6, 4, 7, 10], "rotation": 270, "texture": "#0"},
				"south": {"uv": [9, 4, 13, 10], "texture": "#0"},
				"west": {"uv": [12, 4, 13, 9], "rotation": 90, "texture": "#0"},
				"up": {"uv": [3, 4, 7, 5], "rotation": 180, "texture": "#0"}
			}
		},
		{
			"from": [4, 10, 2],
			"to": [7, 11, 4],
			"faces": {
				"east": {"uv": [2, 9, 3, 10], "rotation": 270, "texture": "#0"},
				"south": {"uv": [2, 9, 3, 10], "texture": "#0"},
				"west": {"uv": [2, 9, 3, 10], "rotation": 90, "texture": "#0"},
				"up": {"uv": [2, 9, 3, 10], "rotation": 180, "texture": "#0"},
				"down": {"uv": [2, 9, 3, 10], "texture": "#0"}
			}
		},
		{
			"from": [9, 10, 2],
			"to": [12, 11, 4],
			"faces": {
				"east": {"uv": [2, 9, 3, 10], "rotation": 270, "texture": "#0"},
				"south": {"uv": [9, 3, 12, 4], "texture": "#0"},
				"west": {"uv": [2, 9, 3, 10], "rotation": 90, "texture": "#0"},
				"up": {"uv": [2, 9, 3, 10], "rotation": 180, "texture": "#0"},
				"down": {"uv": [2, 9, 3, 10], "texture": "#0"}
			}
		},
		{
			"from": [1, 1, 12],
			"to": [5, 3, 15],
			"faces": {
				"north": {"uv": [1, 10, 2, 11], "texture": "#0"},
				"east": {"uv": [4, 12, 5, 13], "texture": "#0"},
				"south": {"uv": [1, 12, 5, 13], "texture": "#0"},
				"west": {"uv": [1, 10, 2, 13], "texture": "#0"},
				"up": {"uv": [1, 10, 5, 13], "texture": "#0"},
				"down": {"uv": [1, 10, 5, 13], "texture": "#0"}
			}
		},
		{
			"from": [11, 1, 12],
			"to": [15, 3, 15],
			"faces": {
				"north": {"uv": [1, 10, 5, 11], "texture": "#0"},
				"east": {"uv": [14, 10, 15, 13], "texture": "#0"},
				"south": {"uv": [1, 12, 5, 13], "texture": "#0"},
				"west": {"uv": [1, 10, 2, 13], "texture": "#0"},
				"up": {"uv": [11, 10, 15, 13], "texture": "#0"},
				"down": {"uv": [1, 10, 5, 13], "texture": "#0"}
			}
		},
		{
			"from": [2, 1, 11],
			"to": [3, 3, 12],
			"faces": {
				"north": {"uv": [2, 9, 3, 10], "texture": "#0"},
				"east": {"uv": [2, 9, 3, 10], "texture": "#0"},
				"south": {"uv": [2, 9, 3, 10], "texture": "#0"},
				"west": {"uv": [2, 9, 3, 10], "texture": "#0"},
				"up": {"uv": [2, 9, 3, 10], "texture": "#0"},
				"down": {"uv": [2, 9, 3, 10], "rotation": 180, "texture": "#0"}
			}
		},
		{
			"from": [13, 1, 11],
			"to": [14, 3, 12],
			"faces": {
				"north": {"uv": [2, 9, 3, 10], "texture": "#0"},
				"east": {"uv": [2, 9, 3, 10], "texture": "#0"},
				"south": {"uv": [2, 9, 3, 10], "texture": "#0"},
				"west": {"uv": [2, 9, 3, 10], "texture": "#0"},
				"up": {"uv": [13, 9, 14, 10], "texture": "#0"},
				"down": {"uv": [13, 9, 14, 10], "rotation": 180, "texture": "#0"}
			}
		},
		{
			"from": [5, 1, 13],
			"to": [7, 3, 14],
			"faces": {
				"north": {"uv": [2, 9, 3, 10], "texture": "#0"},
				"east": {"uv": [2, 9, 3, 10], "texture": "#0"},
				"south": {"uv": [2, 9, 3, 10], "texture": "#0"},
				"west": {"uv": [2, 9, 3, 10], "texture": "#0"},
				"up": {"uv": [2, 9, 3, 10], "texture": "#0"},
				"down": {"uv": [9, 10, 11, 11], "rotation": 180, "texture": "#0"}
			}
		},
		{
			"from": [9, 1, 13],
			"to": [11, 3, 14],
			"faces": {
				"north": {"uv": [2, 9, 3, 10], "texture": "#0"},
				"east": {"uv": [2, 9, 3, 10], "texture": "#0"},
				"south": {"uv": [2, 9, 3, 10], "texture": "#0"},
				"west": {"uv": [2, 9, 3, 10], "texture": "#0"},
				"up": {"uv": [9, 11, 11, 12], "texture": "#0"},
				"down": {"uv": [2, 9, 3, 10], "rotation": 180, "texture": "#0"}
			}
		},
		{
			"from": [5, 1, 12],
			"to": [7, 3, 13],
			"faces": {
				"east": {"uv": [6, 10, 7, 11], "texture": "#0"},
				"up": {"uv": [5, 10, 7, 11], "texture": "#0"},
				"down": {"uv": [5, 10, 7, 11], "texture": "#0"}
			}
		},
		{
			"from": [9, 1, 12],
			"to": [11, 3, 13],
			"faces": {
				"east": {"uv": [6, 10, 7, 11], "texture": "#0"},
				"west": {"uv": [9, 9, 10, 10], "texture": "#0"},
				"up": {"uv": [9, 10, 11, 11], "texture": "#0"},
				"down": {"uv": [5, 10, 7, 11], "texture": "#0"}
			}
		},
		{
			"from": [3, 1, 6],
			"to": [7, 3, 12],
			"faces": {
				"north": {"uv": [3, 4, 7, 5], "texture": "#0"},
				"east": {"uv": [6, 4, 7, 10], "texture": "#0"},
				"west": {"uv": [3, 4, 4, 9], "texture": "#0"},
				"up": {"uv": [3, 4, 7, 10], "texture": "#0"},
				"down": {"uv": [3, 4, 7, 10], "texture": "#0"}
			}
		},
		{
			"from": [9, 1, 6],
			"to": [13, 3, 12],
			"faces": {
				"north": {"uv": [3, 4, 7, 5], "texture": "#0"},
				"east": {"uv": [6, 4, 7, 10], "texture": "#0"},
				"west": {"uv": [12, 4, 13, 9], "texture": "#0"},
				"up": {"uv": [9, 4, 13, 10], "texture": "#0"},
				"down": {"uv": [3, 4, 7, 10], "texture": "#0"}
			}
		},
		{
			"from": [4, 1, 5],
			"to": [7, 3, 6],
			"faces": {
				"north": {"uv": [2, 9, 3, 10], "texture": "#0"},
				"east": {"uv": [2, 9, 3, 10], "texture": "#0"},
				"south": {"uv": [2, 9, 3, 10], "texture": "#0"},
				"west": {"uv": [2, 9, 3, 10], "texture": "#0"},
				"up": {"uv": [2, 9, 3, 10], "texture": "#0"}
			}
		},
		{
			"from": [9, 1, 5],
			"to": [12, 3, 6],
			"faces": {
				"north": {"uv": [2, 9, 3, 10], "texture": "#0"},
				"east": {"uv": [2, 9, 3, 10], "texture": "#0"},
				"south": {"uv": [2, 9, 3, 10], "texture": "#0"},
				"west": {"uv": [2, 9, 3, 10], "texture": "#0"},
				"up": {"uv": [9, 3, 12, 4], "texture": "#0"}
			}
		}
	],
	"display": {
		"thirdperson_righthand": {
			"rotation": [75, 45, 0],
			"translation": [0, 2.5, 0],
			"scale": [0.375, 0.375, 0.375]
		}
	},
	"groups": [0, 1, 2, 3, 4,
		{
			"name": "group",
			"origin": [0, 0, 0],
			"children": [5, 6, 7, 8, 9, 10, 11, 12, 13, 14, 15, 16]
		},
		{
			"name": "group",
			"origin": [0, 0, 0],
			"children": [17, 18, 19, 20, 21, 22, 23, 24, 25, 26, 27, 28]
		}
	]
}