{"credit":"Made with Blockbench","display":{"firstperson_lefthand":{"rotation":[0,112,0],"translation":[10.5,3.5,-6]},"firstperson_righthand":{"rotation":[0,112,0],"translation":[10.5,3.5,-6]},"ground":{"scale":[0.4,0.4,0.4],"translation":[0,4.5,0]},"gui":{"rotation":[30,45,0],"translation":[0,1.75,0]},"head":{"scale":[1.6,1.6,1.6],"translation":[0,19,0]},"thirdperson_lefthand":{"rotation":[90,0,0],"translation":[-4,-2,8]},"thirdperson_righthand":{"rotation":[90,180,0],"translation":[-4,-2,8]}},"elements":[{"faces":{"east":{"texture":"#0","uv":[0,13,1,16]},"north":{"texture":"#0","uv":[1,13,2,16]},"south":{"texture":"#0","uv":[3,13,4,16]},"west":{"texture":"#0","uv":[2,13,3,16]}},"from":[5.75,-0.25,5.75],"to":[10.25,12.25,10.25]},{"faces":{"east":{"rotation":180,"texture":"#0","uv":[2,13,3,16]},"north":{"rotation":180,"texture":"#0","uv":[1,13,2,16]},"south":{"rotation":180,"texture":"#0","uv":[3,13,4,16]},"west":{"rotation":180,"texture":"#0","uv":[0,13,1,16]}},"from":[10.25,12.25,10.25],"to":[5.75,-0.25,5.75]},{"faces":{"down":{"texture":"#0","uv":[6,12,7,13]},"east":{"texture":"#0","uv":[4,13,5,16]},"north":{"texture":"#0","uv":[5,13,6,16]},"south":{"texture":"#0","uv":[7,13,8,16]},"up":{"rotation":180,"texture":"#0","uv":[5,12,6,13]},"west":{"texture":"#0","uv":[6,13,7,16]}},"from":[6,0,6],"to":[10,12,10]}],"groups":[{"children":[0,1,2],"name":"group","origin":[8,8,8]}],"textures":{"0":"custom/entities/balloon_conductor/conductor","particle":"custom/entities/balloon_conductor/conductor"}}