{"credit":"Made with Blockbench","display":{"ground":{"scale":[0.4,0.4,0.4],"translation":[0,4,0]},"gui":{"rotation":[30,45,0],"translation":[0,1.5,0]},"head":{"rotation":[0,-117,0],"scale":[1.6,1.6,1.6],"translation":[0,19,0]},"thirdperson_lefthand":{"rotation":[90,0,0],"translation":[0,-2,8]},"thirdperson_righthand":{"rotation":[90,180,0],"translation":[0,-2,8]}},"elements":[{"faces":{"down":{"rotation":180,"texture":"#0","uv":[12,5,13,4]},"east":{"texture":"#0","uv":[10,5,11,8]},"north":{"texture":"#0","uv":[11,5,12,8]},"south":{"texture":"#0","uv":[12,5,11,8]},"up":{"texture":"#0","uv":[11,4,12,5]},"west":{"texture":"#0","uv":[12,5,13,8]}},"from":[6,0,6],"to":[10,12,10]},{"faces":{"east":{"texture":"#0","uv":[10,9,11,12]},"north":{"texture":"#0","uv":[11,9,12,12]},"south":{"texture":"#0","uv":[13,9,14,12]},"up":{"rotation":180,"texture":"#0","uv":[11,8,12,9]},"west":{"texture":"#0","uv":[12,9,13,12]}},"from":[5.75,-0.25,5.75],"to":[10.25,12.25,10.25]},{"faces":{"down":{"rotation":90,"texture":"#0","uv":[11,8,12,9]},"east":{"rotation":180,"texture":"#0","uv":[12,9,13,12]},"north":{"rotation":180,"texture":"#0","uv":[14,9,13,12]},"south":{"rotation":180,"texture":"#0","uv":[12,9,11,12]},"west":{"rotation":180,"texture":"#0","uv":[10,9,11,12]}},"from":[10.25,12.25,10.25],"to":[5.75,-0.25,5.75]}],"groups":[{"children":[0,1,2],"name":"group","origin":[8,8,8]}],"textures":{"0":"custom/entities/balloon_conductor/conductor","particle":"custom/entities/balloon_conductor/conductor"}}