{"parent":"item/generated","textures":{"layer0":"item/gold_nugget"},
"overrides":[{"predicate":{"custom_model_data":1},"model":"gar1"},
{"predicate":{"custom_model_data":2},"model":"gar2"},
{"predicate":{"custom_model_data":3},"model":"gar3"},
{"predicate":{"custom_model_data":4},"model":"gar4"},
{"predicate":{"custom_model_data":5},"model":"gar5"},
{"predicate":{"custom_model_data":6},"model":"gar6"},
{"predicate":{"custom_model_data":7},"model":"gar7"},
{"predicate":{"custom_model_data":8},"model":"gar8"},
{"predicate":{"custom_model_data":9},"model":"gar9"},
{"predicate":{"custom_model_data":10},"model":"gar10"}]}