{"parent":"item/generated","textures":{"layer0":"item/sugar"},
"overrides":[{"predicate":{"custom_model_data":1},"model":"gve1"},
{"predicate":{"custom_model_data":2},"model":"gve2"},
{"predicate":{"custom_model_data":3},"model":"gve3"},
{"predicate":{"custom_model_data":4},"model":"gve4"},
{"predicate":{"custom_model_data":5},"model":"gve5"},
{"predicate":{"custom_model_data":6},"model":"gve6"},
{"predicate":{"custom_model_data":7},"model":"gve7"},
{"predicate":{"custom_model_data":8},"model":"gve8"},
{"predicate":{"custom_model_data":9},"model":"gve9"},
{"predicate":{"custom_model_data":10},"model":"gve10"}]}