{"textures":{"0":"modelengine:entity/capybara"},"elements":[{"from":[10.285714,8.0,7.428571],"to":[12.0,10.857143,9.142858],"rotation":{"angle":0.0,"axis":"y","origin":[11.428572,8.0,7.428571]},"faces":{"east":{"uv":[0.0,8.5,0.75,9.75],"rotation":0,"texture":"#0","tintindex":0},"south":{"uv":[2.25,8.5,3.0,9.75],"rotation":0,"texture":"#0","tintindex":0},"north":{"uv":[0.75,8.5,1.5,9.75],"rotation":0,"texture":"#0","tintindex":0},"west":{"uv":[1.5,8.5,2.25,9.75],"rotation":0,"texture":"#0","tintindex":0},"up":{"uv":[1.5,8.5,0.75,7.75],"rotation":0,"texture":"#0","tintindex":0},"down":{"uv":[2.25,7.75,1.5,8.5],"rotation":0,"texture":"#0","tintindex":0}}}],"display":{"head":{"translation":[0.0,-6.4,0.0],"scale":[4.0,4.0,4.0]}}}