{"textures":{"0":"modelengine:entity/capybara"},"elements":[{"from":[8.0,10.542857,7.257143],"to":[9.142858,12.257143,8.685715],"rotation":{"angle":0.0,"axis":"y","origin":[8.0,10.542857,7.9714284]},"faces":{"east":{"uv":[8.5,2.25,9.0,3.0],"rotation":0,"texture":"#0","tintindex":0},"south":{"uv":[10.0,2.25,10.5,3.0],"rotation":0,"texture":"#0","tintindex":0},"north":{"uv":[9.0,2.25,9.5,3.0],"rotation":0,"texture":"#0","tintindex":0},"west":{"uv":[9.5,2.25,10.0,3.0],"rotation":0,"texture":"#0","tintindex":0},"up":{"uv":[9.5,2.25,9.0,1.75],"rotation":0,"texture":"#0","tintindex":0},"down":{"uv":[10.0,1.75,9.5,2.25],"rotation":0,"texture":"#0","tintindex":0}}}],"display":{"head":{"translation":[0.0,-6.4,0.0],"scale":[4.0,4.0,4.0]}}}