{"textures":{"chandelier":"block/chandelier","particle":"block/chandelier","chain":"custom/chandelier_chain","rods":"custom/chandelier2"},"elements":[{"from":[-3.3334,-7,3.3333],"to":[-2.66673,-3.66667,12.66663],"faces":{"north":{"uv":[2,7.33333,2.66667,9],"texture":"#chandelier"},"east":{"uv":[0,6.66667,8,10],"texture":"#chandelier"},"south":{"uv":[1.66667,8,4.66667,8.66667],"rotation":90,"texture":"#chandelier"},"west":{"uv":[0,6.66667,8,10],"texture":"#chandelier"},"up":{"uv":[0,6,8,6.66667],"rotation":270,"texture":"#chandelier"},"down":{"uv":[0,10,8,10.66667],"rotation":90,"texture":"#chandelier"}}},{"from":[-3.3334,-7,-6],"to":[-2.66673,-3.66667,3.33333],"rotation":{"angle":-45,"axis":"y","origin":[-3.33333,-7,3.33333]},"faces":{"north":{"uv":[1.66667,8,6.66667,8.66667],"rotation":90,"texture":"#chandelier"},"east":{"uv":[0,6.66667,8,10],"texture":"#chandelier"},"south":{"uv":[1.33333,7.66667,4,9],"rotation":90,"texture":"#chandelier"},"west":{"uv":[0,6.66667,8,10],"texture":"#chandelier"},"up":{"uv":[0,6,8,6.66667],"rotation":270,"texture":"#chandelier"},"down":{"uv":[0,10,8,10.66667],"rotation":90,"texture":"#chandelier"}}},{"from":[7.6667,-5.6667,-4.6667],"to":[8.33337,-4.6667,20.66663],"faces":{"east":{"uv":[1.16667,0,1.66667,12.66667],"rotation":90,"texture":"#rods"},"west":{"uv":[1.16667,0,1.66667,12.66667],"rotation":90,"texture":"#rods"},"up":{"uv":[0.66667,0,1,12.66667],"texture":"#rods"},"down":{"uv":[0.66667,0,1,12.66667],"texture":"#rods"}}},{"from":[-1.7448,-5.6667,-1.5885],"to":[-1.07813,-4.6667,24.74483],"rotation":{"angle":45,"axis":"y","origin":[-1,-5.66667,-1.66667]},"faces":{"east":{"uv":[1.16667,0,1.66667,12.66667],"rotation":90,"texture":"#rods"},"west":{"uv":[1.16667,0,1.66667,12.66667],"rotation":90,"texture":"#rods"},"up":{"uv":[0.66667,0,1,12.66667],"texture":"#rods"},"down":{"uv":[0.66667,0,1,12.66667],"texture":"#rods"}}},{"from":[7,-6.6667,-6.6667],"to":[9,-3.00003,-4.6667],"faces":{"north":{"uv":[4,1.66667,6,5.33333],"texture":"#chandelier"},"east":{"uv":[2,1.66667,4,5.33333],"texture":"#chandelier"},"south":{"uv":[0,1.66667,2,5.33333],"texture":"#chandelier"},"west":{"uv":[6,1.66667,8,5.33333],"texture":"#chandelier"},"up":{"uv":[8,1.66667,10,3.66667],"texture":"#chandelier"},"down":{"uv":[10,1.66667,12,3.66667],"texture":"#chandelier"}}},{"from":[-8.7448,-5.6667,-1.7448],"to":[17.58854,-4.6667,-1.07813],"rotation":{"angle":45,"axis":"y","origin":[17.66667,-5.66667,-1]},"faces":{"north":{"uv":[1.16667,0,1.66667,12.66667],"rotation":270,"texture":"#rods"},"south":{"uv":[1.16667,0,1.66667,12.66667],"rotation":270,"texture":"#rods"},"up":{"uv":[0.66667,0,1,12.66667],"rotation":90,"texture":"#rods"},"down":{"uv":[0.66667,0,1,12.66667],"rotation":90,"texture":"#rods"}}},{"from":[-4.6667,-5.6667,7.6667],"to":[20.66663,-4.6667,8.33337],"faces":{"north":{"uv":[1.16667,0,1.66667,12.66667],"rotation":90,"texture":"#rods"},"south":{"uv":[1.16667,0,1.66667,12.66667],"rotation":90,"texture":"#rods"},"up":{"uv":[0.66667,0,1,12.66667],"rotation":90,"texture":"#rods"},"down":{"uv":[0.66667,0,1,12.66667],"rotation":90,"texture":"#rods"}}},{"from":[7.3333,-3,-6.3333],"to":[8.66663,-1.33333,-4.99997],"faces":{"north":{"uv":[0,0,1.33333,1.66667],"texture":"#chandelier"},"east":{"uv":[4,0,5.33333,1.66667],"texture":"#chandelier"},"south":{"uv":[1.33333,0,2.66667,1.66667],"texture":"#chandelier"},"west":{"uv":[2.66667,0,4,1.66667],"texture":"#chandelier"},"up":{"uv":[5.33333,0,6.66667,1.33333],"texture":"#chandelier"}}},{"from":[7,-6.6667,20.6667],"to":[9,-3.00003,22.6667],"faces":{"north":{"uv":[4,1.66667,6,5.33333],"texture":"#chandelier"},"east":{"uv":[2,1.66667,4,5.33333],"texture":"#chandelier"},"south":{"uv":[0,1.66667,2,5.33333],"texture":"#chandelier"},"west":{"uv":[6,1.66667,8,5.33333],"texture":"#chandelier"},"up":{"uv":[8,1.66667,10,3.66667],"texture":"#chandelier"},"down":{"uv":[10,1.66667,12,3.66667],"texture":"#chandelier"}}},{"from":[7.3333,-3,21],"to":[8.66663,-1.33333,22.33333],"faces":{"north":{"uv":[0,0,1.33333,1.66667],"texture":"#chandelier"},"east":{"uv":[4,0,5.33333,1.66667],"texture":"#chandelier"},"south":{"uv":[1.33333,0,2.66667,1.66667],"texture":"#chandelier"},"west":{"uv":[2.66667,0,4,1.66667],"texture":"#chandelier"},"up":{"uv":[5.33333,0,6.66667,1.33333],"texture":"#chandelier"}}},{"from":[-6.6667,-6.6667,7],"to":[-4.6667,-3.00003,9],"faces":{"north":{"uv":[6,1.66667,8,5.33333],"texture":"#chandelier"},"east":{"uv":[4,1.66667,6,5.33333],"texture":"#chandelier"},"south":{"uv":[2,1.66667,4,5.33333],"texture":"#chandelier"},"west":{"uv":[0,1.66667,2,5.33333],"texture":"#chandelier"},"up":{"uv":[8,1.66667,10,3.66667],"rotation":90,"texture":"#chandelier"},"down":{"uv":[10,1.66667,12,3.66667],"rotation":270,"texture":"#chandelier"}}},{"from":[-6.3333,-3,7.3333],"to":[-4.99997,-1.33333,8.66663],"faces":{"north":{"uv":[2.66667,0,4,1.66667],"texture":"#chandelier"},"east":{"uv":[0,0,1.33333,1.66667],"texture":"#chandelier"},"south":{"uv":[4,0,5.33333,1.66667],"texture":"#chandelier"},"west":{"uv":[1.33333,0,2.66667,1.66667],"texture":"#chandelier"},"up":{"uv":[5.33333,0,6.66667,1.33333],"rotation":90,"texture":"#chandelier"}}},{"from":[20.6667,-6.6667,7],"to":[22.6667,-3.00003,9],"faces":{"north":{"uv":[6,1.66667,8,5.33333],"texture":"#chandelier"},"east":{"uv":[4,1.66667,6,5.33333],"texture":"#chandelier"},"south":{"uv":[2,1.66667,4,5.33333],"texture":"#chandelier"},"west":{"uv":[0,1.66667,2,5.33333],"texture":"#chandelier"},"up":{"uv":[8,1.66667,10,3.66667],"rotation":90,"texture":"#chandelier"},"down":{"uv":[10,1.66667,12,3.66667],"rotation":270,"texture":"#chandelier"}}},{"from":[21,-3,7.3333],"to":[22.33333,-1.33333,8.66663],"faces":{"north":{"uv":[2.66667,0,4,1.66667],"texture":"#chandelier"},"east":{"uv":[0,0,1.33333,1.66667],"texture":"#chandelier"},"south":{"uv":[4,0,5.33333,1.66667],"texture":"#chandelier"},"west":{"uv":[1.33333,0,2.66667,1.66667],"texture":"#chandelier"},"up":{"uv":[5.33333,0,6.66667,1.33333],"rotation":90,"texture":"#chandelier"}}},{"from":[17,-6.6667,17.5],"to":[19,-3.00003,19.5],"rotation":{"angle":-45,"axis":"y","origin":[19,-6.66667,17.5]},"faces":{"north":{"uv":[6,1.66667,8,5.33333],"texture":"#chandelier"},"east":{"uv":[4,1.66667,6,5.33333],"texture":"#chandelier"},"south":{"uv":[2,1.66667,4,5.33333],"texture":"#chandelier"},"west":{"uv":[0,1.66667,2,5.33333],"texture":"#chandelier"},"up":{"uv":[8,1.66667,10,3.66667],"rotation":90,"texture":"#chandelier"},"down":{"uv":[10,1.66667,12,3.66667],"rotation":270,"texture":"#chandelier"}}},{"from":[17.3333,-3,17.8333],"to":[18.66663,-1.33333,19.16663],"rotation":{"angle":-45,"axis":"y","origin":[19,-6.66667,17.5]},"faces":{"north":{"uv":[2.66667,0,4,1.66667],"texture":"#chandelier"},"east":{"uv":[0,0,1.33333,1.66667],"texture":"#chandelier"},"south":{"uv":[4,0,5.33333,1.66667],"texture":"#chandelier"},"west":{"uv":[1.33333,0,2.66667,1.66667],"texture":"#chandelier"},"up":{"uv":[5.33333,0,6.66667,1.33333],"rotation":90,"texture":"#chandelier"}}},{"from":[-3.1667,-3,17.3333],"to":[-1.83337,-1.33333,18.66663],"rotation":{"angle":-45,"axis":"y","origin":[-1.5,-6.66667,19]},"faces":{"north":{"uv":[1.33333,0,2.66667,1.66667],"texture":"#chandelier"},"east":{"uv":[2.66667,0,4,1.66667],"texture":"#chandelier"},"south":{"uv":[0,0,1.33333,1.66667],"texture":"#chandelier"},"west":{"uv":[4,0,5.33333,1.66667],"texture":"#chandelier"},"up":{"uv":[5.33333,0,6.66667,1.33333],"rotation":180,"texture":"#chandelier"}}},{"from":[-3.5,-6.6667,17],"to":[-1.5,-3.00003,19],"rotation":{"angle":-45,"axis":"y","origin":[-1.5,-6.66667,19]},"faces":{"north":{"uv":[0,1.66667,2,5.33333],"texture":"#chandelier"},"east":{"uv":[6,1.66667,8,5.33333],"texture":"#chandelier"},"south":{"uv":[4,1.66667,6,5.33333],"texture":"#chandelier"},"west":{"uv":[2,1.66667,4,5.33333],"texture":"#chandelier"},"up":{"uv":[8,1.66667,10,3.66667],"rotation":180,"texture":"#chandelier"},"down":{"uv":[10,1.66667,12,3.66667],"rotation":180,"texture":"#chandelier"}}},{"from":[-3.3333,-3,-2.6667],"to":[-1.99997,-1.33333,-1.33337],"rotation":{"angle":45,"axis":"y","origin":[-1.66667,-6.66667,-3]},"faces":{"north":{"uv":[2.66667,0,4,1.66667],"texture":"#chandelier"},"east":{"uv":[0,0,1.33333,1.66667],"texture":"#chandelier"},"south":{"uv":[4,0,5.33333,1.66667],"texture":"#chandelier"},"west":{"uv":[1.33333,0,2.66667,1.66667],"texture":"#chandelier"},"up":{"uv":[5.33333,0,6.66667,1.33333],"rotation":90,"texture":"#chandelier"}}},{"from":[-3.6666,-6.6667,-3],"to":[-1.6666,-3.00003,-1],"rotation":{"angle":45,"axis":"y","origin":[-1.66667,-6.66667,-3]},"faces":{"north":{"uv":[6,1.66667,8,5.33333],"texture":"#chandelier"},"east":{"uv":[4,1.66667,6,5.33333],"texture":"#chandelier"},"south":{"uv":[2,1.66667,4,5.33333],"texture":"#chandelier"},"west":{"uv":[0,1.66667,2,5.33333],"texture":"#chandelier"},"up":{"uv":[8,1.66667,10,3.66667],"rotation":90,"texture":"#chandelier"},"down":{"uv":[10,1.66667,12,3.66667],"rotation":270,"texture":"#chandelier"}}},{"from":[17.8333,-3,-1.8333],"to":[19.16663,-1.33333,-0.49997],"rotation":{"angle":45,"axis":"y","origin":[17.5,-6.66667,-0.16667]},"faces":{"north":{"uv":[4,0,5.33333,1.66667],"texture":"#chandelier"},"east":{"uv":[1.33333,0,2.66667,1.66667],"texture":"#chandelier"},"south":{"uv":[2.66667,0,4,1.66667],"texture":"#chandelier"},"west":{"uv":[0,0,1.33333,1.66667],"texture":"#chandelier"},"up":{"uv":[5.33333,0,6.66667,1.33333],"rotation":270,"texture":"#chandelier"}}},{"from":[17.5,-6.6667,-2.1667],"to":[19.5,-3.00003,-0.1667],"rotation":{"angle":45,"axis":"y","origin":[17.5,-6.66667,-0.16667]},"faces":{"north":{"uv":[2,1.66667,4,5.33333],"texture":"#chandelier"},"east":{"uv":[0,1.66667,2,5.33333],"texture":"#chandelier"},"south":{"uv":[6,1.66667,8,5.33333],"texture":"#chandelier"},"west":{"uv":[4,1.66667,6,5.33333],"texture":"#chandelier"},"up":{"uv":[8,1.66667,10,3.66667],"rotation":270,"texture":"#chandelier"},"down":{"uv":[10,1.66667,12,3.66667],"rotation":90,"texture":"#chandelier"}}},{"from":[7.5,-7.5,7.5],"to":[8.5,16,8.5],"faces":{"north":{"uv":[0,0,0.5,11.83333],"texture":"#rods"},"east":{"uv":[0,0,0.5,11.83333],"texture":"#rods"},"south":{"uv":[0,0,0.5,11.83333],"texture":"#rods"},"west":{"uv":[0,0,0.5,11.83333],"texture":"#rods"},"up":{"uv":[2.16667,1.83333,2.66667,2.33333],"texture":"#rods"},"down":{"uv":[2.33333,1.83333,2.75439,2.25439],"texture":"#rods"}}},{"from":[6.6667,-6.6667,6.6667],"to":[9.33337,-4.00003,9.33337],"faces":{"north":{"uv":[1.83333,0,3.16667,1.33333],"texture":"#rods"},"east":{"uv":[1.83333,0,3.16667,1.33333],"texture":"#rods"},"south":{"uv":[1.83333,1.33333,3.16667,2.66667],"texture":"#rods"},"west":{"uv":[1.83333,0,3.16667,1.33333],"texture":"#rods"},"up":{"uv":[1.83333,1.33333,3.16667,2.66667],"texture":"#rods"},"down":{"uv":[1.83333,1.33333,3.16667,2.66667],"texture":"#rods"}}},{"from":[8,-5.6667,-4.6667],"to":[8.001,19.6666,20.6666],"faces":{"east":{"uv":[1.66667,3.66667,14,16],"texture":"#chain"},"west":{"uv":[1.66667,3.66667,14,16],"texture":"#chain"}}},{"from":[17,-5.6667,-0.8333],"to":[17.001,19.6666,24.5],"rotation":{"angle":-45,"axis":"y","origin":[17,-5.66667,-0.83333]},"faces":{"east":{"uv":[1.66667,3.66667,14,16],"texture":"#chain"},"west":{"uv":[1.66667,3.66667,14,16],"texture":"#chain"}}},{"from":[-8.3333,-5.6667,16.8334],"to":[17,19.6666,16.8344],"rotation":{"angle":-45,"axis":"y","origin":[17,-5.66667,16.83333]},"faces":{"north":{"uv":[1.66667,3.66667,14,16],"texture":"#chain"},"south":{"uv":[1.66667,3.66667,14,16],"texture":"#chain"}}},{"from":[-4.6666,-5.6667,8],"to":[20.6667,19.6666,8.001],"faces":{"north":{"uv":[1.66667,3.66667,14,16],"texture":"#chain"},"south":{"uv":[1.66667,3.66667,14,16],"texture":"#chain"}}},{"from":[3.3333,-7,-3.3334],"to":[12.66663,-3.66667,-2.66673],"faces":{"north":{"uv":[0,6.66667,8,10],"texture":"#chandelier"},"east":{"uv":[3.33333,7.66667,5,8.66667],"texture":"#chandelier"},"south":{"uv":[0,6.66667,8,10],"texture":"#chandelier"},"west":{"uv":[2,8,5.66667,8.33333],"rotation":90,"texture":"#chandelier"},"up":{"uv":[0,6,8,6.66667],"texture":"#chandelier"},"down":{"uv":[0,10,8,10.66667],"texture":"#chandelier"}}},{"from":[18.6667,-7,3.3333],"to":[19.33337,-3.66667,12.66663],"faces":{"north":{"uv":[0.66667,8,7,8.66667],"rotation":90,"texture":"#chandelier"},"east":{"uv":[0,6.66667,8,10],"texture":"#chandelier"},"south":{"uv":[3,6.66667,3.66667,9.33333],"texture":"#chandelier"},"west":{"uv":[0,6.66667,8,10],"texture":"#chandelier"},"up":{"uv":[0,6,8,6.66667],"rotation":90,"texture":"#chandelier"},"down":{"uv":[0,10,8,10.66667],"rotation":270,"texture":"#chandelier"}}},{"from":[3.3333,-7,18.6667],"to":[12.66663,-3.66667,19.33337],"faces":{"north":{"uv":[0,6.66667,8,10],"texture":"#chandelier"},"east":{"uv":[0.66667,8,3.33333,8.66667],"rotation":90,"texture":"#chandelier"},"south":{"uv":[0,6.66667,8,10],"texture":"#chandelier"},"up":{"uv":[0,6,8,6.66667],"rotation":180,"texture":"#chandelier"},"down":{"uv":[0,10,8,10.66667],"rotation":180,"texture":"#chandelier"}}},{"from":[12.6667,-7,-3.3334],"to":[22.00003,-3.66667,-2.66673],"rotation":{"angle":-45,"axis":"y","origin":[12.66667,-7,-3.33333]},"faces":{"north":{"uv":[0,6.66667,8,10],"texture":"#chandelier"},"east":{"uv":[1,7.66667,6,8.33333],"rotation":90,"texture":"#chandelier"},"south":{"uv":[0,6.66667,8,10],"texture":"#chandelier"},"west":{"uv":[0,7.66667,8,8.33333],"rotation":90,"texture":"#chandelier"},"up":{"uv":[0,6,8,6.66667],"texture":"#chandelier"},"down":{"uv":[0,10,8,10.66667],"texture":"#chandelier"}}},{"from":[18.6668,-7,12.6667],"to":[19.33347,-3.66667,22.00003],"rotation":{"angle":-45,"axis":"y","origin":[19.33333,-7,12.66667]},"faces":{"north":{"uv":[0,7.66667,8,8.33333],"rotation":90,"texture":"#chandelier"},"east":{"uv":[0,6.66667,8,10],"texture":"#chandelier"},"south":{"uv":[1,7.66667,6,8.33333],"rotation":90,"texture":"#chandelier"},"west":{"uv":[0,6.66667,8,10],"texture":"#chandelier"},"up":{"uv":[0,6,8,6.66667],"rotation":90,"texture":"#chandelier"},"down":{"uv":[0,10,8,10.66667],"rotation":270,"texture":"#chandelier"}}},{"from":[-6,-7,18.6668],"to":[3.33333,-3.66667,19.33347],"rotation":{"angle":-45,"axis":"y","origin":[3.33334,-7,19.33333]},"faces":{"north":{"uv":[0,6.66667,8,10],"texture":"#chandelier"},"east":{"uv":[0,7.66667,8,8.33333],"rotation":90,"texture":"#chandelier"},"south":{"uv":[0,6.66667,8,10],"texture":"#chandelier"},"west":{"uv":[1,7.66667,6,8.33333],"rotation":90,"texture":"#chandelier"},"up":{"uv":[0,6,8,6.66667],"rotation":180,"texture":"#chandelier"},"down":{"uv":[0,10,8,10.66667],"rotation":180,"texture":"#chandelier"}}}]}