{
	"__comment": "Designed by Tacocat with Cubik Studio - https://cubik.studio",
	"textures": {
		"particle": "block/stripped_oak_log",
		"texture": "custom/crates/crate1"
	},
	"elements": [ 	 
		{
			"__comment": "Box1",
			"from": [ 0.6667, 0.6667, 0.6667 ],
			"to": [ 15.33337, 15.33337, 15.33337 ],
			"faces": {
				"down": { "uv": [ 7.666667, 0.333334, 0.3333335, 7.666666 ], "texture": "#texture", "rotation": 270 },
				"up": { "uv": [ 7.666667, 0.333334, 0.3333335, 7.666666 ], "texture": "#texture" },
				"north": { "uv": [ 0.3333335, 0.333334, 7.666667, 7.666666 ], "texture": "#texture" },
				"south": { "uv": [ 7.666667, 0.333334, 0.3333335, 7.666666 ], "texture": "#texture" },
				"west": { "uv": [ 0.3333335, 0.333334, 7.666667, 7.666666 ], "texture": "#texture" },
				"east": { "uv": [ 7.666667, 0.333334, 0.3333335, 7.666666 ], "texture": "#texture" }
			}
		},
		{
			"__comment": "Box2",
			"from": [ 0, 14, 0 ],
			"to": [ 16, 16, 2 ],
			"faces": {
				"down": { "uv": [ 0, 0, 8, 1 ], "texture": "#texture" },
				"up": { "uv": [ 0, 0, 8, 1 ], "texture": "#texture" },
				"north": { "uv": [ 0, 0, 8, 1 ], "texture": "#texture" },
				"south": { "uv": [ 0, 0, 8, 1 ], "texture": "#texture" },
				"west": { "uv": [ 0, 9, 1, 10 ], "texture": "#texture" },
				"east": { "uv": [ 0, 9, 1, 10 ], "texture": "#texture" }
			}
		},
		{
			"__comment": "Box2",
			"from": [ 0, 14, 2 ],
			"to": [ 2, 16, 14 ],
			"faces": {
				"down": { "uv": [ 0, 1, 1, 7 ], "texture": "#texture" },
				"up": { "uv": [ 0, 1, 1, 7 ], "texture": "#texture" },
				"north": { "uv": [ 0, 9, 1, 10 ], "texture": "#texture" },
				"south": { "uv": [ 0, 9, 1, 10 ], "texture": "#texture" },
				"west": { "uv": [ 0, 1, 1, 7 ], "texture": "#texture", "rotation": 270 },
				"east": { "uv": [ 0, 1, 1, 7 ], "texture": "#texture", "rotation": 270 }
			}
		},
		{
			"__comment": "Box2",
			"from": [ 0, 2, 14 ],
			"to": [ 2, 14, 16 ],
			"faces": {
				"down": { "uv": [ 12, 0, 14, 2 ], "texture": "#texture" },
				"up": { "uv": [ 4, 2, 2, 0 ], "texture": "#texture" },
				"north": { "uv": [ 0, 1.166666, 1, 7 ], "texture": "#texture" },
				"south": { "uv": [ 0, 1.166666, 1, 7 ], "texture": "#texture", "rotation": 180 },
				"west": { "uv": [ 1, 1.166666, 0, 7 ], "texture": "#texture", "rotation": 180 },
				"east": { "uv": [ 0, 1.166666, 1, 7 ], "texture": "#texture" }
			}
		},
		{
			"__comment": "Box2",
			"from": [ 0.3333, -4.5833, 0.9167 ],
			"to": [ 0.6666334, 14.08337, 2.9167 ],
			"rotation": { "origin": [ 0.6666667, 14, 1 ], "axis": "x", "angle": -45 },
			"faces": {
				"down": { "uv": [ 1.333333, 8, 1.5, 9 ], "texture": "#texture", "rotation": 90 },
				"up": { "uv": [ 1.333333, 8, 1.5, 9 ], "texture": "#texture", "rotation": 90 },
				"north": { "uv": [ 1.333333, 8, 10.83333, 8.166667 ], "texture": "#texture", "rotation": 90 },
				"south": { "uv": [ 1.333333, 8, 10.83333, 8.166667 ], "texture": "#texture", "rotation": 90 },
				"west": { "uv": [ 2.333333, 8, 11.83333, 9 ], "texture": "#texture", "rotation": 90 },
				"east": { "uv": [ 2.333333, 8, 11.83333, 9 ], "texture": "#texture", "rotation": 90 }
			}
		},
		{
			"__comment": "Box2",
			"from": [ 13.4167, -4.5833, 15.3333 ],
			"to": [ 15.4167, 14.08337, 15.66663 ],
			"rotation": { "origin": [ 15.33333, 14, 15.66667 ], "axis": "z", "angle": -45 },
			"faces": {
				"down": { "uv": [ 12, 0, 14, 2 ], "texture": "#texture", "rotation": 270 },
				"up": { "uv": [ 4, 2, 2, 0 ], "texture": "#texture", "rotation": 90 },
				"north": { "uv": [ 2.333333, 8, 11.83333, 9 ], "texture": "#texture", "rotation": 270 },
				"south": { "uv": [ 2.333333, 8, 11.83333, 9 ], "texture": "#texture", "rotation": 270 },
				"west": { "uv": [ 2.333334, 8, 11.83333, 8.166667 ], "texture": "#texture", "rotation": 270 },
				"east": { "uv": [ 2.333334, 8, 11.83333, 8.166667 ], "texture": "#texture", "rotation": 270 }
			}
		},
		{
			"__comment": "Box2",
			"from": [ 13.0834, 15.3333, 1.9166 ],
			"to": [ 15.0834, 15.66663, 20.58327 ],
			"rotation": { "origin": [ 15, 15.66667, 2 ], "axis": "y", "angle": -45 },
			"faces": {
				"down": { "uv": [ 0, 8, 9.5, 9 ], "texture": "#texture", "rotation": 270 },
				"up": { "uv": [ 0, 8, 9.5, 9 ], "texture": "#texture", "rotation": 270 },
				"north": { "uv": [ 0, 8.833334, 9.5, 9.000001 ], "texture": "#texture", "rotation": 270 },
				"south": { "uv": [ 0, 8.833334, 9.5, 9.000001 ], "texture": "#texture", "rotation": 270 },
				"west": { "uv": [ 0, 8.833334, 9.5, 9.000001 ], "texture": "#texture", "rotation": 180 },
				"east": { "uv": [ 0, 8.833334, 9.5, 9.000001 ], "texture": "#texture", "rotation": 180 }
			}
		},
		{
			"__comment": "Box2",
			"from": [ 0, 14, 14 ],
			"to": [ 16, 16, 16 ],
			"faces": {
				"down": { "uv": [ 0, 0, 8, 1 ], "texture": "#texture" },
				"up": { "uv": [ 0, 0, 8, 1 ], "texture": "#texture", "rotation": 180 },
				"north": { "uv": [ 0, 0, 8, 1 ], "texture": "#texture" },
				"south": { "uv": [ 0, 0, 8, 1 ], "texture": "#texture" },
				"west": { "uv": [ 0, 9, 1, 10 ], "texture": "#texture", "rotation": 270 },
				"east": { "uv": [ 0, 9, 1, 10 ], "texture": "#texture", "rotation": 90 }
			}
		},
		{
			"__comment": "Box2",
			"from": [ 14, 14, 2 ],
			"to": [ 16, 16, 14 ],
			"faces": {
				"down": { "uv": [ 0, 1, 1, 7 ], "texture": "#texture" },
				"up": { "uv": [ 0, 1, 1, 7 ], "texture": "#texture" },
				"north": { "uv": [ 0, 9, 1, 10 ], "texture": "#texture" },
				"south": { "uv": [ 0, 9, 1, 10 ], "texture": "#texture" },
				"west": { "uv": [ 0, 1, 1, 7 ], "texture": "#texture", "rotation": 270 },
				"east": { "uv": [ 0, 1, 1, 7 ], "texture": "#texture", "rotation": 270 }
			}
		},
		{
			"__comment": "Box2",
			"from": [ 0, 0, 0 ],
			"to": [ 16, 2, 2 ],
			"faces": {
				"down": { "uv": [ 0, 0, 8, 1 ], "texture": "#texture" },
				"up": { "uv": [ 0, 0, 8, 1 ], "texture": "#texture" },
				"north": { "uv": [ 0, 0, 8, 1 ], "texture": "#texture" },
				"south": { "uv": [ 0, 0, 8, 1 ], "texture": "#texture" },
				"west": { "uv": [ 0, 9, 1, 10 ], "texture": "#texture" },
				"east": { "uv": [ 0, 9, 1, 10 ], "texture": "#texture" }
			}
		},
		{
			"__comment": "Box2",
			"from": [ 13.0834, 0.3333, 1.9166 ],
			"to": [ 15.0834, 0.6666334, 20.58327 ],
			"rotation": { "origin": [ 15, 0.6666667, 2 ], "axis": "y", "angle": -45 },
			"faces": {
				"down": { "uv": [ 0, 8, 9.5, 9 ], "texture": "#texture", "rotation": 270 },
				"up": { "uv": [ 0, 8, 9.5, 9 ], "texture": "#texture", "rotation": 270 },
				"north": { "uv": [ 0, 8.833334, 9.5, 9.000001 ], "texture": "#texture", "rotation": 270 },
				"south": { "uv": [ 0, 8.833334, 9.5, 9.000001 ], "texture": "#texture", "rotation": 270 },
				"west": { "uv": [ 0, 8.833334, 9.5, 9.000001 ], "texture": "#texture", "rotation": 180 },
				"east": { "uv": [ 0, 8.833334, 9.5, 9.000001 ], "texture": "#texture", "rotation": 180 }
			}
		},
		{
			"__comment": "Box2",
			"from": [ 14, 0, 2 ],
			"to": [ 16, 2, 14 ],
			"faces": {
				"down": { "uv": [ 0, 1, 1, 7 ], "texture": "#texture" },
				"up": { "uv": [ 0, 1, 1, 7 ], "texture": "#texture" },
				"north": { "uv": [ 0, 9, 1, 10 ], "texture": "#texture" },
				"south": { "uv": [ 0, 9, 1, 10 ], "texture": "#texture" },
				"west": { "uv": [ 0, 1, 1, 7 ], "texture": "#texture", "rotation": 270 },
				"east": { "uv": [ 0, 1, 1, 7 ], "texture": "#texture", "rotation": 270 }
			}
		},
		{
			"__comment": "Box2",
			"from": [ 0, 0, 14 ],
			"to": [ 16, 2, 16 ],
			"faces": {
				"down": { "uv": [ 0, 0, 8, 1 ], "texture": "#texture" },
				"up": { "uv": [ 0, 0, 8, 1 ], "texture": "#texture", "rotation": 180 },
				"north": { "uv": [ 0, 0, 8, 1 ], "texture": "#texture" },
				"south": { "uv": [ 0, 0, 8, 1 ], "texture": "#texture" },
				"west": { "uv": [ 0, 9, 1, 10 ], "texture": "#texture", "rotation": 270 },
				"east": { "uv": [ 0, 9, 1, 10 ], "texture": "#texture", "rotation": 90 }
			}
		},
		{
			"__comment": "Box2",
			"from": [ 0, 0, 2 ],
			"to": [ 2, 2, 14 ],
			"faces": {
				"down": { "uv": [ 0, 1, 1, 7 ], "texture": "#texture" },
				"up": { "uv": [ 0, 1, 1, 7 ], "texture": "#texture" },
				"north": { "uv": [ 0, 9, 1, 10 ], "texture": "#texture" },
				"south": { "uv": [ 0, 9, 1, 10 ], "texture": "#texture" },
				"west": { "uv": [ 0, 1, 1, 7 ], "texture": "#texture", "rotation": 270 },
				"east": { "uv": [ 0, 1, 1, 7 ], "texture": "#texture", "rotation": 270 }
			}
		},
		{
			"__comment": "Box2",
			"from": [ 14, 2, 14 ],
			"to": [ 16, 14, 16 ],
			"faces": {
				"down": { "uv": [ 12, 0, 14, 2 ], "texture": "#texture" },
				"up": { "uv": [ 4, 2, 2, 0 ], "texture": "#texture" },
				"north": { "uv": [ 0, 1.166666, 1, 7 ], "texture": "#texture" },
				"south": { "uv": [ 0, 1.166666, 1, 7 ], "texture": "#texture", "rotation": 180 },
				"west": { "uv": [ 1, 1.166666, 0, 7 ], "texture": "#texture", "rotation": 180 },
				"east": { "uv": [ 0, 1.166666, 1, 7 ], "texture": "#texture" }
			}
		},
		{
			"__comment": "Box2",
			"from": [ 14, 2, 0 ],
			"to": [ 16, 14, 2 ],
			"faces": {
				"down": { "uv": [ 12, 0, 14, 2 ], "texture": "#texture" },
				"up": { "uv": [ 4, 2, 2, 0 ], "texture": "#texture" },
				"north": { "uv": [ 0, 1.166666, 1, 7 ], "texture": "#texture" },
				"south": { "uv": [ 0, 1.166666, 1, 7 ], "texture": "#texture", "rotation": 180 },
				"west": { "uv": [ 1, 1.166666, 0, 7 ], "texture": "#texture", "rotation": 180 },
				"east": { "uv": [ 0, 1.166666, 1, 7 ], "texture": "#texture" }
			}
		},
		{
			"__comment": "Box2",
			"from": [ 0, 2, 0 ],
			"to": [ 2, 14, 2 ],
			"faces": {
				"down": { "uv": [ 12, 0, 14, 2 ], "texture": "#texture" },
				"up": { "uv": [ 4, 2, 2, 0 ], "texture": "#texture" },
				"north": { "uv": [ 0, 1.166666, 1, 7 ], "texture": "#texture" },
				"south": { "uv": [ 0, 1.166666, 1, 7 ], "texture": "#texture", "rotation": 180 },
				"west": { "uv": [ 1, 1.166666, 0, 7 ], "texture": "#texture", "rotation": 180 },
				"east": { "uv": [ 0, 1.166666, 1, 7 ], "texture": "#texture" }
			}
		},
		{
			"__comment": "Box2",
			"from": [ 13.4167, -4.5833, 0.3333 ],
			"to": [ 15.4167, 14.08337, 0.6666334 ],
			"rotation": { "origin": [ 15.33333, 14, 0.6666667 ], "axis": "z", "angle": -45 },
			"faces": {
				"down": { "uv": [ 12, 0, 14, 2 ], "texture": "#texture", "rotation": 270 },
				"up": { "uv": [ 4, 2, 2, 0 ], "texture": "#texture", "rotation": 90 },
				"north": { "uv": [ 2.333333, 8, 11.83333, 9 ], "texture": "#texture", "rotation": 90 },
				"south": { "uv": [ 2.333333, 8, 11.83333, 9 ], "texture": "#texture", "rotation": 270 },
				"west": { "uv": [ 2.333334, 8, 11.83333, 8.166667 ], "texture": "#texture", "rotation": 270 },
				"east": { "uv": [ 2.333334, 8, 11.83333, 8.166667 ], "texture": "#texture", "rotation": 270 }
			}
		},
		{
			"__comment": "Box2",
			"from": [ 15.3333, -4.5833, 0.9167 ],
			"to": [ 15.66663, 14.08337, 2.9167 ],
			"rotation": { "origin": [ 15.66667, 14, 1 ], "axis": "x", "angle": -45 },
			"faces": {
				"down": { "uv": [ 1.333333, 8, 1.5, 9 ], "texture": "#texture", "rotation": 90 },
				"up": { "uv": [ 1.333333, 8, 1.5, 9 ], "texture": "#texture", "rotation": 90 },
				"north": { "uv": [ 1.333333, 8, 10.83333, 8.166667 ], "texture": "#texture", "rotation": 90 },
				"south": { "uv": [ 1.333333, 8, 10.83333, 8.166667 ], "texture": "#texture", "rotation": 90 },
				"west": { "uv": [ 2.333333, 8, 11.83333, 9 ], "texture": "#texture", "rotation": 90 },
				"east": { "uv": [ 2.333333, 8, 11.83333, 9 ], "texture": "#texture", "rotation": 90 }
			}
		}
	]
}