{
	"__comment": "Designed by Tacocat with Cubik Studio - https://cubik.studio",
	"textures": {
		"particle": "block/glowstone",
		"texture": "block/glowstone"
	},
	"elements": [ 	 
		{
			"__comment": "Box1",
			"from": [ 0, 0, 0 ],
			"to": [ 16, 16, 16 ],
			"shade": false,
			"faces": {
				"down": { "uv": [ 0, 0, 16, 16 ], "texture": "#texture", "cullface": "down" },
				"up": { "uv": [ 0, 0, 16, 16 ], "texture": "#texture", "cullface": "up" },
				"north": { "uv": [ 0, 0, 16, 16 ], "texture": "#texture", "cullface": "north" },
				"south": { "uv": [ 0, 0, 16, 16 ], "texture": "#texture", "cullface": "south" },
				"west": { "uv": [ 0, 0, 16, 16 ], "texture": "#texture", "cullface": "west" },
				"east": { "uv": [ 0, 0, 16, 16 ], "texture": "#texture", "cullface": "east" }
			}
		}
	]
}