{"textures":{"texture":"block/collumn_mid","texture1":"block/sandstone_top","particle":"block/sandstone_top"},"elements":[{"from":[4,0,0.6667],"to":[12,16,15.33337],"faces":{"north":{"uv":[4,0,12,16],"texture":"#texture1"},"east":{"uv":[0.66667,0,15.33333,16],"texture":"#texture"},"south":{"uv":[4,0,12,16],"texture":"#texture1"},"west":{"uv":[0.66667,0,15.33333,16],"texture":"#texture"}}},{"from":[12,0,4],"to":[15.33333,16,12],"faces":{"north":{"uv":[15.66667,0,12,16],"texture":"#texture"},"east":{"uv":[3.33333,0,11.33333,16],"texture":"#texture1"},"south":{"uv":[0.33333,0,4,16],"rotation":180,"texture":"#texture"}}},{"from":[0.6667,0,4],"to":[4.00003,16,12.66667],"faces":{"north":{"uv":[12,0,15.66667,16],"texture":"#texture"},"south":{"uv":[0.33333,0,4,16],"texture":"#texture"},"west":{"uv":[4.66667,0,12.66667,16],"texture":"#texture1"}}}]}