{
	"__comment": "Designed by Tacocat with Cubik Studio - https://cubik.studio",
	"parent": "block/cube",
	"textures": {
		"particle": "block/brown_glazed_terracotta",
		"side": "block/sandstone",
		"top": "block/brown_glazed_terracotta",
		"bottom": "block/sandstone_bottom"
	},
	"elements": [ 	 
		{
			"__comment": "Element",
			"from": [ 0, 0, 0 ],
			"to": [ 16, 16, 16 ],
			"faces": {
				"down": { "uv": [ 0, 0, 16, 16 ], "texture": "#bottom", "cullface": "down" },
				"up": { "uv": [ 0, 0, 16, 16 ], "texture": "#top", "cullface": "up" },
				"north": { "uv": [ 0, 0, 16, 16 ], "texture": "#side", "cullface": "north" },
				"south": { "uv": [ 16, 0, 0, 16 ], "texture": "#side", "cullface": "south" },
				"west": { "uv": [ 0, 0, 16, 16 ], "texture": "#side", "cullface": "west" },
				"east": { "uv": [ 0, 16, 16, 0 ], "texture": "#side", "cullface": "east", "rotation": 180 }
			}
		}
	],
	"display": {
		"firstperson_righthand": {
			"rotation":  [ 0, 135, 0 ],
			"scale":  [ 0.4, 0.4, 0.4 ]
		}
	}
}