{
    "parent": "block/cube_all",
    "textures": {
        "all": "block/stone"
    },
     "display": {
         "ground": {
             "scale":        [ 0, 0, 0 ]
         },
         "head": {
             "scale":        [ 0, 0, 0 ]
         },
         "firstperson_lefthand": {
             "scale":        [ 0, 0, 0 ]
         },
         "thirdperson_righthand": {
             "scale":        [ 0, 0, 0 ]
         },
         "thirdperson_lefthand": {
             "scale":        [ 0, 0, 0 ]
         },
         "gui": {
             "scale":        [ 0, 0, 0 ]
         }
     }
}
