{
	"credit": "Made with Blockbench",
	"textures": {
		"0": "custom/button",
		"particle": "custom/button"
	},
	"elements": [
		{
			"name": "Element",
			"from": [0, -14.6667, 0],
			"to": [16, 1.3333, 16],
			"faces": {
				"north": {"uv": [0, 0, 8, 8], "texture": "#0"},
				"east": {"uv": [0, 0, 8, 8], "texture": "#0"},
				"south": {"uv": [0, 0, 8, 8], "texture": "#0"},
				"west": {"uv": [0, 0, 8, 8], "texture": "#0"},
				"up": {"uv": [8, 0, 16, 8], "texture": "#0"},
				"down": {"uv": [0, 0, 16, 16], "texture": "#0"}
			}
		},
		{
			"name": "Element",
			"from": [0.6667, -13.3333, 0.6667],
			"to": [15.33337, 2.6667, 15.33337],
			"faces": {
				"north": {"uv": [0.32, 0, 7.57333, 7.36], "texture": "#0"},
				"east": {"uv": [0.32, 0, 7.57333, 7.36], "texture": "#0"},
				"south": {"uv": [0.32, 0, 7.57333, 7.36], "texture": "#0"},
				"west": {"uv": [0.32, 0, 7.57333, 7.36], "texture": "#0"},
				"up": {"uv": [8.33333, 0.33333, 15.66667, 7.66667], "texture": "#0"}
			}
		},
		{
			"name": "Element2_outline",
			"from": [14.6666, 2.6667, 14.6666],
			"to": [1.33327, -13.3333, 1.33327],
			"faces": {
				"north": {"uv": [0.32, 7.36, 7.57333, 0], "texture": "#0"},
				"east": {"uv": [0.32, 7.36, 7.57333, 0], "texture": "#0"},
				"south": {"uv": [0.32, 7.36, 7.57333, 0], "texture": "#0"},
				"west": {"uv": [0.32, 7.36, 7.57333, 0], "texture": "#0"},
				"up": {"uv": [5.5, 6.5, 5.3334, 6.8334], "rotation": 180, "texture": "#0"},
				"down": {"uv": [5.5, 6.5, 5.3334, 6.8334], "rotation": 180, "texture": "#0"}
			}
		}
	],
	"display": {}
}