{"textures":{"texture":"block/books_1"},"elements":[{"from":[3,12,2.5],"to":[12.33333,13,9.16667],"faces":{"north":{"uv":[5.33333,1.86667,7.2,2.06667],"rotation":180,"texture":"#texture"},"east":{"uv":[7.4,1.86667,7.2,0.53333],"rotation":90,"texture":"#texture"},"south":{"uv":[5.33333,0.33333,7.2,0.53333],"rotation":180,"texture":"#texture"},"west":{"uv":[7.4,1.86667,7.2,0.53333],"rotation":270,"texture":"#texture"},"up":{"uv":[7.2,1.86667,5.33333,0.53333],"texture":"#texture"},"down":{"uv":[7.2,1.86667,5.33333,0.53333],"rotation":180,"texture":"#texture"}}},{"from":[2,4,4],"to":[12.5,6,11.5],"rotation":{"angle":22.5,"axis":"y","origin":[2,6,4]},"faces":{"north":{"uv":[0,6.8,2.13333,6.4],"rotation":180,"texture":"#texture"},"east":{"uv":[2.53333,6.4,2.13333,4.93333],"rotation":90,"texture":"#texture"},"south":{"uv":[0,4.93333,2.13333,4.53333],"rotation":180,"texture":"#texture"},"west":{"uv":[2.53333,6.4,2.13333,4.93333],"rotation":270,"texture":"#texture"},"up":{"uv":[2.13333,4.93333,0,6.4],"rotation":180,"texture":"#texture"},"down":{"uv":[2.13333,6.4,0,4.93333],"rotation":180,"texture":"#texture"}}},{"from":[2,8,1],"to":[12.5,10,8.5],"faces":{"north":{"uv":[0,2.26667,2.13333,1.86667],"rotation":180,"texture":"#texture"},"east":{"uv":[2.53333,1.86667,2.13333,0.4],"rotation":90,"texture":"#texture"},"south":{"uv":[0,0.4,2.13333,0],"rotation":180,"texture":"#texture"},"west":{"uv":[2.53333,1.86667,2.13333,0.4],"rotation":270,"texture":"#texture"},"up":{"uv":[2.13333,0.4,0,1.86667],"rotation":180,"texture":"#texture"},"down":{"uv":[2.13333,1.86667,0,0.4],"rotation":180,"texture":"#texture"}}},{"from":[5.5011,13,2.0084],"to":[16.0011,15,9.5084],"rotation":{"angle":-45,"axis":"y","origin":[9.5,16,1.5]},"faces":{"north":{"uv":[0,4.53333,2.13333,4.13333],"rotation":180,"texture":"#texture"},"east":{"uv":[2.53333,4.13333,2.13333,2.66667],"rotation":90,"texture":"#texture"},"south":{"uv":[0,2.66667,2.13333,2.26667],"rotation":180,"texture":"#texture"},"west":{"uv":[2.53333,4.13333,2.13333,2.66667],"rotation":270,"texture":"#texture"},"up":{"uv":[0,2.66667,2.13333,4.13333],"rotation":180,"texture":"#texture"},"down":{"uv":[0,2.66667,2.13333,4.13333],"texture":"#texture"}}},{"from":[2.8333,15,1.5],"to":[9.49997,16,10.83333],"faces":{"north":{"uv":[7.4,3.6,7.2,2.26667],"rotation":270,"texture":"#texture"},"east":{"uv":[5.33333,3.6,7.2,3.8],"rotation":180,"texture":"#texture"},"south":{"uv":[7.4,3.6,7.2,2.26667],"rotation":90,"texture":"#texture"},"west":{"uv":[5.33333,2.06667,7.2,2.26667],"rotation":180,"texture":"#texture"},"up":{"uv":[7.2,3.6,5.33333,2.26667],"rotation":90,"texture":"#texture"},"down":{"uv":[7.2,3.6,5.33333,2.26667],"rotation":90,"texture":"#texture"}}},{"from":[1.5,10,1.5],"to":[12,12,9],"faces":{"north":{"uv":[12.46667,2.26667,14.6,1.86667],"rotation":180,"texture":"#texture"},"east":{"uv":[15,1.86667,14.6,0.4],"rotation":90,"texture":"#texture"},"south":{"uv":[12.46667,0.4,14.6,0],"rotation":180,"texture":"#texture"},"west":{"uv":[15,1.86667,14.6,0.4],"rotation":270,"texture":"#texture"},"up":{"uv":[12.46667,0.46667,14.6,1.93333],"rotation":180,"texture":"#texture"},"down":{"uv":[12.46667,2.26667,14.6,3.73333],"texture":"#texture"}}},{"from":[1.5,6,6.5],"to":[12,8,14],"rotation":{"angle":45,"axis":"y","origin":[1.5,8,6.5]},"faces":{"north":{"uv":[0,6.8,2.13333,6.4],"rotation":180,"texture":"#texture"},"east":{"uv":[2.53333,6.4,2.13333,4.93333],"rotation":90,"texture":"#texture"},"south":{"uv":[0,4.93333,2.13333,4.53333],"rotation":180,"texture":"#texture"},"west":{"uv":[2.53333,6.4,2.13333,4.93333],"rotation":270,"texture":"#texture"},"up":{"uv":[2.13333,4.93333,0,6.4],"rotation":180,"texture":"#texture"},"down":{"uv":[2.13333,6.4,0,4.93333],"rotation":180,"texture":"#texture"}}},{"from":[8.5,0,1.5],"to":[16,4,12],"faces":{"north":{"uv":[5.33333,5.13333,4.6,3.66667],"rotation":90,"texture":"#texture"},"east":{"uv":[2.53333,3.66667,4.6,2.93333],"rotation":180,"texture":"#texture"},"south":{"uv":[5.33333,5.13333,4.6,3.66667],"rotation":270,"texture":"#texture"},"west":{"uv":[2.53333,5.86667,4.6,5.13333],"rotation":180,"texture":"#texture"},"up":{"uv":[4.6,3.73333,2.53333,5.13333],"rotation":90,"texture":"#texture"},"down":{"uv":[4.6,5.13333,2.46667,3.66667],"rotation":270,"texture":"#texture"}}},{"from":[0.5,2,5],"to":[8,4,15.5],"faces":{"north":{"uv":[2.53333,4.13333,2.13333,2.66667],"rotation":270,"texture":"#texture"},"east":{"uv":[0,4.53333,2.13333,4.13333],"rotation":180,"texture":"#texture"},"south":{"uv":[2.53333,4.13333,2.13333,2.66667],"rotation":90,"texture":"#texture"},"west":{"uv":[0,2.66667,2.13333,2.26667],"rotation":180,"texture":"#texture"},"up":{"uv":[0,2.66667,2.13333,4.13333],"rotation":270,"texture":"#texture"},"down":{"uv":[0,2.66667,2.13333,4.13333],"rotation":270,"texture":"#texture"}}},{"from":[1,0,4.5],"to":[8.5,2,15],"rotation":{"angle":-22.5,"axis":"y","origin":[8.5,2,4.5]},"faces":{"north":{"uv":[2.53333,1.86667,2.13333,0.4],"rotation":270,"texture":"#texture"},"east":{"uv":[0,2.26667,2.13333,1.86667],"rotation":180,"texture":"#texture"},"south":{"uv":[2.53333,1.86667,2.13333,0.4],"rotation":90,"texture":"#texture"},"west":{"uv":[0,0.4,2.13333,0],"rotation":180,"texture":"#texture"},"up":{"uv":[2.13333,0.4,0,1.86667],"rotation":270,"texture":"#texture"},"down":{"uv":[2.13333,1.86667,0,0.4],"rotation":90,"texture":"#texture"}}},{"from":[9,1.5,0],"to":[13.5,1.501,5],"rotation":{"angle":22.5,"axis":"y","origin":[9,1.5,0]},"faces":{"north":{"uv":[10,10.499,14.5,10.5],"texture":"#texture"},"east":{"uv":[12,10.499,16,10.5],"texture":"#texture"},"south":{"uv":[1.5,10.499,6,10.5],"texture":"#texture"},"west":{"uv":[0,10.499,4,10.5],"texture":"#texture"},"up":{"uv":[15,1.2,16,2.4],"texture":"#texture"},"down":{"uv":[15,1.2,16,0],"texture":"#texture"}}},{"from":[8.5,14,5],"to":[13,14.001,10],"rotation":{"angle":-22.5,"axis":"y","origin":[8.5,14,5]},"faces":{"north":{"uv":[10,10.499,14.5,10.5],"texture":"#texture"},"east":{"uv":[12,10.499,16,10.5],"texture":"#texture"},"south":{"uv":[1.5,10.499,6,10.5],"texture":"#texture"},"west":{"uv":[0,10.499,4,10.5],"texture":"#texture"},"up":{"uv":[15,1.2,16,2.4],"texture":"#texture"},"down":{"uv":[15,1.2,16,0],"texture":"#texture"}}}]}