{"textures":{"texture":"block/books_1"},"elements":[{"from":[4.6667,0,1],"to":[12.00003,1.66667,11.66667],"rotation":{"angle":22.5,"axis":"y","origin":[12,0,1]},"faces":{"north":{"uv":[2.13333,0.4,2.53333,1.86667],"rotation":270,"texture":"#texture"},"east":{"uv":[0,0.4,2.13333,0],"texture":"#texture"},"south":{"uv":[2.13333,0.4,2.53333,1.86667],"rotation":90,"texture":"#texture"},"west":{"uv":[0,2.26667,2.13333,1.86667],"texture":"#texture"},"up":{"uv":[0,0.4,2.13333,1.86667],"rotation":90,"texture":"#texture"},"down":{"uv":[0,0.4,2.13333,1.86667],"rotation":270,"texture":"#texture"}}},{"from":[4,1.6667,0.6667],"to":[11.33333,5.33337,11.00003],"rotation":{"angle":22.5,"axis":"y","origin":[12,0,1]},"faces":{"north":{"uv":[4.6,0.73333,5.33333,2.2],"rotation":270,"texture":"#texture"},"east":{"uv":[2.53333,0,4.6,0.73333],"texture":"#texture"},"south":{"uv":[4.6,2.2,5.33333,0.73333],"rotation":270,"texture":"#texture"},"west":{"uv":[2.53333,2.2,4.6,2.93333],"rotation":180,"texture":"#texture"},"up":{"uv":[2.53333,0.73333,4.6,2.2],"rotation":90,"texture":"#texture"},"down":{"uv":[2.53333,0.73333,4.6,2.2],"rotation":90,"texture":"#texture"}}},{"from":[5.9494,5.3333,0.7448],"to":[12.61607,6.3333,10.07813],"faces":{"north":{"uv":[7.2,0.53333,7.4,1.86667],"rotation":270,"texture":"#texture"},"east":{"uv":[5.33333,0.33333,7.2,0.53333],"texture":"#texture"},"south":{"uv":[7.2,0.53333,7.4,1.86667],"rotation":90,"texture":"#texture"},"west":{"uv":[5.33333,1.86667,7.2,2.06667],"texture":"#texture"},"up":{"uv":[5.33333,0.53333,7.2,1.86667],"rotation":90,"texture":"#texture"},"down":{"uv":[5.33333,0.53333,7.2,1.86667],"rotation":90,"texture":"#texture"}}},{"from":[9.4073,6.3333,2.5493],"to":[16.07397,7.3333,12.5493],"rotation":{"angle":-22.5,"axis":"y","origin":[12,0,1]},"faces":{"north":{"uv":[9.4,0.2,9.6,1.46667],"rotation":270,"texture":"#texture"},"east":{"uv":[7.4,0,9.4,0.2],"rotation":180,"texture":"#texture"},"south":{"uv":[9.4,0.2,9.6,1.46667],"rotation":90,"texture":"#texture"},"west":{"uv":[7.4,1.46667,9.4,1.66667],"rotation":180,"texture":"#texture"},"up":{"uv":[7.4,0.2,9.4,1.46667],"rotation":90,"texture":"#texture"},"down":{"uv":[7.4,0.2,9.4,1.46667],"rotation":90,"texture":"#texture"}}},{"from":[6.0291,8.3333,1.58],"to":[12.36243,12.66663,11.58],"faces":{"north":{"uv":[11.6,0.86667,12.46667,2.13333],"rotation":270,"texture":"#texture"},"east":{"uv":[9.6,0,11.6,0.86667],"texture":"#texture"},"south":{"uv":[12.46667,0.86667,11.6,2.13333],"rotation":90,"texture":"#texture"},"west":{"uv":[9.6,2.13333,11.6,3],"rotation":180,"texture":"#texture"},"up":{"uv":[9.6,0.86667,11.6,2.13333],"rotation":90,"texture":"#texture"},"down":{"uv":[9.6,0.86667,11.6,2.13333],"rotation":270,"texture":"#texture"}}},{"from":[6.7466,7.3333,1.8351],"to":[13.41327,8.3333,11.8351],"faces":{"north":{"uv":[9.4,0.2,9.6,1.46667],"rotation":270,"texture":"#texture"},"east":{"uv":[7.4,0,9.4,0.2],"rotation":180,"texture":"#texture"},"south":{"uv":[9.4,0.2,9.6,1.46667],"rotation":90,"texture":"#texture"},"west":{"uv":[7.4,1.46667,9.4,1.66667],"rotation":180,"texture":"#texture"},"up":{"uv":[7.4,0.2,9.4,1.46667],"rotation":90,"texture":"#texture"},"down":{"uv":[7.4,0.2,9.4,1.46667],"rotation":90,"texture":"#texture"}}},{"from":[8.4645,12.6667,2.6066],"to":[15.79783,14.33337,13.27327],"rotation":{"angle":-22.5,"axis":"y","origin":[12,0,2.66667]},"faces":{"north":{"uv":[14.6,0.4,15,1.86667],"rotation":90,"texture":"#texture"},"east":{"uv":[12.46667,2.26667,14.6,1.86667],"texture":"#texture"},"south":{"uv":[14.6,0.4,15,1.86667],"rotation":270,"texture":"#texture"},"west":{"uv":[12.46667,0.4,14.6,0],"texture":"#texture"},"up":{"uv":[12.46667,0.4,14.6,1.86667],"rotation":270,"texture":"#texture"},"down":{"uv":[12.46667,0.4,14.6,1.86667],"rotation":90,"texture":"#texture"}}},{"from":[3.782,5.2104,2.6667],"to":[5.44867,15.87707,10.00003],"rotation":{"angle":-22.5,"axis":"z","origin":[-9.33333,11.33333,1]},"faces":{"north":{"uv":[0,0.4,2.13333,0],"rotation":90,"texture":"#texture"},"east":{"uv":[0,0.4,2.13333,1.86667],"rotation":270,"texture":"#texture"},"south":{"uv":[0,2.26667,2.13333,1.86667],"rotation":270,"texture":"#texture"},"west":{"uv":[2.13333,1.86667,0,0.4],"rotation":90,"texture":"#texture"},"up":{"uv":[2.13333,0.4,2.53333,1.86667],"texture":"#texture"},"down":{"uv":[2.53333,1.86667,2.13333,0.4],"texture":"#texture"}}},{"from":[12,13.6667,6.3333],"to":[15.33333,13.6677,8.99997],"rotation":{"angle":22.5,"axis":"y","origin":[12,13.66667,6.33333]},"faces":{"east":{"uv":[8.33333,2.66567,11,2.66667],"texture":"#texture"},"south":{"uv":[13.33333,2.66567,15,2.66667],"texture":"#texture"},"up":{"uv":[15,0.4,16,1.2],"rotation":270,"texture":"#texture"},"down":{"uv":[15,0.4,16,1.2],"texture":"#texture"}}},{"from":[10,4.3333,10.6667],"to":[13.33333,4.3343,13.33337],"rotation":{"angle":-22.5,"axis":"y","origin":[13.33333,4.33333,13.33333]},"faces":{"north":{"uv":[13.33333,2.66567,15,2.66667],"texture":"#texture"},"east":{"uv":[5,2.66567,7.66667,2.66667],"texture":"#texture"},"south":{"uv":[1,2.66567,2.66667,2.66667],"texture":"#texture"},"up":{"uv":[15,0.4,16,1.2],"rotation":90,"texture":"#texture"},"down":{"uv":[15,0.4,16,1.2],"rotation":180,"texture":"#texture"}}}]}