{
    "textures": {
        "texture": "block/vegetation/flower_rose_alt_1",
        "texture1": "block/vegetation/bush_dark"
    },
    "elements": [{
            "from": [-0.6667, 0, 6.3333],
            "to": [13.3253, 12.408, 6.3344],
            "rotation": {
                "angle": -45,
                "axis": "x",
                "origin": [-0.66667, 0, 6.33333]
            },
            "faces": {
                "north": {
                    "uv": [0, 0, 16, 16],
                    "texture": "#texture1"
                },
                "south": {
                    "uv": [0, 0, 16, 16],
                    "texture": "#texture1"
                }
            }
        }, {
            "from": [-0.6667, 0.264, 7.1253],
            "to": [13.3253, 12.672, 7.1264],
            "rotation": {
                "angle": -22.5,
                "axis": "x",
                "origin": [-0.66667, 0.264, 7.12533]
            },
            "faces": {
                "north": {
                    "uv": [0, 0, 16, 16],
                    "texture": "#texture"
                },
                "south": {
                    "uv": [0, 0, 16, 16],
                    "texture": "#texture"
                }
            }
        }, {
            "from": [-0.6667, 0.264, 8.1813],
            "to": [13.3253, 12.672, 8.1824],
            "faces": {
                "north": {
                    "uv": [0, 0, 16, 16],
                    "texture": "#texture"
                },
                "south": {
                    "uv": [0, 0, 16, 16],
                    "texture": "#texture"
                }
            }
        }, {
            "from": [6.4613, 0.264, 1.8453],
            "to": [6.4624, 12.672, 15.8373],
            "faces": {
                "east": {
                    "uv": [0, 0, 16, 16],
                    "texture": "#texture"
                },
                "west": {
                    "uv": [0, 0, 16, 16],
                    "texture": "#texture"
                }
            }
        }, {
            "from": [1.1813, 2.112, 11.8773],
            "to": [15.1733, 14.52, 11.8784],
            "rotation": {
                "angle": 45,
                "axis": "y",
                "origin": [1.18133, 2.112, 11.87733]
            },
            "faces": {
                "north": {
                    "uv": [0, 0, 16, 16],
                    "texture": "#texture"
                },
                "south": {
                    "uv": [0, 0, 16, 16],
                    "texture": "#texture"
                }
            }
        }, {
            "from": [1.1813, 1.584, 2.9013],
            "to": [15.1733, 13.992, 2.9024],
            "rotation": {
                "angle": -45,
                "axis": "y",
                "origin": [1.18133, 1.584, 2.90133]
            },
            "faces": {
                "north": {
                    "uv": [0, 0, 16, 16],
                    "texture": "#texture"
                },
                "south": {
                    "uv": [0, 0, 16, 16],
                    "texture": "#texture"
                }
            }
        }, {
            "from": [-0.6667, 0, 10.0293],
            "to": [13.3253, 12.408, 10.0304],
            "rotation": {
                "angle": 45,
                "axis": "x",
                "origin": [-0.66667, 0, 10.02933]
            },
            "faces": {
                "north": {
                    "uv": [0, 0, 16, 16],
                    "texture": "#texture1"
                },
                "south": {
                    "uv": [0, 0, 16, 16],
                    "texture": "#texture1"
                }
            }
        }, {
            "from": [-0.6667, 0.3666, 9.2667],
            "to": [13.3253, 12.7746, 9.2678],
            "rotation": {
                "angle": 22.5,
                "axis": "x",
                "origin": [-0.66667, 0.36667, 9.26667]
            },
            "faces": {
                "north": {
                    "uv": [0, 0, 16, 16],
                    "texture": "#texture"
                },
                "south": {
                    "uv": [0, 0, 16, 16],
                    "texture": "#texture"
                }
            }
        }, {
            "from": [5.4045, 0, 0.5253],
            "to": [5.4056, 12.408, 14.5173],
            "rotation": {
                "angle": 22.5,
                "axis": "z",
                "origin": [5.40533, 0, 0.52533]
            },
            "faces": {
                "east": {
                    "uv": [0, 0, 16, 16],
                    "texture": "#texture"
                },
                "west": {
                    "uv": [0, 0, 16, 16],
                    "texture": "#texture"
                }
            }
        }, {
            "from": [6.2992, 0, 0.4667],
            "to": [6.3003, 12.408, 14.4587],
            "rotation": {
                "angle": 45,
                "axis": "z",
                "origin": [6.3, 0, 0.46667]
            },
            "faces": {
                "east": {
                    "uv": [0, 0, 16, 16],
                    "texture": "#texture1"
                },
                "west": {
                    "uv": [0, 0, 16, 16],
                    "texture": "#texture1"
                }
            }
        }, {
            "from": [8.0445, 0, 0.5253],
            "to": [8.0456, 12.408, 14.5173],
            "rotation": {
                "angle": -22.5,
                "axis": "z",
                "origin": [8.04534, 0, 0.52533]
            },
            "faces": {
                "east": {
                    "uv": [0, 0, 16, 16],
                    "texture": "#texture"
                },
                "west": {
                    "uv": [0, 0, 16, 16],
                    "texture": "#texture"
                }
            }
        }, {
            "from": [8.1325, 0, 0.4667],
            "to": [8.1336, 12.408, 14.4587],
            "rotation": {
                "angle": -45,
                "axis": "z",
                "origin": [8.13333, 0, 0.46667]
            },
            "faces": {
                "east": {
                    "uv": [0, 0, 16, 16],
                    "texture": "#texture1"
                },
                "west": {
                    "uv": [0, 0, 16, 16],
                    "texture": "#texture1"
                }
            }
        }, {
            "from": [-5.7413, -0.0008, 0.4667],
            "to": [6.6667, 0.0003, 14.4587],
            "rotation": {
                "angle": -22.5,
                "axis": "z",
                "origin": [6.66667, 0, 0.46667]
            },
            "faces": {
                "up": {
                    "uv": [0, 0, 16, 16],
                    "rotation": 270,
                    "texture": "#texture1"
                },
                "down": {
                    "uv": [16, 16, 0, 0],
                    "rotation": 90,
                    "texture": "#texture1"
                }
            }
        }, {
            "from": [7.4, -0.0003, 0.4667],
            "to": [19.808, 0.0008, 14.4587],
            "rotation": {
                "angle": 22.5,
                "axis": "z",
                "origin": [7.4, 0, 0.46667]
            },
            "faces": {
                "up": {
                    "uv": [16, 16, 0, 0],
                    "rotation": 270,
                    "texture": "#texture1"
                },
                "down": {
                    "uv": [0, 0, 16, 16],
                    "rotation": 90,
                    "texture": "#texture1"
                }
            }
        }, {
            "from": [-0.6667, -0.0011, 9.2667],
            "to": [13.3253, 0, 21.6747],
            "rotation": {
                "angle": -22.5,
                "axis": "x",
                "origin": [-0.66667, 0, 9.26667]
            },
            "faces": {
                "up": {
                    "uv": [16, 16, 0, 0],
                    "texture": "#texture1"
                },
                "down": {
                    "uv": [0, 0, 16, 16],
                    "texture": "#texture1"
                }
            }
        }, {
            "from": [-0.6667, 0, -5.3413],
            "to": [13.3253, 0.0011, 7.0667],
            "rotation": {
                "angle": 22.5,
                "axis": "x",
                "origin": [-0.66667, 0, 7.06667]
            },
            "faces": {
                "up": {
                    "uv": [0, 0, 16, 16],
                    "texture": "#texture1"
                },
                "down": {
                    "uv": [16, 16, 0, 0],
                    "texture": "#texture1"
                }
            }
        }
    ]
}