{
    "parent": "block/block",
    "textures": {
        "bottom": "block/dirt",
        "particle": "block/dirt",
        "top": "block/grass_top_alt_7",
        "side": "block/grass_block_side",
        "overlay": "block/grass_block_side_overlay"
    },
    "elements": [{
            "from": [0, 0, 0],
            "to": [16, 16, 16],
            "faces": {
                "north": {
                    "uv": [0, 0, 16, 16],
                    "texture": "#side",
                    "cullface": "north"
                },
                "east": {
                    "uv": [0, 0, 16, 16],
                    "texture": "#side",
                    "cullface": "east"
                },
                "south": {
                    "uv": [0, 0, 16, 16],
                    "texture": "#side",
                    "cullface": "south"
                },
                "west": {
                    "uv": [0, 0, 16, 16],
                    "texture": "#side",
                    "cullface": "west"
                },
                "up": {
                    "uv": [0, 0, 16, 16],
                    "texture": "#top",
                    "cullface": "up",
                    "tintindex": 0
                },
                "down": {
                    "uv": [0, 0, 16, 16],
                    "texture": "#bottom",
                    "cullface": "down"
                }
            }
        }, {
            "from": [0, 0, 0],
            "to": [16, 16, 16],
            "faces": {
                "north": {
                    "uv": [0, 0, 16, 16],
                    "texture": "#overlay",
                    "cullface": "north",
                    "tintindex": 0
                },
                "east": {
                    "uv": [0, 0, 16, 16],
                    "texture": "#overlay",
                    "cullface": "east",
                    "tintindex": 0
                },
                "south": {
                    "uv": [0, 0, 16, 16],
                    "texture": "#overlay",
                    "cullface": "south",
                    "tintindex": 0
                },
                "west": {
                    "uv": [0, 0, 16, 16],
                    "texture": "#overlay",
                    "cullface": "west",
                    "tintindex": 0
                }
            }
        }
    ]
}