{
    "textures": {
        "texture": "block/vegetation/heather",
        "particle": "block/vegetation/heather",
        "texture2": "block/vegetation/heather2"
    },
    "elements": [{
            "from": [6.5, -0.5, 10.5],
            "to": [6.5011, 9.03333, 20.03334],
            "rotation": {
                "angle": -45,
                "axis": "y",
                "origin": [6.5, -0.5, 10.5]
            },
            "faces": {
                "east": {
                    "uv": [1.5, 4, 14, 16],
                    "texture": "#texture"
                },
                "west": {
                    "uv": [1.5, 4, 14, 16],
                    "texture": "#texture"
                }
            }
        }, {
            "from": [-0.4407, -1.6, 13.0928],
            "to": [9.09263, 7.93333, 13.0939],
            "faces": {
                "north": {
                    "uv": [1.5, 4, 14, 16],
                    "texture": "#texture2"
                },
                "south": {
                    "uv": [1.5, 4, 14, 16],
                    "texture": "#texture2"
                }
            }
        }, {
            "from": [-0.1012, 0.2333, -3.0666],
            "to": [-0.1001, 9.76663, 6.46673],
            "rotation": {
                "angle": -22.5,
                "axis": "y",
                "origin": [-0.1, 0.23333, 6.46667]
            },
            "faces": {
                "east": {
                    "uv": [1.5, 4, 14, 16],
                    "texture": "#texture"
                },
                "west": {
                    "uv": [1.5, 4, 14, 16],
                    "texture": "#texture"
                }
            }
        }, {
            "from": [5.4, 0.05, 1.6989],
            "to": [14.93334, 9.58333, 1.7],
            "rotation": {
                "angle": -22.5,
                "axis": "y",
                "origin": [5.4, 0.05, 1.7]
            },
            "faces": {
                "north": {
                    "uv": [1.5, 4, 14, 16],
                    "texture": "#texture"
                },
                "south": {
                    "uv": [1.5, 4, 14, 16],
                    "texture": "#texture"
                }
            }
        }, {
            "from": [14.5666, -0.1334, 1.7],
            "to": [14.5677, 9.39993, 11.23334],
            "rotation": {
                "angle": -45,
                "axis": "y",
                "origin": [14.56666, -0.13333, 1.7]
            },
            "faces": {
                "east": {
                    "uv": [1.5, 4, 14, 16],
                    "texture": "#texture"
                },
                "west": {
                    "uv": [1.5, 4, 14, 16],
                    "texture": "#texture"
                }
            }
        }, {
            "from": [4.85, 0.6, 6.65],
            "to": [14.38334, 10.13333, 6.6511],
            "faces": {
                "north": {
                    "uv": [0, 0, 16, 16],
                    "texture": "#texture"
                },
                "south": {
                    "uv": [0, 0, 16, 16],
                    "texture": "#texture"
                }
            }
        }, {
            "from": [8.3333, -1.6, 0.6],
            "to": [8.3344, 7.93333, 10.13334],
            "faces": {
                "east": {
                    "uv": [1.5, 4, 14, 16],
                    "texture": "#texture2"
                },
                "west": {
                    "uv": [1.5, 4, 14, 16],
                    "texture": "#texture2"
                }
            }
        }, {
            "from": [18.6, -1.2334, 10.5],
            "to": [18.6011, 8.29993, 20.03334],
            "rotation": {
                "angle": -45,
                "axis": "y",
                "origin": [18.6, -1.23333, 10.5]
            },
            "faces": {
                "east": {
                    "uv": [1.5, 4, 14, 16],
                    "texture": "#texture"
                },
                "west": {
                    "uv": [1.5, 4, 14, 16],
                    "texture": "#texture"
                }
            }
        }, {
            "from": [9.0666, -0.5, 15.6334],
            "to": [18.59994, 9.03333, 15.6345],
            "rotation": {
                "angle": -45,
                "axis": "y",
                "origin": [18.6, -0.5, 15.63334]
            },
            "faces": {
                "north": {
                    "uv": [1.5, 4, 14, 16],
                    "texture": "#texture"
                },
                "south": {
                    "uv": [1.5, 4, 14, 16],
                    "texture": "#texture"
                }
            }
        }, {
            "from": [5.0333, -0.1334, 15.6334],
            "to": [14.56664, 9.39993, 15.6345],
            "rotation": {
                "angle": -45,
                "axis": "y",
                "origin": [14.56666, -0.13333, 15.63334]
            },
            "faces": {
                "north": {
                    "uv": [1.5, 4, 14, 16],
                    "texture": "#texture2"
                },
                "south": {
                    "uv": [1.5, 4, 14, 16],
                    "texture": "#texture2"
                }
            }
        }, {
            "from": [-3.4, -2.3334, 11.2334],
            "to": [6.13334, 7.19993, 11.2345],
            "rotation": {
                "angle": -22.5,
                "axis": "y",
                "origin": [6.13333, -2.33333, 11.23334]
            },
            "faces": {
                "north": {
                    "uv": [1.5, 4, 14, 16],
                    "texture": "#texture"
                },
                "south": {
                    "uv": [1.5, 4, 14, 16],
                    "texture": "#texture"
                }
            }
        }
    ]
}