{
    "ambientocclusion": false,
    "textures": {
        "texture": "block/azure_bluet"
    },
    "elements": [{
            "from": [8, -1.5, 2.5],
            "to": [8.00156, 15.66, 19.66],
            "faces": {
                "east": {
                    "uv": [0, 0, 16, 16],
                    "texture": "#texture"
                },
                "west": {
                    "uv": [0, 0, 16, 16],
                    "texture": "#texture"
                }
            }
        }, {
            "from": [11.9, -2.28, 2.5],
            "to": [11.90156, 14.88, 19.66],
            "rotation": {
                "angle": -45,
                "axis": "y",
                "origin": [11.9, -2.28, 2.5]
            },
            "faces": {
                "east": {
                    "uv": [0, 0, 16, 16],
                    "texture": "#texture"
                },
                "west": {
                    "uv": [0, 0, 16, 16],
                    "texture": "#texture"
                }
            }
        }, {
            "from": [15.0184, 0.06, 0.94],
            "to": [15.01996, 17.22, 18.1],
            "rotation": {
                "angle": 45,
                "axis": "y",
                "origin": [15.02, 0.06, 18.1]
            },
            "faces": {
                "east": {
                    "uv": [0, 0, 16, 16],
                    "texture": "#texture"
                },
                "west": {
                    "uv": [0, 0, 16, 16],
                    "texture": "#texture"
                }
            }
        }, {
            "from": [9.5583, 0.84, 0.94],
            "to": [9.55986, 18, 18.1],
            "rotation": {
                "angle": -22.5,
                "axis": "y",
                "origin": [9.56, 0.84, 18.1]
            },
            "faces": {
                "east": {
                    "uv": [0, 0, 16, 16],
                    "texture": "#texture"
                },
                "west": {
                    "uv": [0, 0, 16, 16],
                    "texture": "#texture"
                }
            }
        }, {
            "from": [1.76, 0.84, 9.5199],
            "to": [18.92, 18, 9.52146],
            "faces": {
                "north": {
                    "uv": [0, 0, 16, 16],
                    "texture": "#texture"
                },
                "south": {
                    "uv": [0, 0, 16, 16],
                    "texture": "#texture"
                }
            }
        }
    ]
}