{"textures":{"texture":"gameplay_element/spike_base","particle":"gameplay_element/spike_base","texture1":"gameplay_element/spike"},"elements":[{"from":[0,0,0],"to":[16,0.66667,16],"faces":{"north":{"uv":[0,15.33333,16,16],"texture":"#texture"},"east":{"uv":[0,15.33333,16,16],"texture":"#texture"},"south":{"uv":[0,15.33333,16,16],"texture":"#texture"},"west":{"uv":[0,15.33333,16,16],"texture":"#texture"},"up":{"uv":[0,0,16,16],"texture":"#texture"},"down":{"uv":[0,0,16,16],"texture":"#texture"}}},{"from":[1.5,0,1.5],"to":[2.5,4,2.5],"faces":{"north":{"uv":[0.33333,8.66667,1.33333,12.33333],"texture":"#texture1"},"east":{"uv":[0.33333,8.66667,1.33333,12.33333],"texture":"#texture1"},"south":{"uv":[0.33333,8.66667,1.33333,12.33333],"texture":"#texture1"},"west":{"uv":[0.33333,8.66667,1.33333,12.33333],"texture":"#texture1"},"up":{"uv":[0.33333,11.33333,1.33333,12.33333],"texture":"#texture1"}}},{"from":[1.6667,3.1667,1.6667],"to":[2.33337,7.1667,2.33337],"faces":{"north":{"uv":[0.66667,5,1.33333,8.66667],"texture":"#texture1"},"east":{"uv":[0.66667,5,1.33333,8.66667],"texture":"#texture1"},"south":{"uv":[0.66667,5,1.33333,8.66667],"texture":"#texture1"},"west":{"uv":[0.66667,5,1.33333,8.66667],"texture":"#texture1"},"up":{"uv":[0.66667,5,1.33333,5.66667],"texture":"#texture1"}}},{"from":[1.8333,6,1.8333],"to":[2.16663,10,2.16663],"faces":{"north":{"uv":[1,2,1.33333,5],"texture":"#texture1"},"east":{"uv":[1,2,1.33333,5],"texture":"#texture1"},"south":{"uv":[1,2,1.33333,5],"texture":"#texture1"},"west":{"uv":[1,2,1.33333,5],"texture":"#texture1"},"up":{"uv":[1,2,1.33333,2.33333],"texture":"#texture1"}}},{"from":[5.8333,6,1.8333],"to":[6.16663,10,2.16663],"faces":{"north":{"uv":[1,2,1.33333,5],"texture":"#texture1"},"east":{"uv":[1,2,1.33333,5],"texture":"#texture1"},"south":{"uv":[1,2,1.33333,5],"texture":"#texture1"},"west":{"uv":[1,2,1.33333,5],"texture":"#texture1"},"up":{"uv":[1,2,1.33333,2.33333],"texture":"#texture1"}}},{"from":[5.6667,3.1667,1.6667],"to":[6.33337,7.1667,2.33337],"faces":{"north":{"uv":[0.66667,5,1.33333,8.66667],"texture":"#texture1"},"east":{"uv":[0.66667,5,1.33333,8.66667],"texture":"#texture1"},"south":{"uv":[0.66667,5,1.33333,8.66667],"texture":"#texture1"},"west":{"uv":[0.66667,5,1.33333,8.66667],"texture":"#texture1"},"up":{"uv":[0.66667,5,1.33333,5.66667],"texture":"#texture1"}}},{"from":[5.5,0,1.5],"to":[6.5,4,2.5],"faces":{"north":{"uv":[0.33333,8.66667,1.33333,12.33333],"texture":"#texture1"},"east":{"uv":[0.33333,8.66667,1.33333,12.33333],"texture":"#texture1"},"south":{"uv":[0.33333,8.66667,1.33333,12.33333],"texture":"#texture1"},"west":{"uv":[0.33333,8.66667,1.33333,12.33333],"texture":"#texture1"},"up":{"uv":[0.33333,11.33333,1.33333,12.33333],"texture":"#texture1"}}},{"from":[9.8333,6,1.8333],"to":[10.16663,10,2.16663],"faces":{"north":{"uv":[1,2,1.33333,5],"texture":"#texture1"},"east":{"uv":[1,2,1.33333,5],"texture":"#texture1"},"south":{"uv":[1,2,1.33333,5],"texture":"#texture1"},"west":{"uv":[1,2,1.33333,5],"texture":"#texture1"},"up":{"uv":[1,2,1.33333,2.33333],"texture":"#texture1"}}},{"from":[9.6667,3.1667,1.6667],"to":[10.33337,7.1667,2.33337],"faces":{"north":{"uv":[0.66667,5,1.33333,8.66667],"texture":"#texture1"},"east":{"uv":[0.66667,5,1.33333,8.66667],"texture":"#texture1"},"south":{"uv":[0.66667,5,1.33333,8.66667],"texture":"#texture1"},"west":{"uv":[0.66667,5,1.33333,8.66667],"texture":"#texture1"},"up":{"uv":[0.66667,5,1.33333,5.66667],"texture":"#texture1"}}},{"from":[9.5,0,1.5],"to":[10.5,4,2.5],"faces":{"north":{"uv":[0.33333,8.66667,1.33333,12.33333],"texture":"#texture1"},"east":{"uv":[0.33333,8.66667,1.33333,12.33333],"texture":"#texture1"},"south":{"uv":[0.33333,8.66667,1.33333,12.33333],"texture":"#texture1"},"west":{"uv":[0.33333,8.66667,1.33333,12.33333],"texture":"#texture1"},"up":{"uv":[0.33333,11.33333,1.33333,12.33333],"texture":"#texture1"}}},{"from":[13.8333,6,1.8333],"to":[14.16663,10,2.16663],"faces":{"north":{"uv":[1,2,1.33333,5],"texture":"#texture1"},"east":{"uv":[1,2,1.33333,5],"texture":"#texture1"},"south":{"uv":[1,2,1.33333,5],"texture":"#texture1"},"west":{"uv":[1,2,1.33333,5],"texture":"#texture1"},"up":{"uv":[1,2,1.33333,2.33333],"texture":"#texture1"}}},{"from":[13.6667,3.1667,1.6667],"to":[14.33337,7.1667,2.33337],"faces":{"north":{"uv":[0.66667,5,1.33333,8.66667],"texture":"#texture1"},"east":{"uv":[0.66667,5,1.33333,8.66667],"texture":"#texture1"},"south":{"uv":[0.66667,5,1.33333,8.66667],"texture":"#texture1"},"west":{"uv":[0.66667,5,1.33333,8.66667],"texture":"#texture1"},"up":{"uv":[0.66667,5,1.33333,5.66667],"texture":"#texture1"}}},{"from":[13.5,0,1.5],"to":[14.5,4,2.5],"faces":{"north":{"uv":[0.33333,8.66667,1.33333,12.33333],"texture":"#texture1"},"east":{"uv":[0.33333,8.66667,1.33333,12.33333],"texture":"#texture1"},"south":{"uv":[0.33333,8.66667,1.33333,12.33333],"texture":"#texture1"},"west":{"uv":[0.33333,8.66667,1.33333,12.33333],"texture":"#texture1"},"up":{"uv":[0.33333,11.33333,1.33333,12.33333],"texture":"#texture1"}}},{"from":[1.5,0,5.5],"to":[2.5,4,6.5],"faces":{"north":{"uv":[0.33333,8.66667,1.33333,12.33333],"texture":"#texture1"},"east":{"uv":[0.33333,8.66667,1.33333,12.33333],"texture":"#texture1"},"south":{"uv":[0.33333,8.66667,1.33333,12.33333],"texture":"#texture1"},"west":{"uv":[0.33333,8.66667,1.33333,12.33333],"texture":"#texture1"},"up":{"uv":[0.33333,11.33333,1.33333,12.33333],"texture":"#texture1"}}},{"from":[1.6667,3.1667,5.6667],"to":[2.33337,7.1667,6.33337],"faces":{"north":{"uv":[0.66667,5,1.33333,8.66667],"texture":"#texture1"},"east":{"uv":[0.66667,5,1.33333,8.66667],"texture":"#texture1"},"south":{"uv":[0.66667,5,1.33333,8.66667],"texture":"#texture1"},"west":{"uv":[0.66667,5,1.33333,8.66667],"texture":"#texture1"},"up":{"uv":[0.66667,5,1.33333,5.66667],"texture":"#texture1"}}},{"from":[1.8333,6,5.8333],"to":[2.16663,10,6.16663],"faces":{"north":{"uv":[1,2,1.33333,5],"texture":"#texture1"},"east":{"uv":[1,2,1.33333,5],"texture":"#texture1"},"south":{"uv":[1,2,1.33333,5],"texture":"#texture1"},"west":{"uv":[1,2,1.33333,5],"texture":"#texture1"},"up":{"uv":[1,2,1.33333,2.33333],"texture":"#texture1"}}},{"from":[5.5,0,5.5],"to":[6.5,4,6.5],"faces":{"north":{"uv":[0.33333,8.66667,1.33333,12.33333],"texture":"#texture1"},"east":{"uv":[0.33333,8.66667,1.33333,12.33333],"texture":"#texture1"},"south":{"uv":[0.33333,8.66667,1.33333,12.33333],"texture":"#texture1"},"west":{"uv":[0.33333,8.66667,1.33333,12.33333],"texture":"#texture1"},"up":{"uv":[0.33333,11.33333,1.33333,12.33333],"texture":"#texture1"}}},{"from":[5.6667,3.1667,5.6667],"to":[6.33337,7.1667,6.33337],"faces":{"north":{"uv":[0.66667,5,1.33333,8.66667],"texture":"#texture1"},"east":{"uv":[0.66667,5,1.33333,8.66667],"texture":"#texture1"},"south":{"uv":[0.66667,5,1.33333,8.66667],"texture":"#texture1"},"west":{"uv":[0.66667,5,1.33333,8.66667],"texture":"#texture1"},"up":{"uv":[0.66667,5,1.33333,5.66667],"texture":"#texture1"}}},{"from":[5.8333,6,5.8333],"to":[6.16663,10,6.16663],"faces":{"north":{"uv":[1,2,1.33333,5],"texture":"#texture1"},"east":{"uv":[1,2,1.33333,5],"texture":"#texture1"},"south":{"uv":[1,2,1.33333,5],"texture":"#texture1"},"west":{"uv":[1,2,1.33333,5],"texture":"#texture1"},"up":{"uv":[1,2,1.33333,2.33333],"texture":"#texture1"}}},{"from":[9.5,0,5.5],"to":[10.5,4,6.5],"faces":{"north":{"uv":[0.33333,8.66667,1.33333,12.33333],"texture":"#texture1"},"east":{"uv":[0.33333,8.66667,1.33333,12.33333],"texture":"#texture1"},"south":{"uv":[0.33333,8.66667,1.33333,12.33333],"texture":"#texture1"},"west":{"uv":[0.33333,8.66667,1.33333,12.33333],"texture":"#texture1"},"up":{"uv":[0.33333,11.33333,1.33333,12.33333],"texture":"#texture1"}}},{"from":[9.6667,3.1667,5.6667],"to":[10.33337,7.1667,6.33337],"faces":{"north":{"uv":[0.66667,5,1.33333,8.66667],"texture":"#texture1"},"east":{"uv":[0.66667,5,1.33333,8.66667],"texture":"#texture1"},"south":{"uv":[0.66667,5,1.33333,8.66667],"texture":"#texture1"},"west":{"uv":[0.66667,5,1.33333,8.66667],"texture":"#texture1"},"up":{"uv":[0.66667,5,1.33333,5.66667],"texture":"#texture1"}}},{"from":[9.8333,6,5.8333],"to":[10.16663,10,6.16663],"faces":{"north":{"uv":[1,2,1.33333,5],"texture":"#texture1"},"east":{"uv":[1,2,1.33333,5],"texture":"#texture1"},"south":{"uv":[1,2,1.33333,5],"texture":"#texture1"},"west":{"uv":[1,2,1.33333,5],"texture":"#texture1"},"up":{"uv":[1,2,1.33333,2.33333],"texture":"#texture1"}}},{"from":[13.5,0,5.5],"to":[14.5,4,6.5],"faces":{"north":{"uv":[0.33333,8.66667,1.33333,12.33333],"texture":"#texture1"},"east":{"uv":[0.33333,8.66667,1.33333,12.33333],"texture":"#texture1"},"south":{"uv":[0.33333,8.66667,1.33333,12.33333],"texture":"#texture1"},"west":{"uv":[0.33333,8.66667,1.33333,12.33333],"texture":"#texture1"},"up":{"uv":[0.33333,11.33333,1.33333,12.33333],"texture":"#texture1"}}},{"from":[13.6667,3.1667,5.6667],"to":[14.33337,7.1667,6.33337],"faces":{"north":{"uv":[0.66667,5,1.33333,8.66667],"texture":"#texture1"},"east":{"uv":[0.66667,5,1.33333,8.66667],"texture":"#texture1"},"south":{"uv":[0.66667,5,1.33333,8.66667],"texture":"#texture1"},"west":{"uv":[0.66667,5,1.33333,8.66667],"texture":"#texture1"},"up":{"uv":[0.66667,5,1.33333,5.66667],"texture":"#texture1"}}},{"from":[13.8333,6,5.8333],"to":[14.16663,10,6.16663],"faces":{"north":{"uv":[1,2,1.33333,5],"texture":"#texture1"},"east":{"uv":[1,2,1.33333,5],"texture":"#texture1"},"south":{"uv":[1,2,1.33333,5],"texture":"#texture1"},"west":{"uv":[1,2,1.33333,5],"texture":"#texture1"},"up":{"uv":[1,2,1.33333,2.33333],"texture":"#texture1"}}},{"from":[1.5,0,9.5],"to":[2.5,4,10.5],"faces":{"north":{"uv":[0.33333,8.66667,1.33333,12.33333],"texture":"#texture1"},"east":{"uv":[0.33333,8.66667,1.33333,12.33333],"texture":"#texture1"},"south":{"uv":[0.33333,8.66667,1.33333,12.33333],"texture":"#texture1"},"west":{"uv":[0.33333,8.66667,1.33333,12.33333],"texture":"#texture1"},"up":{"uv":[0.33333,11.33333,1.33333,12.33333],"texture":"#texture1"}}},{"from":[1.6667,3.1667,9.6667],"to":[2.33337,7.1667,10.33337],"faces":{"north":{"uv":[0.66667,5,1.33333,8.66667],"texture":"#texture1"},"east":{"uv":[0.66667,5,1.33333,8.66667],"texture":"#texture1"},"south":{"uv":[0.66667,5,1.33333,8.66667],"texture":"#texture1"},"west":{"uv":[0.66667,5,1.33333,8.66667],"texture":"#texture1"},"up":{"uv":[0.66667,5,1.33333,5.66667],"texture":"#texture1"}}},{"from":[1.8333,6,9.8333],"to":[2.16663,10,10.16663],"faces":{"north":{"uv":[1,2,1.33333,5],"texture":"#texture1"},"east":{"uv":[1,2,1.33333,5],"texture":"#texture1"},"south":{"uv":[1,2,1.33333,5],"texture":"#texture1"},"west":{"uv":[1,2,1.33333,5],"texture":"#texture1"},"up":{"uv":[1,2,1.33333,2.33333],"texture":"#texture1"}}},{"from":[5.5,0,9.5],"to":[6.5,4,10.5],"faces":{"north":{"uv":[0.33333,8.66667,1.33333,12.33333],"texture":"#texture1"},"east":{"uv":[0.33333,8.66667,1.33333,12.33333],"texture":"#texture1"},"south":{"uv":[0.33333,8.66667,1.33333,12.33333],"texture":"#texture1"},"west":{"uv":[0.33333,8.66667,1.33333,12.33333],"texture":"#texture1"},"up":{"uv":[0.33333,11.33333,1.33333,12.33333],"texture":"#texture1"}}},{"from":[5.6667,3.1667,9.6667],"to":[6.33337,7.1667,10.33337],"faces":{"north":{"uv":[0.66667,5,1.33333,8.66667],"texture":"#texture1"},"east":{"uv":[0.66667,5,1.33333,8.66667],"texture":"#texture1"},"south":{"uv":[0.66667,5,1.33333,8.66667],"texture":"#texture1"},"west":{"uv":[0.66667,5,1.33333,8.66667],"texture":"#texture1"},"up":{"uv":[0.66667,5,1.33333,5.66667],"texture":"#texture1"}}},{"from":[5.8333,6,9.8333],"to":[6.16663,10,10.16663],"faces":{"north":{"uv":[1,2,1.33333,5],"texture":"#texture1"},"east":{"uv":[1,2,1.33333,5],"texture":"#texture1"},"south":{"uv":[1,2,1.33333,5],"texture":"#texture1"},"west":{"uv":[1,2,1.33333,5],"texture":"#texture1"},"up":{"uv":[1,2,1.33333,2.33333],"texture":"#texture1"}}},{"from":[9.5,0,9.5],"to":[10.5,4,10.5],"faces":{"north":{"uv":[0.33333,8.66667,1.33333,12.33333],"texture":"#texture1"},"east":{"uv":[0.33333,8.66667,1.33333,12.33333],"texture":"#texture1"},"south":{"uv":[0.33333,8.66667,1.33333,12.33333],"texture":"#texture1"},"west":{"uv":[0.33333,8.66667,1.33333,12.33333],"texture":"#texture1"},"up":{"uv":[0.33333,11.33333,1.33333,12.33333],"texture":"#texture1"}}},{"from":[9.6667,3.1667,9.6667],"to":[10.33337,7.1667,10.33337],"faces":{"north":{"uv":[0.66667,5,1.33333,8.66667],"texture":"#texture1"},"east":{"uv":[0.66667,5,1.33333,8.66667],"texture":"#texture1"},"south":{"uv":[0.66667,5,1.33333,8.66667],"texture":"#texture1"},"west":{"uv":[0.66667,5,1.33333,8.66667],"texture":"#texture1"},"up":{"uv":[0.66667,5,1.33333,5.66667],"texture":"#texture1"}}},{"from":[9.8333,6,9.8333],"to":[10.16663,10,10.16663],"faces":{"north":{"uv":[1,2,1.33333,5],"texture":"#texture1"},"east":{"uv":[1,2,1.33333,5],"texture":"#texture1"},"south":{"uv":[1,2,1.33333,5],"texture":"#texture1"},"west":{"uv":[1,2,1.33333,5],"texture":"#texture1"},"up":{"uv":[1,2,1.33333,2.33333],"texture":"#texture1"}}},{"from":[13.5,0,9.5],"to":[14.5,4,10.5],"faces":{"north":{"uv":[0.33333,8.66667,1.33333,12.33333],"texture":"#texture1"},"east":{"uv":[0.33333,8.66667,1.33333,12.33333],"texture":"#texture1"},"south":{"uv":[0.33333,8.66667,1.33333,12.33333],"texture":"#texture1"},"west":{"uv":[0.33333,8.66667,1.33333,12.33333],"texture":"#texture1"},"up":{"uv":[0.33333,11.33333,1.33333,12.33333],"texture":"#texture1"}}},{"from":[13.6667,3.1667,9.6667],"to":[14.33337,7.1667,10.33337],"faces":{"north":{"uv":[0.66667,5,1.33333,8.66667],"texture":"#texture1"},"east":{"uv":[0.66667,5,1.33333,8.66667],"texture":"#texture1"},"south":{"uv":[0.66667,5,1.33333,8.66667],"texture":"#texture1"},"west":{"uv":[0.66667,5,1.33333,8.66667],"texture":"#texture1"},"up":{"uv":[0.66667,5,1.33333,5.66667],"texture":"#texture1"}}},{"from":[13.8333,6,9.8333],"to":[14.16663,10,10.16663],"faces":{"north":{"uv":[1,2,1.33333,5],"texture":"#texture1"},"east":{"uv":[1,2,1.33333,5],"texture":"#texture1"},"south":{"uv":[1,2,1.33333,5],"texture":"#texture1"},"west":{"uv":[1,2,1.33333,5],"texture":"#texture1"},"up":{"uv":[1,2,1.33333,2.33333],"texture":"#texture1"}}},{"from":[1.5,0,13.5],"to":[2.5,4,14.5],"faces":{"north":{"uv":[0.33333,8.66667,1.33333,12.33333],"texture":"#texture1"},"east":{"uv":[0.33333,8.66667,1.33333,12.33333],"texture":"#texture1"},"south":{"uv":[0.33333,8.66667,1.33333,12.33333],"texture":"#texture1"},"west":{"uv":[0.33333,8.66667,1.33333,12.33333],"texture":"#texture1"},"up":{"uv":[0.33333,11.33333,1.33333,12.33333],"texture":"#texture1"}}},{"from":[1.6667,3.1667,13.6667],"to":[2.33337,7.1667,14.33337],"faces":{"north":{"uv":[0.66667,5,1.33333,8.66667],"texture":"#texture1"},"east":{"uv":[0.66667,5,1.33333,8.66667],"texture":"#texture1"},"south":{"uv":[0.66667,5,1.33333,8.66667],"texture":"#texture1"},"west":{"uv":[0.66667,5,1.33333,8.66667],"texture":"#texture1"},"up":{"uv":[0.66667,5,1.33333,5.66667],"texture":"#texture1"}}},{"from":[1.8333,6,13.8333],"to":[2.16663,10,14.16663],"faces":{"north":{"uv":[1,2,1.33333,5],"texture":"#texture1"},"east":{"uv":[1,2,1.33333,5],"texture":"#texture1"},"south":{"uv":[1,2,1.33333,5],"texture":"#texture1"},"west":{"uv":[1,2,1.33333,5],"texture":"#texture1"},"up":{"uv":[1,2,1.33333,2.33333],"texture":"#texture1"}}},{"from":[5.5,0,13.5],"to":[6.5,4,14.5],"faces":{"north":{"uv":[0.33333,8.66667,1.33333,12.33333],"texture":"#texture1"},"east":{"uv":[0.33333,8.66667,1.33333,12.33333],"texture":"#texture1"},"south":{"uv":[0.33333,8.66667,1.33333,12.33333],"texture":"#texture1"},"west":{"uv":[0.33333,8.66667,1.33333,12.33333],"texture":"#texture1"},"up":{"uv":[0.33333,11.33333,1.33333,12.33333],"texture":"#texture1"}}},{"from":[5.6667,3.1667,13.6667],"to":[6.33337,7.1667,14.33337],"faces":{"north":{"uv":[0.66667,5,1.33333,8.66667],"texture":"#texture1"},"east":{"uv":[0.66667,5,1.33333,8.66667],"texture":"#texture1"},"south":{"uv":[0.66667,5,1.33333,8.66667],"texture":"#texture1"},"west":{"uv":[0.66667,5,1.33333,8.66667],"texture":"#texture1"},"up":{"uv":[0.66667,5,1.33333,5.66667],"texture":"#texture1"}}},{"from":[5.8333,6,13.8333],"to":[6.16663,10,14.16663],"faces":{"north":{"uv":[1,2,1.33333,5],"texture":"#texture1"},"east":{"uv":[1,2,1.33333,5],"texture":"#texture1"},"south":{"uv":[1,2,1.33333,5],"texture":"#texture1"},"west":{"uv":[1,2,1.33333,5],"texture":"#texture1"},"up":{"uv":[1,2,1.33333,2.33333],"texture":"#texture1"}}},{"from":[9.5,0,13.5],"to":[10.5,4,14.5],"faces":{"north":{"uv":[0.33333,8.66667,1.33333,12.33333],"texture":"#texture1"},"east":{"uv":[0.33333,8.66667,1.33333,12.33333],"texture":"#texture1"},"south":{"uv":[0.33333,8.66667,1.33333,12.33333],"texture":"#texture1"},"west":{"uv":[0.33333,8.66667,1.33333,12.33333],"texture":"#texture1"},"up":{"uv":[0.33333,11.33333,1.33333,12.33333],"texture":"#texture1"}}},{"from":[9.6667,3.1667,13.6667],"to":[10.33337,7.1667,14.33337],"faces":{"north":{"uv":[0.66667,5,1.33333,8.66667],"texture":"#texture1"},"east":{"uv":[0.66667,5,1.33333,8.66667],"texture":"#texture1"},"south":{"uv":[0.66667,5,1.33333,8.66667],"texture":"#texture1"},"west":{"uv":[0.66667,5,1.33333,8.66667],"texture":"#texture1"},"up":{"uv":[0.66667,5,1.33333,5.66667],"texture":"#texture1"}}},{"from":[9.8333,6,13.8333],"to":[10.16663,10,14.16663],"faces":{"north":{"uv":[1,2,1.33333,5],"texture":"#texture1"},"east":{"uv":[1,2,1.33333,5],"texture":"#texture1"},"south":{"uv":[1,2,1.33333,5],"texture":"#texture1"},"west":{"uv":[1,2,1.33333,5],"texture":"#texture1"},"up":{"uv":[1,2,1.33333,2.33333],"texture":"#texture1"}}},{"from":[13.5,0,13.5],"to":[14.5,4,14.5],"faces":{"north":{"uv":[0.33333,8.66667,1.33333,12.33333],"texture":"#texture1"},"east":{"uv":[0.33333,8.66667,1.33333,12.33333],"texture":"#texture1"},"south":{"uv":[0.33333,8.66667,1.33333,12.33333],"texture":"#texture1"},"west":{"uv":[0.33333,8.66667,1.33333,12.33333],"texture":"#texture1"},"up":{"uv":[0.33333,11.33333,1.33333,12.33333],"texture":"#texture1"}}},{"from":[13.6667,3.1667,13.6667],"to":[14.33337,7.1667,14.33337],"faces":{"north":{"uv":[0.66667,5,1.33333,8.66667],"texture":"#texture1"},"east":{"uv":[0.66667,5,1.33333,8.66667],"texture":"#texture1"},"south":{"uv":[0.66667,5,1.33333,8.66667],"texture":"#texture1"},"west":{"uv":[0.66667,5,1.33333,8.66667],"texture":"#texture1"},"up":{"uv":[0.66667,5,1.33333,5.66667],"texture":"#texture1"}}},{"from":[13.8333,6,13.8333],"to":[14.16663,10,14.16663],"faces":{"north":{"uv":[1,2,1.33333,5],"texture":"#texture1"},"east":{"uv":[1,2,1.33333,5],"texture":"#texture1"},"south":{"uv":[1,2,1.33333,5],"texture":"#texture1"},"west":{"uv":[1,2,1.33333,5],"texture":"#texture1"},"up":{"uv":[1,2,1.33333,2.33333],"texture":"#texture1"}}}]}