{
	"__comment": "Designed by Tacocat with Cubik Studio - https://cubik.studio",
	"textures": {
		"particle": "gameplay_element/spike_base",
		"texture": "gameplay_element/spike_base",
		"texture1": "gameplay_element/spike"
	},
	"elements": [ 	 
		{
			"__comment": "Box1",
			"from": [ 0, 0, 0 ],
			"to": [ 16, 0.6666667, 16 ],
			"faces": {
				"down": { "uv": [ 0, 0, 16, 16 ], "texture": "#texture" },
				"up": { "uv": [ 0, 0, 16, 16 ], "texture": "#texture" },
				"north": { "uv": [ 0, 15.33333, 16, 16 ], "texture": "#texture" },
				"south": { "uv": [ 0, 15.33333, 16, 16 ], "texture": "#texture" },
				"west": { "uv": [ 0, 15.33333, 16, 16 ], "texture": "#texture" },
				"east": { "uv": [ 0, 15.33333, 16, 16 ], "texture": "#texture" }
			}
		}
	]
}