{
	"__comment": "Designed by Alanbecker with BDcraft Cubik PRO 0.96 Beta - http://bdcraft.net",
	"textures": {
		"particle": "block/spawner",
		"texture": "block/ladder"
	},
	"elements": [ 	 
		{
			"__comment": "Element",
			"from": [ 2, 0, 12.6667 ],
			"to": [ 3.666667, 16, 14.33337 ],
			"faces": {
				"down": { "uv": [ 11.25, 2.5, 10, 1.25 ], "texture": "#texture", "rotation": 270 },
				"up": { "uv": [ 11.25, 1.25, 10, 0 ], "texture": "#texture", "rotation": 270 },
				"north": { "uv": [ 0, 0, 1.25, 12 ], "texture": "#texture" },
				"south": { "uv": [ 1.25, 0, 2.5, 12 ], "texture": "#texture" },
				"west": { "uv": [ 2.5, 0, 3.75, 12 ], "texture": "#texture" },
				"east": { "uv": [ 3.75, 0, 5, 12 ], "texture": "#texture" }
			}
		},
		{
			"__comment": "Element",
			"from": [ 12, 0, 12.6667 ],
			"to": [ 13.66667, 16, 14.33337 ],
			"faces": {
				"down": { "uv": [ 10, 3.75, 11.25, 5 ], "texture": "#texture" },
				"up": { "uv": [ 10, 2.5, 11.25, 3.75 ], "texture": "#texture" },
				"north": { "uv": [ 5, 0, 6.25, 12 ], "texture": "#texture" },
				"south": { "uv": [ 6.25, 0, 7.5, 12 ], "texture": "#texture" },
				"west": { "uv": [ 7.5, 0, 8.75, 12 ], "texture": "#texture" },
				"east": { "uv": [ 8.75, 0, 10, 12 ], "texture": "#texture" }
			}
		},
		{
			"__comment": "Element",
			"from": [ 3.6667, 3.3333, 13 ],
			"to": [ 12.00003, 4.3333, 14 ],
			"faces": {
				"down": { "uv": [ 0, 14.25, 6.25, 13.5 ], "texture": "#texture" },
				"up": { "uv": [ 0, 12.75, 6.25, 12 ], "texture": "#texture" },
				"north": { "uv": [ 0, 13.5, 6.25, 12.75 ], "texture": "#texture" },
				"south": { "uv": [ 0, 15, 6.25, 14.25 ], "texture": "#texture" }
			}
		},
		{
			"__comment": "Element",
			"from": [ 3.6667, 11.3333, 13 ],
			"to": [ 12.00003, 12.3333, 14 ],
			"faces": {
				"down": { "uv": [ 0, 14.25, 6.25, 13.5 ], "texture": "#texture" },
				"up": { "uv": [ 0, 12.75, 6.25, 12 ], "texture": "#texture" },
				"north": { "uv": [ 0, 13.5, 6.25, 12.75 ], "texture": "#texture" },
				"south": { "uv": [ 0, 15, 6.25, 14.25 ], "texture": "#texture" }
			}
		}
	],
	"display": {
		"thirdperson_righthand": {
			"rotation":  [ 75, 45, 0 ],
			"translation":  [ 0, 2.5, 0 ],
			"scale":  [ 0.375, 0.375, 0.375 ]
		},
		"thirdperson_lefthand": {
			"rotation":  [ 75, 45, 0 ],
			"translation":  [ 0, 2.5, 0 ],
			"scale":  [ 0.375, 0.375, 0.375 ]
		},
		"firstperson_righthand": {
			"translation":  [ 0, 1.3912, 0 ],
			"scale":  [ 0.4, 0.4, 0.4 ]
		},
		"firstperson_lefthand": {
			"translation":  [ 0, 1.3912, 0 ],
			"scale":  [ 0.4, 0.4, 0.4 ]
		},
		"gui": {
			"rotation":  [ 30, 225, 0 ],
			"translation":  [ 3, -1, 0 ],
			"scale":  [ 0.8, 0.8, 0.8 ]
		},
		"head": {
			"rotation":  [ 90, 0, 0 ],
			"translation":  [ 0, 13.217, 0 ]
		},
		"ground": {
			"translation":  [ 0, 3, -1 ],
			"scale":  [ 0.25, 0.25, 0.25 ]
		},
		"fixed": {
			"translation":  [ 0, 0, -4.173 ]
		}
	}
}