{
	"__comment": "Designed by Tacocat with Cubik Studio - https://cubik.studio",
	"textures": {
		"1": "custom/lily_pad_roots_and_flower",
		"2": "block/lily_pad",
		"particle": "block/lily_pad"
	},
	"elements": [ 	 
		{
			"__comment": "Element",
			"from": [ -12, -1.5, -12 ],
			"to": [ 28, -1.499, 28 ],
			"faces": {
				"down": { "uv": [ 0, 0, 16, 16 ], "texture": "#2", "rotation": 180 },
				"up": { "uv": [ 0, 0, 16, 16 ], "texture": "#2" },
				"north": { "uv": [ 0, 0, 16, 16 ], "texture": "#2" },
				"south": { "uv": [ 0, 0, 16, 16 ], "texture": "#2" },
				"west": { "uv": [ 0, 0, 16, 16 ], "texture": "#2" },
				"east": { "uv": [ 0, 0, 16, 16 ], "texture": "#2" }
			}
		},
		{
			"__comment": "Element",
			"from": [ -12, -1.4, -12 ],
			"to": [ 28, -1.399, 28 ],
			"faces": {
				"down": { "uv": [ 0, 0, 16, 16 ], "texture": "#2", "rotation": 180 },
				"up": { "uv": [ 0, 0, 16, 16 ], "texture": "#2" },
				"north": { "uv": [ 0, 0, 16, 16 ], "texture": "#2" },
				"south": { "uv": [ 0, 0, 16, 16 ], "texture": "#2" },
				"west": { "uv": [ 0, 0, 16, 16 ], "texture": "#2" },
				"east": { "uv": [ 0, 0, 16, 16 ], "texture": "#2" }
			}
		},
		{
			"__comment": "Element",
			"from": [ 7.1625, -0.75, -5.5 ],
			"to": [ 7.9125, -0.749, -4.75 ],
			"rotation": { "origin": [ 7.6125, -0.875, -5.05 ], "axis": "x", "angle": -22.5 },
			"faces": {
				"down": { "uv": [ 5, 7.334, 0.3340001, 2.667 ], "texture": "#1", "rotation": 180 },
				"up": { "uv": [ 5, 7.334, 0.3340001, 2.667 ], "texture": "#1" },
				"north": { "uv": [ 0.334, 2.667, 5, 7.334 ], "texture": "#1" },
				"south": { "uv": [ 0.334, 2.667, 5, 7.334 ], "texture": "#1" },
				"west": { "uv": [ 0.334, 2.667, 5, 7.334 ], "texture": "#1" },
				"east": { "uv": [ 0.334, 2.667, 5, 7.334 ], "texture": "#1" }
			}
		},
		{
			"__comment": "Element",
			"from": [ 7.8125, -0.75, -6.15 ],
			"to": [ 8.5625, -0.749, -5.4 ],
			"rotation": { "origin": [ 8.2625, -0.875, -5.7 ], "axis": "z", "angle": 22.5 },
			"faces": {
				"down": { "uv": [ 5, 7.334, 0.3340001, 2.667 ], "texture": "#1", "rotation": 270 },
				"up": { "uv": [ 5, 7.334, 0.3340001, 2.667 ], "texture": "#1", "rotation": 270 },
				"north": { "uv": [ 0.334, 2.667, 5, 7.334 ], "texture": "#1" },
				"south": { "uv": [ 0.334, 2.667, 5, 7.334 ], "texture": "#1" },
				"west": { "uv": [ 0.334, 2.667, 5, 7.334 ], "texture": "#1" },
				"east": { "uv": [ 0.334, 2.667, 5, 7.334 ], "texture": "#1" }
			}
		},
		{
			"__comment": "Element",
			"from": [ 7.1625, -0.75, -6.8 ],
			"to": [ 7.9125, -0.749, -6.05 ],
			"rotation": { "origin": [ 7.6125, -0.875, -6.33 ], "axis": "x", "angle": 22.5 },
			"faces": {
				"down": { "uv": [ 0.334, 2.667, 5, 7.334 ], "texture": "#1", "rotation": 180 },
				"up": { "uv": [ 0.334, 2.667, 5, 7.334 ], "texture": "#1" },
				"north": { "uv": [ 0.334, 2.667, 5, 7.334 ], "texture": "#1" },
				"south": { "uv": [ 0.334, 2.667, 5, 7.334 ], "texture": "#1" },
				"west": { "uv": [ 0.334, 2.667, 5, 7.334 ], "texture": "#1" },
				"east": { "uv": [ 0.334, 2.667, 5, 7.334 ], "texture": "#1" }
			}
		},
		{
			"__comment": "Element",
			"from": [ 6.5125, -0.75, -6.15 ],
			"to": [ 7.2625, -0.749, -5.4 ],
			"rotation": { "origin": [ 6.9625, -0.875, -5.7 ], "axis": "z", "angle": -22.5 },
			"faces": {
				"down": { "uv": [ 0.334, 2.667, 5, 7.334 ], "texture": "#1", "rotation": 270 },
				"up": { "uv": [ 0.334, 2.667, 5, 7.334 ], "texture": "#1", "rotation": 270 },
				"north": { "uv": [ 0.334, 2.667, 5, 7.334 ], "texture": "#1" },
				"south": { "uv": [ 0.334, 2.667, 5, 7.334 ], "texture": "#1" },
				"west": { "uv": [ 0.334, 2.667, 5, 7.334 ], "texture": "#1" },
				"east": { "uv": [ 0.334, 2.667, 5, 7.334 ], "texture": "#1" }
			}
		},
		{
			"__comment": "Element",
			"from": [ 7.125, -0.7375, -6.3375 ],
			"to": [ 7.625, -0.7365, -5.8375 ],
			"rotation": { "origin": [ 7.55, -0.7375, -5.5125 ], "axis": "y", "angle": -45 },
			"faces": {
				"down": { "uv": [ 5.334, 3.667, 8.666, 7.334 ], "texture": "#1", "rotation": 180 },
				"up": { "uv": [ 5.334, 3.667, 8.666, 7.334 ], "texture": "#1" },
				"north": { "uv": [ 5.334, 3.667, 8.666, 7.334 ], "texture": "#1" },
				"south": { "uv": [ 5.334, 3.667, 8.666, 7.334 ], "texture": "#1" },
				"west": { "uv": [ 5.334, 3.667, 8.666, 7.334 ], "texture": "#1" },
				"east": { "uv": [ 5.334, 3.667, 8.666, 7.334 ], "texture": "#1" }
			}
		},
		{
			"__comment": "Element",
			"from": [ 7.525, -0.7125, -5.9375 ],
			"to": [ 8.025, -0.7115, -5.4375 ],
			"rotation": { "origin": [ 7.55, -0.7375, -5.5125 ], "axis": "y", "angle": -45 },
			"faces": {
				"down": { "uv": [ 5.334, 3.667, 8.666, 7.334 ], "texture": "#1", "rotation": 90 },
				"up": { "uv": [ 5.334, 3.667, 8.666, 7.334 ], "texture": "#1", "rotation": 90 },
				"north": { "uv": [ 5.334, 3.667, 8.666, 7.334 ], "texture": "#1", "rotation": 270 },
				"south": { "uv": [ 5.334, 3.667, 8.666, 7.334 ], "texture": "#1", "rotation": 270 },
				"west": { "uv": [ 5.334, 3.667, 8.666, 7.334 ], "texture": "#1", "rotation": 270 },
				"east": { "uv": [ 5.334, 3.667, 8.666, 7.334 ], "texture": "#1", "rotation": 270 }
			}
		},
		{
			"__comment": "Element",
			"from": [ 7.125, -0.7375, -5.5375 ],
			"to": [ 7.625, -0.7365, -5.0375 ],
			"rotation": { "origin": [ 7.55, -0.7375, -5.5125 ], "axis": "y", "angle": -45 },
			"faces": {
				"down": { "uv": [ 5.334, 3.667, 8.666, 7.334 ], "texture": "#1" },
				"up": { "uv": [ 5.334, 3.667, 8.666, 7.334 ], "texture": "#1", "rotation": 180 },
				"north": { "uv": [ 5.334, 3.667, 8.666, 7.334 ], "texture": "#1" },
				"south": { "uv": [ 5.334, 3.667, 8.666, 7.334 ], "texture": "#1" },
				"west": { "uv": [ 5.334, 3.667, 8.666, 7.334 ], "texture": "#1" },
				"east": { "uv": [ 5.334, 3.667, 8.666, 7.334 ], "texture": "#1" }
			}
		},
		{
			"__comment": "Element",
			"from": [ 6.725, -0.7125, -5.9375 ],
			"to": [ 7.225, -0.7115, -5.4375 ],
			"rotation": { "origin": [ 7.55, -0.7375, -5.5125 ], "axis": "y", "angle": -45 },
			"faces": {
				"down": { "uv": [ 5.334, 3.667, 8.666, 7.334 ], "texture": "#1", "rotation": 270 },
				"up": { "uv": [ 5.334, 3.667, 8.666, 7.334 ], "texture": "#1", "rotation": 270 },
				"north": { "uv": [ 5.334, 3.667, 8.666, 7.334 ], "texture": "#1", "rotation": 270 },
				"south": { "uv": [ 5.334, 3.667, 8.666, 7.334 ], "texture": "#1", "rotation": 270 },
				"west": { "uv": [ 5.334, 3.667, 8.666, 7.334 ], "texture": "#1", "rotation": 270 },
				"east": { "uv": [ 5.334, 3.667, 8.666, 7.334 ], "texture": "#1", "rotation": 270 }
			}
		},
		{
			"__comment": "Element",
			"from": [ 7.55, -0.85, -6 ],
			"to": [ 7.551, -0.2499999, -5.5 ],
			"faces": {
				"down": { "uv": [ 5.334, 0.3339996, 7.665, 3.334 ], "texture": "#1", "rotation": 90 },
				"up": { "uv": [ 5.334, 0.3339996, 7.665, 3.334 ], "texture": "#1", "rotation": 270 },
				"north": { "uv": [ 5.334, 0.3339996, 7.665, 3.334 ], "texture": "#1" },
				"south": { "uv": [ 5.334, 0.3339996, 7.665, 3.334 ], "texture": "#1" },
				"west": { "uv": [ 5.334, 0.3339996, 7.665, 3.334 ], "texture": "#1" },
				"east": { "uv": [ 5.334, 0.3339996, 7.665, 3.334 ], "texture": "#1" }
			}
		},
		{
			"__comment": "Element",
			"from": [ 7.3, -0.85, -5.75 ],
			"to": [ 7.8, -0.2499999, -5.749 ],
			"rotation": { "origin": [ 7.55, -0.55, -5.75 ], "axis": "y", "angle": -45 },
			"faces": {
				"down": { "uv": [ 5.334, 0.3339996, 7.665, 3.334 ], "texture": "#1", "rotation": 180 },
				"up": { "uv": [ 5.334, 0.3339996, 7.665, 3.334 ], "texture": "#1", "rotation": 180 },
				"north": { "uv": [ 5.334, 0.3339996, 7.665, 3.334 ], "texture": "#1" },
				"south": { "uv": [ 5.334, 0.3339996, 7.665, 3.334 ], "texture": "#1" },
				"west": { "uv": [ 5.334, 0.3339996, 7.665, 3.334 ], "texture": "#1" },
				"east": { "uv": [ 5.334, 0.3339996, 7.665, 3.334 ], "texture": "#1" }
			}
		},
		{
			"__comment": "Element",
			"from": [ 7.3, -0.85, -5.75 ],
			"to": [ 7.8, -0.2499999, -5.749 ],
			"faces": {
				"down": { "uv": [ 5.334, 0.3339996, 7.665, 3.334 ], "texture": "#1", "rotation": 180 },
				"up": { "uv": [ 5.334, 0.3339996, 7.665, 3.334 ], "texture": "#1", "rotation": 180 },
				"north": { "uv": [ 5.334, 0.3339996, 7.665, 3.334 ], "texture": "#1" },
				"south": { "uv": [ 5.334, 0.3339996, 7.665, 3.334 ], "texture": "#1" },
				"west": { "uv": [ 5.334, 0.3339996, 7.665, 3.334 ], "texture": "#1" },
				"east": { "uv": [ 5.334, 0.3339996, 7.665, 3.334 ], "texture": "#1" }
			}
		},
		{
			"__comment": "Element",
			"from": [ 7.55, -0.85, -6 ],
			"to": [ 7.551, -0.2499999, -5.5 ],
			"rotation": { "origin": [ 7.55, -0.55, -5.75 ], "axis": "y", "angle": -45 },
			"faces": {
				"down": { "uv": [ 5.334, 0.3339996, 7.665, 3.334 ], "texture": "#1", "rotation": 90 },
				"up": { "uv": [ 5.334, 0.3339996, 7.665, 3.334 ], "texture": "#1", "rotation": 270 },
				"north": { "uv": [ 5.334, 0.3339996, 7.665, 3.334 ], "texture": "#1" },
				"south": { "uv": [ 5.334, 0.3339996, 7.665, 3.334 ], "texture": "#1" },
				"west": { "uv": [ 5.334, 0.3339996, 7.665, 3.334 ], "texture": "#1" },
				"east": { "uv": [ 5.334, 0.3339996, 7.665, 3.334 ], "texture": "#1" }
			}
		},
		{
			"__comment": "Element",
			"from": [ 1.3062, -0.82, 11.78 ],
			"to": [ 2.5812, -0.819, 13.055 ],
			"rotation": { "origin": [ 2.07125, -1.0325, 12.545 ], "axis": "x", "angle": -22.5 },
			"faces": {
				"down": { "uv": [ 5, 7.334, 0.3340001, 2.667 ], "texture": "#1", "rotation": 180 },
				"up": { "uv": [ 5, 7.334, 0.3340001, 2.667 ], "texture": "#1" },
				"north": { "uv": [ 0.334, 2.667, 5, 7.334 ], "texture": "#1" },
				"south": { "uv": [ 0.334, 2.667, 5, 7.334 ], "texture": "#1" },
				"west": { "uv": [ 0.334, 2.667, 5, 7.334 ], "texture": "#1" },
				"east": { "uv": [ 0.334, 2.667, 5, 7.334 ], "texture": "#1" }
			}
		},
		{
			"__comment": "Element",
			"from": [ 2.4113, -0.82, 10.675 ],
			"to": [ 3.6863, -0.819, 11.95 ],
			"rotation": { "origin": [ 3.17625, -1.0325, 11.44 ], "axis": "z", "angle": 22.5 },
			"faces": {
				"down": { "uv": [ 5, 7.334, 0.3340001, 2.667 ], "texture": "#1", "rotation": 270 },
				"up": { "uv": [ 5, 7.334, 0.3340001, 2.667 ], "texture": "#1", "rotation": 270 },
				"north": { "uv": [ 0.334, 2.667, 5, 7.334 ], "texture": "#1" },
				"south": { "uv": [ 0.334, 2.667, 5, 7.334 ], "texture": "#1" },
				"west": { "uv": [ 0.334, 2.667, 5, 7.334 ], "texture": "#1" },
				"east": { "uv": [ 0.334, 2.667, 5, 7.334 ], "texture": "#1" }
			}
		},
		{
			"__comment": "Element",
			"from": [ 1.3062, -0.82, 9.57 ],
			"to": [ 2.5812, -0.819, 10.845 ],
			"rotation": { "origin": [ 2.07125, -1.0325, 10.369 ], "axis": "x", "angle": 22.5 },
			"faces": {
				"down": { "uv": [ 0.334, 2.667, 5, 7.334 ], "texture": "#1", "rotation": 180 },
				"up": { "uv": [ 0.334, 2.667, 5, 7.334 ], "texture": "#1" },
				"north": { "uv": [ 0.334, 2.667, 5, 7.334 ], "texture": "#1" },
				"south": { "uv": [ 0.334, 2.667, 5, 7.334 ], "texture": "#1" },
				"west": { "uv": [ 0.334, 2.667, 5, 7.334 ], "texture": "#1" },
				"east": { "uv": [ 0.334, 2.667, 5, 7.334 ], "texture": "#1" }
			}
		},
		{
			"__comment": "Element",
			"from": [ 0.2013, -0.82, 10.675 ],
			"to": [ 1.4763, -0.819, 11.95 ],
			"rotation": { "origin": [ 0.96625, -1.0325, 11.44 ], "axis": "z", "angle": -22.5 },
			"faces": {
				"down": { "uv": [ 0.334, 2.667, 5, 7.334 ], "texture": "#1", "rotation": 270 },
				"up": { "uv": [ 0.334, 2.667, 5, 7.334 ], "texture": "#1", "rotation": 270 },
				"north": { "uv": [ 0.334, 2.667, 5, 7.334 ], "texture": "#1" },
				"south": { "uv": [ 0.334, 2.667, 5, 7.334 ], "texture": "#1" },
				"west": { "uv": [ 0.334, 2.667, 5, 7.334 ], "texture": "#1" },
				"east": { "uv": [ 0.334, 2.667, 5, 7.334 ], "texture": "#1" }
			}
		},
		{
			"__comment": "Element",
			"from": [ 1.2425, -0.7988, 10.3562 ],
			"to": [ 2.0925, -0.7978, 11.2062 ],
			"rotation": { "origin": [ 1.965, -0.79875, 11.75875 ], "axis": "y", "angle": -45 },
			"faces": {
				"down": { "uv": [ 5.334, 3.667, 8.666, 7.334 ], "texture": "#1", "rotation": 180 },
				"up": { "uv": [ 5.334, 3.667, 8.666, 7.334 ], "texture": "#1" },
				"north": { "uv": [ 5.334, 3.667, 8.666, 7.334 ], "texture": "#1" },
				"south": { "uv": [ 5.334, 3.667, 8.666, 7.334 ], "texture": "#1" },
				"west": { "uv": [ 5.334, 3.667, 8.666, 7.334 ], "texture": "#1" },
				"east": { "uv": [ 5.334, 3.667, 8.666, 7.334 ], "texture": "#1" }
			}
		},
		{
			"__comment": "Element",
			"from": [ 1.9225, -0.7562, 11.0362 ],
			"to": [ 2.7725, -0.7552, 11.8862 ],
			"rotation": { "origin": [ 1.965, -0.79875, 11.75875 ], "axis": "y", "angle": -45 },
			"faces": {
				"down": { "uv": [ 5.334, 3.667, 8.666, 7.334 ], "texture": "#1", "rotation": 90 },
				"up": { "uv": [ 5.334, 3.667, 8.666, 7.334 ], "texture": "#1", "rotation": 90 },
				"north": { "uv": [ 5.334, 3.667, 8.666, 7.334 ], "texture": "#1", "rotation": 270 },
				"south": { "uv": [ 5.334, 3.667, 8.666, 7.334 ], "texture": "#1", "rotation": 270 },
				"west": { "uv": [ 5.334, 3.667, 8.666, 7.334 ], "texture": "#1", "rotation": 270 },
				"east": { "uv": [ 5.334, 3.667, 8.666, 7.334 ], "texture": "#1", "rotation": 270 }
			}
		},
		{
			"__comment": "Element",
			"from": [ 1.2425, -0.7988, 11.7163 ],
			"to": [ 2.0925, -0.7978, 12.5663 ],
			"rotation": { "origin": [ 1.965, -0.79875, 11.75875 ], "axis": "y", "angle": -45 },
			"faces": {
				"down": { "uv": [ 5.334, 3.667, 8.666, 7.334 ], "texture": "#1" },
				"up": { "uv": [ 5.334, 3.667, 8.666, 7.334 ], "texture": "#1", "rotation": 180 },
				"north": { "uv": [ 5.334, 3.667, 8.666, 7.334 ], "texture": "#1" },
				"south": { "uv": [ 5.334, 3.667, 8.666, 7.334 ], "texture": "#1" },
				"west": { "uv": [ 5.334, 3.667, 8.666, 7.334 ], "texture": "#1" },
				"east": { "uv": [ 5.334, 3.667, 8.666, 7.334 ], "texture": "#1" }
			}
		},
		{
			"__comment": "Element",
			"from": [ 0.5625, -0.7562, 11.0362 ],
			"to": [ 1.4125, -0.7552, 11.8862 ],
			"rotation": { "origin": [ 1.965, -0.79875, 11.75875 ], "axis": "y", "angle": -45 },
			"faces": {
				"down": { "uv": [ 5.334, 3.667, 8.666, 7.334 ], "texture": "#1", "rotation": 270 },
				"up": { "uv": [ 5.334, 3.667, 8.666, 7.334 ], "texture": "#1", "rotation": 270 },
				"north": { "uv": [ 5.334, 3.667, 8.666, 7.334 ], "texture": "#1", "rotation": 270 },
				"south": { "uv": [ 5.334, 3.667, 8.666, 7.334 ], "texture": "#1", "rotation": 270 },
				"west": { "uv": [ 5.334, 3.667, 8.666, 7.334 ], "texture": "#1", "rotation": 270 },
				"east": { "uv": [ 5.334, 3.667, 8.666, 7.334 ], "texture": "#1", "rotation": 270 }
			}
		},
		{
			"__comment": "Element",
			"from": [ 1.965, -0.9899999, 10.93 ],
			"to": [ 1.966, 0.03000003, 11.78 ],
			"faces": {
				"down": { "uv": [ 5.334, 0.3339996, 7.665, 3.334 ], "texture": "#1", "rotation": 90 },
				"up": { "uv": [ 5.334, 0.3339996, 7.665, 3.334 ], "texture": "#1", "rotation": 270 },
				"north": { "uv": [ 5.334, 0.3339996, 7.665, 3.334 ], "texture": "#1" },
				"south": { "uv": [ 5.334, 0.3339996, 7.665, 3.334 ], "texture": "#1" },
				"west": { "uv": [ 5.334, 0.3339996, 7.665, 3.334 ], "texture": "#1" },
				"east": { "uv": [ 5.334, 0.3339996, 7.665, 3.334 ], "texture": "#1" }
			}
		},
		{
			"__comment": "Element",
			"from": [ 1.54, -0.9899999, 11.355 ],
			"to": [ 2.39, 0.03000003, 11.356 ],
			"rotation": { "origin": [ 1.965, -0.48, 11.355 ], "axis": "y", "angle": -45 },
			"faces": {
				"down": { "uv": [ 5.334, 0.3339996, 7.665, 3.334 ], "texture": "#1", "rotation": 180 },
				"up": { "uv": [ 5.334, 0.3339996, 7.665, 3.334 ], "texture": "#1", "rotation": 180 },
				"north": { "uv": [ 5.334, 0.3339996, 7.665, 3.334 ], "texture": "#1" },
				"south": { "uv": [ 5.334, 0.3339996, 7.665, 3.334 ], "texture": "#1" },
				"west": { "uv": [ 5.334, 0.3339996, 7.665, 3.334 ], "texture": "#1" },
				"east": { "uv": [ 5.334, 0.3339996, 7.665, 3.334 ], "texture": "#1" }
			}
		},
		{
			"__comment": "Element",
			"from": [ 1.54, -0.9899999, 11.355 ],
			"to": [ 2.39, 0.03000003, 11.356 ],
			"faces": {
				"down": { "uv": [ 5.334, 0.3339996, 7.665, 3.334 ], "texture": "#1", "rotation": 180 },
				"up": { "uv": [ 5.334, 0.3339996, 7.665, 3.334 ], "texture": "#1", "rotation": 180 },
				"north": { "uv": [ 5.334, 0.3339996, 7.665, 3.334 ], "texture": "#1" },
				"south": { "uv": [ 5.334, 0.3339996, 7.665, 3.334 ], "texture": "#1" },
				"west": { "uv": [ 5.334, 0.3339996, 7.665, 3.334 ], "texture": "#1" },
				"east": { "uv": [ 5.334, 0.3339996, 7.665, 3.334 ], "texture": "#1" }
			}
		},
		{
			"__comment": "Element",
			"from": [ 1.965, -0.9899999, 10.93 ],
			"to": [ 1.966, 0.03000003, 11.78 ],
			"rotation": { "origin": [ 1.965, -0.48, 11.355 ], "axis": "y", "angle": -45 },
			"faces": {
				"down": { "uv": [ 5.334, 0.3339996, 7.665, 3.334 ], "texture": "#1", "rotation": 90 },
				"up": { "uv": [ 5.334, 0.3339996, 7.665, 3.334 ], "texture": "#1", "rotation": 270 },
				"north": { "uv": [ 5.334, 0.3339996, 7.665, 3.334 ], "texture": "#1" },
				"south": { "uv": [ 5.334, 0.3339996, 7.665, 3.334 ], "texture": "#1" },
				"west": { "uv": [ 5.334, 0.3339996, 7.665, 3.334 ], "texture": "#1" },
				"east": { "uv": [ 5.334, 0.3339996, 7.665, 3.334 ], "texture": "#1" }
			}
		},
		{
			"__comment": "Element",
			"from": [ 8.125, -0.85, 23.75 ],
			"to": [ 9.625, -0.849, 25.25 ],
			"rotation": { "origin": [ 9.025, -1.1, 24.65 ], "axis": "x", "angle": -22.5 },
			"faces": {
				"down": { "uv": [ 5, 7.334, 0.3340001, 2.667 ], "texture": "#1", "rotation": 180 },
				"up": { "uv": [ 5, 7.334, 0.3340001, 2.667 ], "texture": "#1" },
				"north": { "uv": [ 0.334, 2.667, 5, 7.334 ], "texture": "#1" },
				"south": { "uv": [ 0.334, 2.667, 5, 7.334 ], "texture": "#1" },
				"west": { "uv": [ 0.334, 2.667, 5, 7.334 ], "texture": "#1" },
				"east": { "uv": [ 0.334, 2.667, 5, 7.334 ], "texture": "#1" }
			}
		},
		{
			"__comment": "Element",
			"from": [ 9.425, -0.85, 22.45 ],
			"to": [ 10.925, -0.849, 23.95 ],
			"rotation": { "origin": [ 10.325, -1.1, 23.35 ], "axis": "z", "angle": 22.5 },
			"faces": {
				"down": { "uv": [ 5, 7.334, 0.3340001, 2.667 ], "texture": "#1", "rotation": 270 },
				"up": { "uv": [ 5, 7.334, 0.3340001, 2.667 ], "texture": "#1", "rotation": 270 },
				"north": { "uv": [ 0.334, 2.667, 5, 7.334 ], "texture": "#1" },
				"south": { "uv": [ 0.334, 2.667, 5, 7.334 ], "texture": "#1" },
				"west": { "uv": [ 0.334, 2.667, 5, 7.334 ], "texture": "#1" },
				"east": { "uv": [ 0.334, 2.667, 5, 7.334 ], "texture": "#1" }
			}
		},
		{
			"__comment": "Element",
			"from": [ 8.125, -0.85, 21.15 ],
			"to": [ 9.625, -0.849, 22.65 ],
			"rotation": { "origin": [ 9.025, -1.1, 22.09 ], "axis": "x", "angle": 22.5 },
			"faces": {
				"down": { "uv": [ 0.334, 2.667, 5, 7.334 ], "texture": "#1", "rotation": 180 },
				"up": { "uv": [ 0.334, 2.667, 5, 7.334 ], "texture": "#1" },
				"north": { "uv": [ 0.334, 2.667, 5, 7.334 ], "texture": "#1" },
				"south": { "uv": [ 0.334, 2.667, 5, 7.334 ], "texture": "#1" },
				"west": { "uv": [ 0.334, 2.667, 5, 7.334 ], "texture": "#1" },
				"east": { "uv": [ 0.334, 2.667, 5, 7.334 ], "texture": "#1" }
			}
		},
		{
			"__comment": "Element",
			"from": [ 6.825, -0.85, 22.45 ],
			"to": [ 8.325, -0.849, 23.95 ],
			"rotation": { "origin": [ 7.725, -1.1, 23.35 ], "axis": "z", "angle": -22.5 },
			"faces": {
				"down": { "uv": [ 0.334, 2.667, 5, 7.334 ], "texture": "#1", "rotation": 270 },
				"up": { "uv": [ 0.334, 2.667, 5, 7.334 ], "texture": "#1", "rotation": 270 },
				"north": { "uv": [ 0.334, 2.667, 5, 7.334 ], "texture": "#1" },
				"south": { "uv": [ 0.334, 2.667, 5, 7.334 ], "texture": "#1" },
				"west": { "uv": [ 0.334, 2.667, 5, 7.334 ], "texture": "#1" },
				"east": { "uv": [ 0.334, 2.667, 5, 7.334 ], "texture": "#1" }
			}
		},
		{
			"__comment": "Element",
			"from": [ 8.05, -0.825, 22.075 ],
			"to": [ 9.05, -0.824, 23.075 ],
			"rotation": { "origin": [ 8.9, -0.825, 23.725 ], "axis": "y", "angle": -45 },
			"faces": {
				"down": { "uv": [ 5.334, 3.667, 8.666, 7.334 ], "texture": "#1", "rotation": 180 },
				"up": { "uv": [ 5.334, 3.667, 8.666, 7.334 ], "texture": "#1" },
				"north": { "uv": [ 5.334, 3.667, 8.666, 7.334 ], "texture": "#1" },
				"south": { "uv": [ 5.334, 3.667, 8.666, 7.334 ], "texture": "#1" },
				"west": { "uv": [ 5.334, 3.667, 8.666, 7.334 ], "texture": "#1" },
				"east": { "uv": [ 5.334, 3.667, 8.666, 7.334 ], "texture": "#1" }
			}
		},
		{
			"__comment": "Element",
			"from": [ 8.849999, -0.775, 22.875 ],
			"to": [ 9.849999, -0.774, 23.875 ],
			"rotation": { "origin": [ 8.9, -0.825, 23.725 ], "axis": "y", "angle": -45 },
			"faces": {
				"down": { "uv": [ 5.334, 3.667, 8.666, 7.334 ], "texture": "#1", "rotation": 90 },
				"up": { "uv": [ 5.334, 3.667, 8.666, 7.334 ], "texture": "#1", "rotation": 90 },
				"north": { "uv": [ 5.334, 3.667, 8.666, 7.334 ], "texture": "#1", "rotation": 270 },
				"south": { "uv": [ 5.334, 3.667, 8.666, 7.334 ], "texture": "#1", "rotation": 270 },
				"west": { "uv": [ 5.334, 3.667, 8.666, 7.334 ], "texture": "#1", "rotation": 270 },
				"east": { "uv": [ 5.334, 3.667, 8.666, 7.334 ], "texture": "#1", "rotation": 270 }
			}
		},
		{
			"__comment": "Element",
			"from": [ 8.05, -0.825, 23.675 ],
			"to": [ 9.05, -0.824, 24.675 ],
			"rotation": { "origin": [ 8.9, -0.825, 23.725 ], "axis": "y", "angle": -45 },
			"faces": {
				"down": { "uv": [ 5.334, 3.667, 8.666, 7.334 ], "texture": "#1" },
				"up": { "uv": [ 5.334, 3.667, 8.666, 7.334 ], "texture": "#1", "rotation": 180 },
				"north": { "uv": [ 5.334, 3.667, 8.666, 7.334 ], "texture": "#1" },
				"south": { "uv": [ 5.334, 3.667, 8.666, 7.334 ], "texture": "#1" },
				"west": { "uv": [ 5.334, 3.667, 8.666, 7.334 ], "texture": "#1" },
				"east": { "uv": [ 5.334, 3.667, 8.666, 7.334 ], "texture": "#1" }
			}
		},
		{
			"__comment": "Element",
			"from": [ 7.25, -0.775, 22.875 ],
			"to": [ 8.25, -0.774, 23.875 ],
			"rotation": { "origin": [ 8.9, -0.825, 23.725 ], "axis": "y", "angle": -45 },
			"faces": {
				"down": { "uv": [ 5.334, 3.667, 8.666, 7.334 ], "texture": "#1", "rotation": 270 },
				"up": { "uv": [ 5.334, 3.667, 8.666, 7.334 ], "texture": "#1", "rotation": 270 },
				"north": { "uv": [ 5.334, 3.667, 8.666, 7.334 ], "texture": "#1", "rotation": 270 },
				"south": { "uv": [ 5.334, 3.667, 8.666, 7.334 ], "texture": "#1", "rotation": 270 },
				"west": { "uv": [ 5.334, 3.667, 8.666, 7.334 ], "texture": "#1", "rotation": 270 },
				"east": { "uv": [ 5.334, 3.667, 8.666, 7.334 ], "texture": "#1", "rotation": 270 }
			}
		},
		{
			"__comment": "Element",
			"from": [ 8.9, -1.05, 22.75 ],
			"to": [ 8.901, 0.15, 23.75 ],
			"faces": {
				"down": { "uv": [ 5.334, 0.3339996, 7.665, 3.334 ], "texture": "#1", "rotation": 90 },
				"up": { "uv": [ 5.334, 0.3339996, 7.665, 3.334 ], "texture": "#1", "rotation": 270 },
				"north": { "uv": [ 5.334, 0.3339996, 7.665, 3.334 ], "texture": "#1" },
				"south": { "uv": [ 5.334, 0.3339996, 7.665, 3.334 ], "texture": "#1" },
				"west": { "uv": [ 5.334, 0.3339996, 7.665, 3.334 ], "texture": "#1" },
				"east": { "uv": [ 5.334, 0.3339996, 7.665, 3.334 ], "texture": "#1" }
			}
		},
		{
			"__comment": "Element",
			"from": [ 8.4, -1.05, 23.25 ],
			"to": [ 9.4, 0.15, 23.251 ],
			"rotation": { "origin": [ 8.9, -0.45, 23.25 ], "axis": "y", "angle": -45 },
			"faces": {
				"down": { "uv": [ 5.334, 0.3339996, 7.665, 3.334 ], "texture": "#1", "rotation": 180 },
				"up": { "uv": [ 5.334, 0.3339996, 7.665, 3.334 ], "texture": "#1", "rotation": 180 },
				"north": { "uv": [ 5.334, 0.3339996, 7.665, 3.334 ], "texture": "#1" },
				"south": { "uv": [ 5.334, 0.3339996, 7.665, 3.334 ], "texture": "#1" },
				"west": { "uv": [ 5.334, 0.3339996, 7.665, 3.334 ], "texture": "#1" },
				"east": { "uv": [ 5.334, 0.3339996, 7.665, 3.334 ], "texture": "#1" }
			}
		},
		{
			"__comment": "Element",
			"from": [ 8.4, -1.05, 23.25 ],
			"to": [ 9.4, 0.15, 23.251 ],
			"faces": {
				"down": { "uv": [ 5.334, 0.3339996, 7.665, 3.334 ], "texture": "#1", "rotation": 180 },
				"up": { "uv": [ 5.334, 0.3339996, 7.665, 3.334 ], "texture": "#1", "rotation": 180 },
				"north": { "uv": [ 5.334, 0.3339996, 7.665, 3.334 ], "texture": "#1" },
				"south": { "uv": [ 5.334, 0.3339996, 7.665, 3.334 ], "texture": "#1" },
				"west": { "uv": [ 5.334, 0.3339996, 7.665, 3.334 ], "texture": "#1" },
				"east": { "uv": [ 5.334, 0.3339996, 7.665, 3.334 ], "texture": "#1" }
			}
		},
		{
			"__comment": "Element",
			"from": [ 8.9, -1.05, 22.75 ],
			"to": [ 8.901, 0.15, 23.75 ],
			"rotation": { "origin": [ 8.9, -0.45, 23.25 ], "axis": "y", "angle": -45 },
			"faces": {
				"down": { "uv": [ 5.334, 0.3339996, 7.665, 3.334 ], "texture": "#1", "rotation": 90 },
				"up": { "uv": [ 5.334, 0.3339996, 7.665, 3.334 ], "texture": "#1", "rotation": 270 },
				"north": { "uv": [ 5.334, 0.3339996, 7.665, 3.334 ], "texture": "#1" },
				"south": { "uv": [ 5.334, 0.3339996, 7.665, 3.334 ], "texture": "#1" },
				"west": { "uv": [ 5.334, 0.3339996, 7.665, 3.334 ], "texture": "#1" },
				"east": { "uv": [ 5.334, 0.3339996, 7.665, 3.334 ], "texture": "#1" }
			}
		},
		{
			"__comment": "Element",
			"from": [ 10.8, -1.305, 2.885 ],
			"to": [ 11.76, -0.345, 2.886 ],
			"rotation": { "origin": [ 11.28, -0.825, 2.885 ], "axis": "x", "angle": 22.5 },
			"faces": {
				"down": { "uv": [ 0.333, 2.667, 5, 7.333 ], "texture": "#1" },
				"up": { "uv": [ 0.333, 2.667, 5, 7.333 ], "texture": "#1", "rotation": 180 },
				"north": { "uv": [ 0.333, 2.667, 5, 7.333 ], "texture": "#1" },
				"south": { "uv": [ 0.333, 2.667, 5, 7.333 ], "texture": "#1" },
				"west": { "uv": [ 0.333, 2.667, 5, 7.333 ], "texture": "#1", "rotation": 90 },
				"east": { "uv": [ 0.333, 2.667, 5, 7.333 ], "texture": "#1", "rotation": 270 }
			}
		},
		{
			"__comment": "Element",
			"from": [ 11.4956, -1.4275, 2.645 ],
			"to": [ 11.4966, -0.4675, 3.605 ],
			"rotation": { "origin": [ 11.2, -0.825, 3.125 ], "axis": "z", "angle": 22.5 },
			"faces": {
				"down": { "uv": [ 0.333, 2.667, 5, 7.333 ], "texture": "#1", "rotation": 270 },
				"up": { "uv": [ 0.333, 2.667, 5, 7.333 ], "texture": "#1", "rotation": 270 },
				"north": { "uv": [ 0.333, 2.667, 5, 7.333 ], "texture": "#1", "rotation": 90 },
				"south": { "uv": [ 0.333, 2.667, 5, 7.333 ], "texture": "#1", "rotation": 270 },
				"west": { "uv": [ 0.333, 2.667, 5, 7.333 ], "texture": "#1" },
				"east": { "uv": [ 0.333, 2.667, 5, 7.333 ], "texture": "#1" }
			}
		},
		{
			"__comment": "Element",
			"from": [ 10.8, -1.305, 3.425 ],
			"to": [ 11.76, -0.345, 3.426 ],
			"rotation": { "origin": [ 11.28, -0.825, 3.425 ], "axis": "x", "angle": -22.5 },
			"faces": {
				"down": { "uv": [ 0.333, 7.333, 5, 2.667 ], "texture": "#1" },
				"up": { "uv": [ 0.333, 7.333, 5, 2.667 ], "texture": "#1", "rotation": 180 },
				"north": { "uv": [ 5, 2.667, 0.3330002, 7.333 ], "texture": "#1" },
				"south": { "uv": [ 5, 2.667, 0.3330002, 7.333 ], "texture": "#1" },
				"west": { "uv": [ 0.333, 7.333, 5, 2.667 ], "texture": "#1", "rotation": 90 },
				"east": { "uv": [ 0.333, 7.333, 5, 2.667 ], "texture": "#1", "rotation": 270 }
			}
		},
		{
			"__comment": "Element",
			"from": [ 11.0044, -1.4275, 2.645 ],
			"to": [ 11.0054, -0.4675, 3.605 ],
			"rotation": { "origin": [ 11.3, -0.825, 3.125 ], "axis": "z", "angle": -22.5 },
			"faces": {
				"down": { "uv": [ 0.333, 7.333, 5, 2.667 ], "texture": "#1", "rotation": 270 },
				"up": { "uv": [ 0.333, 7.333, 5, 2.667 ], "texture": "#1", "rotation": 270 },
				"north": { "uv": [ 0.333, 7.333, 5, 2.667 ], "texture": "#1", "rotation": 90 },
				"south": { "uv": [ 0.333, 7.333, 5, 2.667 ], "texture": "#1", "rotation": 270 },
				"west": { "uv": [ 5, 2.667, 0.3330002, 7.333 ], "texture": "#1" },
				"east": { "uv": [ 5, 2.667, 0.3330002, 7.333 ], "texture": "#1" }
			}
		},
		{
			"__comment": "Element",
			"from": [ 10.9736, -1.2826, 3.1442 ],
			"to": [ 11.5176, -0.6298, 3.1452 ],
			"rotation": { "origin": [ 11.2456, -0.9562, 3.1442 ], "axis": "y", "angle": -45 },
			"faces": {
				"down": { "uv": [ 5.334, 0.3339996, 7.665, 3.334 ], "texture": "#1", "rotation": 180 },
				"up": { "uv": [ 5.334, 0.3339996, 7.665, 3.334 ], "texture": "#1", "rotation": 180 },
				"north": { "uv": [ 5.334, 0.3339996, 7.665, 3.334 ], "texture": "#1" },
				"south": { "uv": [ 5.334, 0.3339996, 7.665, 3.334 ], "texture": "#1" },
				"west": { "uv": [ 5.334, 0.3339996, 7.665, 3.334 ], "texture": "#1" },
				"east": { "uv": [ 5.334, 0.3339996, 7.665, 3.334 ], "texture": "#1" }
			}
		},
		{
			"__comment": "Element",
			"from": [ 10.9736, -1.2826, 3.1442 ],
			"to": [ 11.5176, -0.6298, 3.1452 ],
			"faces": {
				"down": { "uv": [ 5.334, 0.3339996, 7.665, 3.334 ], "texture": "#1", "rotation": 180 },
				"up": { "uv": [ 5.334, 0.3339996, 7.665, 3.334 ], "texture": "#1", "rotation": 180 },
				"north": { "uv": [ 5.334, 0.3339996, 7.665, 3.334 ], "texture": "#1" },
				"south": { "uv": [ 5.334, 0.3339996, 7.665, 3.334 ], "texture": "#1" },
				"west": { "uv": [ 5.334, 0.3339996, 7.665, 3.334 ], "texture": "#1" },
				"east": { "uv": [ 5.334, 0.3339996, 7.665, 3.334 ], "texture": "#1" }
			}
		},
		{
			"__comment": "Element",
			"from": [ 11.2456, -1.2826, 2.8722 ],
			"to": [ 11.2466, -0.6298, 3.4162 ],
			"faces": {
				"down": { "uv": [ 5.334, 0.3339996, 7.665, 3.334 ], "texture": "#1", "rotation": 90 },
				"up": { "uv": [ 5.334, 0.3339996, 7.665, 3.334 ], "texture": "#1", "rotation": 270 },
				"north": { "uv": [ 5.334, 0.3339996, 7.665, 3.334 ], "texture": "#1" },
				"south": { "uv": [ 5.334, 0.3339996, 7.665, 3.334 ], "texture": "#1" },
				"west": { "uv": [ 5.334, 0.3339996, 7.665, 3.334 ], "texture": "#1" },
				"east": { "uv": [ 5.334, 0.3339996, 7.665, 3.334 ], "texture": "#1" }
			}
		},
		{
			"__comment": "Element",
			"from": [ 11.2456, -1.2826, 2.8722 ],
			"to": [ 11.2466, -0.6298, 3.4162 ],
			"rotation": { "origin": [ 11.2456, -0.9562, 3.1442 ], "axis": "y", "angle": -45 },
			"faces": {
				"down": { "uv": [ 5.334, 0.3339996, 7.665, 3.334 ], "texture": "#1", "rotation": 90 },
				"up": { "uv": [ 5.334, 0.3339996, 7.665, 3.334 ], "texture": "#1", "rotation": 270 },
				"north": { "uv": [ 5.334, 0.3339996, 7.665, 3.334 ], "texture": "#1" },
				"south": { "uv": [ 5.334, 0.3339996, 7.665, 3.334 ], "texture": "#1" },
				"west": { "uv": [ 5.334, 0.3339996, 7.665, 3.334 ], "texture": "#1" },
				"east": { "uv": [ 5.334, 0.3339996, 7.665, 3.334 ], "texture": "#1" }
			}
		},
		{
			"__comment": "Element",
			"from": [ 9, -1.305, 11.635 ],
			"to": [ 9.96, -0.345, 11.636 ],
			"rotation": { "origin": [ 9.48, -0.825, 11.635 ], "axis": "x", "angle": 22.5 },
			"faces": {
				"down": { "uv": [ 0.333, 2.667, 5, 7.333 ], "texture": "#1" },
				"up": { "uv": [ 0.333, 2.667, 5, 7.333 ], "texture": "#1", "rotation": 180 },
				"north": { "uv": [ 0.333, 2.667, 5, 7.333 ], "texture": "#1" },
				"south": { "uv": [ 0.333, 2.667, 5, 7.333 ], "texture": "#1" },
				"west": { "uv": [ 0.333, 2.667, 5, 7.333 ], "texture": "#1", "rotation": 90 },
				"east": { "uv": [ 0.333, 2.667, 5, 7.333 ], "texture": "#1", "rotation": 270 }
			}
		},
		{
			"__comment": "Element",
			"from": [ 9.6956, -1.4275, 11.395 ],
			"to": [ 9.6966, -0.4675, 12.355 ],
			"rotation": { "origin": [ 9.4, -0.825, 11.875 ], "axis": "z", "angle": 22.5 },
			"faces": {
				"down": { "uv": [ 0.333, 2.667, 5, 7.333 ], "texture": "#1", "rotation": 270 },
				"up": { "uv": [ 0.333, 2.667, 5, 7.333 ], "texture": "#1", "rotation": 270 },
				"north": { "uv": [ 0.333, 2.667, 5, 7.333 ], "texture": "#1", "rotation": 90 },
				"south": { "uv": [ 0.333, 2.667, 5, 7.333 ], "texture": "#1", "rotation": 270 },
				"west": { "uv": [ 0.333, 2.667, 5, 7.333 ], "texture": "#1" },
				"east": { "uv": [ 0.333, 2.667, 5, 7.333 ], "texture": "#1" }
			}
		},
		{
			"__comment": "Element",
			"from": [ 9, -1.305, 12.175 ],
			"to": [ 9.96, -0.345, 12.176 ],
			"rotation": { "origin": [ 9.48, -0.825, 12.175 ], "axis": "x", "angle": -22.5 },
			"faces": {
				"down": { "uv": [ 0.333, 7.333, 5, 2.667 ], "texture": "#1" },
				"up": { "uv": [ 0.333, 7.333, 5, 2.667 ], "texture": "#1", "rotation": 180 },
				"north": { "uv": [ 5, 2.667, 0.3330002, 7.333 ], "texture": "#1" },
				"south": { "uv": [ 5, 2.667, 0.3330002, 7.333 ], "texture": "#1" },
				"west": { "uv": [ 0.333, 7.333, 5, 2.667 ], "texture": "#1", "rotation": 90 },
				"east": { "uv": [ 0.333, 7.333, 5, 2.667 ], "texture": "#1", "rotation": 270 }
			}
		},
		{
			"__comment": "Element",
			"from": [ 9.2044, -1.4275, 11.395 ],
			"to": [ 9.2054, -0.4675, 12.355 ],
			"rotation": { "origin": [ 9.5, -0.825, 11.875 ], "axis": "z", "angle": -22.5 },
			"faces": {
				"down": { "uv": [ 0.333, 7.333, 5, 2.667 ], "texture": "#1", "rotation": 270 },
				"up": { "uv": [ 0.333, 7.333, 5, 2.667 ], "texture": "#1", "rotation": 270 },
				"north": { "uv": [ 0.333, 7.333, 5, 2.667 ], "texture": "#1", "rotation": 90 },
				"south": { "uv": [ 0.333, 7.333, 5, 2.667 ], "texture": "#1", "rotation": 270 },
				"west": { "uv": [ 5, 2.667, 0.3330002, 7.333 ], "texture": "#1" },
				"east": { "uv": [ 5, 2.667, 0.3330002, 7.333 ], "texture": "#1" }
			}
		},
		{
			"__comment": "Element",
			"from": [ 9.1736, -1.2826, 11.8942 ],
			"to": [ 9.7176, -0.6298, 11.8952 ],
			"rotation": { "origin": [ 9.4456, -0.9562, 11.8942 ], "axis": "y", "angle": -45 },
			"faces": {
				"down": { "uv": [ 5.334, 0.3339996, 7.665, 3.334 ], "texture": "#1", "rotation": 180 },
				"up": { "uv": [ 5.334, 0.3339996, 7.665, 3.334 ], "texture": "#1", "rotation": 180 },
				"north": { "uv": [ 5.334, 0.3339996, 7.665, 3.334 ], "texture": "#1" },
				"south": { "uv": [ 5.334, 0.3339996, 7.665, 3.334 ], "texture": "#1" },
				"west": { "uv": [ 5.334, 0.3339996, 7.665, 3.334 ], "texture": "#1" },
				"east": { "uv": [ 5.334, 0.3339996, 7.665, 3.334 ], "texture": "#1" }
			}
		},
		{
			"__comment": "Element",
			"from": [ 9.1736, -1.2826, 11.8942 ],
			"to": [ 9.7176, -0.6298, 11.8952 ],
			"faces": {
				"down": { "uv": [ 5.334, 0.3339996, 7.665, 3.334 ], "texture": "#1", "rotation": 180 },
				"up": { "uv": [ 5.334, 0.3339996, 7.665, 3.334 ], "texture": "#1", "rotation": 180 },
				"north": { "uv": [ 5.334, 0.3339996, 7.665, 3.334 ], "texture": "#1" },
				"south": { "uv": [ 5.334, 0.3339996, 7.665, 3.334 ], "texture": "#1" },
				"west": { "uv": [ 5.334, 0.3339996, 7.665, 3.334 ], "texture": "#1" },
				"east": { "uv": [ 5.334, 0.3339996, 7.665, 3.334 ], "texture": "#1" }
			}
		},
		{
			"__comment": "Element",
			"from": [ 9.4456, -1.2826, 11.6222 ],
			"to": [ 9.4466, -0.6298, 12.1662 ],
			"faces": {
				"down": { "uv": [ 5.334, 0.3339996, 7.665, 3.334 ], "texture": "#1", "rotation": 90 },
				"up": { "uv": [ 5.334, 0.3339996, 7.665, 3.334 ], "texture": "#1", "rotation": 270 },
				"north": { "uv": [ 5.334, 0.3339996, 7.665, 3.334 ], "texture": "#1" },
				"south": { "uv": [ 5.334, 0.3339996, 7.665, 3.334 ], "texture": "#1" },
				"west": { "uv": [ 5.334, 0.3339996, 7.665, 3.334 ], "texture": "#1" },
				"east": { "uv": [ 5.334, 0.3339996, 7.665, 3.334 ], "texture": "#1" }
			}
		},
		{
			"__comment": "Element",
			"from": [ 9.4456, -1.2826, 11.6222 ],
			"to": [ 9.4466, -0.6298, 12.1662 ],
			"rotation": { "origin": [ 9.4456, -0.9562, 11.8942 ], "axis": "y", "angle": -45 },
			"faces": {
				"down": { "uv": [ 5.334, 0.3339996, 7.665, 3.334 ], "texture": "#1", "rotation": 90 },
				"up": { "uv": [ 5.334, 0.3339996, 7.665, 3.334 ], "texture": "#1", "rotation": 270 },
				"north": { "uv": [ 5.334, 0.3339996, 7.665, 3.334 ], "texture": "#1" },
				"south": { "uv": [ 5.334, 0.3339996, 7.665, 3.334 ], "texture": "#1" },
				"west": { "uv": [ 5.334, 0.3339996, 7.665, 3.334 ], "texture": "#1" },
				"east": { "uv": [ 5.334, 0.3339996, 7.665, 3.334 ], "texture": "#1" }
			}
		},
		{
			"__comment": "Element",
			"from": [ -1.4, -1.3308, -1.0948 ],
			"to": [ -0.296, -0.2268, -1.0938 ],
			"rotation": { "origin": [ -0.848, -0.77875, -1.09475 ], "axis": "x", "angle": 22.5 },
			"faces": {
				"down": { "uv": [ 0.333, 2.667, 5, 7.333 ], "texture": "#1" },
				"up": { "uv": [ 0.333, 2.667, 5, 7.333 ], "texture": "#1", "rotation": 180 },
				"north": { "uv": [ 0.333, 2.667, 5, 7.333 ], "texture": "#1" },
				"south": { "uv": [ 0.333, 2.667, 5, 7.333 ], "texture": "#1" },
				"west": { "uv": [ 0.333, 2.667, 5, 7.333 ], "texture": "#1", "rotation": 90 },
				"east": { "uv": [ 0.333, 2.667, 5, 7.333 ], "texture": "#1", "rotation": 270 }
			}
		},
		{
			"__comment": "Element",
			"from": [ -0.6, -1.4716, -1.3707 ],
			"to": [ -0.599, -0.3676, -0.2667 ],
			"rotation": { "origin": [ -0.94, -0.77875, -0.81875 ], "axis": "z", "angle": 22.5 },
			"faces": {
				"down": { "uv": [ 0.333, 2.667, 5, 7.333 ], "texture": "#1", "rotation": 270 },
				"up": { "uv": [ 0.333, 2.667, 5, 7.333 ], "texture": "#1", "rotation": 270 },
				"north": { "uv": [ 0.333, 2.667, 5, 7.333 ], "texture": "#1", "rotation": 90 },
				"south": { "uv": [ 0.333, 2.667, 5, 7.333 ], "texture": "#1", "rotation": 270 },
				"west": { "uv": [ 0.333, 2.667, 5, 7.333 ], "texture": "#1" },
				"east": { "uv": [ 0.333, 2.667, 5, 7.333 ], "texture": "#1" }
			}
		},
		{
			"__comment": "Element",
			"from": [ -1.4, -1.3308, -0.4738 ],
			"to": [ -0.296, -0.2268, -0.4728 ],
			"rotation": { "origin": [ -0.848, -0.77875, -0.47375 ], "axis": "x", "angle": -22.5 },
			"faces": {
				"down": { "uv": [ 0.333, 7.333, 5, 2.667 ], "texture": "#1" },
				"up": { "uv": [ 0.333, 7.333, 5, 2.667 ], "texture": "#1", "rotation": 180 },
				"north": { "uv": [ 5, 2.667, 0.3330002, 7.333 ], "texture": "#1" },
				"south": { "uv": [ 5, 2.667, 0.3330002, 7.333 ], "texture": "#1" },
				"west": { "uv": [ 0.333, 7.333, 5, 2.667 ], "texture": "#1", "rotation": 90 },
				"east": { "uv": [ 0.333, 7.333, 5, 2.667 ], "texture": "#1", "rotation": 270 }
			}
		},
		{
			"__comment": "Element",
			"from": [ -1.165, -1.4716, -1.3707 ],
			"to": [ -1.164, -0.3676, -0.2667 ],
			"rotation": { "origin": [ -0.825, -0.77875, -0.81875 ], "axis": "z", "angle": -22.5 },
			"faces": {
				"down": { "uv": [ 0.333, 7.333, 5, 2.667 ], "texture": "#1", "rotation": 270 },
				"up": { "uv": [ 0.333, 7.333, 5, 2.667 ], "texture": "#1", "rotation": 270 },
				"north": { "uv": [ 0.333, 7.333, 5, 2.667 ], "texture": "#1", "rotation": 90 },
				"south": { "uv": [ 0.333, 7.333, 5, 2.667 ], "texture": "#1", "rotation": 270 },
				"west": { "uv": [ 5, 2.667, 0.3330002, 7.333 ], "texture": "#1" },
				"east": { "uv": [ 5, 2.667, 0.3330002, 7.333 ], "texture": "#1" }
			}
		},
		{
			"__comment": "Element",
			"from": [ -1.2004, -1.305, -0.7967 ],
			"to": [ -0.5748001, -0.5542799, -0.7957 ],
			"rotation": { "origin": [ -0.88756, -0.92963, -0.79667 ], "axis": "y", "angle": -45 },
			"faces": {
				"down": { "uv": [ 5.334, 0.3339996, 7.665, 3.334 ], "texture": "#1", "rotation": 180 },
				"up": { "uv": [ 5.334, 0.3339996, 7.665, 3.334 ], "texture": "#1", "rotation": 180 },
				"north": { "uv": [ 5.334, 0.3339996, 7.665, 3.334 ], "texture": "#1" },
				"south": { "uv": [ 5.334, 0.3339996, 7.665, 3.334 ], "texture": "#1" },
				"west": { "uv": [ 5.334, 0.3339996, 7.665, 3.334 ], "texture": "#1" },
				"east": { "uv": [ 5.334, 0.3339996, 7.665, 3.334 ], "texture": "#1" }
			}
		},
		{
			"__comment": "Element",
			"from": [ -1.2004, -1.305, -0.7967 ],
			"to": [ -0.5748001, -0.5542799, -0.7957 ],
			"faces": {
				"down": { "uv": [ 5.334, 0.3339996, 7.665, 3.334 ], "texture": "#1", "rotation": 180 },
				"up": { "uv": [ 5.334, 0.3339996, 7.665, 3.334 ], "texture": "#1", "rotation": 180 },
				"north": { "uv": [ 5.334, 0.3339996, 7.665, 3.334 ], "texture": "#1" },
				"south": { "uv": [ 5.334, 0.3339996, 7.665, 3.334 ], "texture": "#1" },
				"west": { "uv": [ 5.334, 0.3339996, 7.665, 3.334 ], "texture": "#1" },
				"east": { "uv": [ 5.334, 0.3339996, 7.665, 3.334 ], "texture": "#1" }
			}
		},
		{
			"__comment": "Element",
			"from": [ -0.8876, -1.305, -1.1095 ],
			"to": [ -0.8866, -0.5542799, -0.4839 ],
			"faces": {
				"down": { "uv": [ 5.334, 0.3339996, 7.665, 3.334 ], "texture": "#1", "rotation": 90 },
				"up": { "uv": [ 5.334, 0.3339996, 7.665, 3.334 ], "texture": "#1", "rotation": 270 },
				"north": { "uv": [ 5.334, 0.3339996, 7.665, 3.334 ], "texture": "#1" },
				"south": { "uv": [ 5.334, 0.3339996, 7.665, 3.334 ], "texture": "#1" },
				"west": { "uv": [ 5.334, 0.3339996, 7.665, 3.334 ], "texture": "#1" },
				"east": { "uv": [ 5.334, 0.3339996, 7.665, 3.334 ], "texture": "#1" }
			}
		},
		{
			"__comment": "Element",
			"from": [ -0.8876, -1.305, -1.1095 ],
			"to": [ -0.8866, -0.5542799, -0.4839 ],
			"rotation": { "origin": [ -0.88756, -0.92963, -0.79667 ], "axis": "y", "angle": -45 },
			"faces": {
				"down": { "uv": [ 5.334, 0.3339996, 7.665, 3.334 ], "texture": "#1", "rotation": 90 },
				"up": { "uv": [ 5.334, 0.3339996, 7.665, 3.334 ], "texture": "#1", "rotation": 270 },
				"north": { "uv": [ 5.334, 0.3339996, 7.665, 3.334 ], "texture": "#1" },
				"south": { "uv": [ 5.334, 0.3339996, 7.665, 3.334 ], "texture": "#1" },
				"west": { "uv": [ 5.334, 0.3339996, 7.665, 3.334 ], "texture": "#1" },
				"east": { "uv": [ 5.334, 0.3339996, 7.665, 3.334 ], "texture": "#1" }
			}
		},
		{
			"__comment": "Element",
			"from": [ -7.3218, -1.4686, -4.5823 ],
			"to": [ -5.98596, -0.1327599, -4.5813 ],
			"rotation": { "origin": [ -6.6882, -0.74807, -4.21689 ], "axis": "x", "angle": 22.5 },
			"faces": {
				"down": { "uv": [ 0.333, 2.667, 5, 7.333 ], "texture": "#1" },
				"up": { "uv": [ 0.333, 2.667, 5, 7.333 ], "texture": "#1", "rotation": 180 },
				"north": { "uv": [ 0.333, 2.667, 5, 7.333 ], "texture": "#1" },
				"south": { "uv": [ 0.333, 2.667, 5, 7.333 ], "texture": "#1" },
				"west": { "uv": [ 0.333, 2.667, 5, 7.333 ], "texture": "#1", "rotation": 90 },
				"east": { "uv": [ 0.333, 2.667, 5, 7.333 ], "texture": "#1", "rotation": 270 }
			}
		},
		{
			"__comment": "Element",
			"from": [ -6.313, -1.4726, -4.9086 ],
			"to": [ -6.312, -0.13676, -3.57276 ],
			"rotation": { "origin": [ -6.6882, -0.74807, -4.21689 ], "axis": "z", "angle": 22.5 },
			"faces": {
				"down": { "uv": [ 0.333, 2.667, 5, 7.333 ], "texture": "#1", "rotation": 270 },
				"up": { "uv": [ 0.333, 2.667, 5, 7.333 ], "texture": "#1", "rotation": 270 },
				"north": { "uv": [ 0.333, 2.667, 5, 7.333 ], "texture": "#1", "rotation": 90 },
				"south": { "uv": [ 0.333, 2.667, 5, 7.333 ], "texture": "#1", "rotation": 270 },
				"west": { "uv": [ 0.333, 2.667, 5, 7.333 ], "texture": "#1" },
				"east": { "uv": [ 0.333, 2.667, 5, 7.333 ], "texture": "#1" }
			}
		},
		{
			"__comment": "Element",
			"from": [ -7.3218, -1.4823, -3.8183 ],
			"to": [ -5.98596, -0.1464599, -3.8173 ],
			"rotation": { "origin": [ -6.6882, -0.74807, -4.21689 ], "axis": "x", "angle": -22.5 },
			"faces": {
				"down": { "uv": [ 0.333, 7.333, 5, 2.667 ], "texture": "#1" },
				"up": { "uv": [ 0.333, 7.333, 5, 2.667 ], "texture": "#1", "rotation": 180 },
				"north": { "uv": [ 5, 2.667, 0.3330002, 7.333 ], "texture": "#1" },
				"south": { "uv": [ 5, 2.667, 0.3330002, 7.333 ], "texture": "#1" },
				"west": { "uv": [ 0.333, 7.333, 5, 2.667 ], "texture": "#1", "rotation": 90 },
				"east": { "uv": [ 0.333, 7.333, 5, 2.667 ], "texture": "#1", "rotation": 270 }
			}
		},
		{
			"__comment": "Element",
			"from": [ -7.077, -1.4782, -4.9086 ],
			"to": [ -7.076, -0.14236, -3.57276 ],
			"rotation": { "origin": [ -6.6882, -0.74807, -4.21689 ], "axis": "z", "angle": -22.5 },
			"faces": {
				"down": { "uv": [ 0.333, 7.333, 5, 2.667 ], "texture": "#1", "rotation": 270 },
				"up": { "uv": [ 0.333, 7.333, 5, 2.667 ], "texture": "#1", "rotation": 270 },
				"north": { "uv": [ 0.333, 7.333, 5, 2.667 ], "texture": "#1", "rotation": 90 },
				"south": { "uv": [ 0.333, 7.333, 5, 2.667 ], "texture": "#1", "rotation": 270 },
				"west": { "uv": [ 5, 2.667, 0.3330002, 7.333 ], "texture": "#1" },
				"east": { "uv": [ 5, 2.667, 0.3330002, 7.333 ], "texture": "#1" }
			}
		},
		{
			"__comment": "Element",
			"from": [ -7.0742, -1.2935, -4.2053 ],
			"to": [ -6.31722, -0.3851299, -4.2043 ],
			"rotation": { "origin": [ -6.6882, -0.74807, -4.21689 ], "axis": "y", "angle": -45 },
			"faces": {
				"down": { "uv": [ 5.334, 0.3339996, 7.665, 3.334 ], "texture": "#1", "rotation": 180 },
				"up": { "uv": [ 5.334, 0.3339996, 7.665, 3.334 ], "texture": "#1", "rotation": 180 },
				"north": { "uv": [ 5.334, 0.3339996, 7.665, 3.334 ], "texture": "#1" },
				"south": { "uv": [ 5.334, 0.3339996, 7.665, 3.334 ], "texture": "#1" },
				"west": { "uv": [ 5.334, 0.3339996, 7.665, 3.334 ], "texture": "#1" },
				"east": { "uv": [ 5.334, 0.3339996, 7.665, 3.334 ], "texture": "#1" }
			}
		},
		{
			"__comment": "Element",
			"from": [ -7.0802, -1.2935, -4.214 ],
			"to": [ -6.323219, -0.3851299, -4.213 ],
			"faces": {
				"down": { "uv": [ 5.334, 0.3339996, 7.665, 3.334 ], "texture": "#1", "rotation": 180 },
				"up": { "uv": [ 5.334, 0.3339996, 7.665, 3.334 ], "texture": "#1", "rotation": 180 },
				"north": { "uv": [ 5.334, 0.3339996, 7.665, 3.334 ], "texture": "#1" },
				"south": { "uv": [ 5.334, 0.3339996, 7.665, 3.334 ], "texture": "#1" },
				"west": { "uv": [ 5.334, 0.3339996, 7.665, 3.334 ], "texture": "#1" },
				"east": { "uv": [ 5.334, 0.3339996, 7.665, 3.334 ], "texture": "#1" }
			}
		},
		{
			"__comment": "Element",
			"from": [ -6.7017, -1.2935, -4.5925 ],
			"to": [ -6.7007, -0.3851299, -3.83552 ],
			"faces": {
				"down": { "uv": [ 5.334, 0.3339996, 7.665, 3.334 ], "texture": "#1", "rotation": 90 },
				"up": { "uv": [ 5.334, 0.3339996, 7.665, 3.334 ], "texture": "#1", "rotation": 270 },
				"north": { "uv": [ 5.334, 0.3339996, 7.665, 3.334 ], "texture": "#1" },
				"south": { "uv": [ 5.334, 0.3339996, 7.665, 3.334 ], "texture": "#1" },
				"west": { "uv": [ 5.334, 0.3339996, 7.665, 3.334 ], "texture": "#1" },
				"east": { "uv": [ 5.334, 0.3339996, 7.665, 3.334 ], "texture": "#1" }
			}
		},
		{
			"__comment": "Element",
			"from": [ -6.6957, -1.2935, -4.5838 ],
			"to": [ -6.6947, -0.3851299, -3.82682 ],
			"rotation": { "origin": [ -6.6882, -0.74807, -4.21689 ], "axis": "y", "angle": -45 },
			"faces": {
				"down": { "uv": [ 5.334, 0.3339996, 7.665, 3.334 ], "texture": "#1", "rotation": 90 },
				"up": { "uv": [ 5.334, 0.3339996, 7.665, 3.334 ], "texture": "#1", "rotation": 270 },
				"north": { "uv": [ 5.334, 0.3339996, 7.665, 3.334 ], "texture": "#1" },
				"south": { "uv": [ 5.334, 0.3339996, 7.665, 3.334 ], "texture": "#1" },
				"west": { "uv": [ 5.334, 0.3339996, 7.665, 3.334 ], "texture": "#1" },
				"east": { "uv": [ 5.334, 0.3339996, 7.665, 3.334 ], "texture": "#1" }
			}
		},
		{
			"__comment": "Element",
			"from": [ -0.425, -7.275, -2.475 ],
			"to": [ -0.424, -1.125, 0.5 ],
			"rotation": { "origin": [ -0.425, -4.2, -0.9875 ], "axis": "y", "angle": -22.5 },
			"faces": {
				"down": { "uv": [ 9, 0.3330002, 12.666, 8 ], "texture": "#1" },
				"up": { "uv": [ 9, 0.3330002, 12.666, 8 ], "texture": "#1" },
				"north": { "uv": [ 9, 0.3330002, 12.666, 8 ], "texture": "#1" },
				"south": { "uv": [ 9, 0.3330002, 12.666, 8 ], "texture": "#1" },
				"west": { "uv": [ 9, 0.3330002, 12.666, 8 ], "texture": "#1" },
				"east": { "uv": [ 9, 0.3330002, 12.666, 8 ], "texture": "#1" }
			}
		},
		{
			"__comment": "Element",
			"from": [ -8.0125, -7.075, -4.1875 ],
			"to": [ -5.0375, -0.9250002, -4.1865 ],
			"rotation": { "origin": [ -6.525, -4, -4.1875 ], "axis": "y", "angle": 45 },
			"faces": {
				"down": { "uv": [ 9, 0.3330002, 12.666, 8 ], "texture": "#1", "rotation": 180 },
				"up": { "uv": [ 9, 0.3330002, 12.666, 8 ], "texture": "#1", "rotation": 180 },
				"north": { "uv": [ 9, 0.3330002, 12.666, 8 ], "texture": "#1", "rotation": 180 },
				"south": { "uv": [ 9, 0.3330002, 12.666, 8 ], "texture": "#1", "rotation": 180 },
				"west": { "uv": [ 9, 0.3330002, 12.666, 8 ], "texture": "#1", "rotation": 180 },
				"east": { "uv": [ 9, 0.3330002, 12.666, 8 ], "texture": "#1", "rotation": 180 }
			}
		},
		{
			"__comment": "Element",
			"from": [ 11.0125, -7.575, -1 ],
			"to": [ 13.9875, -1.425, -0.999 ],
			"faces": {
				"down": { "uv": [ 9, 0.3330002, 12.666, 8 ], "texture": "#1", "rotation": 270 },
				"up": { "uv": [ 9, 0.3330002, 12.666, 8 ], "texture": "#1", "rotation": 90 },
				"north": { "uv": [ 9, 0.3330002, 12.666, 8 ], "texture": "#1" },
				"south": { "uv": [ 9, 0.3330002, 12.666, 8 ], "texture": "#1" },
				"west": { "uv": [ 9, 0.3330002, 12.666, 8 ], "texture": "#1" },
				"east": { "uv": [ 9, 0.3330002, 12.666, 8 ], "texture": "#1" }
			}
		},
		{
			"__comment": "Element",
			"from": [ 17.55, -5.325, 14.225 ],
			"to": [ 17.551, -1.325, 16.225 ],
			"rotation": { "origin": [ 17.55, -2.25, 14.7375 ], "axis": "y", "angle": -45 },
			"faces": {
				"down": { "uv": [ 9, 0.3330002, 12.666, 8 ], "texture": "#1", "rotation": 180 },
				"up": { "uv": [ 9, 0.3330002, 12.666, 8 ], "texture": "#1", "rotation": 180 },
				"north": { "uv": [ 9, 0.3330002, 12.666, 8 ], "texture": "#1", "rotation": 180 },
				"south": { "uv": [ 9, 0.3330002, 12.666, 8 ], "texture": "#1", "rotation": 180 },
				"west": { "uv": [ 9, 0.3330002, 12.666, 8 ], "texture": "#1", "rotation": 180 },
				"east": { "uv": [ 9, 0.3330002, 12.666, 8 ], "texture": "#1", "rotation": 180 }
			}
		},
		{
			"__comment": "Element",
			"from": [ 18.3762, -4.1175, 12.4487 ],
			"to": [ 19.7762, -1.3175, 12.4497 ],
			"rotation": { "origin": [ 18.735, -1.965, 12.44875 ], "axis": "y", "angle": -45 },
			"faces": {
				"down": { "uv": [ 9, 0.3330002, 12.666, 8 ], "texture": "#1", "rotation": 270 },
				"up": { "uv": [ 9, 0.3330002, 12.666, 8 ], "texture": "#1", "rotation": 90 },
				"north": { "uv": [ 9, 0.3330002, 12.666, 8 ], "texture": "#1", "rotation": 180 },
				"south": { "uv": [ 9, 0.3330002, 12.666, 8 ], "texture": "#1", "rotation": 180 },
				"west": { "uv": [ 9, 0.3330002, 12.666, 8 ], "texture": "#1", "rotation": 180 },
				"east": { "uv": [ 9, 0.3330002, 12.666, 8 ], "texture": "#1", "rotation": 180 }
			}
		},
		{
			"__comment": "Element",
			"from": [ 7.2275, -6.935, 23.7325 ],
			"to": [ 10.0275, -1.335, 23.7335 ],
			"rotation": { "origin": [ 9.31, -2.63, 23.7325 ], "axis": "y", "angle": -45 },
			"faces": {
				"down": { "uv": [ 9, 0.3330002, 12.666, 8 ], "texture": "#1", "rotation": 90 },
				"up": { "uv": [ 9, 0.3330002, 12.666, 8 ], "texture": "#1", "rotation": 270 },
				"north": { "uv": [ 9, 0.3330002, 12.666, 8 ], "texture": "#1", "rotation": 180 },
				"south": { "uv": [ 9, 0.3330002, 12.666, 8 ], "texture": "#1", "rotation": 180 },
				"west": { "uv": [ 9, 0.3330002, 12.666, 8 ], "texture": "#1", "rotation": 180 },
				"east": { "uv": [ 9, 0.3330002, 12.666, 8 ], "texture": "#1", "rotation": 180 }
			}
		},
		{
			"__comment": "Element",
			"from": [ 3.648, -5.808, 19.092 ],
			"to": [ 3.649, -1.328, 21.332 ],
			"faces": {
				"down": { "uv": [ 9, 0.3330002, 12.666, 8 ], "texture": "#1" },
				"up": { "uv": [ 9, 0.3330002, 12.666, 8 ], "texture": "#1" },
				"north": { "uv": [ 9, 0.3330002, 12.666, 8 ], "texture": "#1" },
				"south": { "uv": [ 9, 0.3330002, 12.666, 8 ], "texture": "#1" },
				"west": { "uv": [ 9, 0.3330002, 12.666, 8 ], "texture": "#1" },
				"east": { "uv": [ 9, 0.3330002, 12.666, 8 ], "texture": "#1" }
			}
		},
		{
			"__comment": "Element",
			"from": [ 1.848, -5.808, 9.492 ],
			"to": [ 1.849, -1.328, 11.732 ],
			"rotation": { "origin": [ 1.848, -2.364, 10.066 ], "axis": "y", "angle": -22.5 },
			"faces": {
				"down": { "uv": [ 9, 0.3330002, 12.666, 8 ], "texture": "#1" },
				"up": { "uv": [ 9, 0.3330002, 12.666, 8 ], "texture": "#1" },
				"north": { "uv": [ 9, 0.3330002, 12.666, 8 ], "texture": "#1" },
				"south": { "uv": [ 9, 0.3330002, 12.666, 8 ], "texture": "#1" },
				"west": { "uv": [ 9, 0.3330002, 12.666, 8 ], "texture": "#1" },
				"east": { "uv": [ 9, 0.3330002, 12.666, 8 ], "texture": "#1" }
			}
		},
		{
			"__comment": "Element",
			"from": [ 5.882, -5.808, 10.466 ],
			"to": [ 8.122, -1.328, 10.467 ],
			"rotation": { "origin": [ 7.548, -2.364, 10.466 ], "axis": "y", "angle": -22.5 },
			"faces": {
				"down": { "uv": [ 9, 0.3330002, 12.666, 8 ], "texture": "#1", "rotation": 90 },
				"up": { "uv": [ 9, 0.3330002, 12.666, 8 ], "texture": "#1", "rotation": 270 },
				"north": { "uv": [ 9, 0.3330002, 12.666, 8 ], "texture": "#1", "rotation": 180 },
				"south": { "uv": [ 9, 0.3330002, 12.666, 8 ], "texture": "#1", "rotation": 180 },
				"west": { "uv": [ 9, 0.3330002, 12.666, 8 ], "texture": "#1", "rotation": 180 },
				"east": { "uv": [ 9, 0.3330002, 12.666, 8 ], "texture": "#1", "rotation": 180 }
			}
		},
		{
			"__comment": "Element",
			"from": [ -0.7512, -4.0048, 5.28 ],
			"to": [ -0.7502, -1.3168, 6.624 ],
			"faces": {
				"down": { "uv": [ 9, 0.3330002, 12.666, 8 ], "texture": "#1" },
				"up": { "uv": [ 9, 0.3330002, 12.666, 8 ], "texture": "#1" },
				"north": { "uv": [ 9, 0.3330002, 12.666, 8 ], "texture": "#1", "rotation": 180 },
				"south": { "uv": [ 9, 0.3330002, 12.666, 8 ], "texture": "#1", "rotation": 180 },
				"west": { "uv": [ 9, 0.3330002, 12.666, 8 ], "texture": "#1", "rotation": 180 },
				"east": { "uv": [ 9, 0.3330002, 12.666, 8 ], "texture": "#1", "rotation": 180 }
			}
		}
	]
}