{"textures":{"texture":"painting/dutch_man","texture1":"painting/dutch_man_frame","particle":"painting/dutch_man_frame"},"elements":[{"from":[-1.6667,0,9.3333],"to":[17.66663,24.33333,9.3343],"faces":{"north":{"uv":[0,0,12.6,16],"texture":"#texture"},"east":{"uv":[6.66567,0,6.66667,16],"texture":"#texture"},"south":{"uv":[0,0,16,16],"texture":"#texture"},"west":{"uv":[9.33333,0,9.33433,16],"texture":"#texture"},"up":{"uv":[0,9.33333,16,9.33433],"texture":"#texture"},"down":{"uv":[0,6.66567,16,6.66667],"texture":"#texture"}}},{"from":[-2.6667,0,8.6667],"to":[-1.00003,24.33333,9.33337],"faces":{"north":{"uv":[1.4,1.4,2.4,15.4],"texture":"#texture1"},"east":{"uv":[0,0,0.4,14],"texture":"#texture1"},"south":{"uv":[1.4,1.4,2.4,15.4],"texture":"#texture1"},"west":{"uv":[0.4,0,0,14],"texture":"#texture1"}}},{"from":[17,0,8.6667],"to":[18.66667,24.33333,9.33337],"faces":{"north":{"uv":[0.4,1.2,1.4,15.4],"texture":"#texture1"},"east":{"uv":[0,0,0.4,14],"texture":"#texture1"},"south":{"uv":[0.4,1.2,1.4,15.4],"texture":"#texture1"},"west":{"uv":[0.4,0,0,14],"texture":"#texture1"},"up":{"uv":[0.4,1.2,1.4,15.4],"texture":"#texture1"},"down":{"uv":[1,6.66667,2.66667,7.33333],"texture":"#texture1"}}},{"from":[-2.6667,-2.3333,8.6667],"to":[18.66663,0.00003,9.33337],"faces":{"north":{"uv":[2.4,1.4,15,2.8],"texture":"#texture1"},"east":{"uv":[0,12.6,0.4,14],"texture":"#texture1"},"south":{"uv":[2.4,1.4,15,2.8],"texture":"#texture1"},"west":{"uv":[0.4,12.6,0,14],"texture":"#texture1"},"up":{"uv":[2.4,2.4,15,2.8],"texture":"#texture1"},"down":{"uv":[2.4,2.4,15,2.8],"texture":"#texture1"}}},{"from":[-2.6667,24.3333,8.6667],"to":[18.66663,26.66663,9.33337],"faces":{"north":{"uv":[0.4,0,13,1.4],"texture":"#texture1"},"east":{"uv":[0,0,0.4,1.4],"texture":"#texture1"},"south":{"uv":[0.4,0,13,1.4],"texture":"#texture1"},"west":{"uv":[0.4,0,0,1.4],"texture":"#texture1"},"up":{"uv":[13,0,0.4,0.4],"texture":"#texture1"},"down":{"uv":[0.4,0,13,0.4],"rotation":180,"texture":"#texture1"}}}]}