{"textures":{"texture":"custom/books","particle":"custom/books"},"elements":[{"from":[3,12,2.5],"to":[12.33333,13,9.16667],"faces":{"north":{"uv":[5,1.75,6.75,1.9375],"rotation":180,"texture":"#texture"},"east":{"uv":[6.9375,1.75,6.75,0.5],"rotation":90,"texture":"#texture"},"south":{"uv":[5,0.3125,6.75,0.5],"rotation":180,"texture":"#texture"},"west":{"uv":[6.9375,1.75,6.75,0.5],"rotation":270,"texture":"#texture"},"up":{"uv":[6.75,1.75,5,0.5],"texture":"#texture"},"down":{"uv":[6.75,1.75,5,0.5],"rotation":180,"texture":"#texture"}}},{"from":[2,4,4],"to":[12.5,6,11.5],"rotation":{"angle":22.5,"axis":"y","origin":[2,6,4]},"faces":{"north":{"uv":[0,8.5,2,8.125],"rotation":180,"texture":"#texture"},"east":{"uv":[2.375,8.125,2,6.75],"rotation":90,"texture":"#texture"},"south":{"uv":[0,6.75,2,6.3125],"rotation":180,"texture":"#texture"},"west":{"uv":[2.375,8.125,2,6.75],"rotation":270,"texture":"#texture"},"up":{"uv":[2,6.75,0,8.125],"rotation":180,"texture":"#texture"},"down":{"uv":[2,6.75,0,8.125],"rotation":180,"texture":"#texture"}}},{"from":[2,8,1],"to":[12.5,10,8.5],"faces":{"north":{"uv":[0,2.125,2,1.75],"rotation":180,"texture":"#texture"},"east":{"uv":[2.375,1.75,2,0.375],"rotation":90,"texture":"#texture"},"south":{"uv":[0,0.375,2,0],"rotation":180,"texture":"#texture"},"west":{"uv":[2.375,0.375,2,1.75],"rotation":90,"texture":"#texture"},"up":{"uv":[2,1.75,0,0.375],"rotation":180,"texture":"#texture"},"down":{"uv":[2,1.75,0,0.375],"rotation":180,"texture":"#texture"}}},{"from":[5.5011,13,2.0084],"to":[16.0011,15,9.5084],"rotation":{"angle":-45,"axis":"y","origin":[9.5,16,1.5]},"faces":{"north":{"uv":[0,4.625,2,4.25],"rotation":180,"texture":"#texture"},"east":{"uv":[2.375,3.875,2,2.5],"rotation":90,"texture":"#texture"},"south":{"uv":[0,2.5,2,2.125],"rotation":180,"texture":"#texture"},"west":{"uv":[2.375,3.875,2,2.5],"rotation":270,"texture":"#texture"},"up":{"uv":[0,2.5,2,3.875],"rotation":180,"texture":"#texture"},"down":{"uv":[0,2.5,2,3.875],"texture":"#texture"}}},{"from":[2.8333,15,1.5],"to":[9.49997,16,10.83333],"faces":{"north":{"uv":[6.9375,3.375,6.75,2.125],"rotation":270,"texture":"#texture"},"east":{"uv":[5,3.375,6.75,3.5625],"rotation":180,"texture":"#texture"},"south":{"uv":[6.9375,3.375,6.75,2.125],"rotation":90,"texture":"#texture"},"west":{"uv":[5,1.9375,6.75,2.125],"rotation":180,"texture":"#texture"},"up":{"uv":[6.75,3.375,5,2.125],"rotation":90,"texture":"#texture"},"down":{"uv":[6.75,3.375,5,2.125],"rotation":90,"texture":"#texture"}}},{"from":[1.5,10,1.5],"to":[12,12,9],"faces":{"north":{"uv":[11.6875,2.125,13.6875,1.75],"rotation":180,"texture":"#texture"},"east":{"uv":[14.0625,1.75,13.6875,0.375],"rotation":90,"texture":"#texture"},"south":{"uv":[11.6875,0.375,13.6875,0],"rotation":180,"texture":"#texture"},"west":{"uv":[14.0625,1.75,13.6875,0.375],"rotation":270,"texture":"#texture"},"up":{"uv":[11.6875,0.375,13.6875,1.75],"rotation":180,"texture":"#texture"},"down":{"uv":[11.6875,2.125,13.6875,3.5],"texture":"#texture"}}},{"from":[1.5,6,6.5],"to":[12,8,14],"rotation":{"angle":45,"axis":"y","origin":[1.5,8,6.5]},"faces":{"north":{"uv":[0,8.5,2,8.125],"rotation":180,"texture":"#texture"},"east":{"uv":[2.375,8.125,2,6.75],"rotation":90,"texture":"#texture"},"south":{"uv":[0,6.75,2,6.375],"rotation":180,"texture":"#texture"},"west":{"uv":[2.375,8.125,2,6.75],"rotation":270,"texture":"#texture"},"up":{"uv":[2,6.75,0,8.125],"rotation":180,"texture":"#texture"},"down":{"uv":[2,6.75,0,8.125],"rotation":180,"texture":"#texture"}}},{"from":[8.5,0,1.5],"to":[16,4,12],"faces":{"north":{"uv":[5,4.8125,4.3125,3.4375],"rotation":90,"texture":"#texture"},"east":{"uv":[2.375,3.4375,4.3125,2.75],"rotation":180,"texture":"#texture"},"south":{"uv":[5,4.8125,4.3125,3.4375],"rotation":270,"texture":"#texture"},"west":{"uv":[2.375,5.5,4.3125,4.8125],"rotation":180,"texture":"#texture"},"up":{"uv":[4.3125,3.4375,2.375,4.8125],"rotation":90,"texture":"#texture"},"down":{"uv":[4.3125,3.4375,2.375,4.8125],"rotation":90,"texture":"#texture"}}},{"from":[0.5,2,5],"to":[8,4,15.5],"faces":{"north":{"uv":[2.375,3.875,2,2.5],"rotation":270,"texture":"#texture"},"east":{"uv":[0,4.25,2,3.875],"rotation":180,"texture":"#texture"},"south":{"uv":[2.375,3.875,2,2.5],"rotation":90,"texture":"#texture"},"west":{"uv":[0,2.5,2,2.125],"rotation":180,"texture":"#texture"},"up":{"uv":[0,2.5,2,3.875],"rotation":270,"texture":"#texture"},"down":{"uv":[0,2.5,2,3.875],"rotation":270,"texture":"#texture"}}},{"from":[1,0,4.5],"to":[8.5,2,15],"rotation":{"angle":-22.5,"axis":"y","origin":[8.5,2,4.5]},"faces":{"north":{"uv":[2.375,1.75,2,0.375],"rotation":270,"texture":"#texture"},"east":{"uv":[0,2.125,2,1.75],"rotation":180,"texture":"#texture"},"south":{"uv":[2.375,1.75,2,0.375],"rotation":90,"texture":"#texture"},"west":{"uv":[0,0.375,2,0],"rotation":180,"texture":"#texture"},"up":{"uv":[2,1.75,0,0.375],"rotation":90,"texture":"#texture"},"down":{"uv":[2,1.75,0,0.375],"rotation":90,"texture":"#texture"}}},{"from":[9,1.5,0],"to":[13.5,1.501,5],"rotation":{"angle":22.5,"axis":"y","origin":[9,1.5,0]},"faces":{"north":{"uv":[10,10.499,14.5,10.5],"texture":"#texture"},"east":{"uv":[12,10.499,16,10.5],"texture":"#texture"},"west":{"uv":[0,10.499,4,10.5],"texture":"#texture"},"up":{"uv":[14.0625,1.2,15,0],"texture":"#texture"},"down":{"uv":[14.0625,1.2,15,0],"texture":"#texture"}}},{"from":[8.5,14,5],"to":[13,14.001,10],"rotation":{"angle":-22.5,"axis":"y","origin":[8.5,14,5]},"faces":{"east":{"uv":[12,10.499,16,10.5],"texture":"#texture"},"south":{"uv":[1.5,10.499,6,10.5],"texture":"#texture"},"up":{"uv":[14.0625,1.125,15,2.25],"texture":"#texture"},"down":{"uv":[14.0625,1.125,15,2.25],"texture":"#texture"}}}]}