{"textures":{"texture":"custom/books","particle":"custom/books"},"elements":[{"from":[4.6667,0,1],"to":[12.00003,1.66667,11.66667],"rotation":{"angle":22.5,"axis":"y","origin":[12,0,1]},"faces":{"north":{"uv":[2,0.375,2.375,1.75],"rotation":270,"texture":"#texture"},"east":{"uv":[0,0.375,2,0],"texture":"#texture"},"south":{"uv":[2,0.375,2.375,1.75],"rotation":90,"texture":"#texture"},"west":{"uv":[0,2.125,2,1.75],"texture":"#texture"},"up":{"uv":[0,0.375,2,1.75],"rotation":90,"texture":"#texture"},"down":{"uv":[0,0.375,2,1.75],"rotation":270,"texture":"#texture"}}},{"from":[4,1.6667,0.6667],"to":[11.33333,5.33337,11.00003],"rotation":{"angle":22.5,"axis":"y","origin":[12,0,1]},"faces":{"north":{"uv":[4.3125,0.6875,5,2.0625],"rotation":270,"texture":"#texture"},"east":{"uv":[2.375,0,4.3125,0.6875],"texture":"#texture"},"south":{"uv":[4.3125,2.0625,5,0.6875],"rotation":270,"texture":"#texture"},"west":{"uv":[2.375,2.0625,4.3125,2.75],"rotation":180,"texture":"#texture"},"up":{"uv":[2.375,0.6875,4.3125,2.0625],"rotation":90,"texture":"#texture"},"down":{"uv":[2.375,0.6875,4.3125,2.0625],"rotation":90,"texture":"#texture"}}},{"from":[5.9494,5.3333,0.7448],"to":[12.61607,6.3333,10.07813],"faces":{"north":{"uv":[6.75,0.5,6.9375,1.75],"rotation":270,"texture":"#texture"},"east":{"uv":[5,0.3125,6.75,0.5],"texture":"#texture"},"south":{"uv":[6.75,0.5,6.9375,1.75],"rotation":90,"texture":"#texture"},"west":{"uv":[5,1.75,6.75,1.9375],"texture":"#texture"},"up":{"uv":[5,0.5,6.75,1.75],"rotation":90,"texture":"#texture"},"down":{"uv":[5,0.5,6.75,1.75],"rotation":90,"texture":"#texture"}}},{"from":[9.4073,6.3333,2.5493],"to":[16.07397,7.3333,12.5493],"rotation":{"angle":-22.5,"axis":"y","origin":[12,0,1]},"faces":{"north":{"uv":[8.8125,0.1875,9,1.375],"rotation":270,"texture":"#texture"},"east":{"uv":[6.9375,0,8.8125,0.1875],"rotation":180,"texture":"#texture"},"south":{"uv":[8.8125,0.1875,9,1.375],"rotation":90,"texture":"#texture"},"west":{"uv":[6.875,1.375,8.8125,1.5625],"rotation":180,"texture":"#texture"},"up":{"uv":[6.9375,0.1875,8.8125,1.375],"rotation":90,"texture":"#texture"},"down":{"uv":[6.9375,0.1875,8.8125,1.375],"rotation":90,"texture":"#texture"}}},{"from":[6.0291,8.3333,1.58],"to":[12.36243,12.66663,11.58],"faces":{"north":{"uv":[10.875,0.8125,11.6875,2],"rotation":270,"texture":"#texture"},"east":{"uv":[9,0,10.875,0.8125],"texture":"#texture"},"south":{"uv":[11.6875,0.8125,10.875,2],"rotation":90,"texture":"#texture"},"west":{"uv":[9,2,10.875,2.8125],"rotation":180,"texture":"#texture"},"up":{"uv":[9,0.8125,10.875,2],"rotation":90,"texture":"#texture"},"down":{"uv":[9,0.8125,10.875,2],"rotation":270,"texture":"#texture"}}},{"from":[6.7466,7.3333,1.8351],"to":[13.41327,8.3333,11.8351],"faces":{"north":{"uv":[8.8125,0.1875,9,1.375],"rotation":270,"texture":"#texture"},"east":{"uv":[6.9375,0,8.8125,0.1875],"rotation":180,"texture":"#texture"},"south":{"uv":[8.8125,0.1875,9,1.375],"rotation":90,"texture":"#texture"},"west":{"uv":[6.9375,1.375,8.8125,1.5625],"rotation":180,"texture":"#texture"},"up":{"uv":[6.9375,0.1875,8.8125,1.375],"rotation":90,"texture":"#texture"},"down":{"uv":[6.9375,0.1875,8.8125,1.375],"rotation":90,"texture":"#texture"}}},{"from":[8.4645,12.6667,2.6066],"to":[15.79783,14.33337,13.27327],"rotation":{"angle":-22.5,"axis":"y","origin":[12,0,2.66667]},"faces":{"north":{"uv":[13.6875,0.375,14.0625,1.75],"rotation":90,"texture":"#texture"},"east":{"uv":[11.6875,2.125,13.6875,1.75],"texture":"#texture"},"south":{"uv":[13.6875,0.375,14.0625,1.75],"rotation":270,"texture":"#texture"},"west":{"uv":[11.6875,0.375,13.6875,0],"texture":"#texture"},"up":{"uv":[11.6875,0.375,13.6875,1.75],"rotation":270,"texture":"#texture"},"down":{"uv":[11.6875,0.375,13.6875,1.75],"rotation":90,"texture":"#texture"}}},{"from":[3.782,5.2104,2.6667],"to":[5.44867,15.87707,10.00003],"rotation":{"angle":-22.5,"axis":"z","origin":[-9.33333,11.33333,1]},"faces":{"north":{"uv":[0,0.375,2,0],"rotation":90,"texture":"#texture"},"east":{"uv":[0,0.375,2,1.75],"rotation":270,"texture":"#texture"},"south":{"uv":[0,2.125,2,1.75],"rotation":270,"texture":"#texture"},"west":{"uv":[2,1.75,0,0.375],"rotation":90,"texture":"#texture"},"up":{"uv":[2,0.375,2.375,1.75],"texture":"#texture"},"down":{"uv":[2.375,1.8125,2,0.375],"texture":"#texture"}}},{"from":[12,13.6667,6.3333],"to":[15.33333,13.6677,8.99997],"rotation":{"angle":22.5,"axis":"y","origin":[12,13.66667,6.33333]},"faces":{"east":{"uv":[8.33333,2.66567,11,2.66667],"texture":"#texture"},"south":{"uv":[13.33333,2.66567,15,2.66667],"texture":"#texture"},"up":{"uv":[14.0625,0.375,15,1.125],"rotation":270,"texture":"#texture"},"down":{"uv":[14.0625,0.375,15,1.125],"rotation":270,"texture":"#texture"}}},{"from":[10,4.3333,10.6667],"to":[13.33333,4.3343,13.33337],"rotation":{"angle":-22.5,"axis":"y","origin":[13.33333,4.33333,13.33333]},"faces":{"north":{"uv":[13.33333,2.66567,15,2.66667],"texture":"#texture"},"east":{"uv":[5,2.66567,7.66667,2.66667],"texture":"#texture"},"south":{"uv":[1,2.66567,2.66667,2.66667],"texture":"#texture"},"up":{"uv":[14.0625,0.375,15,1.125],"rotation":180,"texture":"#texture"},"down":{"uv":[14.0625,0.375,15,1.125],"rotation":180,"texture":"#texture"}}}]}