{
	"__comment": "Designed by Tacocat with Cubik Studio - https://cubik.studio",
	"textures": {
		"particle": "block/purple_glazed_terracotta",
		"texture": "block/purple_glazed_terracotta",
		"texture1": "block/magenta_glazed_terracotta"
	},
	"elements": [ 	 
		{
			"__comment": "Box1",
			"from": [ 0, 0, 0 ],
			"to": [ 16, 16, 16 ],
			"faces": {
				"down": { "uv": [ 0, 0, 16, 16 ], "texture": "#texture", "rotation": 270 },
				"up": { "uv": [ 0, 0, 16, 16 ], "texture": "#texture" },
				"north": { "uv": [ 0, 0, 16, 16 ], "texture": "#texture1" },
				"south": { "uv": [ 0, 0, 16, 16 ], "texture": "#texture1", "rotation": 180 },
				"west": { "uv": [ 0, 0, 16, 16 ], "texture": "#texture1" },
				"east": { "uv": [ 0, 0, 16, 16 ], "texture": "#texture1" }
			}
		}
	]
}