{"textures":{"texture":"block/books_1"},"elements":[{"from":[3.4645,0.0601,13.0001],"to":[10.79783,10.72677,14.66677],"faces":{"north":{"uv":[14.6,1.86667,12.46667,0.4],"rotation":90,"texture":"#texture"},"east":{"uv":[12.46667,2.26667,14.6,1.86667],"rotation":270,"texture":"#texture"},"south":{"uv":[12.46667,0.4,14.6,1.86667],"rotation":270,"texture":"#texture"},"west":{"uv":[12.46667,0.4,14.6,0],"rotation":90,"texture":"#texture"},"up":{"uv":[15,1.86667,14.6,0.4],"rotation":90,"texture":"#texture"},"down":{"uv":[14.6,0.4,15,1.86667],"rotation":270,"texture":"#texture"}}},{"from":[3.4645,0.0601,11.3335],"to":[10.79783,10.72677,13.00017],"faces":{"north":{"uv":[14.6,1.86667,12.46667,0.4],"rotation":90,"texture":"#texture"},"east":{"uv":[12.46667,2.26667,14.6,1.86667],"rotation":270,"texture":"#texture"},"south":{"uv":[12.46667,0.4,14.6,1.86667],"rotation":270,"texture":"#texture"},"west":{"uv":[12.46667,0.4,14.6,0],"rotation":90,"texture":"#texture"},"up":{"uv":[15,1.86667,14.6,0.4],"rotation":90,"texture":"#texture"},"down":{"uv":[14.6,0.4,15,1.86667],"rotation":270,"texture":"#texture"}}},{"from":[4.1312,0.0601,9.6668],"to":[11.46453,10.72677,11.33347],"faces":{"north":{"uv":[14.6,1.86667,12.46667,0.4],"rotation":90,"texture":"#texture"},"east":{"uv":[12.46667,2.26667,14.6,1.86667],"rotation":270,"texture":"#texture"},"south":{"uv":[12.46667,0.4,14.6,1.86667],"rotation":270,"texture":"#texture"},"west":{"uv":[12.46667,0.4,14.6,0],"rotation":90,"texture":"#texture"},"up":{"uv":[15,1.86667,14.6,0.4],"rotation":90,"texture":"#texture"},"down":{"uv":[14.6,0.4,15,1.86667],"rotation":270,"texture":"#texture"}}},{"from":[4.7978,0.0601,8.0001],"to":[12.13113,10.72677,9.66677],"faces":{"north":{"uv":[14.6,1.86667,12.46667,0.4],"rotation":90,"texture":"#texture"},"east":{"uv":[12.46667,2.26667,14.6,1.86667],"rotation":270,"texture":"#texture"},"south":{"uv":[12.46667,0.4,14.6,1.86667],"rotation":270,"texture":"#texture"},"west":{"uv":[12.46667,0.4,14.6,0],"rotation":90,"texture":"#texture"},"up":{"uv":[15,1.86667,14.6,0.4],"rotation":90,"texture":"#texture"},"down":{"uv":[14.6,0.4,15,1.86667],"rotation":270,"texture":"#texture"}}},{"from":[3.7978,0.0601,6.3335],"to":[11.13113,10.72677,8.00017],"faces":{"north":{"uv":[14.6,1.86667,12.46667,0.4],"rotation":90,"texture":"#texture"},"east":{"uv":[12.46667,2.26667,14.6,1.86667],"rotation":270,"texture":"#texture"},"south":{"uv":[12.46667,0.4,14.6,1.86667],"rotation":270,"texture":"#texture"},"west":{"uv":[12.46667,0.4,14.6,0],"rotation":90,"texture":"#texture"},"up":{"uv":[15,1.86667,14.6,0.4],"rotation":90,"texture":"#texture"},"down":{"uv":[14.6,0.4,15,1.86667],"rotation":270,"texture":"#texture"}}},{"from":[3.4645,4.7268,5.6668],"to":[10.79783,15.39347,7.33347],"rotation":{"angle":22.5,"axis":"x","origin":[7,15.33333,-7]},"faces":{"north":{"uv":[14.6,3.73333,12.46667,2.26667],"rotation":270,"texture":"#texture"},"east":{"uv":[12.46667,2.26667,14.6,1.86667],"rotation":270,"texture":"#texture"},"south":{"uv":[12.46667,0.4,14.6,1.86667],"rotation":270,"texture":"#texture"},"west":{"uv":[12.46667,0.4,14.6,0],"rotation":90,"texture":"#texture"},"up":{"uv":[15,1.86667,14.6,0.4],"rotation":90,"texture":"#texture"},"down":{"uv":[14.6,0.4,15,1.86667],"rotation":270,"texture":"#texture"}}},{"from":[3.4645,10.9998,5.0601],"to":[10.79783,12.66647,15.72677],"rotation":{"angle":-22.5,"axis":"y","origin":[7,25.33333,15.66667]},"faces":{"north":{"uv":[2.53333,1.86667,2.13333,0.4],"rotation":270,"texture":"#texture"},"east":{"uv":[0,2.26667,2.13333,1.86667],"rotation":180,"texture":"#texture"},"south":{"uv":[2.53333,1.86667,2.13333,0.4],"rotation":90,"texture":"#texture"},"west":{"uv":[0,0.4,2.13333,0],"rotation":180,"texture":"#texture"},"up":{"uv":[0,0.4,2.13333,1.86667],"rotation":90,"texture":"#texture"},"down":{"uv":[0,0.4,2.13333,1.86667],"rotation":270,"texture":"#texture"}}},{"from":[5.6103,12.6664,1.4525],"to":[15.6103,14.33307,8.11917],"rotation":{"angle":-45,"axis":"y","origin":[5.66667,27,4.66667]},"faces":{"north":{"uv":[9.6,0.33333,11.6,0.73333],"rotation":180,"texture":"#texture"},"east":{"uv":[11.8,0.86667,12.2,2.13333],"rotation":90,"texture":"#texture"},"south":{"uv":[9.6,2.33333,11.6,2.73333],"rotation":180,"texture":"#texture"},"west":{"uv":[11.8,0.86667,12.2,2.13333],"rotation":270,"texture":"#texture"},"up":{"uv":[9.6,0.86667,11.6,2.2],"rotation":180,"texture":"#texture"},"down":{"uv":[9.6,0.86667,11.6,2.2],"rotation":180,"texture":"#texture"}}},{"from":[5.1869,13.3333,4.3131],"to":[8.1869,13.3343,6.97977],"rotation":{"angle":-22.5,"axis":"y","origin":[8.33333,13.33333,4.66667]},"faces":{"north":{"uv":[4.66667,2.66567,7.66667,2.66667],"texture":"#texture"},"east":{"uv":[9.66667,2.66567,11.66667,2.66667],"texture":"#texture"},"south":{"uv":[8.33333,2.66567,11.33333,2.66667],"texture":"#texture"},"west":{"uv":[4.33333,2.66567,6.33333,2.66667],"texture":"#texture"},"up":{"uv":[15.4,0.6,16,1.2],"rotation":90,"texture":"#texture"},"down":{"uv":[4.33333,8.33333,6.33333,11.33333],"rotation":270,"texture":"#texture"}}}]}