{
    "parent": "block/cube",
    "textures": {
        "corner1": "block/sandstone_corner_5",
        "corner2": "block/sandstone_corner_6",
        "smooth": "block/cut_sandstone",
        "top": "block/sandstone_top"
    },
    "elements": [{
            "from": [0, 0, 0],
            "to": [16, 16, 16],
            "faces": {
                "north": {
                    "uv": [0, 0, 16, 16],
                    "texture": "#smooth",
                    "cullface": "north"
                },
                "east": {
                    "uv": [16, 16, 0, 0],
                    "rotation": 180,
                    "texture": "#corner2",
                    "cullface": "east"
                },
                "south": {
                    "uv": [16, 0, 0, 16],
                    "texture": "#corner1",
                    "cullface": "south"
                },
                "west": {
                    "uv": [0, 0, 16, 16],
                    "texture": "#smooth",
                    "cullface": "west"
                },
                "up": {
                    "uv": [0, 0, 16, 16],
                    "texture": "#top",
                    "cullface": "up"
                },
                "down": {
                    "uv": [0, 0, 16, 16],
                    "texture": "#top",
                    "cullface": "down"
                }
            }
        }
    ],
    "display": {
        "firstperson_righthand": {
            "rotation": [0, 135, 0],
            "scale": [0.4, 0.4, 0.4]
        }
    }
}