{"textures":{"0":"modelengine:entity/beast"},"elements":[{"from":[2.8571424,3.4285712,5.714286],"to":[13.142858,12.571428,16.0],"rotation":{"angle":-45.0,"axis":"x","origin":[8.0,0.5714283,8.0]},"faces":{"east":{"uv":[2.25,2.5,3.375,3.5],"rotation":0,"texture":"#0","tintindex":0},"south":{"uv":[3.25,1.125,4.375,2.125],"rotation":0,"texture":"#0","tintindex":0},"north":{"uv":[1.125,2.5,2.25,3.5],"rotation":0,"texture":"#0","tintindex":0},"west":{"uv":[3.375,0.0,4.5,1.0],"rotation":0,"texture":"#0","tintindex":0},"up":{"uv":[3.375,1.125,2.25,0.0],"rotation":0,"texture":"#0","tintindex":0},"down":{"uv":[1.125,2.5,0.0,3.625],"rotation":0,"texture":"#0","tintindex":0}}}],"display":{"head":{"translation":[0.0,-6.4,0.0],"scale":[4.0,4.0,4.0]}}}