{"credit":"Made with Blockbench","display":{"gui":{"rotation":[30,135,0],"scale":[0.65,0.65,0.65],"translation":[0,-0.75,0]},"head":{"scale":[1.71,1.71,1.71],"translation":[0,6.5,0]}},"elements":[{"faces":{"down":{"texture":"#0","uv":[2.75,3.5,3,3.75]},"east":{"texture":"#0","uv":[2,0,4,1.25]},"north":{"texture":"#0","uv":[2,0,4,1.25]},"south":{"texture":"#0","uv":[2,0,4,1.25]},"up":{"rotation":180,"texture":"#0","uv":[0,1.75,2,3.75]},"west":{"texture":"#0","uv":[2,0,4,1.25]}},"from":[4,8,4],"to":[12,13,12]},{"faces":{"north":{"texture":"#0","uv":[0,0,2,1]},"south":{"texture":"#0","uv":[0,0,2,1]}},"from":[4,5,4],"rotation":{"angle":45,"axis":"x","origin":[8,9,4]},"to":[12,9,4]},{"faces":{"north":{"texture":"#0","uv":[0,1,1.5,1.75]},"south":{"texture":"#0","uv":[1.5,1,0,1.75]}},"from":[12,7,3.9],"rotation":{"angle":45,"axis":"z","origin":[12,8.5,4]},"to":[18,10,3.9]},{"faces":{"north":{"texture":"#0","uv":[1.5,1,0,1.75]},"south":{"texture":"#0","uv":[0,1,1.5,1.75]}},"from":[-2,7,3.9],"rotation":{"angle":-45,"axis":"z","origin":[4,8.5,4]},"to":[4,10,3.9]},{"faces":{"north":{"texture":"#0","uv":[4,0,7.5,3]},"south":{"texture":"#0","uv":[4,0,7.5,3]}},"from":[1,11,3.8],"rotation":{"angle":0,"axis":"x","origin":[8,9,4]},"to":[15,23,3.8]},{"faces":{"east":{"texture":"#0","uv":[2,1.25,4,3.75]},"west":{"texture":"#0","uv":[2,1.25,4,3.75]}},"from":[12,-1,4],"rotation":{"angle":22.5,"axis":"z","origin":[12,9,8]},"to":[12,9,12]},{"faces":{"east":{"texture":"#0","uv":[2,1.25,4,3.75]},"west":{"texture":"#0","uv":[2,1.25,4,3.75]}},"from":[4,-1,4],"rotation":{"angle":-22.5,"axis":"z","origin":[4,9,8]},"to":[4,9,12]},{"faces":{"north":{"texture":"#0","uv":[0,4,3,6.5]},"south":{"texture":"#0","uv":[0,4,3,6.5]}},"from":[2,-1,12],"rotation":{"angle":-22.5,"axis":"x","origin":[8,9,12]},"to":[14,9,12]},{"faces":{"north":{"texture":"#0","tintindex":0,"uv":[9,1,7.5,1.75]},"south":{"texture":"#0","tintindex":0,"uv":[7.5,1,9,1.75]}},"from":[-2,7,3.9],"rotation":{"angle":-45,"axis":"z","origin":[4,8.5,4]},"to":[4,10,3.9]},{"faces":{"north":{"texture":"#0","tintindex":0,"uv":[7.5,1,9,1.75]},"south":{"texture":"#0","tintindex":0,"uv":[9,1,7.5,1.75]}},"from":[12,7,3.9],"rotation":{"angle":45,"axis":"z","origin":[12,8.5,4]},"to":[18,10,3.9]},{"faces":{"north":{"texture":"#0","tintindex":0,"uv":[7.5,0,9.5,1]},"south":{"texture":"#0","tintindex":0,"uv":[7.5,0,9.5,1]}},"from":[4,5,4],"rotation":{"angle":45,"axis":"x","origin":[8,9,4]},"to":[12,9,4]},{"faces":{"north":{"texture":"#0","tintindex":0,"uv":[11.5,0,15,3]},"south":{"texture":"#0","tintindex":0,"uv":[11.5,0,15,3]}},"from":[1,11,3.8],"rotation":{"angle":0,"axis":"x","origin":[8,9,4]},"to":[15,23,3.8]},{"faces":{"down":{"texture":"#0","tintindex":0,"uv":[0.25,2,0.5,2.25]},"east":{"texture":"#0","tintindex":0,"uv":[9.5,0,11.5,1.25]},"north":{"texture":"#0","tintindex":0,"uv":[9.5,0,11.5,1.25]},"south":{"texture":"#0","tintindex":0,"uv":[9.5,0,11.5,1.25]},"up":{"rotation":180,"texture":"#0","tintindex":0,"uv":[7.5,1.75,9.5,3.75]},"west":{"texture":"#0","tintindex":0,"uv":[9.5,0,11.5,1.25]}},"from":[4,8,4],"to":[12,13,12]},{"faces":{"east":{"texture":"#0","tintindex":0,"uv":[9.5,1.25,11.5,3.75]},"west":{"texture":"#0","tintindex":0,"uv":[9.5,1.25,11.5,3.75]}},"from":[4,-1,4],"rotation":{"angle":-22.5,"axis":"z","origin":[4,9,8]},"to":[4,9,12]},{"faces":{"east":{"texture":"#0","tintindex":0,"uv":[9.5,1.25,11.5,3.75]},"west":{"texture":"#0","tintindex":0,"uv":[9.5,1.25,11.5,3.75]}},"from":[12,-1,4],"rotation":{"angle":22.5,"axis":"z","origin":[12,9,8]},"to":[12,9,12]},{"faces":{"north":{"texture":"#0","tintindex":0,"uv":[7.5,4,10.5,6.5]},"south":{"texture":"#0","tintindex":0,"uv":[7.5,4,10.5,6.5]}},"from":[2,-1,12],"rotation":{"angle":-22.5,"axis":"x","origin":[8,9,12]},"to":[14,9,12]}],"groups":[0,1,2,3,4,5,6,7,{"children":[8,9,10,11,12,13,14,15],"name":"group","origin":[12,8.5,-8]}],"texture_size":[64,64],"textures":{"0":"custom/cosmetics/samurai/samurai_hat","particle":"custom/cosmetics/samurai/samurai_hat"}}