{"credit":"Made with Blockbench","display":{"firstperson_lefthand":{"rotation":[129,-180,1],"translation":[9.75,-5,-0.75]},"firstperson_righthand":{"rotation":[129,-5,1],"translation":[9.75,-5,-0.75]},"gui":{"rotation":[27,32,-35],"scale":[0.96,0.96,0.96],"translation":[0,1,0]},"thirdperson_lefthand":{"rotation":[90,-180,0],"scale":[1.02,1.02,1.02],"translation":[0,-2,8]},"thirdperson_righthand":{"rotation":[90,0,0],"scale":[1.02,1.02,1.02],"translation":[0,-2,8]}},"elements":[{"faces":{"east":{"texture":"#0","uv":[0,3,3,5.5]},"north":{"texture":"#0","uv":[3,3,6,5.5]},"south":{"texture":"#0","uv":[6,3,3,5.5]},"up":{"rotation":180,"texture":"#0","uv":[3,0,6,3]},"west":{"texture":"#0","uv":[0,3,3,5.5]}},"from":[6,8,5],"to":[12,13,11]},{"faces":{"down":{"texture":"#0","uv":[3,0,6,3]},"east":{"rotation":180,"texture":"#0","uv":[0,3,3,5.5]},"north":{"rotation":180,"texture":"#0","uv":[3,3,6,5.5]},"south":{"rotation":180,"texture":"#0","uv":[6,3,3,5.5]},"west":{"rotation":180,"texture":"#0","uv":[0,3,3,5.5]}},"from":[12,13,11],"to":[6,8,5]},{"faces":{"north":{"texture":"#0","uv":[6,0,8,4]},"south":{"texture":"#0","uv":[8,0,6,4]}},"from":[11,9,8],"to":[15,17,8]},{"faces":{"north":{"texture":"#0","uv":[2.5,9,4.5,13.5]},"south":{"texture":"#0","uv":[4.5,9,2.5,13.5]}},"from":[8.5,0,8],"to":[12.5,9,8]},{"faces":{"down":{"rotation":180,"texture":"#0","uv":[0,9,2.5,11.5]},"east":{"texture":"#0","uv":[0,5.5,2.5,9]},"north":{"texture":"#0","uv":[2.5,5.5,5,9]},"south":{"texture":"#0","uv":[5,5.5,2.5,9]},"up":{"texture":"#0","uv":[7,5.5,7.5,6]},"west":{"texture":"#0","uv":[5,5.5,7.5,9]}},"from":[5.5,-1,5.5],"to":[10.5,6,10.5]},{"faces":{"north":{"texture":"#0","tintindex":0,"uv":[10.5,3,13.5,5.5]},"south":{"texture":"#0","tintindex":0,"uv":[13.5,3,10.5,5.5]},"up":{"rotation":180,"texture":"#0","tintindex":0,"uv":[10.5,0,13.5,3]}},"from":[6,8,5],"to":[12,13,11]},{"faces":{"down":{"texture":"#0","tintindex":0,"uv":[10.5,0,13.5,3]},"north":{"rotation":180,"texture":"#0","tintindex":0,"uv":[10.5,3,13.5,5.5]},"south":{"rotation":180,"texture":"#0","tintindex":0,"uv":[13.5,3,10.5,5.5]}},"from":[12,13,11],"to":[6,8,5]},{"faces":{"east":{"texture":"#0","tintindex":0,"uv":[7.5,5.5,10,9]},"north":{"texture":"#0","tintindex":0,"uv":[7.5,5.5,10,9]},"south":{"texture":"#0","tintindex":0,"uv":[7.5,5.5,10,9]},"west":{"texture":"#0","tintindex":0,"uv":[7.5,5.5,10,9]}},"from":[5.5,-1,5.5],"to":[10.5,6,10.5]}],"groups":[0,1,2,3,4,{"children":[5,6,7],"name":"group","origin":[0,0,0]}],"texture_size":[32,32],"textures":{"0":"custom/cosmetics/samurai/samurai_gauntlet","particle":"custom/cosmetics/samurai/samurai_gauntlet"}}