{"credit":"Made with Blockbench","display":{"head":{"scale":[1.6,1.6,1.6],"translation":[0,-3,0]}},"elements":[{"faces":{"east":{"texture":"#0","uv":[8,2.5,6.5,3.5]},"up":{"rotation":90,"texture":"#0","uv":[6.5,0.5,8,2]},"west":{"texture":"#0","uv":[6.5,2.5,8,3.5]}},"from":[6.5,6,13],"rotation":{"angle":22.5,"axis":"x","origin":[8,8,8]},"to":[9.5,8,16]},{"faces":{"down":{"rotation":90,"texture":"#0","uv":[6.5,0.5,8,2]},"east":{"texture":"#0","uv":[6.5,3.5,8,2.5]},"west":{"texture":"#0","uv":[8,3.5,6.5,2.5]}},"from":[9.5,8,16],"rotation":{"angle":22.5,"axis":"x","origin":[8,8,8]},"to":[6.5,6,13]},{"faces":{"down":{"rotation":270,"texture":"#0","uv":[0,5.5,3.5,8]},"east":{"texture":"#0","uv":[6.5,2.5,3,5]},"north":{"texture":"#0","uv":[3.5,5.5,6,8]},"south":{"rotation":90,"texture":"#0","uv":[6,5.5,8.5,8]},"up":{"rotation":90,"texture":"#0","uv":[3,0,6.5,2.5]},"west":{"texture":"#0","uv":[3,2.5,6.5,5]}},"from":[5.5,3,6],"rotation":{"angle":22.5,"axis":"x","origin":[8,8,8]},"to":[10.5,8,13]},{"faces":{"north":{"rotation":180,"texture":"#0","uv":[7,4.5,7.5,5.5]},"up":{"texture":"#0","uv":[6.5,5,7,5.5]}},"from":[10,2,10],"rotation":{"angle":0,"axis":"y","origin":[17,8,17]},"to":[9,0,9]},{"faces":{"down":{"texture":"#0","uv":[6.5,5,7,5.5]},"south":{"texture":"#0","uv":[7,4.5,7.5,5.5]}},"from":[9,0,9],"rotation":{"angle":0,"axis":"y","origin":[17,8,17]},"to":[10,2,10]},{"faces":{"north":{"rotation":180,"texture":"#0","uv":[7,4.5,7.5,5.5]},"up":{"texture":"#0","uv":[6.5,5,7,5.5]}},"from":[7,2,10],"rotation":{"angle":0,"axis":"y","origin":[14,8,17]},"to":[6,0,9]},{"faces":{"down":{"texture":"#0","uv":[6.5,5,7,5.5]},"south":{"texture":"#0","uv":[7,4.5,7.5,5.5]}},"from":[6,0,9],"rotation":{"angle":0,"axis":"y","origin":[14,8,17]},"to":[7,2,10]},{"faces":{"down":{"rotation":180,"texture":"#0","uv":[0,2,1.5,3.5]},"east":{"texture":"#0","uv":[3,2,1.5,3.5]},"north":{"texture":"#0","uv":[0,0.5,1.5,2]},"south":{"texture":"#0","uv":[6,4,6.5,4.5]},"up":{"rotation":90,"texture":"#0","uv":[1.5,0.5,3,2]},"west":{"texture":"#0","uv":[1.5,2,3,3.5]}},"from":[6.5,6,3],"rotation":{"angle":0,"axis":"y","origin":[8,9,9]},"to":[9.5,9,6]},{"faces":{"down":{"texture":"#0","uv":[1,0,2,0.5]},"east":{"texture":"#0","uv":[1,0,2,0.5]},"north":{"texture":"#0","uv":[1,0,2,0.5]},"south":{"texture":"#0","uv":[1,0,2,0.5]},"up":{"texture":"#0","uv":[1,0,2,0.5]},"west":{"texture":"#0","uv":[1,0,2,0.5]}},"from":[7,6,2],"rotation":{"angle":0,"axis":"y","origin":[8,9,9]},"to":[9,7,3]}],"groups":[{"children":[{"children":[0,1,2],"name":"group","origin":[8,8,8]},{"children":[3,4],"name":"group","origin":[8,8,8]},{"children":[5,6],"name":"group","origin":[8,8,8]}],"name":"group","origin":[8,8,8]},{"children":[7,8],"name":"group","origin":[8,8,8]}],"textures":{"0":"custom/entities/birds/blue_jay","particle":"custom/entities/birds/blue_jay"}}