{"credit":"Made with Blockbench","display":{"firstperson_lefthand":{"translation":[2.75,5.25,0]},"firstperson_righthand":{"translation":[2.75,5.25,0]},"ground":{"translation":[0,2.75,0]},"gui":{"rotation":[0,90,0],"scale":[2,2,2],"translation":[-1.5,3.75,0]},"head":{"scale":[1.6,1.6,1.6]},"thirdperson_lefthand":{"rotation":[96,-124,-54],"translation":[-5.5,1.25,12]},"thirdperson_righthand":{"rotation":[96,54,-54],"translation":[-6.75,-5.25,12]}},"elements":[{"faces":{"down":{"rotation":270,"texture":"#0","uv":[8.5,1,12,1.5]},"east":{"texture":"#0","uv":[12,0,8.5,1.5]},"north":{"texture":"#0","uv":[8.5,0,9,1.5]},"south":{"texture":"#0","uv":[11.5,0,12,1.5]},"up":{"rotation":270,"texture":"#0","uv":[8.5,0,12,0.5]},"west":{"texture":"#0","uv":[8.5,0,12,1.5]}},"from":[7.5,5,6],"rotation":{"angle":22.5,"axis":"x","origin":[8,8,8]},"to":[8.5,8,13]}],"groups":[{"children":[{"children":[0],"name":"group","origin":[8,8,8]}],"name":"group","origin":[8,8,8]}],"textures":{"0":"custom/entities/birds/cardinal","particle":"custom/entities/birds/cardinal"}}