{"credit":"Made with Blockbench","display":{"firstperson_lefthand":{"translation":[2.25,3.75,0]},"firstperson_righthand":{"translation":[2.25,3.75,0]},"ground":{"translation":[0,4.5,0]},"gui":{"rotation":[30,135,0],"translation":[-0.5,1.75,0]},"head":{"scale":[1.6,1.6,1.6]},"thirdperson_lefthand":{"rotation":[90,0,0],"translation":[-6,-4.25,12.5]},"thirdperson_righthand":{"rotation":[90,0,0],"translation":[-6,-4.25,12.5]}},"elements":[{"faces":{"down":{"rotation":270,"texture":"#0","uv":[8.5,1,12,1.5]},"east":{"texture":"#0","uv":[12,0,8.5,1.5]},"north":{"texture":"#0","uv":[8.5,0,9,1.5]},"south":{"texture":"#0","uv":[11.5,0,12,1.5]},"up":{"rotation":270,"texture":"#0","uv":[8.5,0,12,0.5]},"west":{"texture":"#0","uv":[8.5,0,12,1.5]}},"from":[4.5,5,6],"rotation":{"angle":22.5,"axis":"x","origin":[8,8,8]},"to":[5.5,8,13]},{"faces":{"down":{"rotation":270,"texture":"#0","uv":[8.5,1,12,1.5]},"east":{"texture":"#0","uv":[12,0,8.5,1.5]},"north":{"texture":"#0","uv":[8.5,0,9,1.5]},"south":{"texture":"#0","uv":[11.5,0,12,1.5]},"up":{"rotation":270,"texture":"#0","uv":[8.5,0,12,0.5]},"west":{"texture":"#0","uv":[8.5,0,12,1.5]}},"from":[10.5,5,6],"rotation":{"angle":22.5,"axis":"x","origin":[8,8,8]},"to":[11.5,8,13]},{"faces":{"east":{"texture":"#0","uv":[8,2.5,6.5,3.5]},"up":{"rotation":90,"texture":"#0","uv":[6.5,0.5,8,2]},"west":{"texture":"#0","uv":[6.5,2.5,8,3.5]}},"from":[6.5,6,13],"rotation":{"angle":22.5,"axis":"x","origin":[8,8,8]},"to":[9.5,8,16]},{"faces":{"down":{"rotation":90,"texture":"#0","uv":[6.5,0.5,8,2]},"east":{"texture":"#0","uv":[6.5,3.5,8,2.5]},"west":{"texture":"#0","uv":[8,3.5,6.5,2.5]}},"from":[9.5,8,16],"rotation":{"angle":22.5,"axis":"x","origin":[8,8,8]},"to":[6.5,6,13]},{"faces":{"down":{"rotation":270,"texture":"#0","uv":[0,5.5,3.5,8]},"east":{"texture":"#0","uv":[6.5,2.5,3,5]},"north":{"texture":"#0","uv":[3.5,5.5,6,8]},"south":{"rotation":90,"texture":"#0","uv":[6,5.5,8.5,8]},"up":{"rotation":90,"texture":"#0","uv":[3,0,6.5,2.5]},"west":{"texture":"#0","uv":[3,2.5,6.5,5]}},"from":[5.5,3,6],"rotation":{"angle":22.5,"axis":"x","origin":[8,8,8]},"to":[10.5,8,13]},{"faces":{"north":{"rotation":180,"texture":"#0","uv":[7,4.5,7.5,5.5]},"up":{"texture":"#0","uv":[6.5,5,7,5.5]}},"from":[10,2,10],"rotation":{"angle":0,"axis":"y","origin":[17,8,17]},"to":[9,0,9]},{"faces":{"down":{"texture":"#0","uv":[6.5,5,7,5.5]},"south":{"texture":"#0","uv":[7,4.5,7.5,5.5]}},"from":[9,0,9],"rotation":{"angle":0,"axis":"y","origin":[17,8,17]},"to":[10,2,10]},{"faces":{"north":{"rotation":180,"texture":"#0","uv":[7,4.5,7.5,5.5]},"up":{"texture":"#0","uv":[6.5,5,7,5.5]}},"from":[7,2,10],"rotation":{"angle":0,"axis":"y","origin":[14,8,17]},"to":[6,0,9]},{"faces":{"down":{"texture":"#0","uv":[6.5,5,7,5.5]},"south":{"texture":"#0","uv":[7,4.5,7.5,5.5]}},"from":[6,0,9],"rotation":{"angle":0,"axis":"y","origin":[14,8,17]},"to":[7,2,10]}],"groups":[{"children":[{"children":[0,1,2,3,4],"name":"group","origin":[8,8,8]},{"children":[5,6],"name":"group","origin":[8,8,8]},{"children":[7,8],"name":"group","origin":[8,8,8]}],"name":"group","origin":[8,8,8]}],"textures":{"0":"custom/entities/birds/cardinal","particle":"custom/entities/birds/cardinal"}}