{"credit":"Made with Blockbench","display":{"firstperson_lefthand":{"rotation":[0,71,0],"translation":[2.5,2,0]},"firstperson_righthand":{"rotation":[0,71,0],"translation":[2.5,2,0]},"gui":{"rotation":[30,135,0],"scale":[3,3,3],"translation":[-1,0.75,0]},"head":{"scale":[1.6,1.6,1.6],"translation":[0,-4.25,-3.25]}},"elements":[{"faces":{"down":{"rotation":180,"texture":"#0","uv":[0,2,1.5,3.5]},"east":{"texture":"#0","uv":[3,2,1.5,3.5]},"north":{"texture":"#0","uv":[0,0.5,1.5,2]},"south":{"texture":"#0","uv":[6,4,6.5,4.5]},"up":{"rotation":90,"texture":"#0","uv":[1.5,0.5,3,2]},"west":{"texture":"#0","uv":[1.5,2,3,3.5]}},"from":[6.5,6,7],"rotation":{"angle":0,"axis":"y","origin":[8,9,13]},"to":[9.5,9,10]},{"faces":{"down":{"texture":"#0","uv":[1,0,2,0.5]},"east":{"texture":"#0","uv":[1,0,2,0.5]},"north":{"texture":"#0","uv":[1,0,2,0.5]},"south":{"texture":"#0","uv":[1,0,2,0.5]},"up":{"texture":"#0","uv":[1,0,2,0.5]},"west":{"texture":"#0","uv":[1,0,2,0.5]}},"from":[7,6,6],"rotation":{"angle":0,"axis":"y","origin":[8,9,13]},"to":[9,7,7]}],"groups":[{"children":[],"name":"group","origin":[8,8,8]},{"children":[0,1],"name":"group","origin":[8,8,8]}],"textures":{"0":"custom/entities/birds/robbin","particle":"custom/entities/birds/robbin"}}