{"textures":{"0":"modelengine:entity/beast"},"elements":[{"from":[8.45116,5.714286,8.494231],"to":[8.45116,10.285714,25.06566],"rotation":{"angle":22.5,"axis":"y","origin":[6.736874,9.142858,9.0656595]},"faces":{"east":{"uv":[16.0,0.0,14.1875,0.5],"rotation":0,"texture":"#0","tintindex":0},"south":{"uv":[0.0,0.0,0.0,0.5],"rotation":0,"texture":"#0","tintindex":0},"north":{"uv":[0.0,0.0,0.0,0.5],"rotation":0,"texture":"#0","tintindex":0},"west":{"uv":[14.25,0.0,16.0625,0.5],"rotation":0,"texture":"#0","tintindex":0},"up":{"uv":[0.0,1.8125,0.0,0.0],"rotation":0,"texture":"#0","tintindex":0},"down":{"uv":[0.0,0.0,0.0,1.8125],"rotation":0,"texture":"#0","tintindex":0}}}],"display":{"head":{"translation":[0.0,-6.4,0.0],"scale":[4.0,4.0,4.0]}}}