{"textures":{"0":"modelengine:entity/beast"},"elements":[{"from":[4.0,10.285714,4.5714283],"to":[12.0,12.0,10.285714],"rotation":{"angle":-22.5,"axis":"x","origin":[8.0,4.0,18.857143]},"faces":{"east":{"uv":[7.3125,7.125,7.9375,7.3125],"rotation":0,"texture":"#0","tintindex":0},"south":{"uv":[7.3125,6.625,8.1875,6.8125],"rotation":0,"texture":"#0","tintindex":0},"north":{"uv":[7.3125,4.9375,8.1875,5.125],"rotation":0,"texture":"#0","tintindex":0},"west":{"uv":[7.4375,0.8125,8.0625,1.0],"rotation":0,"texture":"#0","tintindex":0},"up":{"uv":[4.0,6.125,3.125,5.5],"rotation":0,"texture":"#0","tintindex":0},"down":{"uv":[4.875,5.5,4.0,6.125],"rotation":0,"texture":"#0","tintindex":0}}}],"display":{"head":{"translation":[0.0,-6.4,0.0],"scale":[4.0,4.0,4.0]}}}