{
	"credit": "Made with Blockbench",
	"texture_size": [128, 128],
	"textures": {
		"0": "custom/cosmetics/hotdog/hotdog"
	},
	"elements": [
		{
			"from": [6, 3, 2],
			"to": [14, 29, 16],
			"faces": {
				"north": {"uv": [1.75, 1.75, 2.75, 5], "texture": "#0"},
				"east": {"uv": [0, 1.75, 1.75, 5], "texture": "#0"},
				"south": {"uv": [4.5, 1.75, 5.5, 5], "texture": "#0"},
				"west": {"uv": [2.75, 1.75, 4.5, 5], "texture": "#0"},
				"up": {"uv": [2.75, 1.75, 1.75, 0], "texture": "#0"},
				"down": {"uv": [3.75, 0, 2.75, 1.75], "texture": "#0"}
			}
		},
		{
			"from": [5, 1, 4],
			"to": [12, 32, 14],
			"faces": {
				"north": {"uv": [5.5, 5, 6.375, 8.875], "texture": "#0"},
				"east": {"uv": [4.25, 5, 5.5, 8.875], "texture": "#0"},
				"south": {"uv": [7.625, 5, 8.5, 8.875], "texture": "#0"},
				"west": {"uv": [6.375, 5, 7.625, 8.875], "texture": "#0"},
				"up": {"uv": [6.375, 5, 5.5, 3.75], "texture": "#0"},
				"down": {"uv": [7.25, 3.75, 6.375, 5], "texture": "#0"}
			}
		}
	],
	"display": {
		"thirdperson_righthand": {
			"rotation": [-10.27, 75.32, 8.2],
			"translation": [0, 0.5, 0.75],
			"scale": [0.16484, 0.12578, 0.17656]
		},
		"thirdperson_lefthand": {
			"rotation": [-174.74, -83.75, 170.67],
			"translation": [0, 0.5, 0.75],
			"scale": [0.16484, 0.12578, 0.17656]
		},
		"firstperson_righthand": {
			"rotation": [0, 41.25, 0],
			"translation": [17.75, -3.75, -15],
			"scale": [0.67383, 0.50195, 0.53711]
		},
		"firstperson_lefthand": {
			"rotation": [-180, -46.75, 180],
			"translation": [17.75, -3.75, -15],
			"scale": [0.67383, 0.50195, 0.53711]
		},
		"ground": {
			"translation": [-1.25, 3.5, 1],
			"scale": [0.32305, 0.325, 0.325]
		},
		"gui": {
			"rotation": [-152.92, 60.71, 164.67],
			"translation": [0.5, -3.75, 0],
			"scale": [0.5, 0.42578, 0.5]
		},
		"head": {
			"rotation": [0, -89.75, 0],
			"translation": [1.25, -61.25, 0.5],
			"scale": [1.82227, 1.41406, 1.51953]
		}
	},
	"groups": [
		{
			"name": "group",
			"origin": [8, 8, 8],
			"color": 0,
			"children": [0, 1]
		}
	]
}