{"textures":{"0":"modelengine:entity/medusa"},"elements":[{"from":[8.571428,2.2857141,6.5714283],"to":[10.285714,9.142858,9.428572],"rotation":{"angle":0.0,"axis":"y","origin":[12.571428,8.571428,8.285714]},"faces":{"east":{"uv":[6.25,9.75,5.625,11.25],"rotation":0,"texture":"#0","tintindex":0},"south":{"uv":[4.125,10.875,3.75,12.375],"rotation":0,"texture":"#0","tintindex":0},"north":{"uv":[3.75,10.875,3.375,12.375],"rotation":0,"texture":"#0","tintindex":0},"west":{"uv":[5.625,9.75,5.0,11.25],"rotation":0,"texture":"#0","tintindex":0},"up":{"uv":[10.375,12.5,10.75,11.875],"rotation":0,"texture":"#0","tintindex":0},"down":{"uv":[10.75,11.875,11.125,12.5],"rotation":0,"texture":"#0","tintindex":0}}},{"from":[8.285714,5.142857,6.285714],"to":[10.571428,6.857143,9.714286],"rotation":{"angle":0.0,"axis":"y","origin":[12.571428,8.571428,8.285714]},"faces":{"east":{"uv":[12.375,11.0,11.625,11.375],"rotation":0,"texture":"#0","tintindex":0},"south":{"uv":[12.625,4.5,12.125,4.875],"rotation":0,"texture":"#0","tintindex":0},"north":{"uv":[10.5,8.375,10.0,8.75],"rotation":0,"texture":"#0","tintindex":0},"west":{"uv":[4.125,8.625,3.375,9.0],"rotation":0,"texture":"#0","tintindex":0},"up":{"uv":[11.625,11.0,12.125,10.25],"rotation":0,"texture":"#0","tintindex":0},"down":{"uv":[11.75,0.875,12.25,1.625],"rotation":0,"texture":"#0","tintindex":0}}}],"display":{"head":{"translation":[0.0,-6.4,0.0],"scale":[4.0,4.0,4.0]}}}