{
	"credit": "Made with Blockbench",
	"texture_size": [64, 64],
	"textures": {
		"0": "custom/custom_gear/clover_gear/clover_axe",
		"particle": "clover_gear/clover_axe"
	},
	"elements": [
		{
			"from": [7, -6, 7],
			"to": [10, 0, 10],
			"faces": {
				"north": {"uv": [6, 7.75, 6.75, 9.25], "texture": "#0"},
				"east": {"uv": [6.75, 8, 7.5, 9.5], "texture": "#0"},
				"south": {"uv": [7.5, 8, 8.25, 9.5], "texture": "#0"},
				"west": {"uv": [0, 8.25, 0.75, 9.75], "texture": "#0"},
				"up": {"uv": [9, 5.5, 8.25, 4.75], "texture": "#0"},
				"down": {"uv": [9, 5.5, 8.25, 6.25], "texture": "#0"}
			}
		},
		{
			"from": [8, 0, 8],
			"to": [9, 17, 9],
			"faces": {
				"north": {"uv": [0.75, 8.25, 1, 12.5], "texture": "#0"},
				"east": {"uv": [1, 8.25, 1.25, 12.5], "texture": "#0"},
				"south": {"uv": [1.25, 8.25, 1.5, 12.5], "texture": "#0"},
				"west": {"uv": [1.5, 8.25, 1.75, 12.5], "texture": "#0"},
				"up": {"uv": [7, 8, 6.75, 7.75], "texture": "#0"},
				"down": {"uv": [8.5, 6.25, 8.25, 6.5], "texture": "#0"}
			}
		},
		{
			"from": [3, 14, 5],
			"to": [14, 21, 12],
			"faces": {
				"north": {"uv": [0, 4.75, 2.75, 6.5], "texture": "#0"},
				"east": {"uv": [6, 1.75, 7.75, 3.5], "texture": "#0"},
				"south": {"uv": [2.75, 4.75, 5.5, 6.5], "texture": "#0"},
				"west": {"uv": [6, 1.75, 7.75, 3.5], "texture": "#0"},
				"up": {"uv": [8.25, 6.5, 5.5, 4.75], "texture": "#0"},
				"down": {"uv": [8.25, 6.5, 5.5, 4.75], "texture": "#0"}
			}
		},
		{
			"from": [-4, 15, 9],
			"to": [3, 20, 9],
			"faces": {
				"north": {"uv": [5.25, 6.5, 7, 7.75], "texture": "#0"},
				"east": {"uv": [0, 0, 0, 1.25], "texture": "#0"},
				"south": {"uv": [1.75, 6.5, 3.5, 7.75], "texture": "#0"},
				"west": {"uv": [0, 0, 0, 1.25], "texture": "#0"},
				"up": {"uv": [1.75, 0, 0, 0], "texture": "#0"},
				"down": {"uv": [1.75, 0, 0, 0], "texture": "#0"}
			}
		},
		{
			"from": [-10, 8, 9],
			"to": [-4, 27, 9],
			"faces": {
				"north": {"uv": [4.5, 0, 6, 4.75], "texture": "#0"},
				"east": {"uv": [0, 0, 0, 4.75], "texture": "#0"},
				"south": {"uv": [1.5, 0, 3, 4.75], "texture": "#0"},
				"west": {"uv": [0, 0, 0, 4.75], "texture": "#0"},
				"up": {"uv": [1.5, 0, 0, 0], "texture": "#0"},
				"down": {"uv": [1.5, 0, 0, 0], "texture": "#0"}
			}
		},
		{
			"from": [21, 8, 9],
			"to": [27, 27, 9],
			"faces": {
				"north": {"uv": [1.5, 0, 3, 4.75], "texture": "#0"},
				"east": {"uv": [0, 0, 0, 4.75], "texture": "#0"},
				"south": {"uv": [4.5, 0, 6, 4.75], "texture": "#0"},
				"west": {"uv": [0, 0, 0, 4.75], "texture": "#0"},
				"up": {"uv": [1.5, 0, 0, 0], "texture": "#0"},
				"down": {"uv": [1.5, 0, 0, 0], "texture": "#0"}
			}
		},
		{
			"from": [14, 15, 9],
			"to": [21, 20, 9],
			"faces": {
				"north": {"uv": [1.75, 6.5, 3.5, 7.75], "texture": "#0"},
				"east": {"uv": [0, 0, 0, 1.25], "texture": "#0"},
				"south": {"uv": [5.25, 6.5, 7, 7.75], "texture": "#0"},
				"west": {"uv": [0, 0, 0, 1.25], "texture": "#0"},
				"up": {"uv": [1.75, 0, 0, 0], "texture": "#0"},
				"down": {"uv": [1.75, 0, 0, 0], "texture": "#0"}
			}
		},
		{
			"from": [-4, 24, 9],
			"to": [5, 27, 9],
			"faces": {
				"north": {"uv": [7.75, 3.25, 9.75, 4], "texture": "#0"},
				"east": {"uv": [0, 0, 0, 0.75], "texture": "#0"},
				"south": {"uv": [7.75, 1.75, 10, 2.5], "texture": "#0"},
				"west": {"uv": [0, 0, 0, 0.75], "texture": "#0"},
				"up": {"uv": [2.25, 0, 0, 0], "texture": "#0"},
				"down": {"uv": [2.25, 0, 0, 0], "texture": "#0"}
			}
		},
		{
			"from": [-4, 8, 9],
			"to": [5, 11, 9],
			"faces": {
				"north": {"uv": [7.75, 3.25, 9.75, 4], "texture": "#0"},
				"east": {"uv": [0, 0, 0, 0.75], "texture": "#0"},
				"south": {"uv": [7.75, 1.75, 10, 2.5], "texture": "#0"},
				"west": {"uv": [0, 0, 0, 0.75], "texture": "#0"},
				"up": {"uv": [2.25, 0, 0, 0], "texture": "#0"},
				"down": {"uv": [2.25, 0, 0, 0], "texture": "#0"}
			}
		},
		{
			"from": [13, 8, 9],
			"to": [21, 11, 9],
			"faces": {
				"north": {"uv": [7.75, 1.75, 10, 2.5], "texture": "#0"},
				"east": {"uv": [0, 0, 0, 0.75], "texture": "#0"},
				"south": {"uv": [7.75, 3.25, 9.75, 4], "texture": "#0"},
				"west": {"uv": [0, 0, 0, 0.75], "texture": "#0"},
				"up": {"uv": [2, 0, 0, 0], "texture": "#0"},
				"down": {"uv": [2, 0, 0, 0], "texture": "#0"}
			}
		},
		{
			"from": [13, 24, 9],
			"to": [21, 27, 9],
			"faces": {
				"north": {"uv": [7.75, 1.75, 10, 2.5], "texture": "#0"},
				"east": {"uv": [0, 0, 0, 0.75], "texture": "#0"},
				"south": {"uv": [7.75, 3.25, 9.75, 4], "texture": "#0"},
				"west": {"uv": [0, 0, 0, 0.75], "texture": "#0"},
				"up": {"uv": [2, 0, 0, 0], "texture": "#0"},
				"down": {"uv": [2, 0, 0, 0], "texture": "#0"}
			}
		}
	],
	"display": {
		"thirdperson_righthand": {
			"rotation": [-5.25, -89.25, -23.25],
			"translation": [0.75, 6.5, 3.5],
			"scale": [0.48828, 0.69922, 0.60938]
		},
		"thirdperson_lefthand": {
			"rotation": [-5.25, -89.25, -23.25],
			"translation": [0.75, 6.5, 3.5],
			"scale": [0.48828, 0.69922, 0.60938]
		},
		"ground": {
			"translation": [0, 4.75, 0],
			"scale": [0.52539, 0.66797, 1]
		},
		"gui": {
			"rotation": [0, 0, -40.75],
			"translation": [-2, -1.75, 0],
			"scale": [0.30273, 0.46875, 1]
		},
		"head": {
			"translation": [0, -18.5, 6]
		},
		"fixed": {
			"rotation": [0, -180, 0],
			"translation": [0, 0, -3.5],
			"scale": [0.68555, 0.78906, 1]
		}
	},
	"groups": [
		{
			"name": "group",
			"origin": [8, 8, 8],
			"color": 0,
			"children": [0, 1, 2, 3, 4, 5, 6, 7, 8, 9, 10]
		}
	]
}