{"credit":"Made with Blockbench","display":{"firstperson_lefthand":{"rotation":[0,133,0],"translation":[1.75,7.25,0]},"firstperson_righthand":{"rotation":[0,133,0],"translation":[1.75,7.25,0]},"fixed":{"scale":[2,2,2],"translation":[0,8.5,-2.25]},"ground":{"translation":[0,6,0]},"gui":{"rotation":[30,135,0],"scale":[1.4,1.4,1.4],"translation":[-0.25,5.25,0]},"head":{"scale":[1.65,1.65,1.65],"translation":[0,12.5,1.75]},"thirdperson_lefthand":{"rotation":[36,148,0],"scale":[0.4,0.4,0.4],"translation":[0.75,1.5,2]},"thirdperson_righthand":{"rotation":[36,148,0],"scale":[0.4,0.4,0.4],"translation":[0.75,1.5,2]}},"elements":[{"faces":{"down":{"texture":"#0","tintindex":0,"uv":[0,9,9,11]},"east":{"texture":"#0","tintindex":0,"uv":[9,6,11,11]},"north":{"texture":"#0","tintindex":0,"uv":[0,6,9,11]},"south":{"texture":"#0","tintindex":0,"uv":[0,6,9,11]},"up":{"texture":"#0","tintindex":0,"uv":[0,4,9,6]},"west":{"texture":"#0","tintindex":0,"uv":[9,6,11,11]}},"from":[3.5,0,7],"to":[12.5,5,9]},{"faces":{"north":{"texture":"#0","uv":[5,1,7,3]},"west":{"texture":"#0","uv":[5,1,7,3]}},"from":[8.95,4.95,7.25],"rotation":{"angle":22.5,"axis":"y","origin":[11,5,8]},"to":[11.05,7.05,8.35]},{"faces":{"down":{"texture":"#0","tintindex":0,"uv":[0,4,1,5]},"east":{"texture":"#0","tintindex":0,"uv":[8,0,9,3]},"north":{"texture":"#0","tintindex":0,"uv":[10,0,13,3]},"south":{"texture":"#0","tintindex":0,"uv":[13,0,10,3]},"up":{"texture":"#0","tintindex":0,"uv":[5,0,8,1]},"west":{"texture":"#0","tintindex":0,"uv":[12,0,13,3]}},"from":[9,5,7.3],"rotation":{"angle":22.5,"axis":"y","origin":[11,5,8]},"to":[12,8,8.3]},{"faces":{"east":{"texture":"#0","uv":[5,1,7,3]},"north":{"texture":"#0","uv":[5,1,7,3]}},"from":[4.95,4.95,7.25],"rotation":{"angle":-22.5,"axis":"y","origin":[5,5,8]},"to":[7.05,7.05,8.35]},{"faces":{"down":{"texture":"#0","tintindex":0,"uv":[0,4,1,5]},"east":{"texture":"#0","tintindex":0,"uv":[12,0,13,3]},"north":{"texture":"#0","tintindex":0,"uv":[13,0,10,3]},"south":{"texture":"#0","tintindex":0,"uv":[10,0,13,3]},"up":{"rotation":180,"texture":"#0","tintindex":0,"uv":[5,0,8,1]},"west":{"texture":"#0","tintindex":0,"uv":[8,0,9,3]}},"from":[4,5,7.3],"rotation":{"angle":-22.5,"axis":"y","origin":[5,5,8]},"to":[7,8,8.3]}],"groups":[0,{"children":[1,2],"name":"group","origin":[8,8,8]},{"children":[3,4],"name":"group","origin":[8,8,8]}],"textures":{"0":"custom/cosmetics/animal_ears","particle":"custom/cosmetics/animal_ears"}}