{"credit":"Made with Blockbench","display":{"firstperson_lefthand":{"rotation":[0,-54,0],"translation":[1.5,0,-2.25]},"firstperson_righthand":{"rotation":[0,-54,0],"translation":[1.5,0,-2.25]},"fixed":{"rotation":[-90,0,0],"scale":[2,2,2],"translation":[0,3,-16]},"gui":{"rotation":[30,-45,0],"scale":[0.96,0.96,0.96],"translation":[-1.5,1.25,0]},"head":{"scale":[1.61,1.61,1.61],"translation":[0,-45.75,8]},"thirdperson_lefthand":{"rotation":[43,167,0],"scale":[0.4,0.4,0.4],"translation":[0.25,0.75,-0.5]},"thirdperson_righthand":{"rotation":[43,167,0],"scale":[0.4,0.4,0.4],"translation":[0.25,0.75,-0.5]}},"elements":[{"faces":{"down":{"texture":"#0","tintindex":0,"uv":[5,6,10,9]},"east":{"texture":"#0","tintindex":0,"uv":[5,0,8,6]},"north":{"texture":"#0","tintindex":0,"uv":[0,9,5,15]},"south":{"texture":"#0","tintindex":0,"uv":[0,0,5,6]},"up":{"texture":"#0","tintindex":0,"uv":[0,6,5,9]},"west":{"texture":"#0","tintindex":0,"uv":[8,0,5,6]}},"from":[3,0,4],"to":[13,12,10]},{"faces":{"down":{"rotation":180,"texture":"#0","tintindex":0,"uv":[10,14,14,16]},"east":{"texture":"#0","tintindex":0,"uv":[5,10,7,14.5]},"north":{"texture":"#0","tintindex":0,"uv":[10,9.5,14,14]},"up":{"rotation":180,"texture":"#0","tintindex":0,"uv":[10,7.5,14,9.5]},"west":{"texture":"#0","tintindex":0,"uv":[7,10,5,14.5]}},"from":[4,2,0],"to":[12,11,4]},{"faces":{"down":{"rotation":180,"texture":"#0","tintindex":0,"uv":[10,7.5,14,9.5]},"east":{"rotation":180,"texture":"#0","tintindex":0,"uv":[5,10,7,14.5]},"south":{"rotation":180,"texture":"#0","tintindex":0,"uv":[10,9.5,14,14]},"up":{"rotation":180,"texture":"#0","tintindex":0,"uv":[10,14,14,16]},"west":{"rotation":180,"texture":"#0","tintindex":0,"uv":[7,10,5,14.5]}},"from":[12,11,4],"to":[4,2,0]},{"faces":{"east":{"texture":"#0","uv":[13,0,16,6]},"south":{"texture":"#0","uv":[8,0,13,6]},"west":{"texture":"#0","uv":[16,0,13,6]}},"from":[2.75,-0.25,3.75],"to":[13.25,12.25,10.25]},{"faces":{"north":{"texture":"#0","uv":[10,3.5,11,4]},"south":{"texture":"#0","uv":[10,3.5,11,4]}},"from":[4,9,-0.1],"to":[6,10,-0.1]},{"faces":{"north":{"texture":"#0","uv":[10,3.5,11,4]},"south":{"texture":"#0","uv":[10,3.5,11,4]}},"from":[10,9,-0.1],"to":[12,10,-0.1]}],"groups":[0,1,2,{"children":[3,4,5],"name":"group","origin":[8,8,8]}],"textures":{"0":"custom/cosmetics/back_pack","particle":"custom/cosmetics/back_pack"}}