{"credit":"Made with Blockbench","display":{"firstperson_lefthand":{"rotation":[0,36,0],"translation":[11.25,2.5,-6.25]},"firstperson_righthand":{"rotation":[0,36,0],"translation":[11.25,2.5,-6.25]},"fixed":{"rotation":[-90,0,0],"scale":[2.01,2.01,2.01],"translation":[0,0,-16]},"ground":{"scale":[0.39,0.39,0.39],"translation":[0,3,0]},"gui":{"rotation":[30,45,0],"translation":[0,3.5,0]},"head":{"rotation":[7,0,0],"scale":[1.66,1.66,1.66],"translation":[0,13,1]},"thirdperson_lefthand":{"rotation":[48,55,0],"scale":[0.39,0.39,0.39],"translation":[0,2,1]},"thirdperson_righthand":{"rotation":[48,55,0],"scale":[0.39,0.39,0.39],"translation":[0,2,1]}},"elements":[{"faces":{"down":{"texture":"#0","tintindex":0,"uv":[5.5,0,11,5.5]},"east":{"texture":"#0","tintindex":0,"uv":[4.5,5.5,10,7]},"north":{"texture":"#0","tintindex":0,"uv":[4.5,5.5,10,7]},"south":{"texture":"#0","tintindex":0,"uv":[4.5,5.5,10,7]},"up":{"texture":"#0","tintindex":0,"uv":[0,0,5.5,5.5]},"west":{"texture":"#0","tintindex":0,"uv":[4.5,5.5,10,7]}},"from":[2.5,0,2.5],"rotation":{"angle":0,"axis":"y","origin":[10,8,8]},"to":[13.5,3,13.5]},{"faces":{"down":{"texture":"#0","tintindex":0,"uv":[6,0.5,10.5,5]},"east":{"texture":"#0","tintindex":0,"uv":[0,10,4.5,12.5]},"north":{"texture":"#0","tintindex":0,"uv":[0,10,4.5,12.5]},"south":{"texture":"#0","tintindex":0,"uv":[0,10,4.5,12.5]},"up":{"texture":"#0","tintindex":0,"uv":[0,5.5,4.5,10]},"west":{"texture":"#0","tintindex":0,"uv":[0,10,4.5,12.5]}},"from":[3.5,3,3.5],"rotation":{"angle":0,"axis":"y","origin":[11,11,12]},"to":[12.5,8,12.5]}],"texture_size":[32,32],"textures":{"0":"custom/cosmetics/beanie","particle":"custom/cosmetics/beanie"}}