{"credit":"Made with Blockbench","display":{"firstperson_lefthand":{"rotation":[0,127,0],"translation":[8.25,5.25,-5.25]},"firstperson_righthand":{"rotation":[0,127,0],"translation":[8.25,5.25,-5.25]},"fixed":{"rotation":[-90,0,0],"scale":[2,2,2],"translation":[0,0,-16.25]},"ground":{"scale":[0.4,0.4,0.4],"translation":[0,7.5,0]},"gui":{"rotation":[30,135,0],"translation":[1,5,0]},"head":{"rotation":[9,0,0],"scale":[1.95,1.95,1.95],"translation":[0,16,2]},"thirdperson_lefthand":{"rotation":[53,41,0],"scale":[0.39,0.39,0.39],"translation":[0,0.75,2.25]},"thirdperson_righthand":{"rotation":[53,41,0],"scale":[0.39,0.39,0.39],"translation":[0,0.75,2.25]}},"elements":[{"faces":{"down":{"texture":"#0","uv":[4,8,8,12]},"east":{"texture":"#0","uv":[4,0,8,3]},"north":{"texture":"#0","uv":[0,0,4,3]},"south":{"texture":"#0","uv":[4,0,8,3]},"west":{"texture":"#0","uv":[4,0,8,3]}},"from":[4,0,4],"rotation":{"angle":0,"axis":"y","origin":[12,8,12]},"to":[12,6,12]},{"faces":{"east":{"rotation":180,"texture":"#0","uv":[8,5,12,8]},"north":{"rotation":180,"texture":"#0","uv":[8,5,12,8]},"south":{"rotation":180,"texture":"#0","uv":[8,5,12,8]},"west":{"rotation":180,"texture":"#0","uv":[8,5,12,8]}},"from":[12.25,7.25,12.25],"rotation":{"angle":0,"axis":"y","origin":[20,15,20]},"to":[3.75,0.75,3.75]},{"faces":{"east":{"texture":"#0","uv":[8,5,12,8]},"north":{"texture":"#0","uv":[8,5,12,8]},"south":{"texture":"#0","uv":[8,5,12,8]},"west":{"texture":"#0","uv":[8,5,12,8]}},"from":[3.75,0.75,3.75],"rotation":{"angle":0,"axis":"y","origin":[12,9,12]},"to":[12.25,7.25,12.25]},{"faces":{"down":{"texture":"#0","uv":[0,8,4,10.5]},"up":{"rotation":180,"texture":"#0","uv":[0,8,4,10.5]}},"from":[4,0,-1],"rotation":{"angle":0,"axis":"y","origin":[12,8,7]},"to":[12,0,4]},{"faces":{"east":{"texture":"#0","tintindex":0,"uv":[12,3,16,6]},"north":{"texture":"#0","tintindex":0,"uv":[8,3,12,6]},"south":{"texture":"#0","tintindex":0,"uv":[12,3,16,6]},"up":{"rotation":180,"texture":"#0","tintindex":0,"uv":[0,3,4,7]},"west":{"texture":"#0","tintindex":0,"uv":[12,3,16,6]}},"from":[4,0,4],"rotation":{"angle":0,"axis":"y","origin":[12,8,12]},"to":[12,6,12]},{"faces":{"east":{"texture":"#0","tintindex":0,"uv":[8,0,12,3]},"north":{"texture":"#0","tintindex":0,"uv":[8,0,12,3]},"south":{"texture":"#0","tintindex":0,"uv":[8,0,12,3]},"up":{"rotation":180,"texture":"#0","tintindex":0,"uv":[4,3,8,7]},"west":{"texture":"#0","tintindex":0,"uv":[8,0,12,3]}},"from":[3.75,-0.25,3.75],"rotation":{"angle":0,"axis":"y","origin":[12,8,12]},"to":[12.25,6.25,12.25]},{"faces":{"down":{"rotation":180,"texture":"#0","tintindex":0,"uv":[4,3,8,7]},"east":{"rotation":180,"texture":"#0","tintindex":0,"uv":[8,0,12,3]},"north":{"rotation":180,"texture":"#0","tintindex":0,"uv":[8,0,12,3]},"south":{"rotation":180,"texture":"#0","tintindex":0,"uv":[8,0,12,3]},"west":{"rotation":180,"texture":"#0","tintindex":0,"uv":[8,0,12,3]}},"from":[12.25,6.25,12.25],"rotation":{"angle":0,"axis":"y","origin":[20,14,20]},"to":[3.75,-0.25,3.75]},{"faces":{"down":{"texture":"#0","uv":[0,12,0.5,12.5]},"east":{"texture":"#0","uv":[0,11.5,1,12.5]},"north":{"texture":"#0","uv":[0,11.5,1,12.5]},"south":{"texture":"#0","uv":[0,11.5,1,12.5]},"up":{"texture":"#0","uv":[0,10.5,1,11.5]},"west":{"texture":"#0","uv":[0,11.5,1,12.5]}},"from":[7,-4.25,1],"rotation":{"angle":-22.5,"axis":"x","origin":[8,-3.5,3.5]},"to":[9,-2.25,3]},{"faces":{"east":{"texture":"#0","uv":[3,12,1,12.5]},"west":{"texture":"#0","uv":[1,12,3,12.5]}},"from":[8,-4.25,3],"rotation":{"angle":-22.5,"axis":"x","origin":[8,-3.5,3.5]},"to":[8,-3.25,7]}],"groups":[0,1,2,3,{"children":[4,5,6],"name":"group","origin":[12,8,12]},7,8],"texture_size":[32,32],"textures":{"0":"custom/cosmetics/captain_hat","particle":"custom/cosmetics/captain_hat"}}