{"credit":"Made with Blockbench","display":{"firstperson_lefthand":{"rotation":[0,25,0],"translation":[13.25,5.75,-5]},"firstperson_righthand":{"rotation":[0,25,0],"translation":[13.25,5.75,-5]},"fixed":{"rotation":[-90,0,0],"scale":[2,2,2],"translation":[0,20,-30]},"ground":{"scale":[0.2,0.2,0.2],"translation":[0,6,1.25]},"gui":{"rotation":[30,135,0],"scale":[0.6,0.6,0.6],"translation":[3.75,4.5,0]},"head":{"scale":[1.7,1.7,1.7],"translation":[0,-37,27.25]},"thirdperson_lefthand":{"rotation":[72,-152,0],"scale":[0.5,0.5,0.5],"translation":[-2.75,5.5,0.25]},"thirdperson_righthand":{"rotation":[72,-152,0],"scale":[0.5,0.5,0.5],"translation":[-2.75,5.5,0.25]}},"elements":[{"faces":{"down":{"rotation":180,"texture":"#0","uv":[0,0,4,3]},"east":{"texture":"#0","uv":[4,3,7,6.75]},"north":{"texture":"#0","uv":[0,3,4,6.75]},"south":{"texture":"#0","uv":[0,3,4,6.75]},"up":{"rotation":180,"texture":"#0","uv":[4,0,8,3]},"west":{"texture":"#0","uv":[4,3,7,6.75]}},"from":[0,-7,-6],"rotation":{"angle":0,"axis":"y","origin":[8,16,17]},"to":[16,8,6]},{"faces":{"down":{"texture":"#0","uv":[9.75,7.75,10.25,9.25]},"east":{"texture":"#0","uv":[9.75,9.25,11.25,10.75]},"north":{"texture":"#0","uv":[9.75,9.25,9.25,10.75]},"south":{"texture":"#0","uv":[9.25,9.25,9.75,10.75]},"up":{"texture":"#0","uv":[9.25,7.75,9.75,9.25]},"west":{"texture":"#0","uv":[7.75,9.25,9.25,10.75]}},"from":[16,-5,-3],"rotation":{"angle":0,"axis":"y","origin":[8,16,17]},"to":[18,1,3]},{"faces":{"down":{"rotation":180,"texture":"#0","uv":[9.75,7.75,10.25,9.25]},"east":{"texture":"#0","uv":[7.75,9.25,9.25,10.75]},"north":{"texture":"#0","uv":[9.25,9.25,9.75,10.75]},"south":{"texture":"#0","uv":[9.75,9.25,9.25,10.75]},"up":{"rotation":180,"texture":"#0","uv":[9.25,7.75,9.75,9.25]},"west":{"texture":"#0","uv":[9.75,9.25,11.25,10.75]}},"from":[-2,-5,-3],"rotation":{"angle":0,"axis":"y","origin":[-23.98769,-2.04369,1.0313]},"to":[0,1,3]},{"faces":{"down":{"texture":"#0","uv":[6.75,11.5,9.25,12.75]},"east":{"texture":"#0","uv":[10.5,12.75,9.25,15.75]},"north":{"texture":"#0","uv":[6.75,12.75,9.25,15.75]},"up":{"rotation":180,"texture":"#0","uv":[6.75,11.5,9.25,12.75]},"west":{"texture":"#0","uv":[9.25,12.75,10.5,15.75]}},"from":[3,-6,-11],"rotation":{"angle":0,"axis":"y","origin":[8,12,8]},"to":[13,6,-6]},{"faces":{"down":{"rotation":180,"texture":"#0","uv":[6.75,11.5,9.25,12.75]},"east":{"texture":"#0","uv":[9.25,15.75,10.5,12.75]},"south":{"rotation":180,"texture":"#0","uv":[6.75,12.75,9.25,15.75]},"up":{"texture":"#0","uv":[6.75,11.5,9.25,12.75]},"west":{"texture":"#0","uv":[10.5,15.75,9.25,12.75]}},"from":[13,6,-6],"rotation":{"angle":0,"axis":"y","origin":[8,12,8]},"to":[3,-6,-11]},{"faces":{"east":{"texture":"#0","tintindex":0,"uv":[7,4.25,8.25,6.25]},"north":{"texture":"#0","tintindex":0,"uv":[7,4.25,8.25,6.25]},"south":{"texture":"#0","tintindex":0,"uv":[7,4.25,8.25,6.25]},"up":{"texture":"#0","tintindex":0,"uv":[7,3,8.25,4.25]},"west":{"texture":"#0","tintindex":0,"uv":[7,4.25,8.25,6.25]}},"from":[1,5,0],"to":[6,13,5]},{"faces":{"east":{"texture":"#0","tintindex":0,"uv":[7,4.25,8.25,6.25]},"north":{"texture":"#0","tintindex":0,"uv":[7,4.25,8.25,6.25]},"south":{"texture":"#0","tintindex":0,"uv":[7,4.25,8.25,6.25]},"up":{"texture":"#0","tintindex":0,"uv":[7,3,8.25,4.25]},"west":{"texture":"#0","tintindex":0,"uv":[7,4.25,8.25,6.25]}},"from":[6,5,-5],"to":[11,13,0]},{"faces":{"east":{"texture":"#0","tintindex":0,"uv":[8.25,4.25,7,6.25]},"north":{"texture":"#0","tintindex":0,"uv":[8.25,4.25,7,6.25]},"south":{"texture":"#0","tintindex":0,"uv":[8.25,4.25,7,6.25]},"up":{"texture":"#0","tintindex":0,"uv":[8.25,3,7,4.25]},"west":{"texture":"#0","tintindex":0,"uv":[8.25,4.25,7,6.25]}},"from":[8,6,0],"rotation":{"angle":22.5,"axis":"x","origin":[12.48864,9.01746,2.49392]},"to":[13,14,5]},{"faces":{"east":{"texture":"#0","tintindex":0,"uv":[7,4.25,8.25,6.25]},"north":{"texture":"#0","tintindex":0,"uv":[7,4.25,8.25,6.25]},"south":{"texture":"#0","tintindex":0,"uv":[7,4.25,8.25,6.25]},"up":{"texture":"#0","tintindex":0,"uv":[7,3,8.25,4.25]},"west":{"texture":"#0","tintindex":0,"uv":[7,4.25,8.25,6.25]}},"from":[4,8,-2],"to":[9,16,3]},{"faces":{"east":{"texture":"#0","tintindex":0,"uv":[7,4.25,8.25,6.25]},"north":{"texture":"#0","tintindex":0,"uv":[7,4.25,8.25,6.25]},"south":{"texture":"#0","tintindex":0,"uv":[7,4.25,8.25,6.25]},"up":{"texture":"#0","tintindex":0,"uv":[7,3,8.25,4.25]},"west":{"texture":"#0","tintindex":0,"uv":[7,4.25,8.25,6.25]}},"from":[1,6,-5],"rotation":{"angle":22.5,"axis":"z","origin":[8,8,8]},"to":[6,14,0]},{"faces":{"east":{"texture":"#0","tintindex":0,"uv":[7,4.25,8.25,6.25]},"north":{"texture":"#0","tintindex":0,"uv":[7,4.25,8.25,6.25]},"south":{"texture":"#0","tintindex":0,"uv":[7,4.25,8.25,6.25]},"up":{"texture":"#0","tintindex":0,"uv":[7,3,8.25,4.25]},"west":{"texture":"#0","tintindex":0,"uv":[7,4.25,8.25,6.25]}},"from":[9,9,-4],"rotation":{"angle":-22.5,"axis":"z","origin":[8,8,8]},"to":[14,17,1]}],"groups":[{"children":[0,1,2,3,4],"name":"group","origin":[8,8,8]},5,6,7,8,9,10],"textures":{"0":"custom/cosmetics/coal_pack","particle":"custom/cosmetics/coal_pack"}}