{"credit":"Made with Blockbench","display":{"gui":{"rotation":[23,-54,4],"scale":[0.69,0.69,0.69],"translation":[0.25,1.25,0]},"head":{"rotation":[28,0,0],"scale":[3.21,3.21,3.21],"translation":[0,-27,13.75]}},"elements":[{"faces":{"down":{"rotation":270,"texture":"#0","tintindex":0,"uv":[2.5,0,3,6]},"east":{"texture":"#0","tintindex":0,"uv":[1,5.5,1.5,6]},"north":{"rotation":90,"texture":"#0","tintindex":0,"uv":[2,0,2.5,6]},"south":{"rotation":270,"texture":"#0","tintindex":0,"uv":[2.5,0,2,6]},"up":{"rotation":270,"texture":"#0","tintindex":0,"uv":[1.5,0,2,6]}},"from":[10,11,8],"rotation":{"angle":-22.5,"axis":"z","origin":[9.5,0,8.5]},"to":[22,12,9]},{"faces":{"north":{"rotation":180,"texture":"#0","tintindex":0,"uv":[8,5.5,14,0]},"south":{"texture":"#0","tintindex":0,"uv":[8,0,14,5.5]}},"from":[10,0,8.5],"rotation":{"angle":-22.5,"axis":"z","origin":[9.5,0,8.5]},"to":[22,11,8.5]},{"faces":{"down":{"texture":"#0","tintindex":0,"uv":[1,5.5,1.5,6]},"east":{"texture":"#0","tintindex":0,"uv":[1,0,1.5,6]},"north":{"texture":"#0","tintindex":0,"uv":[1,0,0.5,6]},"south":{"texture":"#0","tintindex":0,"uv":[0.5,0,1,6]},"up":{"texture":"#0","tintindex":0,"uv":[0,0,0.25,0.25]},"west":{"texture":"#0","tintindex":0,"uv":[0,0,0.5,6]}},"from":[9,0,8],"rotation":{"angle":-22.5,"axis":"z","origin":[9.5,0,8.5]},"to":[10,12,9]},{"faces":{"down":{"texture":"#0","tintindex":0,"uv":[1,5.5,1.5,6]},"east":{"texture":"#0","tintindex":0,"uv":[0,0,0.5,6]},"north":{"texture":"#0","tintindex":0,"uv":[0.5,0,1,6]},"south":{"texture":"#0","tintindex":0,"uv":[1,0,0.5,6]},"up":{"texture":"#0","tintindex":0,"uv":[0,0,0.25,0.25]},"west":{"texture":"#0","tintindex":0,"uv":[1,0,1.5,6]}},"from":[6,0,8],"rotation":{"angle":22.5,"axis":"z","origin":[6.5,0,8.5]},"to":[7,12,9]},{"faces":{"north":{"texture":"#0","tintindex":0,"uv":[8,0,14,5.5]},"south":{"texture":"#0","tintindex":0,"uv":[14,0,8,5.5]}},"from":[-6,0,8.5],"rotation":{"angle":22.5,"axis":"z","origin":[6.5,0,8.5]},"to":[6,11,8.5]},{"faces":{"down":{"rotation":90,"texture":"#0","tintindex":0,"uv":[2.5,0,3,6]},"north":{"rotation":270,"texture":"#0","tintindex":0,"uv":[2.5,0,2,6]},"south":{"rotation":90,"texture":"#0","tintindex":0,"uv":[2,0,2.5,6]},"up":{"rotation":90,"texture":"#0","tintindex":0,"uv":[1.5,0,2,6]},"west":{"texture":"#0","tintindex":0,"uv":[1,5.5,1.5,6]}},"from":[-6,11,8],"rotation":{"angle":22.5,"axis":"z","origin":[6.5,0,8.5]},"to":[6,12,9]},{"faces":{"north":{"texture":"#0","uv":[3,0,3.75,1.25]},"south":{"texture":"#0","uv":[3.75,0,3,1.25]}},"from":[-7.5,11,8.5],"rotation":{"angle":22.5,"axis":"z","origin":[6.5,0,8.5]},"to":[-6,13.5,8.5]},{"faces":{"north":{"rotation":270,"texture":"#0","uv":[5,0,3.75,1.25]},"south":{"rotation":270,"texture":"#0","uv":[5,1.25,3.75,0]}},"from":[6,11,8.5],"rotation":{"angle":22.5,"axis":"z","origin":[6.5,0,8.5]},"to":[8.5,13.5,8.5]},{"faces":{"east":{"texture":"#0","uv":[3.25,1.25,3.5,1.75]},"north":{"texture":"#0","uv":[3.5,1.25,3,1.75]},"south":{"texture":"#0","uv":[3,1.25,3.5,1.75]},"up":{"rotation":90,"texture":"#0","uv":[3.25,1.25,3.5,1.75]}},"from":[5.98,10.98,7.98],"rotation":{"angle":22.5,"axis":"z","origin":[6.5,0,8.5]},"to":[7.02,12.02,9.02]},{"faces":{"west":{"texture":"#0","uv":[3,1.25,3.25,1.5]}},"from":[-6.02,11,8],"rotation":{"angle":22.5,"axis":"z","origin":[6.5,0,8.5]},"to":[-6.02,12,9]},{"faces":{"north":{"texture":"#0","uv":[4,1.25,5,2.25]},"south":{"texture":"#0","uv":[5,1.25,4,2.25]}},"from":[-3,2,8.5],"rotation":{"angle":22.5,"axis":"z","origin":[6.5,0,8.5]},"to":[-1,4,8.5]},{"faces":{"north":{"texture":"#0","uv":[5,1.25,4,2.25]},"south":{"texture":"#0","uv":[4,1.25,5,2.25]}},"from":[17,2,8.5],"rotation":{"angle":-22.5,"axis":"z","origin":[9.5,0,8.5]},"to":[19,4,8.5]},{"faces":{"north":{"texture":"#0","uv":[3.75,0,3,1.25]},"south":{"texture":"#0","uv":[3,0,3.75,1.25]}},"from":[22,11,8.5],"rotation":{"angle":-22.5,"axis":"z","origin":[9.5,0,8.5]},"to":[23.5,13.5,8.5]},{"faces":{"north":{"rotation":270,"texture":"#0","uv":[5,1.25,3.75,0]},"south":{"rotation":270,"texture":"#0","uv":[5,0,3.75,1.25]}},"from":[7.5,11,8.5],"rotation":{"angle":-22.5,"axis":"z","origin":[9.5,0,8.5]},"to":[10,13.5,8.5]},{"faces":{"north":{"texture":"#0","uv":[3,1.25,3.5,1.75]},"south":{"texture":"#0","uv":[3.5,1.25,3,1.75]},"up":{"rotation":270,"texture":"#0","uv":[3.25,1.25,3.5,1.75]},"west":{"texture":"#0","uv":[3.25,1.25,3.5,1.75]}},"from":[8.98,10.98,7.98],"rotation":{"angle":-22.5,"axis":"z","origin":[9.5,0,8.5]},"to":[10.02,12.02,9.02]},{"faces":{"east":{"texture":"#0","uv":[3,1.25,3.25,1.5]}},"from":[22.02,11,8],"rotation":{"angle":-22.5,"axis":"z","origin":[9.5,0,8.5]},"to":[22.02,12,9]}],"groups":[{"children":[{"children":[0,1,2,3,4,5],"name":"group","origin":[6.5,0,8.5]},6,7,8,9,10,11],"name":"group","origin":[0,0,0]},{"children":[12,13,14,15],"name":"group","origin":[0,0,0]}],"texture_size":[32,32],"textures":{"0":"custom/cosmetics/dragon_wings","particle":"custom/cosmetics/dragon_wings"}}