{"credit":"Made with Blockbench","display":{"firstperson_lefthand":{"rotation":[0,109,0],"translation":[11,3.75,-7.5]},"firstperson_righthand":{"rotation":[0,109,0],"translation":[11,3.75,-7.5]},"fixed":{"rotation":[-90,0,0],"scale":[2,2,2],"translation":[0,0,-16]},"ground":{"scale":[0.4,0.4,0.4],"translation":[0,3.75,0]},"gui":{"rotation":[30,135,0],"translation":[-3,1.25,0]},"head":{"scale":[1.7,1.7,1.7],"translation":[0,6.75,0]},"thirdperson_lefthand":{"rotation":[63,52,0],"scale":[0.4,0.4,0.4],"translation":[0,2.25,2.5]},"thirdperson_righthand":{"rotation":[63,52,0],"scale":[0.4,0.4,0.4],"translation":[0,2.25,2.5]}},"elements":[{"faces":{"down":{"texture":"#1","tintindex":0,"uv":[0,0,3,3]},"east":{"rotation":180,"texture":"#1","tintindex":0,"uv":[0,3,3,14]},"north":{"rotation":180,"texture":"#1","tintindex":0,"uv":[0,3,3,14]},"south":{"rotation":180,"texture":"#1","tintindex":0,"uv":[3,3,6,14]},"west":{"rotation":180,"texture":"#1","tintindex":0,"uv":[3,3,6,14]}},"from":[5,10,14],"to":[2,-1,11]},{"faces":{"east":{"texture":"#1","tintindex":0,"uv":[3,3,6,14]},"north":{"texture":"#1","tintindex":0,"uv":[3,3,6,14]},"south":{"texture":"#1","tintindex":0,"uv":[0,3,3,14]},"up":{"texture":"#1","tintindex":0,"uv":[0,0,3,3]},"west":{"texture":"#1","tintindex":0,"uv":[0,3,3,14]}},"from":[2,-1,11],"to":[5,10,14]},{"faces":{"down":{"texture":"#1","tintindex":0,"uv":[0,0,3,3]},"east":{"rotation":180,"texture":"#1","tintindex":0,"uv":[0,3,3,14]},"north":{"rotation":180,"texture":"#1","tintindex":0,"uv":[0,3,3,14]},"south":{"rotation":180,"texture":"#1","tintindex":0,"uv":[3,3,6,14]},"west":{"rotation":180,"texture":"#1","tintindex":0,"uv":[3,3,6,14]}},"from":[14,10,14],"rotation":{"angle":0,"axis":"y","origin":[17,8,8]},"to":[11,-1,11]},{"faces":{"east":{"texture":"#1","tintindex":0,"uv":[3,3,6,14]},"north":{"texture":"#1","tintindex":0,"uv":[3,3,6,14]},"south":{"texture":"#1","tintindex":0,"uv":[0,3,3,14]},"up":{"texture":"#1","tintindex":0,"uv":[0,0,3,3]},"west":{"texture":"#1","tintindex":0,"uv":[0,3,3,14]}},"from":[11,-1,11],"rotation":{"angle":0,"axis":"y","origin":[17,8,8]},"to":[14,10,14]},{"faces":{"north":{"texture":"#1","uv":[3,0,5,2]},"south":{"texture":"#1","uv":[3,0,5,2]}},"from":[3,7,10.9],"to":[5,9,10.9]},{"faces":{"north":{"texture":"#1","uv":[3,0,5,2]},"south":{"texture":"#1","uv":[3,0,5,2]}},"from":[11,7,10.9],"to":[13,9,10.9]}],"groups":[{"children":[{"children":[0,1],"name":"group","origin":[8,8,8]},{"children":[2,3],"name":"group","origin":[8,8,8]},4,5],"name":"group","origin":[8,8,8]}],"textures":{"1":"custom/cosmetics/female_hair1"}}