{"credit":"Made with Blockbench","display":{"firstperson_lefthand":{"rotation":[-73,112,0],"translation":[25.75,-12,-11]},"firstperson_righthand":{"rotation":[-73,-67,0],"translation":[25.75,-12,-11]},"gui":{"rotation":[30,135,0],"scale":[0.64,0.64,0.64],"translation":[0.25,-1.75,0]},"thirdperson_lefthand":{"rotation":[-65,90,0],"translation":[0.75,1.5,-3.5]},"thirdperson_righthand":{"rotation":[-65,-90,0],"translation":[-0.5,1.75,-3.5]}},"elements":[{"faces":{"north":{"texture":"#0","uv":[7.5,4.5,15,10]},"south":{"texture":"#0","uv":[15,4.5,7.5,10]}},"from":[0,2,5],"to":[15,13,10]},{"faces":{"north":{"texture":"#0","uv":[7.5,0,10.5,4.5]},"south":{"texture":"#0","uv":[7.5,0,10.5,4.5]}},"from":[9,13,5],"to":[15,22,10]},{"faces":{"north":{"texture":"#0","uv":[8.5,10,14,11]},"south":{"texture":"#0","uv":[8.5,10,14,11]}},"from":[2,0,5],"to":[13,2,10]},{"faces":{"down":{"rotation":180,"texture":"#0","tintindex":0,"uv":[0,9.5,7.5,10]},"east":{"rotation":90,"texture":"#0","tintindex":0,"uv":[4.5,13.5,10,16]},"north":{"texture":"#0","tintindex":0,"uv":[0,4.5,7.5,10]},"south":{"texture":"#0","tintindex":0,"uv":[7.5,4.5,0,10]},"up":{"rotation":90,"texture":"#0","tintindex":0,"uv":[13.5,8.5,16,16]},"west":{"rotation":90,"texture":"#0","tintindex":0,"uv":[4.5,11,10,13.5]}},"from":[0,2,5],"to":[15,13,10]},{"faces":{"east":{"rotation":90,"texture":"#0","tintindex":0,"uv":[0,13.5,4.5,16]},"north":{"texture":"#0","tintindex":0,"uv":[0,0,3,4.5]},"south":{"texture":"#0","tintindex":0,"uv":[3,0,0,4.5]},"up":{"texture":"#0","tintindex":0,"uv":[10,11,13,13.5]},"west":{"rotation":90,"texture":"#0","tintindex":0,"uv":[0,11,4.5,13.5]}},"from":[9,13,5],"to":[15,22,10]},{"faces":{"down":{"rotation":180,"texture":"#0","tintindex":0,"uv":[7.5,13.5,8.5,16]},"east":{"rotation":90,"texture":"#0","tintindex":0,"uv":[10,13.5,11,16]},"north":{"texture":"#0","tintindex":0,"uv":[1,10,6.5,11]},"south":{"texture":"#0","tintindex":0,"uv":[1,10,6.5,11]},"west":{"rotation":90,"texture":"#0","tintindex":0,"uv":[10,13.5,11,16]}},"from":[2,0,5],"to":[13,2,10]}],"groups":[0,1,2,{"children":[3,4,5],"name":"group","origin":[0,0,0]}],"texture_size":[32,32],"textures":{"0":"custom/cosmetics/foam_finger","particle":"custom/cosmetics/foam_finger"}}