{"credit":"Made with Blockbench","display":{"gui":{"rotation":[30,135,0],"scale":[0.9,0.9,0.9],"translation":[1.25,3.25,0]},"head":{"scale":[1.61,1.61,1.61],"translation":[0,5.75,0.25]}},"elements":[{"faces":{"east":{"texture":"#0","uv":[10,0,8,1.5]},"north":{"texture":"#0","uv":[5.25,0,8,1.5]},"west":{"texture":"#0","uv":[8,0,10,1.5]}},"from":[2.5,0,0],"rotation":{"angle":-22.5,"axis":"x","origin":[8,3,5]},"to":[13.5,6,8]},{"faces":{"east":{"rotation":180,"texture":"#0","uv":[10,0,8,1.5]},"south":{"rotation":180,"texture":"#0","uv":[5.25,0,8,1.5]},"west":{"rotation":180,"texture":"#0","uv":[8,0,10,1.5]}},"from":[13.5,6,8],"rotation":{"angle":-22.5,"axis":"x","origin":[8,3,5]},"to":[2.5,0,0]},{"faces":{"down":{"texture":"#0","uv":[5,7.75,7.5,10.5]},"east":{"texture":"#0","uv":[5.25,5.25,2.5,7.75]},"north":{"texture":"#0","uv":[0,5.25,2.5,7.75]},"south":{"texture":"#0","uv":[2.5,7.75,5,10.25]},"up":{"rotation":180,"texture":"#0","uv":[0,7.75,2.5,10.5]},"west":{"texture":"#0","uv":[2.5,5.25,5.25,7.75]}},"from":[3,0,2],"to":[13,10,13]},{"faces":{"down":{"rotation":180,"texture":"#0","uv":[0,7.75,2.5,10.5]},"east":{"rotation":180,"texture":"#0","uv":[5.25,5.25,2.5,7.75]},"north":{"rotation":180,"texture":"#0","uv":[2.5,7.75,5,10.25]},"south":{"rotation":180,"texture":"#0","uv":[0,5.25,2.5,7.75]},"up":{"texture":"#0","uv":[5,7.75,7.5,10.5]},"west":{"rotation":180,"texture":"#0","uv":[2.5,5.25,5.25,7.75]}},"from":[13,10,13],"to":[3,0,2]},{"faces":{"down":{"texture":"#0","tintindex":0,"uv":[5,2.5,7.5,5.25]},"east":{"texture":"#0","tintindex":0,"uv":[5.25,0,2.5,2.5]},"north":{"texture":"#0","tintindex":0,"uv":[0,0,2.5,2.5]},"south":{"texture":"#0","tintindex":0,"uv":[2.5,2.5,5,5]},"up":{"rotation":180,"texture":"#0","tintindex":0,"uv":[0,2.5,2.5,5.25]},"west":{"texture":"#0","tintindex":0,"uv":[2.5,0,5.25,2.5]}},"from":[3,0,2],"to":[13,10,13]},{"faces":{"down":{"rotation":180,"texture":"#0","tintindex":0,"uv":[0,2.5,2.5,5.25]},"east":{"rotation":180,"texture":"#0","tintindex":0,"uv":[5.25,0,2.5,2.5]},"north":{"rotation":180,"texture":"#0","tintindex":0,"uv":[2.5,2.5,5,5]},"south":{"rotation":180,"texture":"#0","tintindex":0,"uv":[0,0,2.5,2.5]},"up":{"texture":"#0","tintindex":0,"uv":[5,2.5,7.5,5.25]},"west":{"rotation":180,"texture":"#0","tintindex":0,"uv":[2.5,0,5.25,2.5]}},"from":[13,10,13],"to":[3,0,2]}],"groups":[0,1,2,3,{"children":[4,5],"name":"group","origin":[0,0,0]}],"texture_size":[64,64],"textures":{"0":"custom/cosmetics/football_helmet","particle":"custom/cosmetics/football_helmet"}}