{"credit":"Made with Blockbench","display":{"firstperson_lefthand":{"rotation":[0,35,0],"translation":[3,8,0]},"firstperson_righthand":{"rotation":[0,35,0],"translation":[3,8,0]},"ground":{"scale":[0.5,0.5,0.5],"translation":[0,4.25,0]},"gui":{"rotation":[30,135,0],"translation":[0,6.25,0]},"head":{"scale":[1.6,1.6,1.6],"translation":[0,19.2,0]},"thirdperson_lefthand":{"rotation":[54,20,0],"scale":[0.4,0.4,0.4],"translation":[0,1.75,3.25]},"thirdperson_righthand":{"rotation":[54,20,0],"scale":[0.4,0.4,0.4],"translation":[0,1.75,3.25]}},"elements":[{"faces":{"east":{"texture":"#0","tintindex":0,"uv":[0,0,8,4]},"north":{"texture":"#0","tintindex":0,"uv":[0,4,6,8]},"south":{"texture":"#0","tintindex":0,"uv":[0,8,6,12]},"west":{"texture":"#0","tintindex":0,"uv":[8,0,0,4]}},"from":[5,0,4],"to":[11,4,12]},{"faces":{"east":{"rotation":180,"texture":"#0","tintindex":0,"uv":[0,0,8,4]},"north":{"rotation":180,"texture":"#0","tintindex":0,"uv":[6,8,0,12]},"south":{"rotation":180,"texture":"#0","tintindex":0,"uv":[6,4,0,8]},"west":{"rotation":180,"texture":"#0","tintindex":0,"uv":[8,0,0,4]}},"from":[11,4,12],"to":[5,0,4]}],"textures":{"0":"custom/cosmetics/male_hair1","particle":"custom/cosmetics/male_hair1"}}