{"credit":"Made with Blockbench","display":{"fixed":{"rotation":[-90,0,0],"scale":[2,2,2],"translation":[0,4,-17.75]},"ground":{"scale":[0.4,0.4,0.4],"translation":[0,2.5,1]},"gui":{"rotation":[30,45,0],"scale":[0.8,0.8,0.8],"translation":[1.25,1.5,0]},"head":{"scale":[1.6,1.6,1.6],"translation":[0,11,6.5]}},"elements":[{"faces":{"down":{"rotation":180,"texture":"#0","tintindex":0,"uv":[3,3,6,6]},"east":{"texture":"#0","tintindex":0,"uv":[0,2.5,3,5]},"north":{"texture":"#0","tintindex":0,"uv":[0,0,3,2.5]},"south":{"texture":"#0","tintindex":0,"uv":[0,2.5,3,5]},"up":{"rotation":90,"texture":"#0","tintindex":0,"uv":[6,0,3,3]},"west":{"texture":"#0","tintindex":0,"uv":[0,2.5,3,5]}},"from":[2,0,0],"to":[14,10,12]},{"faces":{"down":{"rotation":180,"texture":"#0","tintindex":0,"uv":[9.25,3,12.25,6]},"east":{"texture":"#0","tintindex":0,"uv":[6.25,2.5,9.25,5]},"north":{"texture":"#0","tintindex":0,"uv":[6.25,0,9.25,2.5]},"south":{"texture":"#0","tintindex":0,"uv":[6.25,2.5,9.25,5]},"up":{"rotation":90,"texture":"#0","tintindex":0,"uv":[12.25,0,9.25,3]},"west":{"texture":"#0","tintindex":0,"uv":[6.25,2.5,9.25,5]}},"from":[1.25,-0.75,-0.75],"to":[14.75,10.75,12.75]},{"faces":{"down":{"rotation":90,"texture":"#0","tintindex":0,"uv":[12.25,3,9.25,0]},"east":{"rotation":180,"texture":"#0","tintindex":0,"uv":[6.25,2.5,9.25,5]},"north":{"rotation":180,"texture":"#0","tintindex":0,"uv":[6.25,2.5,9.25,5]},"south":{"rotation":180,"texture":"#0","tintindex":0,"uv":[6.25,0,9.25,2.5]},"up":{"rotation":180,"texture":"#0","tintindex":0,"uv":[9.25,3,12.25,6]},"west":{"rotation":180,"texture":"#0","tintindex":0,"uv":[6.25,2.5,9.25,5]}},"from":[14.75,10.75,12.75],"to":[1.25,-0.75,-0.75]}],"textures":{"0":"custom/cosmetics/male_hair3","particle":"custom/cosmetics/male_hair3"}}