{"credit":"Made with Blockbench","display":{"firstperson_lefthand":{"rotation":[-70,116,40],"translation":[4.25,2,2.5]},"firstperson_righthand":{"rotation":[-78,-73,-49],"translation":[4.25,2,2.5]},"fixed":{"rotation":[-90,0,0],"scale":[2,2,2],"translation":[0,-1,-14]},"ground":{"scale":[0.4,0.4,0.4],"translation":[0,4.5,0]},"gui":{"rotation":[25,-137,58],"translation":[-1.5,-1.5,0]},"head":{"rotation":[0,180,90],"scale":[1.6,1.6,1.6],"translation":[0,-0.75,-0.75]},"thirdperson_lefthand":{"rotation":[1,84,-13],"translation":[-0.5,7,0]},"thirdperson_righthand":{"rotation":[-23,-104,-12],"translation":[-0.75,7,0.25]}},"elements":[{"faces":{"down":{"texture":"#0","uv":[0,0,1,0]},"east":{"texture":"#0","uv":[0,0,0,0.5]},"north":{"texture":"#0","uv":[1,2,1.5,2.5]},"south":{"texture":"#0","uv":[1,2,1.5,2.5]},"up":{"texture":"#0","uv":[0,0,1,0]},"west":{"texture":"#0","uv":[0,0,0,0.5]}},"from":[6,17,9],"to":[7,18,9]},{"faces":{"down":{"texture":"#0","uv":[1,2.5,2,3.5]},"east":{"texture":"#0","uv":[2,1,1,2.5]},"north":{"texture":"#0","uv":[1,1,2,2.5]},"south":{"texture":"#0","uv":[1,1,2,2.5]},"up":{"texture":"#0","uv":[1,0,2,1]},"west":{"texture":"#0","uv":[2,1,1,2.5]}},"from":[7,15,7],"to":[9,18,9]},{"faces":{"down":{"texture":"#0","uv":[0,9.5,0.5,10]},"east":{"texture":"#0","uv":[0,0,0.5,10]},"north":{"texture":"#0","uv":[0,0,0.5,10]},"south":{"texture":"#0","uv":[0,0,0.5,10]},"up":{"texture":"#0","uv":[0,0,0.5,0.5]},"west":{"texture":"#0","uv":[0,0,0.5,10]}},"from":[7.5,0,7.5],"to":[8.5,20,8.5]}],"groups":[{"children":[0,1,2],"name":"group","origin":[8,8,8]}],"textures":{"0":"custom/cosmetics/marshmallow_stick","particle":"custom/cosmetics/marshmallow_stick"}}