{"credit":"Made with Blockbench","display":{"firstperson_lefthand":{"translation":[2.25,2,0]},"firstperson_righthand":{"translation":[2.25,2,0]},"fixed":{"rotation":[-90,0,0],"scale":[2,2,2],"translation":[0,10,-1]},"ground":{"scale":[0.4,0.4,0.4],"translation":[0,5.75,0]},"gui":{"rotation":[0,90,0],"translation":[0,2,0]},"head":{"scale":[1.6,1.6,1.6],"translation":[0,8,1.75]},"thirdperson_lefthand":{"rotation":[44,-85,0],"scale":[0.3,0.3,0.3]},"thirdperson_righthand":{"rotation":[44,-85,0],"scale":[0.3,0.3,0.3]}},"elements":[{"faces":{"east":{"texture":"#0","tintindex":0,"uv":[14,1,2,13]},"west":{"texture":"#0","tintindex":0,"uv":[2,1,14,13]}},"from":[8,0,2],"to":[8,12,14]}],"textures":{"0":"custom/cosmetics/mohawk","particle":"custom/cosmetics/mohawk"}}