{"credit":"Made with Blockbench","display":{"firstperson_lefthand":{"rotation":[-28,0,0],"translation":[-9,3.75,0]},"firstperson_righthand":{"rotation":[-28,0,0],"translation":[-9,3.75,0]},"fixed":{"scale":[2,2,2],"translation":[0,6,-6]},"ground":{"scale":[0.4,0.4,0.4],"translation":[0,4.5,0]},"gui":{"translation":[0,3.25,0]},"head":{"rotation":[73,0,0],"scale":[1.6,1.6,1.6],"translation":[0,12.5,3.5]},"thirdperson_lefthand":{"rotation":[28,0,0],"translation":[-6,7,0.75]},"thirdperson_righthand":{"rotation":[28,0,0],"translation":[-6,7,0.75]}},"elements":[{"faces":{"north":{"texture":"#0","uv":[8,0,4,5]},"south":{"texture":"#0","uv":[4,0,8,5]}},"from":[8,0,8],"rotation":{"angle":-22.5,"axis":"y","origin":[8,8,8]},"to":[16,10,8]},{"faces":{"north":{"texture":"#0","uv":[4,0,0,5]},"south":{"texture":"#0","uv":[0,0,4,5]}},"from":[0,0,8],"rotation":{"angle":22.5,"axis":"y","origin":[8,8,8]},"to":[8,10,8]}],"textures":{"0":"custom/cosmetics/newspaper","particle":"custom/cosmetics/newspaper"}}