{"credit":"Made with Blockbench","display":{"firstperson_lefthand":{"rotation":[11,4,0],"translation":[8.5,-7.25,-2.25]},"firstperson_righthand":{"rotation":[11,4,0],"translation":[8.5,-7.25,-2.25]},"fixed":{"scale":[2,2,2],"translation":[0,-4,-3]},"ground":{"scale":[0.4,0.4,0.4],"translation":[0,7,0]},"gui":{"rotation":[0,45,-45],"scale":[0.6,0.6,0.6],"translation":[-1.25,-2,0]},"head":{"translation":[0,-3.25,0]},"thirdperson_lefthand":{"rotation":[49,14,-6],"translation":[0.25,-2.75,-0.75]},"thirdperson_righthand":{"rotation":[49,14,-6],"translation":[0.25,-2.75,-0.75]}},"elements":[{"faces":{"down":{"texture":"#0","uv":[0,15,1,16]},"east":{"texture":"#0","uv":[0,3.5,1,16]},"north":{"texture":"#0","uv":[0,3.5,1,16]},"south":{"texture":"#0","uv":[0,3.5,1,16]},"west":{"texture":"#0","uv":[0,3.5,1,16]}},"from":[7,-4,7],"to":[9,21,9]},{"faces":{"down":{"texture":"#0","uv":[5,3.5,8,6.5]},"east":{"texture":"#0","uv":[2,6.5,5,9.5]},"north":{"texture":"#0","uv":[5,6.5,8,9.5]},"south":{"texture":"#0","uv":[5,6.5,8,9.5]},"up":{"texture":"#0","uv":[2,3.5,5,6.5]},"west":{"texture":"#0","uv":[2,6.5,5,9.5]}},"from":[5,21,5],"to":[11,27,11]},{"faces":{"north":{"texture":"#0","uv":[0,0,5.5,2]},"south":{"texture":"#0","uv":[0,0,5.5,2]}},"from":[2.5,17,8],"rotation":{"angle":45,"axis":"y","origin":[8,8,8]},"to":[13.5,21,8]},{"faces":{"north":{"texture":"#0","uv":[0,0,5.5,2]},"south":{"texture":"#0","uv":[0,0,5.5,2]}},"from":[2.5,17,8],"rotation":{"angle":-45,"axis":"y","origin":[8,8,8]},"to":[13.5,21,8]},{"faces":{"down":{"texture":"#0","tintindex":0,"uv":[1,15,2,16]},"east":{"texture":"#0","tintindex":0,"uv":[1,3.5,2,16]},"north":{"texture":"#0","tintindex":0,"uv":[1,3.5,2,16]},"south":{"texture":"#0","tintindex":0,"uv":[1,3.5,2,16]},"west":{"texture":"#0","tintindex":0,"uv":[1,3.5,2,16]}},"from":[6.9,-4.1,6.9],"to":[9.1,21.1,9.1]}],"textures":{"0":"custom/cosmetics/original_staff","particle":"custom/cosmetics/original_staff"}}