{"credit":"Made with Blockbench","display":{"firstperson_lefthand":{"rotation":[4,113,0],"translation":[15,1,-8.75]},"firstperson_righthand":{"rotation":[4,113,0],"translation":[15,1,-8.75]},"fixed":{"rotation":[-90,0,0],"scale":[2,2,2],"translation":[0,0,-16]},"ground":{"scale":[0.4,0.4,0.4],"translation":[0,4.75,0]},"gui":{"rotation":[30,135,0],"scale":[0.97,0.97,0.97],"translation":[0,2.25,0]},"head":{"rotation":[4,0,0],"scale":[1.61,1.61,1.61],"translation":[0,16.25,0.75]},"thirdperson_lefthand":{"rotation":[44,58,0],"scale":[0.4,0.4,0.4],"translation":[0,2.5,1.75]},"thirdperson_righthand":{"rotation":[44,58,0],"scale":[0.4,0.4,0.4],"translation":[0,2.5,1.75]}},"elements":[{"faces":{"down":{"texture":"#0","uv":[5,0,10,5]},"east":{"texture":"#0","uv":[0,5,5,8]},"north":{"texture":"#0","uv":[0,5,5,8]},"south":{"texture":"#0","uv":[0,5,5,8]},"up":{"rotation":180,"texture":"#0","uv":[0,0,5,5]},"west":{"texture":"#0","uv":[0,5,5,8]}},"from":[3,0,3],"to":[13,6,13]},{"faces":{"down":{"rotation":180,"texture":"#0","uv":[10.5,0,11,2]},"north":{"texture":"#0","uv":[10,2,10.5,4]},"south":{"texture":"#0","uv":[12.5,2,13,4]},"up":{"rotation":180,"texture":"#0","uv":[10,0,10.5,2]},"west":{"texture":"#0","uv":[12.5,2,10.5,4]}},"from":[2,2,6],"to":[3,6,10]},{"faces":{"down":{"rotation":180,"texture":"#0","uv":[10.5,0,11,2]},"east":{"texture":"#0","uv":[10.5,2,12.5,4]},"north":{"texture":"#0","uv":[10,2,10.5,4]},"south":{"texture":"#0","uv":[12.5,2,13,4]},"up":{"rotation":180,"texture":"#0","uv":[10,0,10.5,2]}},"from":[13,2,6],"to":[14,6,10]},{"faces":{"north":{"texture":"#0","uv":[5,5,11,9.5]},"south":{"texture":"#0","uv":[5,5,11,9.5]}},"from":[2,5,8],"rotation":{"angle":45,"axis":"x","origin":[8,6,8]},"to":[14,14,8]}],"textures":{"0":"custom/cosmetics/rusty_hat","particle":"custom/cosmetics/rusty_hat"}}