{"credit":"Made with Blockbench","display":{"firstperson_lefthand":{"rotation":[51,-51,43],"translation":[2.25,-3,0]},"firstperson_righthand":{"rotation":[51,-51,43],"translation":[2.25,-3,0]},"fixed":{"scale":[2,2,2],"translation":[0,-2,-6.25]},"ground":{"scale":[0.4,0.4,0.4],"translation":[0,3.25,0]},"gui":{"rotation":[30,135,0],"scale":[0.7,0.7,0.7],"translation":[-0.25,-1,0]},"head":{"scale":[1.6,1.6,1.6],"translation":[0,-22,-17.25]},"thirdperson_lefthand":{"rotation":[49,-23,0],"translation":[-3.25,2.25,0]},"thirdperson_righthand":{"rotation":[49,-23,0],"translation":[-3.25,2.25,0]}},"elements":[{"faces":{"down":{"rotation":270,"texture":"#0","uv":[2.5,2,5,4.5]},"east":{"texture":"#0","uv":[5,4.5,2.5,8.5]},"north":{"texture":"#0","uv":[0,4.5,2.5,8.5]},"south":{"texture":"#0","uv":[0,4.5,2.5,8.5]},"up":{"texture":"#0","uv":[0,2,2.5,4.5]},"west":{"texture":"#0","uv":[2.5,4.5,5,8.5]}},"from":[5.5,0,3],"to":[10.5,8,8]},{"faces":{"down":{"rotation":270,"texture":"#0","uv":[0,0,1.5,2]},"east":{"texture":"#0","uv":[8.5,0,7,9.5]},"north":{"texture":"#0","uv":[5,0,7,9.5]},"south":{"texture":"#0","uv":[8.5,0,10.5,9.5]},"up":{"rotation":90,"texture":"#0","uv":[1.5,0,3,2]},"west":{"texture":"#0","uv":[7,0,8.5,9.5]}},"from":[6,0,8],"to":[10,19,11]},{"faces":{"down":{"rotation":270,"texture":"#0","uv":[3,1.5,5,2]},"east":{"rotation":180,"texture":"#0","uv":[3,2,5,1]},"south":{"texture":"#0","uv":[4,1,5,2]},"up":{"rotation":90,"texture":"#0","uv":[3,0,5,1]},"west":{"texture":"#0","uv":[3,1,5,2]}},"from":[7,17,11],"to":[9,19,15]}],"textures":{"0":"custom/cosmetics/saxophone","particle":"custom/cosmetics/saxophone"}}