{"credit":"Made with Blockbench","display":{"firstperson_lefthand":{"rotation":[0,114,0],"translation":[6.5,4.25,-5.5]},"firstperson_righthand":{"rotation":[0,114,0],"translation":[6.5,4.25,-5.5]},"fixed":{"rotation":[-90,0,0],"scale":[2,2,2],"translation":[0,0,-16.5]},"ground":{"scale":[0.4,0.4,0.4],"translation":[0,4.75,0]},"gui":{"rotation":[30,135,0],"scale":[0.9,0.9,0.9],"translation":[0,3.5,0]},"head":{"rotation":[5,0,0],"scale":[1.85,1.85,1.85],"translation":[0,18.65,1.2]},"thirdperson_lefthand":{"rotation":[42,57,0],"scale":[0.4,0.4,0.4],"translation":[0,2.75,2.25]},"thirdperson_righthand":{"rotation":[42,57,0],"scale":[0.4,0.4,0.4],"translation":[0,2.75,2.25]}},"elements":[{"faces":{"down":{"texture":"#0","uv":[7.5,0.5,15.5,8.5]},"up":{"texture":"#0","uv":[7.5,0.5,15.5,8.5]}},"from":[0,0,0],"to":[16,0,16]},{"faces":{"east":{"texture":"#0","uv":[0,0,4,4.5]},"north":{"texture":"#0","uv":[0,0,4,4.5]},"south":{"texture":"#0","uv":[0,0,4,4.5]},"up":{"texture":"#0","uv":[8,10.5,12,14.5]},"west":{"texture":"#0","uv":[0,4.5,4,9]}},"from":[4,0,4],"to":[12,9,12]},{"faces":{"down":{"texture":"#0","uv":[8,10.5,12,14.5]},"east":{"rotation":180,"texture":"#0","uv":[4,4.5,0,9]},"north":{"rotation":180,"texture":"#0","uv":[0,0,4,4.5]},"south":{"rotation":180,"texture":"#0","uv":[0,0,4,4.5]},"west":{"rotation":180,"texture":"#0","uv":[0,0,4,4.5]}},"from":[12,9,12],"to":[4,0,4]},{"faces":{"east":{"texture":"#0","tintindex":0,"uv":[0,11,4,13]},"north":{"texture":"#0","tintindex":0,"uv":[0,11,4,13]},"south":{"texture":"#0","tintindex":0,"uv":[0,11,4,13]},"west":{"texture":"#0","tintindex":0,"uv":[4,11,8,13]}},"from":[3.75,0.75,3.75],"to":[12.25,5.25,12.25]},{"faces":{"east":{"rotation":180,"texture":"#0","tintindex":0,"uv":[8,11,4,13]},"north":{"rotation":180,"texture":"#0","tintindex":0,"uv":[0,11,4,13]},"south":{"rotation":180,"texture":"#0","tintindex":0,"uv":[0,11,4,13]},"west":{"rotation":180,"texture":"#0","tintindex":0,"uv":[0,11,4,13]}},"from":[12.25,5.25,12.25],"to":[3.75,0.75,3.75]}],"textures":{"0":"custom/cosmetics/top_hat","particle":"custom/cosmetics/top_hat"}}