{"credit":"Made with Blockbench","display":{"firstperson_lefthand":{"rotation":[0,111,0],"translation":[5.75,-4,-0.75]},"firstperson_righthand":{"rotation":[0,111,0],"translation":[5.75,-4,-0.75]},"fixed":{"scale":[2,2,2],"translation":[0,0,-5.25]},"ground":{"scale":[0.4,0.4,0.4],"translation":[0,6.5,0]},"gui":{"rotation":[30,-45,0],"scale":[0.8,0.8,0.8],"translation":[0,0.75,0]},"head":{"rotation":[90,0,128],"scale":[1.6,1.6,1.6],"translation":[-1.5,10,-1.5]},"thirdperson_lefthand":{"rotation":[67,-89,0],"translation":[0.75,-5,-4]},"thirdperson_righthand":{"rotation":[67,-89,0],"translation":[0.75,-4.5,-4]}},"elements":[{"faces":{"down":{"rotation":90,"texture":"#1","tintindex":0,"uv":[13.5,6.5,16,16]},"east":{"texture":"#1","tintindex":0,"uv":[13.5,0,16,6.5]},"north":{"texture":"#1","tintindex":0,"uv":[0,0,9.5,6.5]},"south":{"texture":"#1","tintindex":0,"uv":[0,0,9.5,6.5]},"up":{"rotation":90,"texture":"#1","tintindex":0,"uv":[13.5,6.5,16,16]},"west":{"texture":"#1","tintindex":0,"uv":[13.5,0,16,6.5]}},"from":[-1.5,0,5.5],"to":[17.5,13,10.5]},{"faces":{"down":{"rotation":90,"texture":"#1","uv":[11,6.5,13.5,16]},"east":{"texture":"#1","uv":[11,0,13.5,6.5]},"north":{"texture":"#1","uv":[0,6.5,9.5,13]},"south":{"texture":"#1","uv":[0,6.5,9.5,13]},"up":{"rotation":90,"texture":"#1","uv":[11,6.5,13.5,16]},"west":{"texture":"#1","uv":[11,0,13.5,6.5]}},"from":[-1.7,-0.2,5.3],"to":[17.7,13.2,10.7]},{"faces":{"down":{"rotation":90,"texture":"#1","uv":[11,6.5,13.5,16]},"east":{"texture":"#1","uv":[11,0,13.5,6.5]},"north":{"texture":"#1","uv":[0,13,9.5,6.5]},"south":{"texture":"#1","uv":[0,13,9.5,6.5]},"up":{"rotation":90,"texture":"#1","uv":[11,6.5,13.5,16]},"west":{"texture":"#1","uv":[11,0,13.5,6.5]}},"from":[17.7,13.2,10.7],"to":[-1.7,-0.2,5.3]},{"faces":{"north":{"texture":"#1","tintindex":0,"uv":[0,14,1.5,16]},"south":{"texture":"#1","tintindex":0,"uv":[1.5,14,0,16]}},"from":[9.5,13,8.5],"rotation":{"angle":0,"axis":"y","origin":[8,6,17]},"to":[12.5,17,8.5]},{"faces":{"north":{"texture":"#1","tintindex":0,"uv":[3,14,4.5,16]},"south":{"texture":"#1","tintindex":0,"uv":[4.5,14,3,16]}},"from":[3.5,13,8.5],"rotation":{"angle":0,"axis":"y","origin":[8,6,17]},"to":[6.5,17,8.5]},{"faces":{"north":{"texture":"#1","uv":[1.5,14,3,16]},"south":{"texture":"#1","uv":[3,14,1.5,16]}},"from":[6.5,13,8.5],"rotation":{"angle":0,"axis":"y","origin":[8,6,17]},"to":[9.5,17,8.5]}],"groups":[0,1,2,{"children":[3,4,5],"name":"group","origin":[8,8,8]}],"textures":{"1":"custom/cosmetics/travel_case"}}