{"credit":"Made with Blockbench","display":{"firstperson_lefthand":{"translation":[-9,-3.75,7.75]},"firstperson_righthand":{"translation":[-9,-3.75,7.75]},"fixed":{"rotation":[-90,0,0],"scale":[2,2,2],"translation":[0,0,-16]},"ground":{"scale":[0.4,0.4,0.4],"translation":[0,5.75,0]},"gui":{"rotation":[30,135,0],"scale":[0.7,0.7,0.7]},"head":{"scale":[1.46,1.46,1.46]},"thirdperson_lefthand":{"rotation":[68,0,0],"translation":[-6,-3.25,-5]},"thirdperson_righthand":{"rotation":[68,0,0],"translation":[-6,-3.25,-5]}},"elements":[{"faces":{"east":{"texture":"#0","uv":[0,0,0.5,8]},"north":{"texture":"#0","uv":[0,0,0.5,8]},"south":{"texture":"#0","uv":[0,0,0.5,8]},"up":{"texture":"#0","uv":[0,0,0.5,0.5]},"west":{"texture":"#0","uv":[0,0,0.5,8]}},"from":[2,0,3],"rotation":{"angle":0,"axis":"y","origin":[6,8,8]},"to":[3,16,4]},{"faces":{"east":{"texture":"#0","uv":[0,0,0.5,8]},"north":{"texture":"#0","uv":[0,0,0.5,8]},"south":{"texture":"#0","uv":[0,0,0.5,8]},"up":{"texture":"#0","uv":[0,0,0.5,0.5]},"west":{"texture":"#0","uv":[0,0,0.5,8]}},"from":[13,0,3],"rotation":{"angle":0,"axis":"y","origin":[17,8,8]},"to":[14,16,4]},{"faces":{"east":{"texture":"#0","uv":[0,0,0.5,8]},"north":{"texture":"#0","uv":[0,0,0.5,8]},"south":{"texture":"#0","uv":[0,0,0.5,8]},"up":{"texture":"#0","uv":[0,0,0.5,0.5]},"west":{"texture":"#0","uv":[0,0,0.5,8]}},"from":[2,0,12],"rotation":{"angle":0,"axis":"y","origin":[6,8,9]},"to":[3,16,13]},{"faces":{"east":{"texture":"#0","uv":[0,0,0.5,8]},"north":{"texture":"#0","uv":[0,0,0.5,8]},"south":{"texture":"#0","uv":[0,0,0.5,8]},"up":{"texture":"#0","uv":[0,0,0.5,0.5]},"west":{"texture":"#0","uv":[0,0,0.5,8]}},"from":[13,0,12],"rotation":{"angle":0,"axis":"y","origin":[17,8,9]},"to":[14,16,13]},{"faces":{"down":{"rotation":90,"texture":"#0","uv":[0.5,7,4.5,7.5]},"east":{"texture":"#0","uv":[0.5,7,4.5,7.5]},"up":{"rotation":90,"texture":"#0","uv":[0.5,7,4.5,7.5]},"west":{"texture":"#0","uv":[0.5,7,4.5,7.5]}},"from":[2,15,4],"rotation":{"angle":0,"axis":"y","origin":[7,8,9]},"to":[3,16,12]},{"faces":{"down":{"rotation":90,"texture":"#0","uv":[0.5,7,4.5,7.5]},"east":{"texture":"#0","uv":[0.5,7,4.5,7.5]},"up":{"rotation":90,"texture":"#0","uv":[0.5,7,4.5,7.5]},"west":{"texture":"#0","uv":[0.5,7,4.5,7.5]}},"from":[13,15,4],"rotation":{"angle":0,"axis":"y","origin":[7,8,9]},"to":[14,16,12]},{"faces":{"east":{"texture":"#0","uv":[0.5,0,5.5,5]},"north":{"texture":"#0","uv":[5.5,0,11.5,5]},"west":{"texture":"#0","uv":[0.5,0,5.5,5]}},"from":[2,3,3],"to":[14,13,13]},{"faces":{"east":{"rotation":180,"texture":"#0","uv":[0.5,0,5.5,5]},"south":{"rotation":180,"texture":"#0","uv":[5.5,0,11.5,5]},"west":{"rotation":180,"texture":"#0","uv":[0.5,0,5.5,5]}},"from":[14,13,13],"to":[2,3,3]}],"textures":{"0":"custom/cosmetics/walker","particle":"custom/cosmetics/walker"}}