{"credit":"Made with Blockbench","display":{"firstperson_lefthand":{"rotation":[0,50,0],"translation":[2.5,9,1.5]},"firstperson_righthand":{"rotation":[0,50,0],"translation":[2.5,9,1.5]},"fixed":{"rotation":[90,0,180],"scale":[2,2,2],"translation":[0,0,-14]},"ground":{"scale":[0.5,0.5,0.5],"translation":[0,4,0]},"gui":{"rotation":[30,135,0],"scale":[1.4,1.4,1.4],"translation":[0,6.5,0]},"head":{"scale":[1.6,1.6,1.6],"translation":[0,3.25,-0.75]},"thirdperson_lefthand":{"rotation":[13,61,0],"scale":[0.5,0.5,0.5],"translation":[0,4,2.25]},"thirdperson_righthand":{"rotation":[13,61,0],"scale":[0.5,0.5,0.5],"translation":[0,4,2.25]}},"elements":[{"faces":{"down":{"rotation":90,"texture":"#0","uv":[8,0,13,3]},"east":{"texture":"#0","uv":[3,3,8,8]},"north":{"texture":"#0","uv":[8,3,11,8]},"south":{"texture":"#0","uv":[0,3,3,8]},"up":{"rotation":270,"texture":"#0","uv":[3,0,8,3]},"west":{"texture":"#0","uv":[8,3,3,8]}},"from":[6.5,0,6],"rotation":{"angle":0,"axis":"y","origin":[8,7,8]},"to":[9.5,5,11]},{"faces":{"down":{"rotation":270,"texture":"#0","uv":[9,12,11,14]},"east":{"rotation":180,"texture":"#0","uv":[9,14,11,16]},"west":{"rotation":180,"texture":"#0","uv":[11,14,9,16]}},"from":[9.1,1.1,6.1],"rotation":{"angle":0,"axis":"y","origin":[10,11,11]},"to":[6.9,-1.1,3.9]},{"faces":{"east":{"texture":"#0","uv":[9,14,11,16]},"up":{"rotation":270,"texture":"#0","uv":[9,12,11,14]},"west":{"texture":"#0","uv":[11,14,9,16]}},"from":[6.9,-1.1,3.9],"rotation":{"angle":0,"axis":"y","origin":[8,7,9]},"to":[9.1,1.1,6.1]}],"textures":{"0":"custom/entities/bugs/snail","particle":"custom/entities/bugs/snail"}}