{"credit":"Made with Blockbench","display":{"firstperson_lefthand":{"rotation":[0,50,0],"translation":[2.5,9,1.5]},"firstperson_righthand":{"rotation":[0,50,0],"translation":[2.5,9,1.5]},"fixed":{"rotation":[90,0,180],"scale":[2,2,2],"translation":[0,0,-14]},"ground":{"scale":[0.5,0.5,0.5],"translation":[0,4,0]},"gui":{"rotation":[30,135,0],"scale":[1.4,1.4,1.4],"translation":[0,6.5,0]},"head":{"scale":[1.6,1.6,1.6],"translation":[0,1.5,-0.75]},"thirdperson_lefthand":{"rotation":[13,61,0],"scale":[0.5,0.5,0.5],"translation":[0,4,2.25]},"thirdperson_righthand":{"rotation":[13,61,0],"scale":[0.5,0.5,0.5],"translation":[0,4,2.25]}},"elements":[{"faces":{"down":{"texture":"#0","uv":[2,7,3,8]},"east":{"texture":"#0","uv":[3,3,8,8]},"north":{"texture":"#0","uv":[8,3,11,8]},"south":{"texture":"#0","uv":[0,3,3,8]},"up":{"rotation":270,"texture":"#0","uv":[3,0,8,3]},"west":{"texture":"#0","uv":[8,3,3,8]}},"from":[6.5,1,6],"to":[9.5,6,11]},{"faces":{"up":{"rotation":270,"texture":"#0","uv":[1,11,2,13]}},"from":[6.9,-0.1,10.9],"rotation":{"angle":0,"axis":"y","origin":[8,8,13]},"to":[9.1,1.1,12.1]},{"faces":{"east":{"texture":"#0","uv":[9,14,12,16]},"up":{"rotation":270,"texture":"#0","uv":[9,12,12,14]},"west":{"texture":"#0","uv":[12,14,9,16]}},"from":[6.9,-0.1,2.9],"to":[9.1,2.1,6.1]},{"faces":{"east":{"texture":"#0","tintindex":0,"uv":[12,8,14,10]},"west":{"texture":"#0","tintindex":0,"uv":[14,8,12,10]}},"from":[9,2,2],"to":[9,4,4]},{"faces":{"east":{"texture":"#0","tintindex":0,"uv":[12,8,14,10]},"west":{"texture":"#0","tintindex":0,"uv":[14,8,12,10]}},"from":[7,2,2],"to":[7,4,4]},{"faces":{"down":{"texture":"#0","tintindex":0,"uv":[2,8,4,10]},"east":{"texture":"#0","tintindex":0,"uv":[0,10,7,11]},"north":{"texture":"#0","tintindex":0,"uv":[2,8,4,9]},"south":{"texture":"#0","tintindex":0,"uv":[0,10,2,11]},"up":{"rotation":270,"texture":"#0","tintindex":0,"uv":[0,8,7,10]},"west":{"rotation":180,"texture":"#0","tintindex":0,"uv":[0,10,7,11]}},"from":[7,0,6],"to":[9,1,13]},{"faces":{"down":{"texture":"#0","tintindex":0,"uv":[2,8,4,10]},"east":{"texture":"#0","tintindex":0,"uv":[9,10,12,12]},"north":{"texture":"#0","tintindex":0,"uv":[12,10,14,12]},"up":{"rotation":270,"texture":"#0","tintindex":0,"uv":[9,8,12,10]},"west":{"texture":"#0","tintindex":0,"uv":[12,10,9,12]}},"from":[7,0,3],"to":[9,2,6]}],"groups":[0,1,2,{"children":[3,4,5,6],"name":"group","origin":[8,8,8]}],"textures":{"0":"custom/entities/bugs/snail","particle":"custom/entities/bugs/snail"}}