{"textures":{"0":"modelengine:entity/capybara"},"elements":[{"from":[6.285714,8.0,4.5714283],"to":[9.714286,12.571428,8.571428],"rotation":{"angle":0.0,"axis":"y","origin":[8.0,8.0,8.0]},"faces":{"east":{"uv":[0.0,5.75,1.75,7.75],"rotation":0,"texture":"#0","tintindex":0},"south":{"uv":[5.0,5.75,6.5,7.75],"rotation":0,"texture":"#0","tintindex":0},"north":{"uv":[1.75,5.75,3.25,7.75],"rotation":0,"texture":"#0","tintindex":0},"west":{"uv":[3.25,5.75,5.0,7.75],"rotation":0,"texture":"#0","tintindex":0},"up":{"uv":[3.25,5.75,1.75,4.0],"rotation":0,"texture":"#0","tintindex":0},"down":{"uv":[4.75,4.0,3.25,5.75],"rotation":0,"texture":"#0","tintindex":0}}}],"display":{"head":{"translation":[0.0,-6.4,0.0],"scale":[4.0,4.0,4.0]}}}