{"textures":{"0":"modelengine:entity/capybara"},"elements":[{"from":[7.0,12.942858,-0.5],"to":[9.0,15.8,1.2142854],"rotation":{"angle":0.0,"axis":"y","origin":[8.0,15.228571,0.6428566]},"faces":{"east":{"uv":[5.0,0.75,5.75,2.0],"rotation":0,"texture":"#0","tintindex":0},"south":{"uv":[7.25,0.75,8.0,2.0],"rotation":0,"texture":"#0","tintindex":0},"north":{"uv":[5.75,0.75,6.5,2.0],"rotation":0,"texture":"#0","tintindex":0},"west":{"uv":[6.5,0.75,7.25,2.0],"rotation":0,"texture":"#0","tintindex":0},"up":{"uv":[6.5,0.75,5.75,0.0],"rotation":0,"texture":"#0","tintindex":0},"down":{"uv":[7.25,0.0,6.5,0.75],"rotation":0,"texture":"#0","tintindex":0}}}],"display":{"head":{"translation":[0.0,-6.4,0.0],"scale":[4.0,4.0,4.0]}}}