{
  "__comment": "© Droobledore LLC",
  "credit": "Created by Droobledore for PotterworldMC, DroobledoreLLC",
  "textures": {
    "0": "block/block_fence_wood",
    "particle": "block/block_fence_wood"
  },
  "elements": [
    {
      "from": [
        6.5,
        15,
        6.5
      ],
      "to": [
        9.5,
        15.75,
        9.5
      ],
      "rotation": {
        "angle": 0,
        "axis": "y",
        "origin": [
          8,
          15.5,
          8
        ]
      },
      "faces": {
        "north": {
          "uv": [
            13,
            7,
            15,
            12.25
          ],
          "rotation": 90,
          "texture": "#0"
        },
        "east": {
          "uv": [
            13,
            7,
            15,
            12.25
          ],
          "rotation": 90,
          "texture": "#0"
        },
        "south": {
          "uv": [
            13,
            7,
            15,
            12.25
          ],
          "rotation": 90,
          "texture": "#0"
        },
        "west": {
          "uv": [
            13,
            7,
            15,
            12.25
          ],
          "rotation": 90,
          "texture": "#0"
        },
        "up": {
          "uv": [
            0,
            5,
            5,
            10.5
          ],
          "texture": "#0"
        },
        "down": {
          "uv": [
            0,
            5,
            5,
            10.5
          ],
          "texture": "#0"
        }
      }
    },
    {
      "from": [
        7,
        15.75,
        7
      ],
      "to": [
        9,
        16.5,
        9
      ],
      "rotation": {
        "angle": 0,
        "axis": "y",
        "origin": [
          8,
          16.25,
          8
        ]
      },
      "faces": {
        "north": {
          "uv": [
            1,
            5.25,
            3,
            10.5
          ],
          "rotation": 90,
          "texture": "#0"
        },
        "east": {
          "uv": [
            1,
            5.25,
            3,
            10.5
          ],
          "rotation": 90,
          "texture": "#0"
        },
        "south": {
          "uv": [
            1,
            5.25,
            3,
            10.5
          ],
          "rotation": 90,
          "texture": "#0"
        },
        "west": {
          "uv": [
            1,
            5.25,
            3,
            10.5
          ],
          "rotation": 90,
          "texture": "#0"
        },
        "up": {
          "uv": [
            0,
            5,
            5,
            10.5
          ],
          "texture": "#0"
        },
        "down": {
          "uv": [
            0,
            5,
            5,
            10.5
          ],
          "texture": "#0"
        }
      }
    },
    {
      "from": [
        6.85,
        18.25,
        6.85
      ],
      "to": [
        9.15,
        18.9,
        9.15
      ],
      "rotation": {
        "angle": 0,
        "axis": "y",
        "origin": [
          8,
          18.75,
          8
        ]
      },
      "faces": {
        "north": {
          "uv": [
            1,
            5.25,
            3,
            10.5
          ],
          "rotation": 90,
          "texture": "#0"
        },
        "east": {
          "uv": [
            1,
            5.25,
            3,
            10.5
          ],
          "rotation": 90,
          "texture": "#0"
        },
        "south": {
          "uv": [
            1,
            5.25,
            3,
            10.5
          ],
          "rotation": 90,
          "texture": "#0"
        },
        "west": {
          "uv": [
            1,
            5.25,
            3,
            10.5
          ],
          "rotation": 90,
          "texture": "#0"
        },
        "up": {
          "uv": [
            10.75,
            1.75,
            16,
            7.25
          ],
          "texture": "#0"
        },
        "down": {
          "uv": [
            10.75,
            1.75,
            16,
            7.25
          ],
          "texture": "#0"
        }
      }
    },
    {
      "from": [
        7,
        17.25,
        7
      ],
      "to": [
        9,
        19.25,
        9
      ],
      "rotation": {
        "angle": 0,
        "axis": "y",
        "origin": [
          8,
          17.75,
          8
        ]
      },
      "faces": {
        "north": {
          "uv": [
            0,
            5,
            5,
            10.5
          ],
          "texture": "#0"
        },
        "east": {
          "uv": [
            0,
            5,
            5,
            10.5
          ],
          "texture": "#0"
        },
        "south": {
          "uv": [
            0,
            5,
            5,
            10.5
          ],
          "texture": "#0"
        },
        "west": {
          "uv": [
            0,
            5,
            5,
            10.5
          ],
          "texture": "#0"
        },
        "up": {
          "uv": [
            0,
            5,
            5,
            10.5
          ],
          "texture": "#0"
        },
        "down": {
          "uv": [
            0,
            5,
            5,
            10.5
          ],
          "texture": "#0"
        }
      }
    },
    {
      "from": [
        7.5,
        16.5,
        7.5
      ],
      "to": [
        8.5,
        17.5,
        8.5
      ],
      "rotation": {
        "angle": 0,
        "axis": "y",
        "origin": [
          8,
          17,
          8
        ]
      },
      "faces": {
        "north": {
          "uv": [
            8.25,
            0,
            10.25,
            1.25
          ],
          "texture": "#0"
        },
        "east": {
          "uv": [
            8.25,
            0,
            10.25,
            1.25
          ],
          "texture": "#0"
        },
        "south": {
          "uv": [
            8.25,
            0,
            10.25,
            1.25
          ],
          "texture": "#0"
        },
        "west": {
          "uv": [
            8.25,
            0,
            10.25,
            1.25
          ],
          "texture": "#0"
        },
        "up": {
          "uv": [
            8.25,
            0,
            10.25,
            1.25
          ],
          "texture": "#0"
        },
        "down": {
          "uv": [
            8,
            13,
            11,
            16
          ],
          "texture": "#0"
        }
      }
    },
    {
      "from": [
        7.5,
        2.5,
        0
      ],
      "to": [
        8.5,
        10.75,
        0.5
      ],
      "rotation": {
        "angle": 0,
        "axis": "y",
        "origin": [
          8,
          3,
          0.5
        ]
      },
      "faces": {
        "north": {
          "uv": [
            5.5,
            0,
            9,
            16
          ],
          "texture": "#0"
        },
        "east": {
          "uv": [
            5.5,
            0,
            7.5,
            16
          ],
          "texture": "#0"
        },
        "south": {
          "uv": [
            5.5,
            0,
            9,
            16
          ],
          "texture": "#0"
        },
        "west": {
          "uv": [
            7,
            0,
            9,
            16
          ],
          "texture": "#0"
        },
        "up": {
          "uv": [
            8.25,
            0,
            10.25,
            1.25
          ],
          "texture": "#0"
        },
        "down": {
          "uv": [
            8,
            13,
            11,
            16
          ],
          "texture": "#0"
        }
      }
    },
    {
      "from": [
        7.5,
        2.5,
        3.25
      ],
      "to": [
        8.5,
        10.75,
        4.25
      ],
      "rotation": {
        "angle": 0,
        "axis": "y",
        "origin": [
          8,
          3,
          3.75
        ]
      },
      "faces": {
        "north": {
          "uv": [
            5.5,
            0,
            9,
            16
          ],
          "texture": "#0"
        },
        "east": {
          "uv": [
            5.5,
            0,
            9,
            16
          ],
          "texture": "#0"
        },
        "south": {
          "uv": [
            5.5,
            0,
            9,
            16
          ],
          "texture": "#0"
        },
        "west": {
          "uv": [
            5.5,
            0,
            9,
            16
          ],
          "texture": "#0"
        },
        "up": {
          "uv": [
            8.25,
            0,
            10.25,
            1.25
          ],
          "texture": "#0"
        },
        "down": {
          "uv": [
            8,
            13,
            11,
            16
          ],
          "texture": "#0"
        }
      }
    },
    {
      "from": [
        6.75,
        1,
        6.75
      ],
      "to": [
        9.25,
        15,
        9.25
      ],
      "rotation": {
        "angle": 0,
        "axis": "y",
        "origin": [
          8,
          1.5,
          8
        ]
      },
      "faces": {
        "north": {
          "uv": [
            5,
            0,
            10.25,
            16
          ],
          "texture": "#0"
        },
        "east": {
          "uv": [
            5,
            0,
            10.25,
            16
          ],
          "texture": "#0"
        },
        "south": {
          "uv": [
            5,
            0,
            10.25,
            16
          ],
          "texture": "#0"
        },
        "west": {
          "uv": [
            5,
            0,
            10.25,
            16
          ],
          "texture": "#0"
        },
        "up": {
          "uv": [
            11,
            13,
            13.5,
            16
          ],
          "texture": "#0"
        },
        "down": {
          "uv": [
            8,
            13,
            11,
            16
          ],
          "texture": "#0"
        }
      }
    },
    {
      "from": [
        7.25,
        13.5,
        0
      ],
      "to": [
        8.75,
        14.75,
        6.75
      ],
      "rotation": {
        "angle": 0,
        "axis": "x",
        "origin": [
          8,
          13.5,
          3.375
        ]
      },
      "faces": {
        "north": {
          "uv": [
            10.75,
            0,
            13.5,
            13
          ],
          "rotation": 270,
          "texture": "#0"
        },
        "east": {
          "uv": [
            10.5,
            16,
            16,
            0
          ],
          "rotation": 90,
          "texture": "#0"
        },
        "south": {
          "uv": [
            10.75,
            0,
            13.5,
            13
          ],
          "rotation": 270,
          "texture": "#0"
        },
        "west": {
          "uv": [
            10.5,
            16,
            16,
            0
          ],
          "rotation": 270,
          "texture": "#0"
        },
        "up": {
          "uv": [
            10.5,
            16,
            16,
            0
          ],
          "texture": "#0"
        },
        "down": {
          "uv": [
            10.5,
            16,
            16,
            0
          ],
          "rotation": 180,
          "texture": "#0"
        }
      }
    },
    {
      "from": [
        7.25,
        10.75,
        0
      ],
      "to": [
        8.75,
        11.5,
        6.75
      ],
      "rotation": {
        "angle": 0,
        "axis": "x",
        "origin": [
          8,
          10.25,
          3.375
        ]
      },
      "faces": {
        "north": {
          "uv": [
            10.75,
            0,
            13.5,
            13
          ],
          "rotation": 270,
          "texture": "#0"
        },
        "east": {
          "uv": [
            12.75,
            16,
            16,
            0
          ],
          "rotation": 90,
          "texture": "#0"
        },
        "south": {
          "uv": [
            10.75,
            0,
            13.5,
            13
          ],
          "rotation": 270,
          "texture": "#0"
        },
        "west": {
          "uv": [
            12.75,
            0,
            16,
            16
          ],
          "rotation": 90,
          "texture": "#0"
        },
        "up": {
          "uv": [
            10.5,
            16,
            16,
            0
          ],
          "texture": "#0"
        },
        "down": {
          "uv": [
            10.5,
            16,
            16,
            0
          ],
          "rotation": 180,
          "texture": "#0"
        }
      }
    },
    {
      "from": [
        7.25,
        1.5,
        0
      ],
      "to": [
        8.75,
        2.5,
        6.75
      ],
      "rotation": {
        "angle": 0,
        "axis": "x",
        "origin": [
          8,
          2,
          3.375
        ]
      },
      "faces": {
        "north": {
          "uv": [
            10.75,
            0,
            13.5,
            13
          ],
          "rotation": 270,
          "texture": "#0"
        },
        "east": {
          "uv": [
            10.5,
            16,
            16,
            0
          ],
          "rotation": 90,
          "texture": "#0"
        },
        "south": {
          "uv": [
            10.75,
            0,
            13.5,
            13
          ],
          "rotation": 270,
          "texture": "#0"
        },
        "west": {
          "uv": [
            10.5,
            16,
            16,
            0
          ],
          "rotation": 270,
          "texture": "#0"
        },
        "up": {
          "uv": [
            10.5,
            16,
            16,
            0
          ],
          "texture": "#0"
        },
        "down": {
          "uv": [
            10.5,
            16,
            16,
            0
          ],
          "rotation": 180,
          "texture": "#0"
        }
      }
    },
    {
      "from": [
        6.5,
        0,
        6.5
      ],
      "to": [
        9.5,
        1,
        9.5
      ],
      "rotation": {
        "angle": 0,
        "axis": "y",
        "origin": [
          8,
          0.5,
          8
        ]
      },
      "faces": {
        "north": {
          "uv": [
            13,
            7,
            15,
            12.25
          ],
          "rotation": 90,
          "texture": "#0"
        },
        "east": {
          "uv": [
            13,
            7,
            15,
            12.25
          ],
          "rotation": 90,
          "texture": "#0"
        },
        "south": {
          "uv": [
            13,
            7,
            15,
            12.25
          ],
          "rotation": 90,
          "texture": "#0"
        },
        "west": {
          "uv": [
            13,
            7,
            15,
            12.25
          ],
          "rotation": 90,
          "texture": "#0"
        },
        "up": {
          "uv": [
            11,
            13,
            13.5,
            16
          ],
          "texture": "#0"
        },
        "down": {
          "uv": [
            8,
            13,
            11,
            16
          ],
          "texture": "#0"
        }
      }
    }
  ]
}
