{
  "__comment": "© Droobledore LLC",
  "ambientocclusion": false,
  "textures": {
    "particle": "item/custom/misc_wandbox",
    "texture": "item/custom/misc_wandbox"
  },
  "elements": [
    {
      "from": [
        11.5,
        2.5,
        -1.75
      ],
      "to": [
        15,
        3,
        17.75
      ],
      "faces": {
        "down": {
          "uv": [
            0,
            0,
            1,
            4
          ],
          "texture": "#texture",
          "rotation": 180
        },
        "up": {
          "uv": [
            0,
            0,
            1,
            5
          ],
          "texture": "#texture",
          "rotation": 180
        },
        "north": {
          "uv": [
            0,
            0,
            1,
            5
          ],
          "texture": "#texture",
          "rotation": 270
        },
        "south": {
          "uv": [
            0,
            0,
            1,
            5
          ],
          "texture": "#texture",
          "rotation": 270
        },
        "west": {
          "uv": [
            0,
            0,
            1,
            16
          ],
          "texture": "#texture",
          "rotation": 270
        },
        "east": {
          "uv": [
            0,
            0,
            1,
            16
          ],
          "texture": "#texture",
          "rotation": 270
        }
      }
    },
    {
      "from": [
        11.25,
        3,
        -2
      ],
      "to": [
        15.25,
        5,
        18
      ],
      "faces": {
        "down": {
          "uv": [
            1,
            9.5,
            2.5,
            16
          ],
          "texture": "#texture"
        },
        "up": {
          "uv": [
            2.5,
            9.5,
            5.5,
            16
          ],
          "texture": "#texture"
        },
        "north": {
          "uv": [
            1.5,
            2.5,
            6,
            5
          ],
          "texture": "#texture"
        },
        "south": {
          "uv": [
            1.5,
            2.5,
            6,
            5
          ],
          "texture": "#texture"
        },
        "west": {
          "uv": [
            1,
            9.5,
            2.5,
            16
          ],
          "texture": "#texture",
          "rotation": 270
        },
        "east": {
          "uv": [
            1,
            9.5,
            2.5,
            16
          ],
          "texture": "#texture",
          "rotation": 270
        }
      }
    },
    {
      "from": [
        9.75,
        2.5,
        -0.25
      ],
      "to": [
        11.75,
        6.5,
        16
      ],
      "rotation": {
        "origin": [
          9.75,
          2.5,
          -0.25
        ],
        "axis": "z",
        "angle": 22.5
      },
      "faces": {
        "down": {
          "uv": [
            10.5,
            3.5,
            12.5,
            16
          ],
          "texture": "#texture"
        },
        "up": {
          "uv": [
            12.5,
            16,
            10.5,
            3.5
          ],
          "texture": "#texture",
          "rotation": 180
        },
        "north": {
          "uv": [
            16,
            3.5,
            10.5,
            0
          ],
          "texture": "#texture",
          "rotation": 90
        },
        "south": {
          "uv": [
            16,
            3.5,
            10.5,
            0
          ],
          "texture": "#texture",
          "rotation": 270
        },
        "west": {
          "uv": [
            1,
            3,
            0,
            0
          ],
          "texture": "#texture",
          "rotation": 270
        },
        "east": {
          "uv": [
            12.5,
            3.5,
            16,
            16
          ],
          "texture": "#texture",
          "rotation": 90
        }
      }
    },
    {
      "from": [
        8.25,
        0,
        -0.75
      ],
      "to": [
        11.75,
        0.5,
        16.75
      ],
      "faces": {
        "down": {
          "uv": [
            0,
            0,
            1,
            4
          ],
          "texture": "#texture",
          "rotation": 180
        },
        "up": {
          "uv": [
            0,
            0,
            1,
            5
          ],
          "texture": "#texture",
          "rotation": 180
        },
        "north": {
          "uv": [
            0,
            0,
            1,
            5
          ],
          "texture": "#texture",
          "rotation": 270
        },
        "south": {
          "uv": [
            0,
            0,
            1,
            5
          ],
          "texture": "#texture",
          "rotation": 270
        },
        "west": {
          "uv": [
            0,
            0,
            1,
            16
          ],
          "texture": "#texture",
          "rotation": 270
        },
        "east": {
          "uv": [
            0,
            0,
            1,
            16
          ],
          "texture": "#texture",
          "rotation": 270
        }
      }
    },
    {
      "from": [
        8,
        0.5,
        -1
      ],
      "to": [
        12,
        2.5,
        17
      ],
      "faces": {
        "down": {
          "uv": [
            5.5,
            9.5,
            7,
            16
          ],
          "texture": "#texture"
        },
        "up": {
          "uv": [
            7,
            9.5,
            10.5,
            16
          ],
          "texture": "#texture"
        },
        "north": {
          "uv": [
            6,
            0,
            10.5,
            2.5
          ],
          "texture": "#texture"
        },
        "south": {
          "uv": [
            6,
            0,
            10.5,
            2.5
          ],
          "texture": "#texture"
        },
        "west": {
          "uv": [
            5.5,
            9.5,
            7,
            16
          ],
          "texture": "#texture",
          "rotation": 270
        },
        "east": {
          "uv": [
            5.5,
            9.5,
            7,
            16
          ],
          "texture": "#texture",
          "rotation": 270
        }
      }
    },
    {
      "from": [
        1,
        5,
        0.25
      ],
      "to": [
        4.5,
        5.5,
        15.75
      ],
      "rotation": {
        "origin": [
          0.75,
          5.5,
          0
        ],
        "axis": "z",
        "angle": 22.5
      },
      "faces": {
        "down": {
          "uv": [
            0,
            0,
            1,
            4
          ],
          "texture": "#texture",
          "rotation": 180
        },
        "up": {
          "uv": [
            0,
            0,
            1,
            5
          ],
          "texture": "#texture",
          "rotation": 180
        },
        "north": {
          "uv": [
            0,
            0,
            1,
            5
          ],
          "texture": "#texture",
          "rotation": 270
        },
        "south": {
          "uv": [
            0,
            0,
            1,
            5
          ],
          "texture": "#texture",
          "rotation": 270
        },
        "west": {
          "uv": [
            0,
            0,
            1,
            16
          ],
          "texture": "#texture",
          "rotation": 270
        },
        "east": {
          "uv": [
            0,
            0,
            1,
            16
          ],
          "texture": "#texture",
          "rotation": 270
        }
      }
    },
    {
      "from": [
        0.75,
        5.5,
        0
      ],
      "to": [
        4.75,
        7.5,
        16
      ],
      "rotation": {
        "origin": [
          0.75,
          5.5,
          0
        ],
        "axis": "z",
        "angle": 22.5
      },
      "faces": {
        "down": {
          "uv": [
            5.5,
            5,
            7,
            9.5
          ],
          "texture": "#texture"
        },
        "up": {
          "uv": [
            7,
            5,
            10.5,
            9.5
          ],
          "texture": "#texture"
        },
        "north": {
          "uv": [
            1.5,
            0,
            6,
            2.5
          ],
          "texture": "#texture"
        },
        "south": {
          "uv": [
            1.5,
            0,
            6,
            2.5
          ],
          "texture": "#texture"
        },
        "west": {
          "uv": [
            5.5,
            5,
            7,
            9.5
          ],
          "texture": "#texture",
          "rotation": 270
        },
        "east": {
          "uv": [
            5.5,
            5,
            7,
            9.5
          ],
          "texture": "#texture",
          "rotation": 270
        }
      }
    },
    {
      "from": [
        12.25,
        7.5,
        -2.25
      ],
      "to": [
        15.75,
        8,
        18.25
      ],
      "faces": {
        "down": {
          "uv": [
            0,
            0,
            1,
            4
          ],
          "texture": "#texture",
          "rotation": 180
        },
        "up": {
          "uv": [
            0,
            0,
            1,
            5
          ],
          "texture": "#texture",
          "rotation": 180
        },
        "north": {
          "uv": [
            0,
            0,
            1,
            5
          ],
          "texture": "#texture",
          "rotation": 270
        },
        "south": {
          "uv": [
            0,
            0,
            1,
            5
          ],
          "texture": "#texture",
          "rotation": 270
        },
        "west": {
          "uv": [
            0,
            0,
            1,
            16
          ],
          "texture": "#texture",
          "rotation": 270
        },
        "east": {
          "uv": [
            0,
            0,
            1,
            16
          ],
          "texture": "#texture",
          "rotation": 270
        }
      }
    },
    {
      "from": [
        12,
        8,
        -2.5
      ],
      "to": [
        16,
        10,
        18.5
      ],
      "faces": {
        "down": {
          "uv": [
            1,
            5,
            2.5,
            9.5
          ],
          "texture": "#texture"
        },
        "up": {
          "uv": [
            2.5,
            5,
            5.5,
            9.5
          ],
          "texture": "#texture"
        },
        "north": {
          "uv": [
            6,
            2.5,
            10.5,
            5
          ],
          "texture": "#texture"
        },
        "south": {
          "uv": [
            6,
            2.5,
            10.5,
            5
          ],
          "texture": "#texture"
        },
        "west": {
          "uv": [
            1,
            5,
            2.5,
            9.5
          ],
          "texture": "#texture",
          "rotation": 270
        },
        "east": {
          "uv": [
            1,
            5,
            2.5,
            9.5
          ],
          "texture": "#texture",
          "rotation": 270
        }
      }
    },
    {
      "from": [
        1.25,
        2.5,
        -1.25
      ],
      "to": [
        4.75,
        3,
        17.25
      ],
      "rotation": {
        "origin": [
          1.25,
          2.5,
          -1.25
        ],
        "axis": "z",
        "angle": 22.5
      },
      "faces": {
        "down": {
          "uv": [
            0,
            0,
            1,
            4
          ],
          "texture": "#texture",
          "rotation": 180
        },
        "up": {
          "uv": [
            0,
            0,
            1,
            5
          ],
          "texture": "#texture",
          "rotation": 180
        },
        "north": {
          "uv": [
            0,
            0,
            1,
            5
          ],
          "texture": "#texture",
          "rotation": 270
        },
        "south": {
          "uv": [
            0,
            0,
            1,
            5
          ],
          "texture": "#texture",
          "rotation": 270
        },
        "west": {
          "uv": [
            0,
            0,
            1,
            16
          ],
          "texture": "#texture",
          "rotation": 270
        },
        "east": {
          "uv": [
            0,
            0,
            1,
            16
          ],
          "texture": "#texture",
          "rotation": 270
        }
      }
    },
    {
      "from": [
        1,
        3,
        -1.5469
      ],
      "to": [
        5,
        5,
        17.4531
      ],
      "rotation": {
        "origin": [
          1.25,
          2.5,
          -1.25
        ],
        "axis": "z",
        "angle": 22.5
      },
      "faces": {
        "down": {
          "uv": [
            5.5,
            9.5,
            7,
            16
          ],
          "texture": "#texture"
        },
        "up": {
          "uv": [
            7,
            9.5,
            10.5,
            16
          ],
          "texture": "#texture"
        },
        "north": {
          "uv": [
            6,
            0,
            10.5,
            2.5
          ],
          "texture": "#texture"
        },
        "south": {
          "uv": [
            6,
            0,
            10.5,
            2.5
          ],
          "texture": "#texture"
        },
        "west": {
          "uv": [
            5.5,
            9.5,
            7,
            16
          ],
          "texture": "#texture",
          "rotation": 270
        },
        "east": {
          "uv": [
            5.5,
            9.5,
            7,
            16
          ],
          "texture": "#texture",
          "rotation": 270
        }
      }
    },
    {
      "from": [
        4.25,
        0,
        -2.75
      ],
      "to": [
        7.75,
        0.5,
        18.75
      ],
      "faces": {
        "down": {
          "uv": [
            0,
            0,
            1,
            4
          ],
          "texture": "#texture",
          "rotation": 180
        },
        "up": {
          "uv": [
            0,
            0,
            1,
            5
          ],
          "texture": "#texture",
          "rotation": 180
        },
        "north": {
          "uv": [
            0,
            0,
            1,
            5
          ],
          "texture": "#texture",
          "rotation": 270
        },
        "south": {
          "uv": [
            0,
            0,
            1,
            5
          ],
          "texture": "#texture",
          "rotation": 270
        },
        "west": {
          "uv": [
            0,
            0,
            1,
            16
          ],
          "texture": "#texture",
          "rotation": 270
        },
        "east": {
          "uv": [
            0,
            0,
            1,
            16
          ],
          "texture": "#texture",
          "rotation": 270
        }
      }
    },
    {
      "from": [
        4,
        0.5,
        -3
      ],
      "to": [
        8,
        2.5,
        19
      ],
      "faces": {
        "down": {
          "uv": [
            5.5,
            9.5,
            7,
            16
          ],
          "texture": "#texture"
        },
        "up": {
          "uv": [
            7,
            9.5,
            10.5,
            16
          ],
          "texture": "#texture"
        },
        "north": {
          "uv": [
            6,
            0,
            10.5,
            2.5
          ],
          "texture": "#texture"
        },
        "south": {
          "uv": [
            6,
            0,
            10.5,
            2.5
          ],
          "texture": "#texture"
        },
        "west": {
          "uv": [
            5.5,
            9.5,
            7,
            16
          ],
          "texture": "#texture",
          "rotation": 270
        },
        "east": {
          "uv": [
            5.5,
            9.5,
            7,
            16
          ],
          "texture": "#texture",
          "rotation": 270
        }
      }
    },
    {
      "from": [
        12.25,
        12.5,
        0.25
      ],
      "to": [
        15.75,
        13,
        15.75
      ],
      "faces": {
        "down": {
          "uv": [
            0,
            0,
            1,
            4
          ],
          "texture": "#texture",
          "rotation": 180
        },
        "up": {
          "uv": [
            0,
            0,
            1,
            5
          ],
          "texture": "#texture",
          "rotation": 180
        },
        "north": {
          "uv": [
            0,
            0,
            1,
            5
          ],
          "texture": "#texture",
          "rotation": 270
        },
        "south": {
          "uv": [
            0,
            0,
            1,
            5
          ],
          "texture": "#texture",
          "rotation": 270
        },
        "west": {
          "uv": [
            0,
            0,
            1,
            16
          ],
          "texture": "#texture",
          "rotation": 270
        },
        "east": {
          "uv": [
            0,
            0,
            1,
            16
          ],
          "texture": "#texture",
          "rotation": 270
        }
      }
    },
    {
      "from": [
        12,
        13,
        0
      ],
      "to": [
        16,
        15,
        16
      ],
      "faces": {
        "down": {
          "uv": [
            5.5,
            9.5,
            7,
            16
          ],
          "texture": "#texture"
        },
        "up": {
          "uv": [
            7,
            9.5,
            10.5,
            16
          ],
          "texture": "#texture"
        },
        "north": {
          "uv": [
            6,
            0,
            10.5,
            2.5
          ],
          "texture": "#texture"
        },
        "south": {
          "uv": [
            6,
            0,
            10.5,
            2.5
          ],
          "texture": "#texture"
        },
        "west": {
          "uv": [
            5.5,
            9.5,
            7,
            16
          ],
          "texture": "#texture",
          "rotation": 270
        },
        "east": {
          "uv": [
            5.5,
            9.5,
            7,
            16
          ],
          "texture": "#texture",
          "rotation": 270
        }
      }
    },
    {
      "from": [
        9.25,
        2.75,
        -0.025
      ],
      "to": [
        9.75,
        6.25,
        15.725
      ],
      "rotation": {
        "origin": [
          9.75,
          2.5,
          -0.25
        ],
        "axis": "z",
        "angle": 22.5
      },
      "faces": {
        "down": {
          "uv": [
            0,
            0,
            1,
            16
          ],
          "texture": "#texture"
        },
        "up": {
          "uv": [
            1,
            16,
            0,
            0
          ],
          "texture": "#texture",
          "rotation": 180
        },
        "north": {
          "uv": [
            1,
            5,
            0,
            0
          ],
          "texture": "#texture"
        },
        "south": {
          "uv": [
            1,
            5,
            0,
            0
          ],
          "texture": "#texture",
          "rotation": 180
        },
        "west": {
          "uv": [
            1,
            4,
            0,
            0
          ],
          "texture": "#texture",
          "rotation": 90
        },
        "east": {
          "uv": [
            0,
            0,
            1,
            5
          ],
          "texture": "#texture",
          "rotation": 270
        }
      }
    },
    {
      "from": [
        11.25,
        10.5,
        -0.75
      ],
      "to": [
        15.25,
        12.5,
        16.75
      ],
      "faces": {
        "down": {
          "uv": [
            0,
            0,
            1,
            3
          ],
          "texture": "#texture"
        },
        "up": {
          "uv": [
            12.5,
            3.5,
            16,
            16
          ],
          "texture": "#texture"
        },
        "north": {
          "uv": [
            10.5,
            0,
            16,
            3.5
          ],
          "texture": "#texture"
        },
        "south": {
          "uv": [
            10.5,
            0,
            16,
            3.5
          ],
          "texture": "#texture"
        },
        "west": {
          "uv": [
            10.5,
            3.5,
            12.5,
            16
          ],
          "texture": "#texture",
          "rotation": 270
        },
        "east": {
          "uv": [
            10.5,
            3.5,
            12.5,
            16
          ],
          "texture": "#texture",
          "rotation": 270
        }
      }
    },
    {
      "from": [
        11.5,
        10,
        -0.5
      ],
      "to": [
        15,
        10.5,
        16.5
      ],
      "faces": {
        "down": {
          "uv": [
            0,
            0,
            1,
            4
          ],
          "texture": "#texture",
          "rotation": 180
        },
        "up": {
          "uv": [
            0,
            0,
            1,
            5
          ],
          "texture": "#texture",
          "rotation": 180
        },
        "north": {
          "uv": [
            0,
            0,
            1,
            5
          ],
          "texture": "#texture",
          "rotation": 270
        },
        "south": {
          "uv": [
            0,
            0,
            1,
            5
          ],
          "texture": "#texture",
          "rotation": 270
        },
        "west": {
          "uv": [
            0,
            0,
            1,
            16
          ],
          "texture": "#texture",
          "rotation": 270
        },
        "east": {
          "uv": [
            0,
            0,
            1,
            16
          ],
          "texture": "#texture",
          "rotation": 270
        }
      }
    },
    {
      "from": [
        3.75,
        10,
        0
      ],
      "to": [
        5.75,
        14,
        16
      ],
      "rotation": {
        "origin": [
          5.75,
          10,
          0
        ],
        "axis": "z",
        "angle": -22.5
      },
      "faces": {
        "down": {
          "uv": [
            2.5,
            16,
            1,
            9.5
          ],
          "texture": "#texture"
        },
        "up": {
          "uv": [
            1,
            9.5,
            2.5,
            16
          ],
          "texture": "#texture",
          "rotation": 180
        },
        "north": {
          "uv": [
            1.5,
            2.5,
            6,
            5
          ],
          "texture": "#texture",
          "rotation": 90
        },
        "south": {
          "uv": [
            1.5,
            2.5,
            6,
            5
          ],
          "texture": "#texture",
          "rotation": 270
        },
        "west": {
          "uv": [
            2.5,
            9.5,
            5.5,
            16
          ],
          "texture": "#texture",
          "rotation": 270
        },
        "east": {
          "uv": [
            2.5,
            16,
            1,
            9.5
          ],
          "texture": "#texture",
          "rotation": 90
        }
      }
    },
    {
      "from": [
        5.75,
        10.25,
        0.25
      ],
      "to": [
        6.25,
        13.75,
        15.75
      ],
      "rotation": {
        "origin": [
          5.75,
          10,
          0
        ],
        "axis": "z",
        "angle": -22.5
      },
      "faces": {
        "down": {
          "uv": [
            1,
            16,
            0,
            0
          ],
          "texture": "#texture"
        },
        "up": {
          "uv": [
            0,
            0,
            1,
            16
          ],
          "texture": "#texture",
          "rotation": 180
        },
        "north": {
          "uv": [
            0,
            0,
            1,
            5
          ],
          "texture": "#texture"
        },
        "south": {
          "uv": [
            0,
            0,
            1,
            5
          ],
          "texture": "#texture",
          "rotation": 180
        },
        "west": {
          "uv": [
            0,
            0,
            1,
            5
          ],
          "texture": "#texture",
          "rotation": 90
        },
        "east": {
          "uv": [
            1,
            4,
            0,
            0
          ],
          "texture": "#texture",
          "rotation": 270
        }
      }
    },
    {
      "from": [
        12,
        0.5,
        -1.5
      ],
      "to": [
        16,
        2.5,
        17.5
      ],
      "faces": {
        "down": {
          "uv": [
            1,
            9.5,
            2.5,
            16
          ],
          "texture": "#texture"
        },
        "up": {
          "uv": [
            2.5,
            9.5,
            5.5,
            16
          ],
          "texture": "#texture"
        },
        "north": {
          "uv": [
            1.5,
            2.5,
            6,
            5
          ],
          "texture": "#texture"
        },
        "south": {
          "uv": [
            1.5,
            2.5,
            6,
            5
          ],
          "texture": "#texture"
        },
        "west": {
          "uv": [
            1,
            9.5,
            2.5,
            16
          ],
          "texture": "#texture",
          "rotation": 270
        },
        "east": {
          "uv": [
            1,
            9.5,
            2.5,
            16
          ],
          "texture": "#texture",
          "rotation": 270
        }
      }
    },
    {
      "from": [
        12.25,
        0,
        -1.25
      ],
      "to": [
        15.75,
        0.5,
        17.25
      ],
      "faces": {
        "down": {
          "uv": [
            0,
            0,
            1,
            4
          ],
          "texture": "#texture",
          "rotation": 180
        },
        "up": {
          "uv": [
            0,
            0,
            1,
            5
          ],
          "texture": "#texture",
          "rotation": 180
        },
        "north": {
          "uv": [
            0,
            0,
            1,
            5
          ],
          "texture": "#texture",
          "rotation": 270
        },
        "south": {
          "uv": [
            0,
            0,
            1,
            5
          ],
          "texture": "#texture",
          "rotation": 270
        },
        "west": {
          "uv": [
            0,
            0,
            1,
            16
          ],
          "texture": "#texture",
          "rotation": 270
        },
        "east": {
          "uv": [
            0,
            0,
            1,
            16
          ],
          "texture": "#texture",
          "rotation": 270
        }
      }
    },
    {
      "from": [
        4.5,
        3,
        -1
      ],
      "to": [
        8.5,
        5,
        17
      ],
      "faces": {
        "down": {
          "uv": [
            0,
            0,
            1,
            3
          ],
          "texture": "#texture"
        },
        "up": {
          "uv": [
            12.5,
            3.5,
            16,
            16
          ],
          "texture": "#texture"
        },
        "north": {
          "uv": [
            10.5,
            0,
            16,
            3.5
          ],
          "texture": "#texture"
        },
        "south": {
          "uv": [
            10.5,
            0,
            16,
            3.5
          ],
          "texture": "#texture"
        },
        "west": {
          "uv": [
            10.5,
            3.5,
            12.5,
            16
          ],
          "texture": "#texture",
          "rotation": 270
        },
        "east": {
          "uv": [
            10.5,
            3.5,
            12.5,
            16
          ],
          "texture": "#texture",
          "rotation": 270
        }
      }
    },
    {
      "from": [
        4.75,
        2.5,
        -0.75
      ],
      "to": [
        8.25,
        3,
        16.75
      ],
      "faces": {
        "down": {
          "uv": [
            0,
            0,
            1,
            4
          ],
          "texture": "#texture",
          "rotation": 180
        },
        "up": {
          "uv": [
            0,
            0,
            1,
            5
          ],
          "texture": "#texture",
          "rotation": 180
        },
        "north": {
          "uv": [
            0,
            0,
            1,
            5
          ],
          "texture": "#texture",
          "rotation": 270
        },
        "south": {
          "uv": [
            0,
            0,
            1,
            5
          ],
          "texture": "#texture",
          "rotation": 270
        },
        "west": {
          "uv": [
            0,
            0,
            1,
            16
          ],
          "texture": "#texture",
          "rotation": 270
        },
        "east": {
          "uv": [
            0,
            0,
            1,
            16
          ],
          "texture": "#texture",
          "rotation": 270
        }
      }
    },
    {
      "from": [
        4.25,
        5.5,
        -0.5
      ],
      "to": [
        8.25,
        7.5,
        16.25
      ],
      "faces": {
        "down": {
          "uv": [
            5.5,
            5,
            7,
            9.5
          ],
          "texture": "#texture"
        },
        "up": {
          "uv": [
            7,
            5,
            10.5,
            9.5
          ],
          "texture": "#texture"
        },
        "north": {
          "uv": [
            1.5,
            0,
            6,
            2.5
          ],
          "texture": "#texture"
        },
        "south": {
          "uv": [
            1.5,
            0,
            6,
            2.5
          ],
          "texture": "#texture"
        },
        "west": {
          "uv": [
            5.5,
            5,
            7,
            9.5
          ],
          "texture": "#texture",
          "rotation": 270
        },
        "east": {
          "uv": [
            5.5,
            5,
            7,
            9.5
          ],
          "texture": "#texture",
          "rotation": 270
        }
      }
    },
    {
      "from": [
        4.5,
        5,
        -0.25
      ],
      "to": [
        8,
        5.5,
        16
      ],
      "faces": {
        "down": {
          "uv": [
            0,
            0,
            1,
            4
          ],
          "texture": "#texture",
          "rotation": 180
        },
        "up": {
          "uv": [
            0,
            0,
            1,
            5
          ],
          "texture": "#texture",
          "rotation": 180
        },
        "north": {
          "uv": [
            0,
            0,
            1,
            5
          ],
          "texture": "#texture",
          "rotation": 270
        },
        "south": {
          "uv": [
            0,
            0,
            1,
            5
          ],
          "texture": "#texture",
          "rotation": 270
        },
        "west": {
          "uv": [
            0,
            0,
            1,
            16
          ],
          "texture": "#texture",
          "rotation": 270
        },
        "east": {
          "uv": [
            0,
            0,
            1,
            16
          ],
          "texture": "#texture",
          "rotation": 270
        }
      }
    },
    {
      "from": [
        0.75,
        8.25,
        -2
      ],
      "to": [
        4.75,
        10.25,
        18
      ],
      "rotation": {
        "origin": [
          0.75,
          8.25,
          -2
        ],
        "axis": "z",
        "angle": 22.5
      },
      "faces": {
        "down": {
          "uv": [
            5.5,
            5,
            7,
            9.5
          ],
          "texture": "#texture"
        },
        "up": {
          "uv": [
            7,
            5,
            10.5,
            9.5
          ],
          "texture": "#texture"
        },
        "north": {
          "uv": [
            1.5,
            0,
            6,
            2.5
          ],
          "texture": "#texture"
        },
        "south": {
          "uv": [
            1.5,
            0,
            6,
            2.5
          ],
          "texture": "#texture"
        },
        "west": {
          "uv": [
            5.5,
            5,
            7,
            9.5
          ],
          "texture": "#texture",
          "rotation": 270
        },
        "east": {
          "uv": [
            5.5,
            5,
            7,
            9.5
          ],
          "texture": "#texture",
          "rotation": 270
        }
      }
    },
    {
      "from": [
        1,
        7.75,
        -1.6855
      ],
      "to": [
        4.5,
        8.25,
        17.8145
      ],
      "rotation": {
        "origin": [
          0.75,
          8.25,
          -2
        ],
        "axis": "z",
        "angle": 22.5
      },
      "faces": {
        "down": {
          "uv": [
            0,
            0,
            1,
            4
          ],
          "texture": "#texture",
          "rotation": 180
        },
        "up": {
          "uv": [
            0,
            0,
            1,
            5
          ],
          "texture": "#texture",
          "rotation": 180
        },
        "north": {
          "uv": [
            0,
            0,
            1,
            5
          ],
          "texture": "#texture",
          "rotation": 270
        },
        "south": {
          "uv": [
            0,
            0,
            1,
            5
          ],
          "texture": "#texture",
          "rotation": 270
        },
        "west": {
          "uv": [
            0,
            0,
            1,
            16
          ],
          "texture": "#texture",
          "rotation": 270
        },
        "east": {
          "uv": [
            0,
            0,
            1,
            16
          ],
          "texture": "#texture",
          "rotation": 270
        }
      }
    },
    {
      "from": [
        7.25,
        10.5,
        0
      ],
      "to": [
        11.25,
        12.5,
        16
      ],
      "faces": {
        "down": {
          "uv": [
            1,
            5,
            2.5,
            9.5
          ],
          "texture": "#texture"
        },
        "up": {
          "uv": [
            2.5,
            5,
            5.5,
            9.5
          ],
          "texture": "#texture"
        },
        "north": {
          "uv": [
            6,
            2.5,
            10.5,
            5
          ],
          "texture": "#texture"
        },
        "south": {
          "uv": [
            6,
            2.5,
            10.5,
            5
          ],
          "texture": "#texture"
        },
        "west": {
          "uv": [
            1,
            5,
            2.5,
            9.5
          ],
          "texture": "#texture",
          "rotation": 270
        },
        "east": {
          "uv": [
            1,
            5,
            2.5,
            9.5
          ],
          "texture": "#texture",
          "rotation": 270
        }
      }
    },
    {
      "from": [
        7.5,
        10,
        0.25
      ],
      "to": [
        11,
        10.5,
        15.75
      ],
      "faces": {
        "down": {
          "uv": [
            0,
            0,
            1,
            4
          ],
          "texture": "#texture",
          "rotation": 180
        },
        "up": {
          "uv": [
            0,
            0,
            1,
            5
          ],
          "texture": "#texture",
          "rotation": 180
        },
        "north": {
          "uv": [
            0,
            0,
            1,
            5
          ],
          "texture": "#texture",
          "rotation": 270
        },
        "south": {
          "uv": [
            0,
            0,
            1,
            5
          ],
          "texture": "#texture",
          "rotation": 270
        },
        "west": {
          "uv": [
            0,
            0,
            1,
            16
          ],
          "texture": "#texture",
          "rotation": 270
        },
        "east": {
          "uv": [
            0,
            0,
            1,
            16
          ],
          "texture": "#texture",
          "rotation": 270
        }
      }
    },
    {
      "from": [
        8.25,
        6.75,
        0.75
      ],
      "to": [
        12.25,
        8.75,
        15.25
      ],
      "rotation": {
        "origin": [
          8.25,
          6.75,
          0.75
        ],
        "axis": "z",
        "angle": 22.5
      },
      "faces": {
        "down": {
          "uv": [
            1,
            5,
            2.5,
            9.5
          ],
          "texture": "#texture"
        },
        "up": {
          "uv": [
            2.5,
            5,
            5.5,
            9.5
          ],
          "texture": "#texture"
        },
        "north": {
          "uv": [
            6,
            2.5,
            10.5,
            5
          ],
          "texture": "#texture"
        },
        "south": {
          "uv": [
            6,
            2.5,
            10.5,
            5
          ],
          "texture": "#texture"
        },
        "west": {
          "uv": [
            1,
            5,
            2.5,
            9.5
          ],
          "texture": "#texture",
          "rotation": 270
        },
        "east": {
          "uv": [
            1,
            5,
            2.5,
            9.5
          ],
          "texture": "#texture",
          "rotation": 270
        }
      }
    },
    {
      "from": [
        8.5,
        6.25,
        0.9758
      ],
      "to": [
        12,
        6.75,
        14.9758
      ],
      "rotation": {
        "origin": [
          8.25,
          6.75,
          0.75
        ],
        "axis": "z",
        "angle": 22.5
      },
      "faces": {
        "down": {
          "uv": [
            0,
            0,
            1,
            4
          ],
          "texture": "#texture",
          "rotation": 180
        },
        "up": {
          "uv": [
            0,
            0,
            1,
            5
          ],
          "texture": "#texture",
          "rotation": 180
        },
        "north": {
          "uv": [
            0,
            0,
            1,
            5
          ],
          "texture": "#texture",
          "rotation": 270
        },
        "south": {
          "uv": [
            0,
            0,
            1,
            5
          ],
          "texture": "#texture",
          "rotation": 270
        },
        "west": {
          "uv": [
            0,
            0,
            1,
            16
          ],
          "texture": "#texture",
          "rotation": 270
        },
        "east": {
          "uv": [
            0,
            0,
            1,
            16
          ],
          "texture": "#texture",
          "rotation": 270
        }
      }
    },
    {
      "from": [
        11,
        5.5,
        0
      ],
      "to": [
        15,
        7.5,
        16
      ],
      "faces": {
        "down": {
          "uv": [
            1,
            5,
            2.5,
            9.5
          ],
          "texture": "#texture"
        },
        "up": {
          "uv": [
            2.5,
            5,
            5.5,
            9.5
          ],
          "texture": "#texture"
        },
        "north": {
          "uv": [
            6,
            2.5,
            10.5,
            5
          ],
          "texture": "#texture"
        },
        "south": {
          "uv": [
            6,
            2.5,
            10.5,
            5
          ],
          "texture": "#texture"
        },
        "west": {
          "uv": [
            1,
            5,
            2.5,
            9.5
          ],
          "texture": "#texture",
          "rotation": 270
        },
        "east": {
          "uv": [
            1,
            5,
            2.5,
            9.5
          ],
          "texture": "#texture",
          "rotation": 270
        }
      }
    },
    {
      "from": [
        11.25,
        5,
        0.25
      ],
      "to": [
        14.75,
        5.5,
        15.75
      ],
      "faces": {
        "down": {
          "uv": [
            0,
            0,
            1,
            4
          ],
          "texture": "#texture",
          "rotation": 180
        },
        "up": {
          "uv": [
            0,
            0,
            1,
            5
          ],
          "texture": "#texture",
          "rotation": 180
        },
        "north": {
          "uv": [
            0,
            0,
            1,
            5
          ],
          "texture": "#texture",
          "rotation": 270
        },
        "south": {
          "uv": [
            0,
            0,
            1,
            5
          ],
          "texture": "#texture",
          "rotation": 270
        },
        "west": {
          "uv": [
            0,
            0,
            1,
            16
          ],
          "texture": "#texture",
          "rotation": 270
        },
        "east": {
          "uv": [
            0,
            0,
            1,
            16
          ],
          "texture": "#texture",
          "rotation": 270
        }
      }
    },
    {
      "from": [
        4,
        8,
        -0.75
      ],
      "to": [
        8,
        10,
        16.75
      ],
      "faces": {
        "down": {
          "uv": [
            0,
            0,
            1,
            3
          ],
          "texture": "#texture"
        },
        "up": {
          "uv": [
            12.5,
            3.5,
            16,
            16
          ],
          "texture": "#texture"
        },
        "north": {
          "uv": [
            10.5,
            0,
            16,
            3.5
          ],
          "texture": "#texture"
        },
        "south": {
          "uv": [
            10.5,
            0,
            16,
            3.5
          ],
          "texture": "#texture"
        },
        "west": {
          "uv": [
            10.5,
            3.5,
            12.5,
            16
          ],
          "texture": "#texture",
          "rotation": 270
        },
        "east": {
          "uv": [
            10.5,
            3.5,
            12.5,
            16
          ],
          "texture": "#texture",
          "rotation": 270
        }
      }
    },
    {
      "from": [
        4.25,
        7.5,
        -0.5
      ],
      "to": [
        7.75,
        8,
        16.5
      ],
      "faces": {
        "down": {
          "uv": [
            0,
            0,
            1,
            4
          ],
          "texture": "#texture",
          "rotation": 180
        },
        "up": {
          "uv": [
            0,
            0,
            1,
            5
          ],
          "texture": "#texture",
          "rotation": 180
        },
        "north": {
          "uv": [
            0,
            0,
            1,
            5
          ],
          "texture": "#texture",
          "rotation": 270
        },
        "south": {
          "uv": [
            0,
            0,
            1,
            5
          ],
          "texture": "#texture",
          "rotation": 270
        },
        "west": {
          "uv": [
            0,
            0,
            1,
            16
          ],
          "texture": "#texture",
          "rotation": 270
        },
        "east": {
          "uv": [
            0,
            0,
            1,
            16
          ],
          "texture": "#texture",
          "rotation": 270
        }
      }
    },
    {
      "from": [
        7.75,
        13,
        -1.25
      ],
      "to": [
        11.75,
        15,
        17.5
      ],
      "faces": {
        "down": {
          "uv": [
            5.5,
            5,
            7,
            9.5
          ],
          "texture": "#texture"
        },
        "up": {
          "uv": [
            7,
            5,
            10.5,
            9.5
          ],
          "texture": "#texture"
        },
        "north": {
          "uv": [
            1.5,
            0,
            6,
            2.5
          ],
          "texture": "#texture"
        },
        "south": {
          "uv": [
            1.5,
            0,
            6,
            2.5
          ],
          "texture": "#texture"
        },
        "west": {
          "uv": [
            5.5,
            5,
            7,
            9.5
          ],
          "texture": "#texture",
          "rotation": 270
        },
        "east": {
          "uv": [
            5.5,
            5,
            7,
            9.5
          ],
          "texture": "#texture",
          "rotation": 270
        }
      }
    },
    {
      "from": [
        8,
        12.5,
        -1
      ],
      "to": [
        11.5,
        13,
        17.25
      ],
      "faces": {
        "down": {
          "uv": [
            0,
            0,
            1,
            4
          ],
          "texture": "#texture",
          "rotation": 180
        },
        "up": {
          "uv": [
            0,
            0,
            1,
            5
          ],
          "texture": "#texture",
          "rotation": 180
        },
        "north": {
          "uv": [
            0,
            0,
            1,
            5
          ],
          "texture": "#texture",
          "rotation": 270
        },
        "south": {
          "uv": [
            0,
            0,
            1,
            5
          ],
          "texture": "#texture",
          "rotation": 270
        },
        "west": {
          "uv": [
            0,
            0,
            1,
            16
          ],
          "texture": "#texture",
          "rotation": 270
        },
        "east": {
          "uv": [
            0,
            0,
            1,
            16
          ],
          "texture": "#texture",
          "rotation": 270
        }
      }
    },
    {
      "from": [
        0.75,
        11,
        0
      ],
      "to": [
        4.75,
        13,
        16
      ],
      "rotation": {
        "origin": [
          0.75,
          11,
          0
        ],
        "axis": "z",
        "angle": 22.5
      },
      "faces": {
        "down": {
          "uv": [
            1,
            9.5,
            2.5,
            16
          ],
          "texture": "#texture"
        },
        "up": {
          "uv": [
            2.5,
            9.5,
            5.5,
            16
          ],
          "texture": "#texture"
        },
        "north": {
          "uv": [
            1.5,
            2.5,
            6,
            5
          ],
          "texture": "#texture"
        },
        "south": {
          "uv": [
            1.5,
            2.5,
            6,
            5
          ],
          "texture": "#texture"
        },
        "west": {
          "uv": [
            1,
            9.5,
            2.5,
            16
          ],
          "texture": "#texture",
          "rotation": 270
        },
        "east": {
          "uv": [
            1,
            9.5,
            2.5,
            16
          ],
          "texture": "#texture",
          "rotation": 270
        }
      }
    },
    {
      "from": [
        1,
        10.5,
        0.25
      ],
      "to": [
        4.5,
        11,
        15.75
      ],
      "rotation": {
        "origin": [
          0.75,
          11,
          0
        ],
        "axis": "z",
        "angle": 22.5
      },
      "faces": {
        "down": {
          "uv": [
            0,
            0,
            1,
            4
          ],
          "texture": "#texture",
          "rotation": 180
        },
        "up": {
          "uv": [
            0,
            0,
            1,
            5
          ],
          "texture": "#texture",
          "rotation": 180
        },
        "north": {
          "uv": [
            0,
            0,
            1,
            5
          ],
          "texture": "#texture",
          "rotation": 270
        },
        "south": {
          "uv": [
            0,
            0,
            1,
            5
          ],
          "texture": "#texture",
          "rotation": 270
        },
        "west": {
          "uv": [
            0,
            0,
            1,
            16
          ],
          "texture": "#texture",
          "rotation": 270
        },
        "east": {
          "uv": [
            0,
            0,
            1,
            16
          ],
          "texture": "#texture",
          "rotation": 270
        }
      }
    },
    {
      "from": [
        0,
        0.5,
        0
      ],
      "to": [
        4,
        2.5,
        16
      ],
      "faces": {
        "down": {
          "uv": [
            5.5,
            9.5,
            7,
            16
          ],
          "texture": "#texture"
        },
        "up": {
          "uv": [
            7,
            9.5,
            10.5,
            16
          ],
          "texture": "#texture"
        },
        "north": {
          "uv": [
            6,
            0,
            10.5,
            2.5
          ],
          "texture": "#texture"
        },
        "south": {
          "uv": [
            6,
            0,
            10.5,
            2.5
          ],
          "texture": "#texture"
        },
        "west": {
          "uv": [
            5.5,
            9.5,
            7,
            16
          ],
          "texture": "#texture",
          "rotation": 270
        },
        "east": {
          "uv": [
            5.5,
            9.5,
            7,
            16
          ],
          "texture": "#texture",
          "rotation": 270
        }
      }
    },
    {
      "from": [
        0.25,
        0,
        0.25
      ],
      "to": [
        3.75,
        0.5,
        15.75
      ],
      "faces": {
        "down": {
          "uv": [
            0,
            0,
            1,
            4
          ],
          "texture": "#texture",
          "rotation": 180
        },
        "up": {
          "uv": [
            0,
            0,
            1,
            5
          ],
          "texture": "#texture",
          "rotation": 180
        },
        "north": {
          "uv": [
            0,
            0,
            1,
            5
          ],
          "texture": "#texture",
          "rotation": 270
        },
        "south": {
          "uv": [
            0,
            0,
            1,
            5
          ],
          "texture": "#texture",
          "rotation": 270
        },
        "west": {
          "uv": [
            0,
            0,
            1,
            16
          ],
          "texture": "#texture",
          "rotation": 270
        },
        "east": {
          "uv": [
            0,
            0,
            1,
            16
          ],
          "texture": "#texture",
          "rotation": 270
        }
      }
    }
  ],
  "display": {
    "thirdperson_righthand": {
      "rotation": [
        90,
        0,
        -90
      ],
      "translation": [
        5.2,
        -1.39,
        0
      ],
      "scale": [
        0.8,
        0.8,
        0.8
      ]
    },
    "thirdperson_lefthand": {
      "rotation": [
        90,
        0,
        -90
      ],
      "translation": [
        5.2,
        -1.39,
        0
      ],
      "scale": [
        0.8,
        0.8,
        0.8
      ]
    },
    "firstperson_righthand": {
      "rotation": [
        -63,
        -64,
        -75
      ],
      "translation": [
        1.3913,
        6.9557,
        2.0869
      ],
      "scale": [
        0.7,
        0.7,
        0.7
      ]
    },
    "firstperson_lefthand": {
      "rotation": [
        -63,
        -64,
        -75
      ],
      "translation": [
        1.3913,
        6.9557,
        2.0869
      ],
      "scale": [
        0.7,
        0.7,
        0.7
      ]
    },
    "gui": {
      "rotation": [
        34,
        -35,
        0
      ],
      "translation": [
        0,
        6.2608,
        0
      ],
      "scale": [
        1.1,
        1.1,
        1.1
      ]
    },
    "head": {
      "translation": [
        0,
        17.35,
        0
      ],
      "scale": [
        1.5,
        1.5,
        1.5
      ]
    },
    "ground": {
      "translation": [
        0,
        6.9565,
        0
      ],
      "scale": [
        0.7,
        0.7,
        0.7
      ]
    },
    "fixed": {
      "translation": [
        0,
        0.25,
        -0.086
      ],
      "scale": [
        2,
        2,
        2
      ]
    }
  }
}
