{
  "__comment": "© Droobledore LLC",
  "credit": "Created by Droobledore for PotterworldMC, DroobledoreLLC",
  "textures": {
    "0": "block/decor_newspaperstack",
    "particle": "block/decor_newspaperstack"
  },
  "elements": [
    {
      "name": "PotterworldMC",
      "from": [
        2.25,
        0,
        2.25
      ],
      "to": [
        10.25,
        1.25,
        12.25
      ],
      "rotation": {
        "angle": 0,
        "axis": "x",
        "origin": [
          6.25,
          0.25,
          7.25
        ]
      },
      "faces": {
        "north": {
          "uv": [
            10,
            5.75,
            16,
            8.75
          ],
          "texture": "#0"
        },
        "east": {
          "uv": [
            10,
            5.75,
            16,
            8.75
          ],
          "texture": "#0"
        },
        "south": {
          "uv": [
            10,
            5.75,
            16,
            8.75
          ],
          "texture": "#0"
        },
        "west": {
          "uv": [
            10,
            5.75,
            16,
            8.75
          ],
          "texture": "#0"
        },
        "up": {
          "uv": [
            9.25,
            7,
            3.75,
            14
          ],
          "rotation": 180,
          "texture": "#0"
        },
        "down": {
          "uv": [
            9.25,
            7,
            3.75,
            14
          ],
          "texture": "#0"
        }
      }
    },
    {
      "name": "PotterworldMC",
      "from": [
        1.57651,
        1.25,
        2.79875
      ],
      "to": [
        9.57651,
        2.75,
        12.79875
      ],
      "rotation": {
        "angle": 0,
        "axis": "y",
        "origin": [
          5.57651,
          2.75,
          7.79875
        ]
      },
      "faces": {
        "north": {
          "uv": [
            10,
            5.75,
            16,
            8.75
          ],
          "texture": "#0"
        },
        "east": {
          "uv": [
            10,
            5.75,
            16,
            8.75
          ],
          "texture": "#0"
        },
        "south": {
          "uv": [
            10,
            5.75,
            16,
            8.75
          ],
          "texture": "#0"
        },
        "west": {
          "uv": [
            10,
            5.75,
            16,
            8.75
          ],
          "texture": "#0"
        },
        "up": {
          "uv": [
            9.25,
            7,
            3.75,
            14
          ],
          "rotation": 180,
          "texture": "#0"
        },
        "down": {
          "uv": [
            9.25,
            7,
            3.75,
            14
          ],
          "texture": "#0"
        }
      }
    },
    {
      "name": "PotterworldMC",
      "from": [
        3.25,
        0.75,
        3
      ],
      "to": [
        11,
        0.75,
        12.25
      ],
      "rotation": {
        "angle": 22.5,
        "axis": "y",
        "origin": [
          7,
          0.75,
          8.25
        ]
      },
      "faces": {
        "north": {
          "uv": [
            0,
            0,
            1,
            16
          ],
          "rotation": 270,
          "texture": "#0"
        },
        "east": {
          "uv": [
            0,
            0,
            1,
            16
          ],
          "rotation": 270,
          "texture": "#0"
        },
        "south": {
          "uv": [
            1,
            0,
            0,
            16
          ],
          "rotation": 90,
          "texture": "#0"
        },
        "west": {
          "uv": [
            13.5,
            0,
            14.5,
            16
          ],
          "rotation": 90,
          "texture": "#0"
        },
        "up": {
          "uv": [
            9.25,
            0,
            3.75,
            7
          ],
          "rotation": 180,
          "texture": "#0"
        },
        "down": {
          "uv": [
            9.25,
            7,
            3.75,
            0
          ],
          "rotation": 180,
          "texture": "#0"
        }
      }
    },
    {
      "name": "PotterworldMC",
      "from": [
        2.46844,
        2,
        3.01302
      ],
      "to": [
        10.21844,
        2,
        13.26302
      ],
      "rotation": {
        "angle": 0,
        "axis": "y",
        "origin": [
          6.34344,
          2,
          8.13802
        ]
      },
      "faces": {
        "north": {
          "uv": [
            0,
            0,
            1,
            16
          ],
          "rotation": 270,
          "texture": "#0"
        },
        "east": {
          "uv": [
            0,
            0,
            1,
            16
          ],
          "rotation": 270,
          "texture": "#0"
        },
        "south": {
          "uv": [
            1,
            0,
            0,
            16
          ],
          "rotation": 90,
          "texture": "#0"
        },
        "west": {
          "uv": [
            13.5,
            0,
            14.5,
            16
          ],
          "rotation": 90,
          "texture": "#0"
        },
        "up": {
          "uv": [
            9.25,
            0,
            3.75,
            7
          ],
          "rotation": 180,
          "texture": "#0"
        },
        "down": {
          "uv": [
            9.25,
            7,
            3.75,
            0
          ],
          "rotation": 180,
          "texture": "#0"
        }
      }
    },
    {
      "name": "PotterworldMC",
      "from": [
        2.83552,
        2.8,
        2.59028
      ],
      "to": [
        9.58552,
        2.8,
        12.34028
      ],
      "rotation": {
        "angle": -22.5,
        "axis": "y",
        "origin": [
          5.71052,
          2.8,
          7.21528
        ]
      },
      "faces": {
        "north": {
          "uv": [
            0,
            0,
            1,
            16
          ],
          "rotation": 270,
          "texture": "#0"
        },
        "east": {
          "uv": [
            0,
            0,
            1,
            16
          ],
          "rotation": 270,
          "texture": "#0"
        },
        "south": {
          "uv": [
            1,
            0,
            0,
            16
          ],
          "rotation": 90,
          "texture": "#0"
        },
        "west": {
          "uv": [
            13.5,
            0,
            14.5,
            16
          ],
          "rotation": 90,
          "texture": "#0"
        },
        "up": {
          "uv": [
            14.75,
            8.5,
            10,
            14.75
          ],
          "rotation": 180,
          "texture": "#0"
        },
        "down": {
          "uv": [
            10,
            8.5,
            14.75,
            14.75
          ],
          "rotation": 180,
          "texture": "#0"
        }
      }
    }
  ],
  "display": {
    "thirdperson_righthand": {
      "rotation": [
        0,
        90,
        0
      ],
      "translation": [
        0,
        1.3913,
        0.3043
      ],
      "scale": [
        0.5,
        0.5,
        0.5
      ]
    },
    "thirdperson_lefthand": {
      "rotation": [
        0,
        90,
        0
      ],
      "translation": [
        0,
        1.3913,
        0.3043
      ],
      "scale": [
        0.5,
        0.5,
        0.5
      ]
    },
    "firstperson_righthand": {
      "rotation": [
        0,
        142,
        0
      ],
      "translation": [
        0,
        3,
        0
      ],
      "scale": [
        0.5,
        0.5,
        0.5
      ]
    },
    "firstperson_lefthand": {
      "rotation": [
        0,
        142,
        0
      ],
      "translation": [
        0,
        3,
        0
      ],
      "scale": [
        0.5,
        0.5,
        0.5
      ]
    },
    "ground": {
      "rotation": [
        90,
        0,
        0
      ],
      "translation": [
        0,
        2,
        0
      ],
      "scale": [
        0.5,
        0.5,
        0.5
      ]
    },
    "gui": {
      "rotation": [
        30,
        225,
        0
      ],
      "scale": [
        0.625,
        0.625,
        0.625
      ]
    },
    "fixed": {
      "translation": [
        0,
        2,
        0.5
      ],
      "scale": [
        2.1,
        2.1,
        2.1
      ]
    }
  }
}
