{
  "__comment": "© Droobledore LLC",
  "credit": "Created by Droobledore for PotterworldMC, DroobledoreLLC",
  "textures": {
    "0": "block/decor_cabinet_top_brown",
    "1": "block/decor_cabinet_brown",
    "2": "block/block_wainscoting_white",
    "3": "block/block_lamptable",
    "4": "item/custom/broom_xmas_lights",
    "particle": "block/decor_cabinet_top_brown"
  },
  "elements": [
    {
      "name": "block",
      "from": [
        0,
        0,
        0
      ],
      "to": [
        16,
        16,
        16
      ],
      "rotation": {
        "angle": 0,
        "axis": "y",
        "origin": [
          0.5,
          0.5,
          0.5
        ]
      },
      "faces": {
        "north": {
          "uv": [
            0,
            0,
            16,
            16
          ],
          "texture": "#1"
        },
        "east": {
          "uv": [
            0,
            0,
            16,
            16
          ],
          "texture": "#1"
        },
        "south": {
          "uv": [
            0,
            0,
            16,
            16
          ],
          "texture": "#1"
        },
        "west": {
          "uv": [
            0,
            0,
            16,
            16
          ],
          "texture": "#1"
        },
        "up": {
          "uv": [
            0,
            0,
            16,
            16
          ],
          "texture": "#0"
        },
        "down": {
          "uv": [
            0,
            0,
            16,
            16
          ],
          "texture": "#2"
        }
      }
    },
    {
      "name": "DroobledoreLLC",
      "from": [
        4,
        -1,
        4
      ],
      "to": [
        12,
        0,
        12
      ],
      "rotation": {
        "angle": 0,
        "axis": "y",
        "origin": [
          8,
          -0.5,
          8
        ]
      },
      "faces": {
        "north": {
          "uv": [
            5.5,
            0,
            12,
            1
          ],
          "texture": "#3",
          "cullface": "down"
        },
        "east": {
          "uv": [
            5.5,
            0.5,
            12,
            1.5
          ],
          "texture": "#3"
        },
        "south": {
          "uv": [
            5.5,
            0.5,
            12,
            1.5
          ],
          "texture": "#3",
          "cullface": "down"
        },
        "west": {
          "uv": [
            5.5,
            0.5,
            12,
            1.5
          ],
          "texture": "#3"
        },
        "up": {
          "uv": [
            6.5,
            6.25,
            9.5,
            9.25
          ],
          "texture": "#3",
          "cullface": "down"
        },
        "down": {
          "uv": [
            5,
            0,
            12.5,
            8
          ],
          "texture": "#3"
        }
      }
    },
    {
      "name": "PotterworldMC",
      "from": [
        7.65,
        -6.25,
        7.65
      ],
      "to": [
        8.35,
        -1,
        8.35
      ],
      "rotation": {
        "angle": 0,
        "axis": "y",
        "origin": [
          8,
          -2.5,
          8
        ]
      },
      "faces": {
        "north": {
          "uv": [
            5.5,
            0,
            12,
            1
          ],
          "texture": "#3",
          "cullface": "down"
        },
        "east": {
          "uv": [
            12.5,
            0,
            14.5,
            6.5
          ],
          "texture": "#3"
        },
        "south": {
          "uv": [
            12.5,
            0,
            14.5,
            6.5
          ],
          "texture": "#3",
          "cullface": "down"
        },
        "west": {
          "uv": [
            12.5,
            0,
            14.5,
            6.5
          ],
          "texture": "#3"
        },
        "up": {
          "uv": [
            6.5,
            6.25,
            9.5,
            9.25
          ],
          "texture": "#3",
          "cullface": "down"
        },
        "down": {
          "uv": [
            5,
            0,
            12.5,
            8
          ],
          "texture": "#3"
        }
      }
    },
    {
      "name": "block",
      "from": [
        6.4,
        -9.2,
        6.4
      ],
      "to": [
        9.6,
        -7.75,
        9.6
      ],
      "rotation": {
        "angle": 0,
        "axis": "y",
        "origin": [
          8,
          -8.5,
          8
        ]
      },
      "faces": {
        "north": {
          "uv": [
            0,
            5,
            3,
            9.5
          ],
          "texture": "#3",
          "cullface": "down"
        },
        "east": {
          "uv": [
            0,
            5,
            3,
            9.5
          ],
          "texture": "#3"
        },
        "south": {
          "uv": [
            0,
            4.5,
            3,
            9
          ],
          "texture": "#3",
          "cullface": "down"
        },
        "west": {
          "uv": [
            0,
            5,
            3,
            9.5
          ],
          "texture": "#3"
        },
        "up": {
          "uv": [
            0,
            0,
            5,
            5
          ],
          "texture": "#3",
          "cullface": "down"
        },
        "down": {
          "uv": [
            0,
            0,
            5,
            5
          ],
          "texture": "#3",
          "cullface": "down"
        }
      }
    },
    {
      "name": "block",
      "from": [
        7.4,
        -7.75,
        7.4
      ],
      "to": [
        8.6,
        -6.25,
        8.6
      ],
      "rotation": {
        "angle": 0,
        "axis": "y",
        "origin": [
          8,
          -7,
          8
        ]
      },
      "faces": {
        "north": {
          "uv": [
            0,
            5,
            3,
            9.5
          ],
          "texture": "#3",
          "cullface": "down"
        },
        "east": {
          "uv": [
            0,
            5,
            3,
            9.5
          ],
          "texture": "#3"
        },
        "south": {
          "uv": [
            0,
            4.5,
            3,
            9
          ],
          "texture": "#3",
          "cullface": "down"
        },
        "west": {
          "uv": [
            0,
            5,
            3,
            9.5
          ],
          "texture": "#3"
        },
        "up": {
          "uv": [
            0,
            0,
            5,
            5
          ],
          "texture": "#3",
          "cullface": "down"
        },
        "down": {
          "uv": [
            0,
            0,
            5,
            5
          ],
          "texture": "#3",
          "cullface": "down"
        }
      }
    },
    {
      "name": "block",
      "from": [
        3.3,
        -12.25,
        3.3
      ],
      "to": [
        12.7,
        -11.5,
        12.7
      ],
      "rotation": {
        "angle": 0,
        "axis": "y",
        "origin": [
          8,
          -12.25,
          8
        ]
      },
      "faces": {
        "north": {
          "uv": [
            0,
            13,
            8,
            15
          ],
          "texture": "#3",
          "cullface": "down"
        },
        "east": {
          "uv": [
            0,
            13,
            8,
            15
          ],
          "texture": "#3",
          "cullface": "down"
        },
        "south": {
          "uv": [
            0,
            13,
            8,
            15
          ],
          "texture": "#3",
          "cullface": "down"
        },
        "west": {
          "uv": [
            0,
            13,
            8,
            15
          ],
          "texture": "#3",
          "cullface": "down"
        },
        "up": {
          "uv": [
            2.5,
            13,
            5.5,
            16
          ],
          "texture": "#3",
          "cullface": "down"
        },
        "down": {
          "uv": [
            5,
            8,
            9,
            12
          ],
          "texture": "#3"
        }
      }
    },
    {
      "name": "block",
      "from": [
        3.3,
        -13.25,
        12.7
      ],
      "to": [
        12.7,
        -11.5,
        14.1
      ],
      "rotation": {
        "angle": 0,
        "axis": "y",
        "origin": [
          8,
          -12.625,
          13.4
        ]
      },
      "faces": {
        "north": {
          "uv": [
            0,
            13,
            8,
            15
          ],
          "texture": "#3",
          "cullface": "down"
        },
        "east": {
          "uv": [
            0,
            13,
            0.5,
            15
          ],
          "texture": "#3",
          "cullface": "down"
        },
        "south": {
          "uv": [
            0,
            13,
            8,
            15
          ],
          "texture": "#3",
          "cullface": "down"
        },
        "west": {
          "uv": [
            0,
            13,
            0.5,
            15
          ],
          "texture": "#3",
          "cullface": "down"
        },
        "up": {
          "uv": [
            10,
            8,
            16,
            8.5
          ],
          "texture": "#3",
          "cullface": "down"
        },
        "down": {
          "uv": [
            10,
            8,
            16,
            8.5
          ],
          "texture": "#3",
          "cullface": "down"
        }
      }
    },
    {
      "name": "block",
      "from": [
        12.7,
        -13.25,
        3.3
      ],
      "to": [
        14.1,
        -11.5,
        12.7
      ],
      "rotation": {
        "angle": 0,
        "axis": "y",
        "origin": [
          8,
          -12.625,
          8
        ]
      },
      "faces": {
        "north": {
          "uv": [
            0,
            13,
            0.5,
            15
          ],
          "texture": "#3",
          "cullface": "down"
        },
        "east": {
          "uv": [
            0,
            13,
            8,
            15
          ],
          "texture": "#3",
          "cullface": "down"
        },
        "south": {
          "uv": [
            0,
            13,
            0.5,
            15
          ],
          "texture": "#3",
          "cullface": "down"
        },
        "west": {
          "uv": [
            0,
            13,
            8,
            15
          ],
          "texture": "#3",
          "cullface": "down"
        },
        "up": {
          "uv": [
            10,
            8,
            16,
            8.5
          ],
          "rotation": 270,
          "texture": "#3",
          "cullface": "down"
        },
        "down": {
          "uv": [
            10,
            8,
            16,
            8.5
          ],
          "rotation": 90,
          "texture": "#3",
          "cullface": "down"
        }
      }
    },
    {
      "name": "block",
      "from": [
        11.3,
        -13.25,
        11.3
      ],
      "to": [
        12.7,
        -11.5,
        12.7
      ],
      "rotation": {
        "angle": 0,
        "axis": "y",
        "origin": [
          6.6,
          -12.625,
          8
        ]
      },
      "faces": {
        "north": {
          "uv": [
            11,
            8,
            11.5,
            8.5
          ],
          "rotation": 90,
          "texture": "#3",
          "cullface": "down"
        },
        "east": {
          "uv": [
            11,
            8,
            11.5,
            8.5
          ],
          "rotation": 90,
          "texture": "#3",
          "cullface": "down"
        },
        "south": {
          "uv": [
            11,
            8,
            11.5,
            8.5
          ],
          "rotation": 90,
          "texture": "#3",
          "cullface": "down"
        },
        "west": {
          "uv": [
            11,
            8,
            11.5,
            8.5
          ],
          "rotation": 90,
          "texture": "#3",
          "cullface": "down"
        },
        "up": {
          "uv": [
            11,
            8,
            11.5,
            8.5
          ],
          "rotation": 90,
          "texture": "#3",
          "cullface": "down"
        },
        "down": {
          "uv": [
            11,
            8,
            11.5,
            8.5
          ],
          "rotation": 90,
          "texture": "#3",
          "cullface": "down"
        }
      }
    },
    {
      "name": "block",
      "from": [
        3.3,
        -13.25,
        11.3
      ],
      "to": [
        4.7,
        -11.5,
        12.7
      ],
      "rotation": {
        "angle": 0,
        "axis": "y",
        "origin": [
          -1.4,
          -12.625,
          8
        ]
      },
      "faces": {
        "north": {
          "uv": [
            11,
            8,
            11.5,
            8.5
          ],
          "rotation": 90,
          "texture": "#3",
          "cullface": "down"
        },
        "east": {
          "uv": [
            11,
            8,
            11.5,
            8.5
          ],
          "rotation": 90,
          "texture": "#3",
          "cullface": "down"
        },
        "south": {
          "uv": [
            11,
            8,
            11.5,
            8.5
          ],
          "rotation": 90,
          "texture": "#3",
          "cullface": "down"
        },
        "west": {
          "uv": [
            11,
            8,
            11.5,
            8.5
          ],
          "rotation": 90,
          "texture": "#3",
          "cullface": "down"
        },
        "up": {
          "uv": [
            11,
            8,
            11.5,
            8.5
          ],
          "rotation": 90,
          "texture": "#3",
          "cullface": "down"
        },
        "down": {
          "uv": [
            11,
            8,
            11.5,
            8.5
          ],
          "rotation": 90,
          "texture": "#3",
          "cullface": "down"
        }
      }
    },
    {
      "name": "block",
      "from": [
        11.3,
        -13.25,
        3.3
      ],
      "to": [
        12.7,
        -11.5,
        4.7
      ],
      "rotation": {
        "angle": 0,
        "axis": "y",
        "origin": [
          6.6,
          -12.625,
          0
        ]
      },
      "faces": {
        "north": {
          "uv": [
            11,
            8,
            11.5,
            8.5
          ],
          "rotation": 90,
          "texture": "#3",
          "cullface": "down"
        },
        "east": {
          "uv": [
            11,
            8,
            11.5,
            8.5
          ],
          "rotation": 90,
          "texture": "#3",
          "cullface": "down"
        },
        "south": {
          "uv": [
            11,
            8,
            11.5,
            8.5
          ],
          "rotation": 90,
          "texture": "#3",
          "cullface": "down"
        },
        "west": {
          "uv": [
            11,
            8,
            11.5,
            8.5
          ],
          "rotation": 90,
          "texture": "#3",
          "cullface": "down"
        },
        "up": {
          "uv": [
            11,
            8,
            11.5,
            8.5
          ],
          "rotation": 90,
          "texture": "#3",
          "cullface": "down"
        },
        "down": {
          "uv": [
            11,
            8,
            11.5,
            8.5
          ],
          "rotation": 90,
          "texture": "#3",
          "cullface": "down"
        }
      }
    },
    {
      "name": "block",
      "from": [
        3.3,
        -13.25,
        3.3
      ],
      "to": [
        4.7,
        -11.5,
        4.7
      ],
      "rotation": {
        "angle": 0,
        "axis": "y",
        "origin": [
          -1.4,
          -12.625,
          0
        ]
      },
      "faces": {
        "north": {
          "uv": [
            11,
            8,
            11.5,
            8.5
          ],
          "rotation": 90,
          "texture": "#3",
          "cullface": "down"
        },
        "east": {
          "uv": [
            11,
            8,
            11.5,
            8.5
          ],
          "rotation": 90,
          "texture": "#3",
          "cullface": "down"
        },
        "south": {
          "uv": [
            11,
            8,
            11.5,
            8.5
          ],
          "rotation": 90,
          "texture": "#3",
          "cullface": "down"
        },
        "west": {
          "uv": [
            11,
            8,
            11.5,
            8.5
          ],
          "rotation": 90,
          "texture": "#3",
          "cullface": "down"
        },
        "up": {
          "uv": [
            11,
            8,
            11.5,
            8.5
          ],
          "rotation": 90,
          "texture": "#3",
          "cullface": "down"
        },
        "down": {
          "uv": [
            11,
            8,
            11.5,
            8.5
          ],
          "rotation": 90,
          "texture": "#3",
          "cullface": "down"
        }
      }
    },
    {
      "name": "block",
      "from": [
        3.3,
        -13.25,
        1.9
      ],
      "to": [
        12.7,
        -11.5,
        3.3
      ],
      "rotation": {
        "angle": 0,
        "axis": "y",
        "origin": [
          8,
          -12.625,
          2.6
        ]
      },
      "faces": {
        "north": {
          "uv": [
            0,
            13,
            8,
            15
          ],
          "texture": "#3",
          "cullface": "down"
        },
        "east": {
          "uv": [
            0,
            13,
            0.5,
            15
          ],
          "texture": "#3",
          "cullface": "down"
        },
        "south": {
          "uv": [
            0,
            13,
            8,
            15
          ],
          "texture": "#3",
          "cullface": "down"
        },
        "west": {
          "uv": [
            0,
            13,
            0.5,
            15
          ],
          "texture": "#3",
          "cullface": "down"
        },
        "up": {
          "uv": [
            10,
            8,
            16,
            8.5
          ],
          "texture": "#3",
          "cullface": "down"
        },
        "down": {
          "uv": [
            10,
            8,
            16,
            8.5
          ],
          "texture": "#3",
          "cullface": "down"
        }
      }
    },
    {
      "name": "block",
      "from": [
        4.7,
        -11.5,
        3.3
      ],
      "to": [
        11.35,
        -10.25,
        4.7
      ],
      "rotation": {
        "angle": 0,
        "axis": "y",
        "origin": [
          8.025,
          -11.375,
          4
        ]
      },
      "faces": {
        "north": {
          "uv": [
            0,
            13,
            8,
            15
          ],
          "texture": "#3",
          "cullface": "down"
        },
        "east": {
          "uv": [
            0,
            13,
            0.5,
            15
          ],
          "texture": "#3",
          "cullface": "down"
        },
        "south": {
          "uv": [
            0,
            13,
            8,
            15
          ],
          "texture": "#3",
          "cullface": "down"
        },
        "west": {
          "uv": [
            0,
            13,
            0.5,
            15
          ],
          "texture": "#3",
          "cullface": "down"
        },
        "up": {
          "uv": [
            10,
            8,
            16,
            8.5
          ],
          "texture": "#3",
          "cullface": "down"
        },
        "down": {
          "uv": [
            10,
            8,
            16,
            8.5
          ],
          "texture": "#3",
          "cullface": "down"
        }
      }
    },
    {
      "name": "block",
      "from": [
        3.325,
        -11.5,
        4.675
      ],
      "to": [
        4.725,
        -10.25,
        11.325
      ],
      "rotation": {
        "angle": 0,
        "axis": "y",
        "origin": [
          8.025,
          -11.375,
          8
        ]
      },
      "faces": {
        "north": {
          "uv": [
            0,
            13,
            0.5,
            15
          ],
          "texture": "#3",
          "cullface": "down"
        },
        "east": {
          "uv": [
            0,
            13,
            8,
            15
          ],
          "texture": "#3",
          "cullface": "down"
        },
        "south": {
          "uv": [
            0,
            13,
            0.5,
            15
          ],
          "texture": "#3",
          "cullface": "down"
        },
        "west": {
          "uv": [
            0,
            13,
            8,
            15
          ],
          "texture": "#3",
          "cullface": "down"
        },
        "up": {
          "uv": [
            10,
            8,
            16,
            8.5
          ],
          "rotation": 270,
          "texture": "#3",
          "cullface": "down"
        },
        "down": {
          "uv": [
            10,
            8,
            16,
            8.5
          ],
          "rotation": 90,
          "texture": "#3",
          "cullface": "down"
        }
      }
    },
    {
      "name": "block",
      "from": [
        4.725,
        -10.25,
        6.4
      ],
      "to": [
        11.325,
        -9.2,
        9.6
      ],
      "rotation": {
        "angle": 0,
        "axis": "y",
        "origin": [
          9.425,
          -9.125,
          8
        ]
      },
      "faces": {
        "north": {
          "uv": [
            0,
            13,
            0.5,
            15
          ],
          "texture": "#3",
          "cullface": "down"
        },
        "east": {
          "uv": [
            0,
            13,
            8,
            15
          ],
          "texture": "#3",
          "cullface": "down"
        },
        "south": {
          "uv": [
            0,
            13,
            0.5,
            15
          ],
          "texture": "#3",
          "cullface": "down"
        },
        "west": {
          "uv": [
            0,
            13,
            8,
            15
          ],
          "texture": "#3",
          "cullface": "down"
        },
        "up": {
          "uv": [
            10,
            8,
            16,
            8.5
          ],
          "rotation": 270,
          "texture": "#3",
          "cullface": "down"
        },
        "down": {
          "uv": [
            10,
            8,
            16,
            8.5
          ],
          "rotation": 90,
          "texture": "#3",
          "cullface": "down"
        }
      }
    },
    {
      "name": "block",
      "from": [
        6.425,
        -10.25,
        4.7
      ],
      "to": [
        9.625,
        -9.2,
        11.3
      ],
      "rotation": {
        "angle": 0,
        "axis": "y",
        "origin": [
          8.025,
          -9.725,
          8
        ]
      },
      "faces": {
        "north": {
          "uv": [
            0,
            13,
            8,
            15
          ],
          "texture": "#3",
          "cullface": "down"
        },
        "east": {
          "uv": [
            0,
            13,
            0.5,
            15
          ],
          "texture": "#3",
          "cullface": "down"
        },
        "south": {
          "uv": [
            0,
            13,
            8,
            15
          ],
          "texture": "#3",
          "cullface": "down"
        },
        "west": {
          "uv": [
            0,
            13,
            0.5,
            15
          ],
          "texture": "#3",
          "cullface": "down"
        },
        "up": {
          "uv": [
            10,
            8,
            16,
            8.5
          ],
          "rotation": 180,
          "texture": "#3",
          "cullface": "down"
        },
        "down": {
          "uv": [
            10,
            8,
            16,
            8.5
          ],
          "rotation": 180,
          "texture": "#3",
          "cullface": "down"
        }
      }
    },
    {
      "name": "block",
      "from": [
        4.7,
        -11.5,
        11.3
      ],
      "to": [
        11.35,
        -10.25,
        12.7
      ],
      "rotation": {
        "angle": 0,
        "axis": "y",
        "origin": [
          8.025,
          -11.375,
          12
        ]
      },
      "faces": {
        "north": {
          "uv": [
            0,
            13,
            8,
            15
          ],
          "texture": "#3",
          "cullface": "down"
        },
        "east": {
          "uv": [
            0,
            13,
            0.5,
            15
          ],
          "texture": "#3",
          "cullface": "down"
        },
        "south": {
          "uv": [
            0,
            13,
            8,
            15
          ],
          "texture": "#3",
          "cullface": "down"
        },
        "west": {
          "uv": [
            0,
            13,
            0.5,
            15
          ],
          "texture": "#3",
          "cullface": "down"
        },
        "up": {
          "uv": [
            10,
            8,
            16,
            8.5
          ],
          "texture": "#3",
          "cullface": "down"
        },
        "down": {
          "uv": [
            10,
            8,
            16,
            8.5
          ],
          "texture": "#3",
          "cullface": "down"
        }
      }
    },
    {
      "name": "block",
      "from": [
        4.7,
        -11.5,
        4.7
      ],
      "to": [
        11.35,
        -10.25,
        11.3
      ],
      "rotation": {
        "angle": 0,
        "axis": "y",
        "origin": [
          8.025,
          -11.375,
          10.6
        ]
      },
      "faces": {
        "north": {
          "uv": [
            0,
            13,
            8,
            15
          ],
          "texture": "#3",
          "cullface": "down"
        },
        "east": {
          "uv": [
            0,
            13,
            0.5,
            15
          ],
          "texture": "#3",
          "cullface": "down"
        },
        "south": {
          "uv": [
            0,
            13,
            8,
            15
          ],
          "texture": "#3",
          "cullface": "down"
        },
        "west": {
          "uv": [
            0,
            13,
            0.5,
            15
          ],
          "texture": "#3",
          "cullface": "down"
        },
        "up": {
          "uv": [
            10,
            8,
            16,
            8.5
          ],
          "texture": "#3",
          "cullface": "down"
        },
        "down": {
          "uv": [
            10,
            8,
            16,
            8.5
          ],
          "texture": "#3",
          "cullface": "down"
        }
      }
    },
    {
      "name": "block",
      "from": [
        11.325,
        -11.5,
        4.675
      ],
      "to": [
        12.725,
        -10.25,
        11.325
      ],
      "rotation": {
        "angle": 0,
        "axis": "y",
        "origin": [
          8.025,
          -11.375,
          8
        ]
      },
      "faces": {
        "north": {
          "uv": [
            0,
            13,
            0.5,
            15
          ],
          "texture": "#3",
          "cullface": "down"
        },
        "east": {
          "uv": [
            0,
            13,
            8,
            15
          ],
          "texture": "#3",
          "cullface": "down"
        },
        "south": {
          "uv": [
            0,
            13,
            0.5,
            15
          ],
          "texture": "#3",
          "cullface": "down"
        },
        "west": {
          "uv": [
            0,
            13,
            8,
            15
          ],
          "texture": "#3",
          "cullface": "down"
        },
        "up": {
          "uv": [
            10,
            8,
            16,
            8.5
          ],
          "rotation": 270,
          "texture": "#3",
          "cullface": "down"
        },
        "down": {
          "uv": [
            10,
            8,
            16,
            8.5
          ],
          "rotation": 90,
          "texture": "#3",
          "cullface": "down"
        }
      }
    },
    {
      "name": "block",
      "from": [
        1.9,
        -13.25,
        3.3
      ],
      "to": [
        3.3,
        -11.5,
        12.7
      ],
      "rotation": {
        "angle": 0,
        "axis": "y",
        "origin": [
          8,
          -12.625,
          8
        ]
      },
      "faces": {
        "north": {
          "uv": [
            0,
            13,
            0.5,
            15
          ],
          "texture": "#3",
          "cullface": "down"
        },
        "east": {
          "uv": [
            0,
            13,
            8,
            15
          ],
          "texture": "#3",
          "cullface": "down"
        },
        "south": {
          "uv": [
            0,
            13,
            0.5,
            15
          ],
          "texture": "#3",
          "cullface": "down"
        },
        "west": {
          "uv": [
            0,
            13,
            8,
            15
          ],
          "texture": "#3",
          "cullface": "down"
        },
        "up": {
          "uv": [
            10,
            8,
            16,
            8.5
          ],
          "rotation": 270,
          "texture": "#3",
          "cullface": "down"
        },
        "down": {
          "uv": [
            10,
            8,
            16,
            8.5
          ],
          "rotation": 90,
          "texture": "#3",
          "cullface": "down"
        }
      }
    },
    {
      "name": "block",
      "from": [
        6.15,
        -13.25,
        6.15
      ],
      "to": [
        9.85,
        -12.15,
        9.85
      ],
      "rotation": {
        "angle": 0,
        "axis": "y",
        "origin": [
          8,
          -12.7,
          8
        ]
      },
      "faces": {
        "north": {
          "uv": [
            2,
            2,
            14,
            14
          ],
          "texture": "#4",
          "cullface": "down"
        },
        "east": {
          "uv": [
            2,
            2,
            14,
            14
          ],
          "texture": "#4",
          "cullface": "down"
        },
        "south": {
          "uv": [
            2,
            2,
            14,
            14
          ],
          "texture": "#4",
          "cullface": "down"
        },
        "west": {
          "uv": [
            2,
            2,
            14,
            14
          ],
          "texture": "#4",
          "cullface": "down"
        },
        "up": {
          "uv": [
            2,
            2,
            14,
            14
          ],
          "texture": "#4",
          "cullface": "down"
        },
        "down": {
          "uv": [
            2,
            2,
            14,
            14
          ],
          "texture": "#4"
        }
      }
    }
  ]
}
