{
  "__comment": "© Droobledore LLC",
  "ambientocclusion": false,
  "display": {
    "gui": {
      "rotation": [
        30,
        45,
        0
      ],
      "translation": [
        0,
        0,
        0
      ],
      "scale": [
        1,
        1,
        1
      ]
    },
    "ground": {
      "rotation": [
        0,
        0,
        0
      ],
      "translation": [
        0,
        2,
        0
      ],
      "scale": [
        0.5,
        0.5,
        0.5
      ]
    },
    "head": {
      "rotation": [
        0,
        0,
        0
      ],
      "translation": [
        0,
        14,
        -1
      ],
      "scale": [
        1,
        1,
        1
      ]
    },
    "fixed": {
      "rotation": [
        0,
        0,
        0
      ],
      "translation": [
        0,
        -1,
        1
      ],
      "scale": [
        0.85,
        0.85,
        0.85
      ]
    },
    "thirdperson_righthand": {
      "rotation": [
        65,
        45,
        0
      ],
      "translation": [
        0,
        1.8,
        2.5
      ],
      "scale": [
        0.375,
        0.375,
        0.375
      ]
    },
    "thirdperson_lefthand": {
      "rotation": [
        65,
        45,
        0
      ],
      "translation": [
        0,
        1.8,
        2.5
      ],
      "scale": [
        0.375,
        0.375,
        0.375
      ]
    },
    "firstperson_righthand": {
      "rotation": [
        -25,
        15,
        0
      ],
      "translation": [
        1,
        3,
        0
      ],
      "scale": [
        0.4,
        0.4,
        0.4
      ]
    },
    "firstperson_lefthand": {
      "rotation": [
        -25,
        15,
        0
      ],
      "translation": [
        1,
        3,
        0
      ],
      "scale": [
        0.4,
        0.4,
        0.4
      ]
    }
  },
  "textures": {
    "torch": "block/torch",
    "base": "block/torch_base",
    "particle": "block/torch"
  },
  "elements": [
    {
      "from": [
        7,
        0,
        7
      ],
      "to": [
        9,
        10,
        9
      ],
      "shade": false,
      "faces": {
        "down": {
          "uv": [
            7,
            14,
            9,
            16
          ],
          "texture": "#base"
        },
        "up": {
          "uv": [
            7,
            6,
            9,
            8
          ],
          "texture": "#torch"
        }
      }
    },
    {
      "from": [
        7,
        0,
        0
      ],
      "to": [
        9,
        16,
        16
      ],
      "shade": false,
      "faces": {
        "west": {
          "uv": [
            0,
            0,
            16,
            16
          ],
          "texture": "#torch"
        },
        "east": {
          "uv": [
            0,
            0,
            16,
            16
          ],
          "texture": "#torch"
        }
      }
    },
    {
      "from": [
        0,
        0,
        7
      ],
      "to": [
        16,
        16,
        9
      ],
      "shade": false,
      "faces": {
        "north": {
          "uv": [
            0,
            0,
            16,
            16
          ],
          "texture": "#torch"
        },
        "south": {
          "uv": [
            0,
            0,
            16,
            16
          ],
          "texture": "#torch"
        }
      }
    }
  ]
}
