{"credit":"Made with Blockbench","display":{"firstperson_lefthand":{"rotation":[0,130,0],"translation":[11,0,-6.75]},"firstperson_righthand":{"rotation":[0,130,0],"translation":[11,0,-6.75]},"fixed":{"rotation":[-90,0,0],"scale":[2,2,2],"translation":[0,0,-16]},"ground":{"scale":[0.4,0.4,0.4],"translation":[0,6.75,0]},"gui":{"rotation":[30,135,0],"scale":[0.76,0.76,0.76],"translation":[-0.5,2.25,0]},"head":{"rotation":[0,180,0],"scale":[1.61,1.61,1.61],"translation":[0,-48,9.75]},"thirdperson_lefthand":{"rotation":[50,-22,0],"scale":[0.4,0.4,0.4],"translation":[0.25,0.75,-0.25]},"thirdperson_righthand":{"rotation":[50,-22,0],"scale":[0.4,0.4,0.4],"translation":[0.25,0.75,-0.25]}},"elements":[{"faces":{"down":{"texture":"#0","uv":[0,9.5,8,13.5]},"east":{"texture":"#0","uv":[10,9.5,14,12]},"north":{"texture":"#0","uv":[8,4,16,6.5]},"south":{"texture":"#0","uv":[0,7,8,9.5]},"up":{"rotation":180,"texture":"#0","uv":[8,0,16,4]},"west":{"texture":"#0","uv":[10,9.5,14,12]}},"from":[0,0,4],"rotation":{"angle":0,"axis":"y","origin":[8,5,12]},"to":[16,5,12]},{"faces":{"down":{"texture":"#0","uv":[0,9.5,8,13.5]},"east":{"texture":"#0","uv":[10,6.5,14,9.5]},"north":{"texture":"#0","uv":[0,4,8,7]},"south":{"texture":"#0","uv":[0,4,8,7]},"up":{"texture":"#0","uv":[0,0,8,4]},"west":{"texture":"#0","uv":[10,6.5,14,9.5]}},"from":[0,5,4],"rotation":{"angle":22.5,"axis":"x","origin":[8,5,12]},"to":[16,11,12]},{"faces":{"down":{"texture":"#0","uv":[8,6.5,10,7]},"east":{"texture":"#0","uv":[8,6.5,8.5,8]},"north":{"texture":"#0","uv":[8,6.5,10,8]},"south":{"texture":"#0","uv":[8,6.5,10,8]},"up":{"texture":"#0","uv":[8,7.5,10,8]},"west":{"texture":"#0","uv":[8,6.5,8.5,8]}},"from":[6,4,3],"rotation":{"angle":22.5,"axis":"x","origin":[8,5,12]},"to":[10,7,4]},{"faces":{"north":{"texture":"#0","uv":[8,12,16,16]},"south":{"texture":"#0","uv":[8,12,16,16]}},"from":[0,-8,10],"to":[16,0,10]},{"faces":{"north":{"texture":"#0","uv":[15,6.5,15.5,8]},"south":{"texture":"#0","uv":[15,6.5,15.5,8]}},"from":[3,-3,4],"to":[4,0,4]}],"groups":[{"children":[0,{"children":[1,2],"name":"group","origin":[8,8,8]},3],"name":"group","origin":[8,8,8]},4],"textures":{"0":"custom/cosmetics/pirate/pirate_chest","particle":"custom/cosmetics/pirate/pirate_chest"}}