{"credit":"Made with Blockbench","display":{"firstperson_lefthand":{"rotation":[0,127,0],"translation":[11.25,0,-8.5]},"firstperson_righthand":{"rotation":[0,127,0],"translation":[11.25,0,-8.5]},"fixed":{"rotation":[-90,0,0],"scale":[2,2,2],"translation":[0,0,-16]},"ground":{"scale":[0.4,0.4,0.4],"translation":[0,2.75,0]},"gui":{"rotation":[30,135,0],"translation":[0,3.75,0]},"head":{"scale":[1.81,1.81,1.81],"translation":[0,17.75,0]},"thirdperson_lefthand":{"rotation":[48,33,0],"scale":[0.4,0.4,0.4],"translation":[0,2.25,2]},"thirdperson_righthand":{"rotation":[48,33,0],"scale":[0.4,0.4,0.4],"translation":[0,2.25,2]}},"elements":[{"faces":{"down":{"texture":"#0","uv":[0,8,7.5,12]},"east":{"texture":"#0","uv":[7.5,0,11.5,4]},"north":{"texture":"#0","uv":[0,0,7.5,4]},"south":{"texture":"#0","uv":[0,4,7.5,8]},"west":{"texture":"#0","uv":[7.5,0,11.5,4]}},"from":[0.5,2,4],"rotation":{"angle":0,"axis":"y","origin":[8,10,9]},"to":[15.5,10,12]},{"faces":{"east":{"rotation":180,"texture":"#0","uv":[7.5,0,11.5,4]},"north":{"rotation":180,"texture":"#0","uv":[0,4,7.5,8]},"south":{"rotation":180,"texture":"#0","uv":[7.5,0,0,4]},"up":{"texture":"#0","uv":[0,8,7.5,12]},"west":{"rotation":180,"texture":"#0","uv":[7.5,0,11.5,4]}},"from":[15.5,10,12],"rotation":{"angle":0,"axis":"y","origin":[8,10,9]},"to":[0.5,2,4]},{"faces":{"east":{"texture":"#0","uv":[12,6.5,16,8]},"up":{"texture":"#0","uv":[12,2.5,16,6.5]},"west":{"texture":"#0","uv":[12,6.5,16,8]}},"from":[4,2,4],"rotation":{"angle":0,"axis":"y","origin":[8,10,8]},"to":[12,5,12]},{"faces":{"east":{"texture":"#0","tintindex":0,"uv":[8,7,12,8]},"north":{"texture":"#0","tintindex":0,"uv":[8,7,12,8]},"south":{"texture":"#0","tintindex":0,"uv":[8,7,12,8]},"west":{"texture":"#0","tintindex":0,"uv":[8,7,12,8]}},"from":[4,0,4],"rotation":{"angle":0,"axis":"y","origin":[8,10,8]},"to":[12,2,12]},{"faces":{"east":{"rotation":180,"texture":"#0","tintindex":0,"uv":[8,7,12,8]},"north":{"rotation":180,"texture":"#0","tintindex":0,"uv":[8,7,12,8]},"south":{"rotation":180,"texture":"#0","tintindex":0,"uv":[8,7,12,8]},"west":{"rotation":180,"texture":"#0","tintindex":0,"uv":[8,7,12,8]}},"from":[12,2,12],"rotation":{"angle":0,"axis":"y","origin":[8,10,8]},"to":[4,0,4]},{"faces":{"north":{"texture":"#0","tintindex":0,"uv":[14,8,16,14]},"south":{"texture":"#0","tintindex":0,"uv":[16,8,14,14]}},"from":[0,2,4],"rotation":{"angle":22.5,"axis":"x","origin":[4,2,4]},"to":[4,14,4]}],"groups":[{"children":[0,1,2,3,4,5],"name":"group","origin":[8,8,8]}],"textures":{"0":"custom/cosmetics/pirate/pirate_hat","particle":"custom/cosmetics/pirate/pirate_hat"}}