{"credit":"Made with Blockbench","display":{"firstperson_lefthand":{"rotation":[-43,87,0],"translation":[0.25,4.5,0]},"firstperson_righthand":{"rotation":[-43,0,0],"translation":[0.25,4.5,0]},"fixed":{"rotation":[-90,0,0],"scale":[2,2,2],"translation":[0,0,-16]},"ground":{"scale":[0.4,0.4,0.4],"translation":[0,3.75,0]},"gui":{"rotation":[30,45,0],"scale":[1.5,1.5,1.5],"translation":[0,5,0]},"head":{"scale":[2,2,2],"translation":[0,21.75,0]},"thirdperson_lefthand":{"rotation":[-90,90,0],"scale":[1.2,1.2,1.2],"translation":[0,-2,-5.5]},"thirdperson_righthand":{"rotation":[-90,0,0],"scale":[1.2,1.2,1.2],"translation":[0,-2,-5.5]}},"elements":[{"faces":{"down":{"texture":"#0","uv":[0,8,0,8]},"east":{"texture":"#0","uv":[0,4,4,8]},"north":{"texture":"#0","uv":[0,4,4,8]},"south":{"texture":"#0","uv":[0,4,4,8]},"up":{"texture":"#0","uv":[0,0,4,4]},"west":{"texture":"#0","uv":[0,4,4,8]}},"from":[6,0,6],"to":[10,4,10]},{"faces":{"north":{"texture":"#0","uv":[4,0,9,8]},"south":{"texture":"#0","uv":[9,0,4,8]}},"from":[5.5,4,8],"rotation":{"angle":-45,"axis":"y","origin":[8,8,8]},"to":[10.5,12,8]}],"textures":{"0":"custom/cosmetics/pirate/pirate_hook","particle":"custom/cosmetics/pirate/pirate_hook"}}