{"credit":"Made with Blockbench","display":{"firstperson_lefthand":{"rotation":[0,180,0],"translation":[7,2.5,-4.25]},"firstperson_righthand":{"rotation":[0,180,0],"translation":[7,2.5,-4.25]},"fixed":{"rotation":[90,0,0],"scale":[4,4,4],"translation":[0,0,-32.75]},"ground":{"scale":[0.4,0.4,0.4],"translation":[0,5.5,0]},"gui":{"rotation":[30,-135,0],"scale":[0.6,0.6,0.6],"translation":[0.25,-0.5,0]},"head":{"rotation":[0,64,0],"scale":[2,2,2],"translation":[0,23,0]},"thirdperson_lefthand":{"rotation":[90,0,0],"scale":[2,2,2],"translation":[13,-1,-7]},"thirdperson_righthand":{"rotation":[90,-180,0],"scale":[2,2,2],"translation":[13,-1,-7]}},"elements":[{"faces":{"down":{"texture":"#0","uv":[13.5,5,15.375,6.875]},"east":{"texture":"#0","uv":[11.625,5,13.5,6.875]},"north":{"texture":"#0","uv":[11.625,6.875,13.5,8.75]},"south":{"texture":"#0","uv":[13.5,6.875,11.625,8.75]},"up":{"texture":"#0","uv":[13.5,5,15.375,6.875]},"west":{"texture":"#0","uv":[13.5,6.875,15.375,8.75]}},"from":[4.25,-0.5,4.25],"rotation":{"angle":0,"axis":"y","origin":[8,9,8]},"to":[11.75,7,11.75]},{"faces":{"down":{"texture":"#0","uv":[9.875,5,11.625,6.75]},"east":{"texture":"#0","uv":[8.125,0,9.875,5]},"north":{"texture":"#0","uv":[9.875,0,11.625,5]},"south":{"texture":"#0","uv":[11.625,0,9.875,5]},"up":{"texture":"#0","uv":[8.125,5,9.875,6.75]},"west":{"texture":"#0","uv":[13.375,0,11.625,5]}},"from":[4.5,0,4.5],"rotation":{"angle":0,"axis":"y","origin":[8,9,8]},"to":[11.5,20,11.5]},{"faces":{"down":{"texture":"#0","uv":[12.25,11.625,13.75,13.125]},"east":{"texture":"#0","uv":[13.875,8.75,15.375,11.5]},"north":{"texture":"#0","uv":[13.875,11.625,15.375,14.375]},"south":{"texture":"#0","uv":[12.25,8.75,13.75,11.5]},"up":{"rotation":180,"texture":"#0","uv":[12.25,11.625,13.75,13.125]},"west":{"texture":"#0","uv":[15.375,8.75,13.875,11.5]}},"from":[5,-2.5,17],"to":[11,8.5,23]},{"faces":{"down":{"texture":"#0","uv":[15.375,8.75,15.875,12.25]},"east":{"rotation":270,"texture":"#0","uv":[15.375,8.75,15.875,12.25]},"north":{"texture":"#0","uv":[15.375,12.25,15.875,12.75]},"up":{"rotation":180,"texture":"#0","uv":[15.375,8.75,15.875,12.25]},"west":{"rotation":90,"texture":"#0","uv":[15.375,8.75,15.875,12.25]}},"from":[7,2,3],"to":[9,4,17]}],"groups":[{"children":[0,1],"name":"group","origin":[8,8,8]},2,3],"textures":{"0":"custom/entities/boulder/boulder_base","particle":"custom/entities/boulder/boulder_base"}}