﻿{
		"variants":{
			"":[
			
            { "model": "custom/vegetation/flower1" , "weight": 20 },
            { "model": "custom/vegetation/flower1",  "y": 90 , "weight": 20},
            { "model": "custom/vegetation/flower1", "y": 180 , "weight": 20 },
            { "model": "custom/vegetation/flower1", "y": 270 , "weight": 20 },
		
			{ "model": "custom/vegetation/flower2" , "weight": 20 },
            { "model": "custom/vegetation/flower2", "y": 90 , "weight": 20 },
            { "model": "custom/vegetation/flower2", "y": 180 , "weight": 20 },
            { "model": "custom/vegetation/flower2", "y": 270 , "weight": 20 },
			
			{ "model": "custom/vegetation/flower3" , "weight": 20 },
            { "model": "custom/vegetation/flower3", "y": 90 , "weight": 20 },
            { "model": "custom/vegetation/flower3", "y": 180 , "weight": 20 },
            { "model": "custom/vegetation/flower3", "y": 270 , "weight": 20 }
			
	
        ]
    }
}