{
		"variants":{
			"":[
					
            { "model": "custom/crates/crate1" , "weight": 20 },
            { "model": "custom/crates/crate1", "y": 90 , "weight": 20},
            { "model": "custom/crates/crate1", "y": 180 , "weight": 20 },
            { "model": "custom/crates/crate1", "y": 270 , "weight": 20 },
		
			{ "model": "custom/crates/crate2" , "weight": 20 },
            { "model": "custom/crates/crate2", "y": 90 , "weight": 20 },
            { "model": "custom/crates/crate2", "y": 180 , "weight": 20 },
            { "model": "custom/crates/crate2", "y": 270 , "weight": 20 },
			
			{ "model": "custom/crates/crate3" , "weight": 20 },
            { "model": "custom/crates/crate3", "y": 90 , "weight": 20 },
            { "model": "custom/crates/crate3", "y": 180 , "weight": 20 },
            { "model": "custom/crates/crate3", "y": 270 , "weight": 20 },
			
			{ "model": "custom/crates/crate4" , "weight": 20 },
            { "model": "custom/crates/crate4", "y": 90 , "weight": 20 },
            { "model": "custom/crates/crate4", "y": 180 , "weight": 20 },
            { "model": "custom/crates/crate4", "y": 270 , "weight": 20 },
			
			{ "model": "custom/crates/crate5" , "weight": 20 },
            { "model": "custom/crates/crate5", "y": 90 , "weight": 20 },
            { "model": "custom/crates/crate5", "y": 180 , "weight": 20 },
            { "model": "custom/crates/crate5", "y": 270 , "weight": 20 }
			
        ]
    }
}