{    "variants": {"powered=false": { "model": "block/stone_pressure_plate" }, "powered=true": [
{ "model": "custom/signs/direction_signs/empty", "y": 0 , "weight": 1 },
{ "model": "custom/signs/direction_signs/empty", "y": 0 , "weight": 1 },
{ "model": "custom/signs/direction_signs/empty", "y": 0 , "weight": 1 },
{ "model": "custom/signs/direction_signs/library_right", "y": 270 , "weight": 1 },
{ "model": "custom/signs/direction_signs/divination_left", "y": 0 , "weight": 1 },
{ "model": "custom/signs/direction_signs/empty", "y": 0 , "weight": 1 },
{ "model": "custom/signs/direction_signs/empty", "y": 0 , "weight": 1 },
{ "model": "custom/signs/direction_signs/empty", "y": 0 , "weight": 1 }]

    }
}
