{
    "variants": {
        "stage=0": { "model": "custom/vegetation/orange_fern"},
        "stage=1": [
			{ "model": "custom/plants/mimbulus_mimbletonia"}, 
			{ "model": "custom/plants/mimbulus_mimbletonia", "y": 90  }, 
			{ "model": "custom/plants/mimbulus_mimbletonia", "y": 180  }, 
			{ "model": "custom/plants/plant_tentacula"},
			{ "model": "custom/plants/plant_tentacula", "y": 90  },
			{ "model": "custom/plants/plant_tentacula", "y": 180  },
			{ "model": "custom/plants/plant_tentacula", "y": 270  }]
    }
}
	