﻿{
    "variants": {
        "face=floor,facing=east,powered=false":  [{ "model": "custom/animal_skull" },{ "model": "custom/animal_skull_cracked" }],
        "face=floor,facing=west,powered=false":  [{ "model": "custom/animal_skull", "y": 180 },{ "model": "custom/animal_skull_cracked", "y": 180 }],
        "face=floor,facing=south,powered=false": [{ "model": "custom/animal_skull", "y": 90 },{ "model": "custom/animal_skull_cracked", "y": 90 }],
        "face=floor,facing=north,powered=false": [{ "model": "custom/animal_skull", "y": 270 },{ "model": "custom/animal_skull_cracked", "y": 270 }],
        "face=wall,facing=east,powered=false":  { "model": "custom/plate/plate3", "y": 90 },
        "face=wall,facing=west,powered=false":   { "model": "custom/plate/plate3", "y": 270 },
        "face=wall,facing=south,powered=false": { "model": "custom/plate/plate3", "y": 180 },
        "face=wall,facing=north,powered=false": { "model": "custom/plate/plate3" },
        "face=ceiling,facing=east,powered=false":  [{ "model": "custom/thread_box1", "y": 90  },{ "model": "custom/thread_box2", "y": 90  },{ "model": "custom/thread_box3", "y": 90  }],
        "face=ceiling,facing=west,powered=false":  [{ "model": "custom/thread_box1", "y": 180  },{ "model": "custom/thread_box2", "y": 180  },{ "model": "custom/thread_box3", "y": 180  }],
        "face=ceiling,facing=south,powered=false":  [{ "model": "custom/thread_box1", "y": 270 },{ "model": "custom/thread_box2", "y": 270 },{ "model": "custom/thread_box3", "y": 270 }],
        "face=ceiling,facing=north,powered=false":  [{ "model": "custom/thread_box1" },{ "model": "custom/thread_box2" },{ "model": "custom/thread_box3" }],
        "face=floor,facing=east,powered=true":  [{ "model": "custom/animal_skull" },{ "model": "custom/animal_skull_cracked" }],
        "face=floor,facing=west,powered=true":  [{ "model": "custom/animal_skull", "y": 180 },{ "model": "custom/animal_skull_cracked", "y": 180 }],
        "face=floor,facing=south,powered=true": [{ "model": "custom/animal_skull", "y": 90 },{ "model": "custom/animal_skull_cracked", "y": 90 }],
        "face=floor,facing=north,powered=true": [{ "model": "custom/animal_skull", "y": 270 },{ "model": "custom/animal_skull_cracked", "y": 270 }],
        "face=wall,facing=east,powered=true":  { "model": "custom/plate/plate3", "y": 90 },
        "face=wall,facing=west,powered=true":  { "model": "custom/plate/plate3", "y": 270 },
        "face=wall,facing=south,powered=true": { "model": "custom/plate/plate3", "y": 180 },
        "face=wall,facing=north,powered=true": { "model": "custom/plate/plate3" },
        "face=ceiling,facing=east,powered=true":  [{ "model": "custom/thread_box1", "y": 90  },{ "model": "custom/thread_box2", "y": 90  },{ "model": "custom/thread_box3", "y": 90  }],
        "face=ceiling,facing=west,powered=true":  [{ "model": "custom/thread_box1", "y": 180  },{ "model": "custom/thread_box2", "y": 180  },{ "model": "custom/thread_box3", "y": 180  }],
        "face=ceiling,facing=south,powered=true": [{ "model": "custom/thread_box1", "y": 270 },{ "model": "custom/thread_box2", "y": 270 },{ "model": "custom/thread_box3", "y": 270 }],
        "face=ceiling,facing=north,powered=true": [{ "model": "custom/thread_box1" },{ "model": "custom/thread_box2" },{ "model": "custom/thread_box3" }]
    }
}
