{
    "variants": {
        "age=0": { "model": "block/locked_door/birch", "uvlock": true, "y": 90 },
		"age=1": { "model": "block/locked_door/birch", "uvlock": true, "y": 180 },
		"age=2": { "model": "block/locked_door/birch", "uvlock": true, "y": 270 },
		"age=3": { "model": "block/locked_door/birch", "uvlock": true },
		"age=4": { "model": "block/locked_door/oak", "uvlock": true, "y": 90 },
		"age=5": { "model": "block/locked_door/oak", "uvlock": true, "y": 180 },
		"age=6": { "model": "block/locked_door/oak", "uvlock": true, "y": 270 },
		"age=7": { "model": "block/locked_door/oak", "uvlock": true},
		"age=8": { "model": "custom/diagon_alley/wall_2x_flat" }
    }
}
