{
  "variants": {
    "facing=east,signal_fire=false": {
      "model": "block/locked_door/birch", 
	  "uvlock": true,
	  "y": 90
    },
    "facing=north,signal_fire=false": {
      "model": "block/locked_door/birch", 
	  "uvlock": true,
	  "y": 180
    },
    "facing=south,signal_fire=false": {
      "model": "block/locked_door/birch", 
	  "uvlock": true,
	  "y": 270
    },
    "facing=west,signal_fire=false": {
      "model": "block/locked_door/birch", 
	  "uvlock": true
    },
    "facing=east,signal_fire=true": {
      "model": "block/locked_door/birch", 
	  "uvlock": true,
	  "y": 90
    },
    "facing=north,signal_fire=true": {
	  "model": "block/locked_door/birch", 
	  "uvlock": true,
	  "y": 180
    },
    "facing=south,signal_fire=true": {
	  "model": "block/locked_door/birch", 
	  "uvlock": true,
	  "y": 270
    },
    "facing=west,signal_fire=true": {
	  "model": "block/locked_door/birch", 
	  "uvlock": true
    }
  }
}