{
    "variants": {
        "age=0": { "model": "custom/open_book1" },
        "age=1": { "model": "custom/open_book1", "y": 90 },
        "age=2": { "model": "custom/open_book1", "y": 180 },
        "age=3": { "model": "custom/open_book1", "y": 270 },
        "age=4": [{ "model": "custom/bird_nest"},{ "model": "custom/bird_nest", "y": 90 },{ "model": "custom/bird_nest", "y": 180 },{ "model": "custom/bird_nest", "y": 270 }],
        "age=5": [{ "model": "custom/plants/plant1"}, { "model": "custom/plants/plant1", "y": 90 }, { "model": "custom/plants/plant1", "y": 180 }, { "model": "custom/plants/plant1", "y": 270 }],
        "age=6": [{ "model": "custom/plants/default_1"}, { "model": "custom/plants/default_1", "y": 90 }, { "model": "custom/plants/default_1", "y": 180 }, { "model": "custom/plants/default_1", "y": 270 }],
        "age=7": { "model": "custom/rainwaterpipe_end" , "y": 270}
    }
}