{
    "variants": {
        "age=0,facing=east": [{ "model": "rr/pumpkin_large"}, { "model": "rr/pumpkin_small"}],
        "age=1,facing=south": { "model": "custom/couch/couch1" },
        "age=1,facing=west": { "model": "custom/couch/couch1", "y": 90 },
        "age=1,facing=north": { "model": "custom/couch/couch1", "y": 180 },
        "age=1,facing=east": { "model": "custom/couch/couch1", "y": 270 },
        "age=2,facing=south": { "model": "custom/couch/couch2" },
        "age=2,facing=west": { "model": "custom/couch/couch2", "y": 90 },
        "age=2,facing=north": { "model": "custom/couch/couch2", "y": 180 },
        "age=2,facing=east": { "model": "custom/couch/couch2", "y": 270 }
    }
}
