﻿{
    "variants": {
        "": [
			{ "model": "block/cut_sandstone", "weight": 5 },
			{ "model": "block/sandstone_smooth1", "weight": 10 },
			{ "model": "block/sandstone_smooth2", "weight": 10 },
			{ "model": "block/sandstone_smooth3", "weight": 10 },
			{ "model": "block/sandstone_smooth4", "weight": 15 },
	        { "model": "block/sandstone_smooth5", "weight": 10 },
			{ "model": "block/sandstone_smooth6", "weight": 10 },
			{ "model": "block/sandstone_smooth7", "weight": 10 },
			{ "model": "block/sandstone_smooth8", "weight": 1	},
			{ "model": "block/sandstone_smooth9", "weight": 3 },
			{ "model": "block/sandstone_smooth10", "weight": 10 },
			{ "model": "block/sandstone_smooth11", "weight": 10 },
			{ "model": "block/sandstone_smooth12", "weight": 10 },
			{ "model": "block/sandstone_smooth13", "weight": 10},
			{ "model": "block/sandstone_smooth14", "weight": 5},
			{ "model": "block/sandstone_smooth15", "weight": 3},
			{ "model": "block/sandstone_smooth16", "weight": 10},
			{ "model": "block/sandstone_smooth17", "weight": 2}						

        ]
    }
}

