﻿{
    "variants": {
        "face=floor,facing=east,powered=false":  [{ "model": "custom/hospital_bed/bed1" , "y":90}, { "model": "custom/hospital_bed/bed2" , "y": 90 }],
        "face=floor,facing=west,powered=false":  [{ "model": "custom/hospital_bed/bed1" , "y":270}, { "model": "custom/hospital_bed/bed2" , "y": 270 }],
        "face=floor,facing=south,powered=false":  [{ "model": "custom/hospital_bed/bed1" , "y":180}, { "model": "custom/hospital_bed/bed2" , "y": 180 }],
        "face=floor,facing=north,powered=false":  [{ "model": "custom/hospital_bed/bed1"} , { "model": "custom/hospital_bed/bed2"}],
		
        "face=wall,facing=east,powered=false":  [
				{ "model": "custom/paintings/button_paintings/painting_1" , "weight": 5 , "y": 90  },
				{ "model": "custom/paintings/button_paintings/painting_2" , "weight": 5 , "y": 90  },
				{ "model": "custom/paintings/button_paintings/painting_3" , "weight": 5 , "y": 90  },
				{ "model": "custom/paintings/button_paintings/painting_4" , "weight": 5 , "y": 90  },
				{ "model": "custom/paintings/button_paintings/painting_5" , "weight": 5 , "y": 90  },
				{ "model": "custom/paintings/button_paintings/painting_6" , "weight": 5 , "y": 90  },
				{ "model": "custom/paintings/button_paintings/painting_7" , "weight": 5 , "y": 90  },
				{ "model": "custom/paintings/button_paintings/painting_8" , "weight": 5 , "y": 90  },
				{ "model": "custom/paintings/button_paintings/painting_9" , "weight": 5 , "y": 90  },
				{ "model": "custom/paintings/button_paintings/painting_10" , "weight": 5 , "y": 90  },
				{ "model": "custom/paintings/button_paintings/painting_11" , "weight": 5 , "y": 90  },
				{ "model": "custom/paintings/button_paintings/painting_12" , "weight": 5 , "y": 90  },
				{ "model": "custom/paintings/button_paintings/painting_13" , "weight": 5 , "y": 90  },
				{ "model": "custom/paintings/button_paintings/painting_14" , "weight": 5 , "y": 90  },
				{ "model": "custom/paintings/button_paintings/painting_15" , "weight": 5 , "y": 90  },
				{ "model": "custom/paintings/button_paintings/painting_16" , "weight": 5 , "y": 90  },
				{ "model": "custom/paintings/button_paintings/painting_17" , "weight": 5 , "y": 90  },
				{ "model": "custom/paintings/button_paintings/painting_18" , "weight": 5 , "y": 90  },
				{ "model": "custom/paintings/button_paintings/painting_19" , "weight": 5 , "y": 90  },
				{ "model": "custom/paintings/button_paintings/painting_20" , "weight": 5 , "y": 90  },
				{ "model": "custom/paintings/button_paintings/painting_21" , "weight": 5 , "y": 90  },
				{ "model": "custom/paintings/button_paintings/painting_22" , "weight": 5 , "y": 90  },
				{ "model": "custom/paintings/button_paintings/painting_23" , "weight": 5 , "y": 90  },
				{ "model": "custom/paintings/button_paintings/painting_24" , "weight": 5 , "y": 90  },
				{ "model": "custom/paintings/button_paintings/painting_25" , "weight": 5 , "y": 90  },
				{ "model": "custom/paintings/button_paintings/painting_26" , "weight": 5 , "y": 90  },
				{ "model": "custom/paintings/button_paintings/painting_27" , "weight": 5 , "y": 90  },
				{ "model": "custom/paintings/button_paintings/painting_28" , "weight": 5 , "y": 90  },
				{ "model": "custom/paintings/button_paintings/painting_29" , "weight": 5 , "y": 90  },
				{ "model": "custom/paintings/button_paintings/painting_30" , "weight": 5 , "y": 90  },
				{ "model": "custom/paintings/button_paintings/painting_31" , "weight": 5 , "y": 90  },
				{ "model": "custom/paintings/button_paintings/painting_32" , "weight": 5 , "y": 90  },
				{ "model": "custom/paintings/button_paintings/painting_33" , "weight": 5 , "y": 90  },
				{ "model": "custom/paintings/button_paintings/painting_34" , "weight": 5 , "y": 90  },
				{ "model": "custom/paintings/button_paintings/painting_35" , "weight": 5 , "y": 90  },
				{ "model": "custom/paintings/button_paintings/painting_36" , "weight": 5 , "y": 90  },
				{ "model": "custom/paintings/button_paintings/painting_37" , "weight": 5 , "y": 90  },
				{ "model": "custom/paintings/button_paintings/painting_38" , "weight": 5 , "y": 90  },
				{ "model": "custom/paintings/button_paintings/painting_39" , "weight": 5 , "y": 90  },
				{ "model": "custom/paintings/button_paintings/painting_40" , "weight": 5 , "y": 90  },
				{ "model": "custom/paintings/button_paintings/painting_41" , "weight": 5 , "y": 90  },
				{ "model": "custom/paintings/button_paintings/painting_42" , "weight": 5 , "y": 90  },
				{ "model": "custom/paintings/button_paintings/painting_43" , "weight": 5 , "y": 90  },
				{ "model": "custom/paintings/button_paintings/painting_44" , "weight": 5 , "y": 90  },
				{ "model": "custom/paintings/button_paintings/painting_45" , "weight": 5 , "y": 90  },
				{ "model": "custom/paintings/button_paintings/painting_46" , "weight": 5 , "y": 90  },
				{ "model": "custom/paintings/button_paintings/painting_47" , "weight": 5 , "y": 90  },
				{ "model": "custom/paintings/button_paintings/painting_48" , "weight": 5 , "y": 90  },
				{ "model": "custom/paintings/button_paintings/painting_49" , "weight": 5 , "y": 90  },
				{ "model": "custom/paintings/button_paintings/painting_50" , "weight": 5 , "y": 90  },
				{ "model": "custom/paintings/button_paintings/painting_51" , "weight": 5 , "y": 90  },
				{ "model": "custom/paintings/button_paintings/painting_52" , "weight": 5 , "y": 90  },
				{ "model": "custom/paintings/button_paintings/painting_53" , "weight": 5 , "y": 90  },
				{ "model": "custom/paintings/button_paintings/painting_54" , "weight": 5 , "y": 90  },
				{ "model": "custom/paintings/button_paintings/painting_55" , "weight": 5 , "y": 90  },
				{ "model": "custom/paintings/button_paintings/painting_56" , "weight": 5 , "y": 90  },
				{ "model": "custom/paintings/button_paintings/painting_56" , "weight": 5 , "y": 90  },
				{ "model": "custom/paintings/button_paintings/painting_57" , "weight": 5 , "y": 90  },
				{ "model": "custom/paintings/button_paintings/painting_58" , "weight": 5 , "y": 90  },
				{ "model": "custom/paintings/button_paintings/painting_59" , "weight": 5 , "y": 90  },
				{ "model": "custom/paintings/button_paintings/painting_60" , "weight": 5 , "y": 90  },
				{ "model": "custom/paintings/button_paintings/painting_61" , "weight": 5 , "y": 90  },
				{ "model": "custom/paintings/button_paintings/painting_62" , "weight": 5 , "y": 90  },
				{ "model": "custom/paintings/button_paintings/painting_63" , "weight": 5 , "y": 90  },
				{ "model": "custom/paintings/button_paintings/painting_64" , "weight": 5 , "y": 90  },
				{ "model": "custom/paintings/button_paintings/painting_65" , "weight": 5 , "y": 90  },
				{ "model": "custom/paintings/button_paintings/painting_66" , "weight": 5 , "y": 90  },
				{ "model": "custom/paintings/button_paintings/painting_67" , "weight": 5 , "y": 90  },
				{ "model": "custom/paintings/button_paintings/painting_68" , "weight": 5 , "y": 90  },
				{ "model": "custom/paintings/button_paintings/painting_69" , "weight": 5 , "y": 90  },
				{ "model": "custom/paintings/button_paintings/painting_70" , "weight": 5 , "y": 90  },
				{ "model": "custom/paintings/button_paintings/painting_71" , "weight": 5 , "y": 90  },
				{ "model": "custom/paintings/button_paintings/painting_72" , "weight": 5 , "y": 90  },
				{ "model": "custom/paintings/button_paintings/painting_73" , "weight": 5 , "y": 90  },
				{ "model": "custom/paintings/button_paintings/painting_74" , "weight": 5 , "y": 90  },
				{ "model": "custom/paintings/button_paintings/painting_75" , "weight": 5 , "y": 90  },
				{ "model": "custom/paintings/button_paintings/painting_76" , "weight": 5 , "y": 90  },
				{ "model": "custom/paintings/button_paintings/painting_77" , "weight": 5 , "y": 90  },
				{ "model": "custom/paintings/button_paintings/painting_78" , "weight": 5 , "y": 90  },
				{ "model": "custom/paintings/button_paintings/painting_79" , "weight": 5 , "y": 90  },
				{ "model": "custom/paintings/button_paintings/painting_80" , "weight": 5 , "y": 90  },
				{ "model": "custom/paintings/button_paintings/painting_81" , "weight": 5 , "y": 90  },
				{ "model": "custom/paintings/button_paintings/painting_82" , "weight": 5 , "y": 90  },
				{ "model": "custom/paintings/button_paintings/painting_83" , "weight": 5 , "y": 90  },
				{ "model": "custom/paintings/button_paintings/painting_84" , "weight": 5 , "y": 90  },
				{ "model": "custom/paintings/button_paintings/painting_85" , "weight": 5 , "y": 90  },
				{ "model": "custom/paintings/button_paintings/painting_86" , "weight": 5 , "y": 90  }],
				
				
				
        "face=wall,facing=west,powered=false":  [
				{ "model": "custom/paintings/button_paintings/painting_1" , "weight": 5 , "y": 270  },
				{ "model": "custom/paintings/button_paintings/painting_2" , "weight": 5 , "y": 270  },
				{ "model": "custom/paintings/button_paintings/painting_3" , "weight": 5 , "y": 270  },
				{ "model": "custom/paintings/button_paintings/painting_4" , "weight": 5 , "y": 270  },
				{ "model": "custom/paintings/button_paintings/painting_5" , "weight": 5 , "y": 270  },
				{ "model": "custom/paintings/button_paintings/painting_6" , "weight": 5 , "y": 270  },
				{ "model": "custom/paintings/button_paintings/painting_7" , "weight": 5 , "y": 270  },
				{ "model": "custom/paintings/button_paintings/painting_8" , "weight": 5 , "y": 270  },
				{ "model": "custom/paintings/button_paintings/painting_9" , "weight": 5 , "y": 270  },
				{ "model": "custom/paintings/button_paintings/painting_10" , "weight": 5 , "y": 270  },
				{ "model": "custom/paintings/button_paintings/painting_11" , "weight": 5 , "y": 270  },
				{ "model": "custom/paintings/button_paintings/painting_12" , "weight": 5 , "y": 270  },
				{ "model": "custom/paintings/button_paintings/painting_13" , "weight": 5 , "y": 270  },
				{ "model": "custom/paintings/button_paintings/painting_14" , "weight": 5 , "y": 270  },
				{ "model": "custom/paintings/button_paintings/painting_15" , "weight": 5 , "y": 270  },
				{ "model": "custom/paintings/button_paintings/painting_16" , "weight": 5 , "y": 270  },
				{ "model": "custom/paintings/button_paintings/painting_17" , "weight": 5 , "y": 270  },
				{ "model": "custom/paintings/button_paintings/painting_18" , "weight": 5 , "y": 270  },
				{ "model": "custom/paintings/button_paintings/painting_19" , "weight": 5 , "y": 270  },
				{ "model": "custom/paintings/button_paintings/painting_20" , "weight": 5 , "y": 270  },
				{ "model": "custom/paintings/button_paintings/painting_21" , "weight": 5 , "y": 270  },
				{ "model": "custom/paintings/button_paintings/painting_22" , "weight": 5 , "y": 270  },
				{ "model": "custom/paintings/button_paintings/painting_23" , "weight": 5 , "y": 270  },
				{ "model": "custom/paintings/button_paintings/painting_24" , "weight": 5 , "y": 270  },
				{ "model": "custom/paintings/button_paintings/painting_25" , "weight": 5 , "y": 270  },
				{ "model": "custom/paintings/button_paintings/painting_26" , "weight": 5 , "y": 270  },
				{ "model": "custom/paintings/button_paintings/painting_27" , "weight": 5 , "y": 270  },
				{ "model": "custom/paintings/button_paintings/painting_28" , "weight": 5 , "y": 270  },
				{ "model": "custom/paintings/button_paintings/painting_29" , "weight": 5 , "y": 270  },
				{ "model": "custom/paintings/button_paintings/painting_30" , "weight": 5 , "y": 270  },
				{ "model": "custom/paintings/button_paintings/painting_31" , "weight": 5 , "y": 270  },
				{ "model": "custom/paintings/button_paintings/painting_32" , "weight": 5 , "y": 270  },
				{ "model": "custom/paintings/button_paintings/painting_33" , "weight": 5 , "y": 270  },
				{ "model": "custom/paintings/button_paintings/painting_34" , "weight": 5 , "y": 270  },
				{ "model": "custom/paintings/button_paintings/painting_35" , "weight": 5 , "y": 270  },
				{ "model": "custom/paintings/button_paintings/painting_36" , "weight": 5 , "y": 270  },
				{ "model": "custom/paintings/button_paintings/painting_37" , "weight": 5 , "y": 270  },
				{ "model": "custom/paintings/button_paintings/painting_38" , "weight": 5 , "y": 270  },
				{ "model": "custom/paintings/button_paintings/painting_39" , "weight": 5 , "y": 270  },
				{ "model": "custom/paintings/button_paintings/painting_40" , "weight": 5 , "y": 270  },
				{ "model": "custom/paintings/button_paintings/painting_41" , "weight": 5 , "y": 270  },
				{ "model": "custom/paintings/button_paintings/painting_42" , "weight": 5 , "y": 270  },
				{ "model": "custom/paintings/button_paintings/painting_43" , "weight": 5 , "y": 270  },
				{ "model": "custom/paintings/button_paintings/painting_44" , "weight": 5 , "y": 270  },
				{ "model": "custom/paintings/button_paintings/painting_45" , "weight": 5 , "y": 270  },
				{ "model": "custom/paintings/button_paintings/painting_46" , "weight": 5 , "y": 270  },
				{ "model": "custom/paintings/button_paintings/painting_47" , "weight": 5 , "y": 270  },
				{ "model": "custom/paintings/button_paintings/painting_48" , "weight": 5 , "y": 270  },
				{ "model": "custom/paintings/button_paintings/painting_49" , "weight": 5 , "y": 270  },
				{ "model": "custom/paintings/button_paintings/painting_50" , "weight": 5 , "y": 270  },
				{ "model": "custom/paintings/button_paintings/painting_51" , "weight": 5 , "y": 270  },
				{ "model": "custom/paintings/button_paintings/painting_52" , "weight": 5 , "y": 270  },
				{ "model": "custom/paintings/button_paintings/painting_53" , "weight": 5 , "y": 270  },
				{ "model": "custom/paintings/button_paintings/painting_54" , "weight": 5 , "y": 270  },
				{ "model": "custom/paintings/button_paintings/painting_55" , "weight": 5 , "y": 270  },
				{ "model": "custom/paintings/button_paintings/painting_56" , "weight": 5 , "y": 270  },
				{ "model": "custom/paintings/button_paintings/painting_56" , "weight": 5 , "y": 270  },
				{ "model": "custom/paintings/button_paintings/painting_57" , "weight": 5 , "y": 270  },
				{ "model": "custom/paintings/button_paintings/painting_58" , "weight": 5 , "y": 270  },
				{ "model": "custom/paintings/button_paintings/painting_59" , "weight": 5 , "y": 270  },
				{ "model": "custom/paintings/button_paintings/painting_60" , "weight": 5 , "y": 270  },
				{ "model": "custom/paintings/button_paintings/painting_61" , "weight": 5 , "y": 270  },
				{ "model": "custom/paintings/button_paintings/painting_62" , "weight": 5 , "y": 270  },
				{ "model": "custom/paintings/button_paintings/painting_63" , "weight": 5 , "y": 270  },
				{ "model": "custom/paintings/button_paintings/painting_64" , "weight": 5 , "y": 270  },
				{ "model": "custom/paintings/button_paintings/painting_65" , "weight": 5 , "y": 270  },
				{ "model": "custom/paintings/button_paintings/painting_66" , "weight": 5 , "y": 270  },
				{ "model": "custom/paintings/button_paintings/painting_67" , "weight": 5 , "y": 270  },
				{ "model": "custom/paintings/button_paintings/painting_68" , "weight": 5 , "y": 270  },
				{ "model": "custom/paintings/button_paintings/painting_69" , "weight": 5 , "y": 270  },
				{ "model": "custom/paintings/button_paintings/painting_70" , "weight": 5 , "y": 270  },
				{ "model": "custom/paintings/button_paintings/painting_71" , "weight": 5 , "y": 270  },
				{ "model": "custom/paintings/button_paintings/painting_72" , "weight": 5 , "y": 270  },
				{ "model": "custom/paintings/button_paintings/painting_73" , "weight": 5 , "y": 270  },
				{ "model": "custom/paintings/button_paintings/painting_74" , "weight": 5 , "y": 270  },
				{ "model": "custom/paintings/button_paintings/painting_75" , "weight": 5 , "y": 270  },
				{ "model": "custom/paintings/button_paintings/painting_76" , "weight": 5 , "y": 270  },
				{ "model": "custom/paintings/button_paintings/painting_77" , "weight": 5 , "y": 270  },
				{ "model": "custom/paintings/button_paintings/painting_78" , "weight": 5 , "y": 270  },
				{ "model": "custom/paintings/button_paintings/painting_79" , "weight": 5 , "y": 270  },
				{ "model": "custom/paintings/button_paintings/painting_80" , "weight": 5 , "y": 270  },
				{ "model": "custom/paintings/button_paintings/painting_81" , "weight": 5 , "y": 270  },
				{ "model": "custom/paintings/button_paintings/painting_82" , "weight": 5 , "y": 270  },
				{ "model": "custom/paintings/button_paintings/painting_83" , "weight": 5 , "y": 270  },
				{ "model": "custom/paintings/button_paintings/painting_84" , "weight": 5 , "y": 270  },
				{ "model": "custom/paintings/button_paintings/painting_85" , "weight": 5 , "y": 270  },
				{ "model": "custom/paintings/button_paintings/painting_86" , "weight": 5 , "y": 270  }],
				
				
				
        "face=wall,facing=south,powered=false": [
				{ "model": "custom/paintings/button_paintings/painting_1" , "weight": 5 , "y": 180  },
				{ "model": "custom/paintings/button_paintings/painting_2" , "weight": 5 , "y": 180  },
				{ "model": "custom/paintings/button_paintings/painting_3" , "weight": 5 , "y": 180  },
				{ "model": "custom/paintings/button_paintings/painting_4" , "weight": 5 , "y": 180  },
				{ "model": "custom/paintings/button_paintings/painting_5" , "weight": 5 , "y": 180  },
				{ "model": "custom/paintings/button_paintings/painting_6" , "weight": 5 , "y": 180  },
				{ "model": "custom/paintings/button_paintings/painting_7" , "weight": 5 , "y": 180  },
				{ "model": "custom/paintings/button_paintings/painting_8" , "weight": 5 , "y": 180  },
				{ "model": "custom/paintings/button_paintings/painting_9" , "weight": 5 , "y": 180  },
				{ "model": "custom/paintings/button_paintings/painting_10" , "weight": 5 , "y": 180  },
				{ "model": "custom/paintings/button_paintings/painting_11" , "weight": 5 , "y": 180  },
				{ "model": "custom/paintings/button_paintings/painting_12" , "weight": 5 , "y": 180  },
				{ "model": "custom/paintings/button_paintings/painting_13" , "weight": 5 , "y": 180  },
				{ "model": "custom/paintings/button_paintings/painting_14" , "weight": 5 , "y": 180  },
				{ "model": "custom/paintings/button_paintings/painting_15" , "weight": 5 , "y": 180  },
				{ "model": "custom/paintings/button_paintings/painting_16" , "weight": 5 , "y": 180  },
				{ "model": "custom/paintings/button_paintings/painting_17" , "weight": 5 , "y": 180  },
				{ "model": "custom/paintings/button_paintings/painting_18" , "weight": 5 , "y": 180  },
				{ "model": "custom/paintings/button_paintings/painting_19" , "weight": 5 , "y": 180  },
				{ "model": "custom/paintings/button_paintings/painting_20" , "weight": 5 , "y": 180  },
				{ "model": "custom/paintings/button_paintings/painting_21" , "weight": 5 , "y": 180  },
				{ "model": "custom/paintings/button_paintings/painting_22" , "weight": 5 , "y": 180  },
				{ "model": "custom/paintings/button_paintings/painting_23" , "weight": 5 , "y": 180  },
				{ "model": "custom/paintings/button_paintings/painting_24" , "weight": 5 , "y": 180  },
				{ "model": "custom/paintings/button_paintings/painting_25" , "weight": 5 , "y": 180  },
				{ "model": "custom/paintings/button_paintings/painting_26" , "weight": 5 , "y": 180  },
				{ "model": "custom/paintings/button_paintings/painting_27" , "weight": 5 , "y": 180  },
				{ "model": "custom/paintings/button_paintings/painting_28" , "weight": 5 , "y": 180  },
				{ "model": "custom/paintings/button_paintings/painting_29" , "weight": 5 , "y": 180  },
				{ "model": "custom/paintings/button_paintings/painting_30" , "weight": 5 , "y": 180  },
				{ "model": "custom/paintings/button_paintings/painting_31" , "weight": 5 , "y": 180  },
				{ "model": "custom/paintings/button_paintings/painting_32" , "weight": 5 , "y": 180  },
				{ "model": "custom/paintings/button_paintings/painting_33" , "weight": 5 , "y": 180  },
				{ "model": "custom/paintings/button_paintings/painting_34" , "weight": 5 , "y": 180  },
				{ "model": "custom/paintings/button_paintings/painting_35" , "weight": 5 , "y": 180  },
				{ "model": "custom/paintings/button_paintings/painting_36" , "weight": 5 , "y": 180  },
				{ "model": "custom/paintings/button_paintings/painting_37" , "weight": 5 , "y": 180  },
				{ "model": "custom/paintings/button_paintings/painting_38" , "weight": 5 , "y": 180  },
				{ "model": "custom/paintings/button_paintings/painting_39" , "weight": 5 , "y": 180  },
				{ "model": "custom/paintings/button_paintings/painting_40" , "weight": 5 , "y": 180  },
				{ "model": "custom/paintings/button_paintings/painting_41" , "weight": 5 , "y": 180  },
				{ "model": "custom/paintings/button_paintings/painting_42" , "weight": 5 , "y": 180  },
				{ "model": "custom/paintings/button_paintings/painting_43" , "weight": 5 , "y": 180  },
				{ "model": "custom/paintings/button_paintings/painting_44" , "weight": 5 , "y": 180  },
				{ "model": "custom/paintings/button_paintings/painting_45" , "weight": 5 , "y": 180  },
				{ "model": "custom/paintings/button_paintings/painting_46" , "weight": 5 , "y": 180  },
				{ "model": "custom/paintings/button_paintings/painting_47" , "weight": 5 , "y": 180  },
				{ "model": "custom/paintings/button_paintings/painting_48" , "weight": 5 , "y": 180  },
				{ "model": "custom/paintings/button_paintings/painting_49" , "weight": 5 , "y": 180  },
				{ "model": "custom/paintings/button_paintings/painting_50" , "weight": 5 , "y": 180  },
				{ "model": "custom/paintings/button_paintings/painting_51" , "weight": 5 , "y": 180  },
				{ "model": "custom/paintings/button_paintings/painting_52" , "weight": 5 , "y": 180  },
				{ "model": "custom/paintings/button_paintings/painting_53" , "weight": 5 , "y": 180  },
				{ "model": "custom/paintings/button_paintings/painting_54" , "weight": 5 , "y": 180  },
				{ "model": "custom/paintings/button_paintings/painting_55" , "weight": 5 , "y": 180  },
				{ "model": "custom/paintings/button_paintings/painting_56" , "weight": 5 , "y": 180  },
				{ "model": "custom/paintings/button_paintings/painting_56" , "weight": 5 , "y": 180  },
				{ "model": "custom/paintings/button_paintings/painting_57" , "weight": 5 , "y": 180  },
				{ "model": "custom/paintings/button_paintings/painting_58" , "weight": 5 , "y": 180  },
				{ "model": "custom/paintings/button_paintings/painting_59" , "weight": 5 , "y": 180  },
				{ "model": "custom/paintings/button_paintings/painting_60" , "weight": 5 , "y": 180  },
				{ "model": "custom/paintings/button_paintings/painting_61" , "weight": 5 , "y": 180  },
				{ "model": "custom/paintings/button_paintings/painting_62" , "weight": 5 , "y": 180  },
				{ "model": "custom/paintings/button_paintings/painting_63" , "weight": 5 , "y": 180  },
				{ "model": "custom/paintings/button_paintings/painting_64" , "weight": 5 , "y": 180  },
				{ "model": "custom/paintings/button_paintings/painting_65" , "weight": 5 , "y": 180  },
				{ "model": "custom/paintings/button_paintings/painting_66" , "weight": 5 , "y": 180  },
				{ "model": "custom/paintings/button_paintings/painting_67" , "weight": 5 , "y": 180  },
				{ "model": "custom/paintings/button_paintings/painting_68" , "weight": 5 , "y": 180  },
				{ "model": "custom/paintings/button_paintings/painting_69" , "weight": 5 , "y": 180  },
				{ "model": "custom/paintings/button_paintings/painting_70" , "weight": 5 , "y": 180  },
				{ "model": "custom/paintings/button_paintings/painting_71" , "weight": 5 , "y": 180  },
				{ "model": "custom/paintings/button_paintings/painting_72" , "weight": 5 , "y": 180  },
				{ "model": "custom/paintings/button_paintings/painting_73" , "weight": 5 , "y": 180  },
				{ "model": "custom/paintings/button_paintings/painting_74" , "weight": 5 , "y": 180  },
				{ "model": "custom/paintings/button_paintings/painting_75" , "weight": 5 , "y": 180  },
				{ "model": "custom/paintings/button_paintings/painting_76" , "weight": 5 , "y": 180  },
				{ "model": "custom/paintings/button_paintings/painting_77" , "weight": 5 , "y": 180  },
				{ "model": "custom/paintings/button_paintings/painting_78" , "weight": 5 , "y": 180  },
				{ "model": "custom/paintings/button_paintings/painting_79" , "weight": 5 , "y": 180  },
				{ "model": "custom/paintings/button_paintings/painting_80" , "weight": 5 , "y": 180  },
				{ "model": "custom/paintings/button_paintings/painting_81" , "weight": 5 , "y": 180  },
				{ "model": "custom/paintings/button_paintings/painting_82" , "weight": 5 , "y": 180  },
				{ "model": "custom/paintings/button_paintings/painting_83" , "weight": 5 , "y": 180  },
				{ "model": "custom/paintings/button_paintings/painting_84" , "weight": 5 , "y": 180  },
				{ "model": "custom/paintings/button_paintings/painting_85" , "weight": 5 , "y": 180  },
				{ "model": "custom/paintings/button_paintings/painting_86" , "weight": 5 , "y": 180  }],
				
			
				
        "face=wall,facing=north,powered=false": [
				{ "model": "custom/paintings/button_paintings/painting_1" , "weight": 5  },
				{ "model": "custom/paintings/button_paintings/painting_2" , "weight": 5  },
				{ "model": "custom/paintings/button_paintings/painting_3" , "weight": 5  },
				{ "model": "custom/paintings/button_paintings/painting_4" , "weight": 5  },
				{ "model": "custom/paintings/button_paintings/painting_5" , "weight": 5  },
				{ "model": "custom/paintings/button_paintings/painting_6" , "weight": 5  },
				{ "model": "custom/paintings/button_paintings/painting_7" , "weight": 5  },
				{ "model": "custom/paintings/button_paintings/painting_8" , "weight": 5  },
				{ "model": "custom/paintings/button_paintings/painting_9" , "weight": 5  },
				{ "model": "custom/paintings/button_paintings/painting_10" , "weight": 5  },
				{ "model": "custom/paintings/button_paintings/painting_11" , "weight": 5  },
				{ "model": "custom/paintings/button_paintings/painting_12" , "weight": 5  },
				{ "model": "custom/paintings/button_paintings/painting_13" , "weight": 5  },
				{ "model": "custom/paintings/button_paintings/painting_14" , "weight": 5  },
				{ "model": "custom/paintings/button_paintings/painting_15" , "weight": 5  },
				{ "model": "custom/paintings/button_paintings/painting_16" , "weight": 5  },
				{ "model": "custom/paintings/button_paintings/painting_17" , "weight": 5  },
				{ "model": "custom/paintings/button_paintings/painting_18" , "weight": 5  },
				{ "model": "custom/paintings/button_paintings/painting_19" , "weight": 5  },
				{ "model": "custom/paintings/button_paintings/painting_20" , "weight": 5  },
				{ "model": "custom/paintings/button_paintings/painting_21" , "weight": 5  },
				{ "model": "custom/paintings/button_paintings/painting_22" , "weight": 5  },
				{ "model": "custom/paintings/button_paintings/painting_23" , "weight": 5  },
				{ "model": "custom/paintings/button_paintings/painting_24" , "weight": 5  },
				{ "model": "custom/paintings/button_paintings/painting_25" , "weight": 5  },
				{ "model": "custom/paintings/button_paintings/painting_26" , "weight": 5  },
				{ "model": "custom/paintings/button_paintings/painting_27" , "weight": 5  },
				{ "model": "custom/paintings/button_paintings/painting_28" , "weight": 5  },
				{ "model": "custom/paintings/button_paintings/painting_29" , "weight": 5  },
				{ "model": "custom/paintings/button_paintings/painting_30" , "weight": 5  },
				{ "model": "custom/paintings/button_paintings/painting_31" , "weight": 5  },
				{ "model": "custom/paintings/button_paintings/painting_32" , "weight": 5  },
				{ "model": "custom/paintings/button_paintings/painting_33" , "weight": 5  },
				{ "model": "custom/paintings/button_paintings/painting_34" , "weight": 5  },
				{ "model": "custom/paintings/button_paintings/painting_35" , "weight": 5  },
				{ "model": "custom/paintings/button_paintings/painting_36" , "weight": 5  },
				{ "model": "custom/paintings/button_paintings/painting_37" , "weight": 5  },
				{ "model": "custom/paintings/button_paintings/painting_38" , "weight": 5  },
				{ "model": "custom/paintings/button_paintings/painting_39" , "weight": 5  },
				{ "model": "custom/paintings/button_paintings/painting_40" , "weight": 5  },
				{ "model": "custom/paintings/button_paintings/painting_41" , "weight": 5  },
				{ "model": "custom/paintings/button_paintings/painting_42" , "weight": 5  },
				{ "model": "custom/paintings/button_paintings/painting_43" , "weight": 5  },
				{ "model": "custom/paintings/button_paintings/painting_44" , "weight": 5  },
				{ "model": "custom/paintings/button_paintings/painting_45" , "weight": 5  },
				{ "model": "custom/paintings/button_paintings/painting_46" , "weight": 5  },
				{ "model": "custom/paintings/button_paintings/painting_47" , "weight": 5  },
				{ "model": "custom/paintings/button_paintings/painting_48" , "weight": 5  },
				{ "model": "custom/paintings/button_paintings/painting_49" , "weight": 5  },
				{ "model": "custom/paintings/button_paintings/painting_50" , "weight": 5  },
				{ "model": "custom/paintings/button_paintings/painting_51" , "weight": 5  },
				{ "model": "custom/paintings/button_paintings/painting_52" , "weight": 5  },
				{ "model": "custom/paintings/button_paintings/painting_53" , "weight": 5  },
				{ "model": "custom/paintings/button_paintings/painting_54" , "weight": 5  },
				{ "model": "custom/paintings/button_paintings/painting_55" , "weight": 5  },
				{ "model": "custom/paintings/button_paintings/painting_56" , "weight": 5  },
				{ "model": "custom/paintings/button_paintings/painting_56" , "weight": 5  },
				{ "model": "custom/paintings/button_paintings/painting_57" , "weight": 5  },
				{ "model": "custom/paintings/button_paintings/painting_58" , "weight": 5  },
				{ "model": "custom/paintings/button_paintings/painting_59" , "weight": 5  },
				{ "model": "custom/paintings/button_paintings/painting_60" , "weight": 5  },
				{ "model": "custom/paintings/button_paintings/painting_61" , "weight": 5  },
				{ "model": "custom/paintings/button_paintings/painting_62" , "weight": 5  },
				{ "model": "custom/paintings/button_paintings/painting_63" , "weight": 5  },
				{ "model": "custom/paintings/button_paintings/painting_64" , "weight": 5  },
				{ "model": "custom/paintings/button_paintings/painting_65" , "weight": 5  },
				{ "model": "custom/paintings/button_paintings/painting_66" , "weight": 5  },
				{ "model": "custom/paintings/button_paintings/painting_67" , "weight": 5  },
				{ "model": "custom/paintings/button_paintings/painting_68" , "weight": 5  },
				{ "model": "custom/paintings/button_paintings/painting_69" , "weight": 5  },
				{ "model": "custom/paintings/button_paintings/painting_70" , "weight": 5  },
				{ "model": "custom/paintings/button_paintings/painting_71" , "weight": 5  },
				{ "model": "custom/paintings/button_paintings/painting_72" , "weight": 5  },
				{ "model": "custom/paintings/button_paintings/painting_73" , "weight": 5  },
				{ "model": "custom/paintings/button_paintings/painting_74" , "weight": 5  },
				{ "model": "custom/paintings/button_paintings/painting_75" , "weight": 5  },
				{ "model": "custom/paintings/button_paintings/painting_76" , "weight": 5  },
				{ "model": "custom/paintings/button_paintings/painting_77" , "weight": 5  },
				{ "model": "custom/paintings/button_paintings/painting_78" , "weight": 5  },
				{ "model": "custom/paintings/button_paintings/painting_79" , "weight": 5  },
				{ "model": "custom/paintings/button_paintings/painting_80" , "weight": 5  },
				{ "model": "custom/paintings/button_paintings/painting_81" , "weight": 5  },
				{ "model": "custom/paintings/button_paintings/painting_82" , "weight": 5  },
				{ "model": "custom/paintings/button_paintings/painting_83" , "weight": 5  },
				{ "model": "custom/paintings/button_paintings/painting_84" , "weight": 5  },
				{ "model": "custom/paintings/button_paintings/painting_85" , "weight": 5  },
				{ "model": "custom/paintings/button_paintings/painting_86" , "weight": 5  }],
				
				
        "face=ceiling,facing=east,powered=false":  [{ "model": "custom/hospital_curtain/curtain1"}],
        "face=ceiling,facing=west,powered=false":  [{ "model": "custom/hospital_curtain/curtain1"}],
        "face=ceiling,facing=south,powered=false": [{ "model": "custom/hospital_curtain/curtain1"}],
        "face=ceiling,facing=north,powered=false": [{ "model": "custom/hospital_curtain/curtain1"}],
        "face=floor,facing=east,powered=true":  [{ "model": "custom/hospital_bed/bed1" , "y":90}, { "model": "custom/hospital_bed/bed2" , "y": 90 }],
        "face=floor,facing=west,powered=true":  [{ "model": "custom/hospital_bed/bed1" , "y":270}, { "model": "custom/hospital_bed/bed2" , "y": 270 }],
        "face=floor,facing=south,powered=true":  [{ "model": "custom/hospital_bed/bed1" , "y":180}, { "model": "custom/hospital_bed/bed2" , "y": 180 }],
        "face=floor,facing=north,powered=true":  [{ "model": "custom/hospital_bed/bed1"} , { "model": "custom/hospital_bed/bed2"}],
        
		
		
		
		"face=wall,facing=east,powered=true":  [
				{ "model": "custom/paintings/button_paintings/painting_1" , "weight": 5 , "y": 90  },
				{ "model": "custom/paintings/button_paintings/painting_2" , "weight": 5 , "y": 90  },
				{ "model": "custom/paintings/button_paintings/painting_3" , "weight": 5 , "y": 90  },
				{ "model": "custom/paintings/button_paintings/painting_4" , "weight": 5 , "y": 90  },
				{ "model": "custom/paintings/button_paintings/painting_5" , "weight": 5 , "y": 90  },
				{ "model": "custom/paintings/button_paintings/painting_6" , "weight": 5 , "y": 90  },
				{ "model": "custom/paintings/button_paintings/painting_7" , "weight": 5 , "y": 90  },
				{ "model": "custom/paintings/button_paintings/painting_8" , "weight": 5 , "y": 90  },
				{ "model": "custom/paintings/button_paintings/painting_9" , "weight": 5 , "y": 90  },
				{ "model": "custom/paintings/button_paintings/painting_10" , "weight": 5 , "y": 90  },
				{ "model": "custom/paintings/button_paintings/painting_11" , "weight": 5 , "y": 90  },
				{ "model": "custom/paintings/button_paintings/painting_12" , "weight": 5 , "y": 90  },
				{ "model": "custom/paintings/button_paintings/painting_13" , "weight": 5 , "y": 90  },
				{ "model": "custom/paintings/button_paintings/painting_14" , "weight": 5 , "y": 90  },
				{ "model": "custom/paintings/button_paintings/painting_15" , "weight": 5 , "y": 90  },
				{ "model": "custom/paintings/button_paintings/painting_16" , "weight": 5 , "y": 90  },
				{ "model": "custom/paintings/button_paintings/painting_17" , "weight": 5 , "y": 90  },
				{ "model": "custom/paintings/button_paintings/painting_18" , "weight": 5 , "y": 90  },
				{ "model": "custom/paintings/button_paintings/painting_19" , "weight": 5 , "y": 90  },
				{ "model": "custom/paintings/button_paintings/painting_20" , "weight": 5 , "y": 90  },
				{ "model": "custom/paintings/button_paintings/painting_21" , "weight": 5 , "y": 90  },
				{ "model": "custom/paintings/button_paintings/painting_22" , "weight": 5 , "y": 90  },
				{ "model": "custom/paintings/button_paintings/painting_23" , "weight": 5 , "y": 90  },
				{ "model": "custom/paintings/button_paintings/painting_24" , "weight": 5 , "y": 90  },
				{ "model": "custom/paintings/button_paintings/painting_25" , "weight": 5 , "y": 90  },
				{ "model": "custom/paintings/button_paintings/painting_26" , "weight": 5 , "y": 90  },
				{ "model": "custom/paintings/button_paintings/painting_27" , "weight": 5 , "y": 90  },
				{ "model": "custom/paintings/button_paintings/painting_28" , "weight": 5 , "y": 90  },
				{ "model": "custom/paintings/button_paintings/painting_29" , "weight": 5 , "y": 90  },
				{ "model": "custom/paintings/button_paintings/painting_30" , "weight": 5 , "y": 90  },
				{ "model": "custom/paintings/button_paintings/painting_31" , "weight": 5 , "y": 90  },
				{ "model": "custom/paintings/button_paintings/painting_32" , "weight": 5 , "y": 90  },
				{ "model": "custom/paintings/button_paintings/painting_33" , "weight": 5 , "y": 90  },
				{ "model": "custom/paintings/button_paintings/painting_34" , "weight": 5 , "y": 90  },
				{ "model": "custom/paintings/button_paintings/painting_35" , "weight": 5 , "y": 90  },
				{ "model": "custom/paintings/button_paintings/painting_36" , "weight": 5 , "y": 90  },
				{ "model": "custom/paintings/button_paintings/painting_37" , "weight": 5 , "y": 90  },
				{ "model": "custom/paintings/button_paintings/painting_38" , "weight": 5 , "y": 90  },
				{ "model": "custom/paintings/button_paintings/painting_39" , "weight": 5 , "y": 90  },
				{ "model": "custom/paintings/button_paintings/painting_40" , "weight": 5 , "y": 90  },
				{ "model": "custom/paintings/button_paintings/painting_41" , "weight": 5 , "y": 90  },
				{ "model": "custom/paintings/button_paintings/painting_42" , "weight": 5 , "y": 90  },
				{ "model": "custom/paintings/button_paintings/painting_43" , "weight": 5 , "y": 90  },
				{ "model": "custom/paintings/button_paintings/painting_44" , "weight": 5 , "y": 90  },
				{ "model": "custom/paintings/button_paintings/painting_45" , "weight": 5 , "y": 90  },
				{ "model": "custom/paintings/button_paintings/painting_46" , "weight": 5 , "y": 90  },
				{ "model": "custom/paintings/button_paintings/painting_47" , "weight": 5 , "y": 90  },
				{ "model": "custom/paintings/button_paintings/painting_48" , "weight": 5 , "y": 90  },
				{ "model": "custom/paintings/button_paintings/painting_49" , "weight": 5 , "y": 90  },
				{ "model": "custom/paintings/button_paintings/painting_50" , "weight": 5 , "y": 90  },
				{ "model": "custom/paintings/button_paintings/painting_51" , "weight": 5 , "y": 90  },
				{ "model": "custom/paintings/button_paintings/painting_52" , "weight": 5 , "y": 90  },
				{ "model": "custom/paintings/button_paintings/painting_53" , "weight": 5 , "y": 90  },
				{ "model": "custom/paintings/button_paintings/painting_54" , "weight": 5 , "y": 90  },
				{ "model": "custom/paintings/button_paintings/painting_55" , "weight": 5 , "y": 90  },
				{ "model": "custom/paintings/button_paintings/painting_56" , "weight": 5 , "y": 90  },
				{ "model": "custom/paintings/button_paintings/painting_56" , "weight": 5 , "y": 90  },
				{ "model": "custom/paintings/button_paintings/painting_57" , "weight": 5 , "y": 90  },
				{ "model": "custom/paintings/button_paintings/painting_58" , "weight": 5 , "y": 90  },
				{ "model": "custom/paintings/button_paintings/painting_59" , "weight": 5 , "y": 90  },
				{ "model": "custom/paintings/button_paintings/painting_60" , "weight": 5 , "y": 90  },
				{ "model": "custom/paintings/button_paintings/painting_61" , "weight": 5 , "y": 90  },
				{ "model": "custom/paintings/button_paintings/painting_62" , "weight": 5 , "y": 90  },
				{ "model": "custom/paintings/button_paintings/painting_63" , "weight": 5 , "y": 90  },
				{ "model": "custom/paintings/button_paintings/painting_64" , "weight": 5 , "y": 90  },
				{ "model": "custom/paintings/button_paintings/painting_65" , "weight": 5 , "y": 90  },
				{ "model": "custom/paintings/button_paintings/painting_66" , "weight": 5 , "y": 90  },
				{ "model": "custom/paintings/button_paintings/painting_67" , "weight": 5 , "y": 90  },
				{ "model": "custom/paintings/button_paintings/painting_68" , "weight": 5 , "y": 90  },
				{ "model": "custom/paintings/button_paintings/painting_69" , "weight": 5 , "y": 90  },
				{ "model": "custom/paintings/button_paintings/painting_70" , "weight": 5 , "y": 90  },
				{ "model": "custom/paintings/button_paintings/painting_71" , "weight": 5 , "y": 90  },
				{ "model": "custom/paintings/button_paintings/painting_72" , "weight": 5 , "y": 90  },
				{ "model": "custom/paintings/button_paintings/painting_73" , "weight": 5 , "y": 90  },
				{ "model": "custom/paintings/button_paintings/painting_74" , "weight": 5 , "y": 90  },
				{ "model": "custom/paintings/button_paintings/painting_75" , "weight": 5 , "y": 90  },
				{ "model": "custom/paintings/button_paintings/painting_76" , "weight": 5 , "y": 90  },
				{ "model": "custom/paintings/button_paintings/painting_77" , "weight": 5 , "y": 90  },
				{ "model": "custom/paintings/button_paintings/painting_78" , "weight": 5 , "y": 90  },
				{ "model": "custom/paintings/button_paintings/painting_79" , "weight": 5 , "y": 90  },
				{ "model": "custom/paintings/button_paintings/painting_80" , "weight": 5 , "y": 90  },
				{ "model": "custom/paintings/button_paintings/painting_81" , "weight": 5 , "y": 90  },
				{ "model": "custom/paintings/button_paintings/painting_82" , "weight": 5 , "y": 90  },
				{ "model": "custom/paintings/button_paintings/painting_83" , "weight": 5 , "y": 90  },
				{ "model": "custom/paintings/button_paintings/painting_84" , "weight": 5 , "y": 90  },
				{ "model": "custom/paintings/button_paintings/painting_85" , "weight": 5 , "y": 90  },
				{ "model": "custom/paintings/button_paintings/painting_86" , "weight": 5 , "y": 90  }],
		
		
		
		"face=wall,facing=west,powered=true":  [
				{ "model": "custom/paintings/button_paintings/painting_1" , "weight": 5 , "y": 270  },
				{ "model": "custom/paintings/button_paintings/painting_2" , "weight": 5 , "y": 270  },
				{ "model": "custom/paintings/button_paintings/painting_3" , "weight": 5 , "y": 270  },
				{ "model": "custom/paintings/button_paintings/painting_4" , "weight": 5 , "y": 270  },
				{ "model": "custom/paintings/button_paintings/painting_5" , "weight": 5 , "y": 270  },
				{ "model": "custom/paintings/button_paintings/painting_6" , "weight": 5 , "y": 270  },
				{ "model": "custom/paintings/button_paintings/painting_7" , "weight": 5 , "y": 270  },
				{ "model": "custom/paintings/button_paintings/painting_8" , "weight": 5 , "y": 270  },
				{ "model": "custom/paintings/button_paintings/painting_9" , "weight": 5 , "y": 270  },
				{ "model": "custom/paintings/button_paintings/painting_10" , "weight": 5 , "y": 270  },
				{ "model": "custom/paintings/button_paintings/painting_11" , "weight": 5 , "y": 270  },
				{ "model": "custom/paintings/button_paintings/painting_12" , "weight": 5 , "y": 270  },
				{ "model": "custom/paintings/button_paintings/painting_13" , "weight": 5 , "y": 270  },
				{ "model": "custom/paintings/button_paintings/painting_14" , "weight": 5 , "y": 270  },
				{ "model": "custom/paintings/button_paintings/painting_15" , "weight": 5 , "y": 270  },
				{ "model": "custom/paintings/button_paintings/painting_16" , "weight": 5 , "y": 270  },
				{ "model": "custom/paintings/button_paintings/painting_17" , "weight": 5 , "y": 270  },
				{ "model": "custom/paintings/button_paintings/painting_18" , "weight": 5 , "y": 270  },
				{ "model": "custom/paintings/button_paintings/painting_19" , "weight": 5 , "y": 270  },
				{ "model": "custom/paintings/button_paintings/painting_20" , "weight": 5 , "y": 270  },
				{ "model": "custom/paintings/button_paintings/painting_21" , "weight": 5 , "y": 270  },
				{ "model": "custom/paintings/button_paintings/painting_22" , "weight": 5 , "y": 270  },
				{ "model": "custom/paintings/button_paintings/painting_23" , "weight": 5 , "y": 270  },
				{ "model": "custom/paintings/button_paintings/painting_24" , "weight": 5 , "y": 270  },
				{ "model": "custom/paintings/button_paintings/painting_25" , "weight": 5 , "y": 270  },
				{ "model": "custom/paintings/button_paintings/painting_26" , "weight": 5 , "y": 270  },
				{ "model": "custom/paintings/button_paintings/painting_27" , "weight": 5 , "y": 270  },
				{ "model": "custom/paintings/button_paintings/painting_28" , "weight": 5 , "y": 270  },
				{ "model": "custom/paintings/button_paintings/painting_29" , "weight": 5 , "y": 270  },
				{ "model": "custom/paintings/button_paintings/painting_30" , "weight": 5 , "y": 270  },
				{ "model": "custom/paintings/button_paintings/painting_31" , "weight": 5 , "y": 270  },
				{ "model": "custom/paintings/button_paintings/painting_32" , "weight": 5 , "y": 270  },
				{ "model": "custom/paintings/button_paintings/painting_33" , "weight": 5 , "y": 270  },
				{ "model": "custom/paintings/button_paintings/painting_34" , "weight": 5 , "y": 270  },
				{ "model": "custom/paintings/button_paintings/painting_35" , "weight": 5 , "y": 270  },
				{ "model": "custom/paintings/button_paintings/painting_36" , "weight": 5 , "y": 270  },
				{ "model": "custom/paintings/button_paintings/painting_37" , "weight": 5 , "y": 270  },
				{ "model": "custom/paintings/button_paintings/painting_38" , "weight": 5 , "y": 270  },
				{ "model": "custom/paintings/button_paintings/painting_39" , "weight": 5 , "y": 270  },
				{ "model": "custom/paintings/button_paintings/painting_40" , "weight": 5 , "y": 270  },
				{ "model": "custom/paintings/button_paintings/painting_41" , "weight": 5 , "y": 270  },
				{ "model": "custom/paintings/button_paintings/painting_42" , "weight": 5 , "y": 270  },
				{ "model": "custom/paintings/button_paintings/painting_43" , "weight": 5 , "y": 270  },
				{ "model": "custom/paintings/button_paintings/painting_44" , "weight": 5 , "y": 270  },
				{ "model": "custom/paintings/button_paintings/painting_45" , "weight": 5 , "y": 270  },
				{ "model": "custom/paintings/button_paintings/painting_46" , "weight": 5 , "y": 270  },
				{ "model": "custom/paintings/button_paintings/painting_47" , "weight": 5 , "y": 270  },
				{ "model": "custom/paintings/button_paintings/painting_48" , "weight": 5 , "y": 270  },
				{ "model": "custom/paintings/button_paintings/painting_49" , "weight": 5 , "y": 270  },
				{ "model": "custom/paintings/button_paintings/painting_50" , "weight": 5 , "y": 270  },
				{ "model": "custom/paintings/button_paintings/painting_51" , "weight": 5 , "y": 270  },
				{ "model": "custom/paintings/button_paintings/painting_52" , "weight": 5 , "y": 270  },
				{ "model": "custom/paintings/button_paintings/painting_53" , "weight": 5 , "y": 270  },
				{ "model": "custom/paintings/button_paintings/painting_54" , "weight": 5 , "y": 270  },
				{ "model": "custom/paintings/button_paintings/painting_55" , "weight": 5 , "y": 270  },
				{ "model": "custom/paintings/button_paintings/painting_56" , "weight": 5 , "y": 270  },
				{ "model": "custom/paintings/button_paintings/painting_56" , "weight": 5 , "y": 270  },
				{ "model": "custom/paintings/button_paintings/painting_57" , "weight": 5 , "y": 270  },
				{ "model": "custom/paintings/button_paintings/painting_58" , "weight": 5 , "y": 270  },
				{ "model": "custom/paintings/button_paintings/painting_59" , "weight": 5 , "y": 270  },
				{ "model": "custom/paintings/button_paintings/painting_60" , "weight": 5 , "y": 270  },
				{ "model": "custom/paintings/button_paintings/painting_61" , "weight": 5 , "y": 270  },
				{ "model": "custom/paintings/button_paintings/painting_62" , "weight": 5 , "y": 270  },
				{ "model": "custom/paintings/button_paintings/painting_63" , "weight": 5 , "y": 270  },
				{ "model": "custom/paintings/button_paintings/painting_64" , "weight": 5 , "y": 270  },
				{ "model": "custom/paintings/button_paintings/painting_65" , "weight": 5 , "y": 270  },
				{ "model": "custom/paintings/button_paintings/painting_66" , "weight": 5 , "y": 270  },
				{ "model": "custom/paintings/button_paintings/painting_67" , "weight": 5 , "y": 270  },
				{ "model": "custom/paintings/button_paintings/painting_68" , "weight": 5 , "y": 270  },
				{ "model": "custom/paintings/button_paintings/painting_69" , "weight": 5 , "y": 270  },
				{ "model": "custom/paintings/button_paintings/painting_70" , "weight": 5 , "y": 270  },
				{ "model": "custom/paintings/button_paintings/painting_71" , "weight": 5 , "y": 270  },
				{ "model": "custom/paintings/button_paintings/painting_72" , "weight": 5 , "y": 270  },
				{ "model": "custom/paintings/button_paintings/painting_73" , "weight": 5 , "y": 270  },
				{ "model": "custom/paintings/button_paintings/painting_74" , "weight": 5 , "y": 270  },
				{ "model": "custom/paintings/button_paintings/painting_75" , "weight": 5 , "y": 270  },
				{ "model": "custom/paintings/button_paintings/painting_76" , "weight": 5 , "y": 270  },
				{ "model": "custom/paintings/button_paintings/painting_77" , "weight": 5 , "y": 270  },
				{ "model": "custom/paintings/button_paintings/painting_78" , "weight": 5 , "y": 270  },
				{ "model": "custom/paintings/button_paintings/painting_79" , "weight": 5 , "y": 270  },
				{ "model": "custom/paintings/button_paintings/painting_80" , "weight": 5 , "y": 270  },
				{ "model": "custom/paintings/button_paintings/painting_81" , "weight": 5 , "y": 270  },
				{ "model": "custom/paintings/button_paintings/painting_82" , "weight": 5 , "y": 270  },
				{ "model": "custom/paintings/button_paintings/painting_83" , "weight": 5 , "y": 270  },
				{ "model": "custom/paintings/button_paintings/painting_84" , "weight": 5 , "y": 270  },
				{ "model": "custom/paintings/button_paintings/painting_85" , "weight": 5 , "y": 270  },
				{ "model": "custom/paintings/button_paintings/painting_86" , "weight": 5 , "y": 270  }],
		
		
		
		"face=wall,facing=south,powered=true": [
        		{ "model": "custom/paintings/button_paintings/painting_1" , "weight": 5 , "y": 180  },
				{ "model": "custom/paintings/button_paintings/painting_2" , "weight": 5 , "y": 180  },
				{ "model": "custom/paintings/button_paintings/painting_3" , "weight": 5 , "y": 180  },
				{ "model": "custom/paintings/button_paintings/painting_4" , "weight": 5 , "y": 180  },
				{ "model": "custom/paintings/button_paintings/painting_5" , "weight": 5 , "y": 180  },
				{ "model": "custom/paintings/button_paintings/painting_6" , "weight": 5 , "y": 180  },
				{ "model": "custom/paintings/button_paintings/painting_7" , "weight": 5 , "y": 180  },
				{ "model": "custom/paintings/button_paintings/painting_8" , "weight": 5 , "y": 180  },
				{ "model": "custom/paintings/button_paintings/painting_9" , "weight": 5 , "y": 180  },
				{ "model": "custom/paintings/button_paintings/painting_10" , "weight": 5 , "y": 180  },
				{ "model": "custom/paintings/button_paintings/painting_11" , "weight": 5 , "y": 180  },
				{ "model": "custom/paintings/button_paintings/painting_12" , "weight": 5 , "y": 180  },
				{ "model": "custom/paintings/button_paintings/painting_13" , "weight": 5 , "y": 180  },
				{ "model": "custom/paintings/button_paintings/painting_14" , "weight": 5 , "y": 180  },
				{ "model": "custom/paintings/button_paintings/painting_15" , "weight": 5 , "y": 180  },
				{ "model": "custom/paintings/button_paintings/painting_16" , "weight": 5 , "y": 180  },
				{ "model": "custom/paintings/button_paintings/painting_17" , "weight": 5 , "y": 180  },
				{ "model": "custom/paintings/button_paintings/painting_18" , "weight": 5 , "y": 180  },
				{ "model": "custom/paintings/button_paintings/painting_19" , "weight": 5 , "y": 180  },
				{ "model": "custom/paintings/button_paintings/painting_20" , "weight": 5 , "y": 180  },
				{ "model": "custom/paintings/button_paintings/painting_21" , "weight": 5 , "y": 180  },
				{ "model": "custom/paintings/button_paintings/painting_22" , "weight": 5 , "y": 180  },
				{ "model": "custom/paintings/button_paintings/painting_23" , "weight": 5 , "y": 180  },
				{ "model": "custom/paintings/button_paintings/painting_24" , "weight": 5 , "y": 180  },
				{ "model": "custom/paintings/button_paintings/painting_25" , "weight": 5 , "y": 180  },
				{ "model": "custom/paintings/button_paintings/painting_26" , "weight": 5 , "y": 180  },
				{ "model": "custom/paintings/button_paintings/painting_27" , "weight": 5 , "y": 180  },
				{ "model": "custom/paintings/button_paintings/painting_28" , "weight": 5 , "y": 180  },
				{ "model": "custom/paintings/button_paintings/painting_29" , "weight": 5 , "y": 180  },
				{ "model": "custom/paintings/button_paintings/painting_30" , "weight": 5 , "y": 180  },
				{ "model": "custom/paintings/button_paintings/painting_31" , "weight": 5 , "y": 180  },
				{ "model": "custom/paintings/button_paintings/painting_32" , "weight": 5 , "y": 180  },
				{ "model": "custom/paintings/button_paintings/painting_33" , "weight": 5 , "y": 180  },
				{ "model": "custom/paintings/button_paintings/painting_34" , "weight": 5 , "y": 180  },
				{ "model": "custom/paintings/button_paintings/painting_35" , "weight": 5 , "y": 180  },
				{ "model": "custom/paintings/button_paintings/painting_36" , "weight": 5 , "y": 180  },
				{ "model": "custom/paintings/button_paintings/painting_37" , "weight": 5 , "y": 180  },
				{ "model": "custom/paintings/button_paintings/painting_38" , "weight": 5 , "y": 180  },
				{ "model": "custom/paintings/button_paintings/painting_39" , "weight": 5 , "y": 180  },
				{ "model": "custom/paintings/button_paintings/painting_40" , "weight": 5 , "y": 180  },
				{ "model": "custom/paintings/button_paintings/painting_41" , "weight": 5 , "y": 180  },
				{ "model": "custom/paintings/button_paintings/painting_42" , "weight": 5 , "y": 180  },
				{ "model": "custom/paintings/button_paintings/painting_43" , "weight": 5 , "y": 180  },
				{ "model": "custom/paintings/button_paintings/painting_44" , "weight": 5 , "y": 180  },
				{ "model": "custom/paintings/button_paintings/painting_45" , "weight": 5 , "y": 180  },
				{ "model": "custom/paintings/button_paintings/painting_46" , "weight": 5 , "y": 180  },
				{ "model": "custom/paintings/button_paintings/painting_47" , "weight": 5 , "y": 180  },
				{ "model": "custom/paintings/button_paintings/painting_48" , "weight": 5 , "y": 180  },
				{ "model": "custom/paintings/button_paintings/painting_49" , "weight": 5 , "y": 180  },
				{ "model": "custom/paintings/button_paintings/painting_50" , "weight": 5 , "y": 180  },
				{ "model": "custom/paintings/button_paintings/painting_51" , "weight": 5 , "y": 180  },
				{ "model": "custom/paintings/button_paintings/painting_52" , "weight": 5 , "y": 180  },
				{ "model": "custom/paintings/button_paintings/painting_53" , "weight": 5 , "y": 180  },
				{ "model": "custom/paintings/button_paintings/painting_54" , "weight": 5 , "y": 180  },
				{ "model": "custom/paintings/button_paintings/painting_55" , "weight": 5 , "y": 180  },
				{ "model": "custom/paintings/button_paintings/painting_56" , "weight": 5 , "y": 180  },
				{ "model": "custom/paintings/button_paintings/painting_56" , "weight": 5 , "y": 180  },
				{ "model": "custom/paintings/button_paintings/painting_57" , "weight": 5 , "y": 180  },
				{ "model": "custom/paintings/button_paintings/painting_58" , "weight": 5 , "y": 180  },
				{ "model": "custom/paintings/button_paintings/painting_59" , "weight": 5 , "y": 180  },
				{ "model": "custom/paintings/button_paintings/painting_60" , "weight": 5 , "y": 180  },
				{ "model": "custom/paintings/button_paintings/painting_61" , "weight": 5 , "y": 180  },
				{ "model": "custom/paintings/button_paintings/painting_62" , "weight": 5 , "y": 180  },
				{ "model": "custom/paintings/button_paintings/painting_63" , "weight": 5 , "y": 180  },
				{ "model": "custom/paintings/button_paintings/painting_64" , "weight": 5 , "y": 180  },
				{ "model": "custom/paintings/button_paintings/painting_65" , "weight": 5 , "y": 180  },
				{ "model": "custom/paintings/button_paintings/painting_66" , "weight": 5 , "y": 180  },
				{ "model": "custom/paintings/button_paintings/painting_67" , "weight": 5 , "y": 180  },
				{ "model": "custom/paintings/button_paintings/painting_68" , "weight": 5 , "y": 180  },
				{ "model": "custom/paintings/button_paintings/painting_69" , "weight": 5 , "y": 180  },
				{ "model": "custom/paintings/button_paintings/painting_70" , "weight": 5 , "y": 180  },
				{ "model": "custom/paintings/button_paintings/painting_71" , "weight": 5 , "y": 180  },
				{ "model": "custom/paintings/button_paintings/painting_72" , "weight": 5 , "y": 180  },
				{ "model": "custom/paintings/button_paintings/painting_73" , "weight": 5 , "y": 180  },
				{ "model": "custom/paintings/button_paintings/painting_74" , "weight": 5 , "y": 180  },
				{ "model": "custom/paintings/button_paintings/painting_75" , "weight": 5 , "y": 180  },
				{ "model": "custom/paintings/button_paintings/painting_76" , "weight": 5 , "y": 180  },
				{ "model": "custom/paintings/button_paintings/painting_77" , "weight": 5 , "y": 180  },
				{ "model": "custom/paintings/button_paintings/painting_78" , "weight": 5 , "y": 180  },
				{ "model": "custom/paintings/button_paintings/painting_79" , "weight": 5 , "y": 180  },
				{ "model": "custom/paintings/button_paintings/painting_80" , "weight": 5 , "y": 180  },
				{ "model": "custom/paintings/button_paintings/painting_81" , "weight": 5 , "y": 180  },
				{ "model": "custom/paintings/button_paintings/painting_82" , "weight": 5 , "y": 180  },
				{ "model": "custom/paintings/button_paintings/painting_83" , "weight": 5 , "y": 180  },
				{ "model": "custom/paintings/button_paintings/painting_84" , "weight": 5 , "y": 180  },
				{ "model": "custom/paintings/button_paintings/painting_85" , "weight": 5 , "y": 180  },
				{ "model": "custom/paintings/button_paintings/painting_86" , "weight": 5 , "y": 180  }],
		
		
		
		"face=wall,facing=north,powered=true": [
				{ "model": "custom/paintings/button_paintings/painting_1" , "weight": 5  },
				{ "model": "custom/paintings/button_paintings/painting_2" , "weight": 5  },
				{ "model": "custom/paintings/button_paintings/painting_3" , "weight": 5  },
				{ "model": "custom/paintings/button_paintings/painting_4" , "weight": 5  },
				{ "model": "custom/paintings/button_paintings/painting_5" , "weight": 5  },
				{ "model": "custom/paintings/button_paintings/painting_6" , "weight": 5  },
				{ "model": "custom/paintings/button_paintings/painting_7" , "weight": 5  },
				{ "model": "custom/paintings/button_paintings/painting_8" , "weight": 5  },
				{ "model": "custom/paintings/button_paintings/painting_9" , "weight": 5  },
				{ "model": "custom/paintings/button_paintings/painting_10" , "weight": 5  },
				{ "model": "custom/paintings/button_paintings/painting_11" , "weight": 5  },
				{ "model": "custom/paintings/button_paintings/painting_12" , "weight": 5  },
				{ "model": "custom/paintings/button_paintings/painting_13" , "weight": 5  },
				{ "model": "custom/paintings/button_paintings/painting_14" , "weight": 5  },
				{ "model": "custom/paintings/button_paintings/painting_15" , "weight": 5  },
				{ "model": "custom/paintings/button_paintings/painting_16" , "weight": 5  },
				{ "model": "custom/paintings/button_paintings/painting_17" , "weight": 5  },
				{ "model": "custom/paintings/button_paintings/painting_18" , "weight": 5  },
				{ "model": "custom/paintings/button_paintings/painting_19" , "weight": 5  },
				{ "model": "custom/paintings/button_paintings/painting_20" , "weight": 5  },
				{ "model": "custom/paintings/button_paintings/painting_21" , "weight": 5  },
				{ "model": "custom/paintings/button_paintings/painting_22" , "weight": 5  },
				{ "model": "custom/paintings/button_paintings/painting_23" , "weight": 5  },
				{ "model": "custom/paintings/button_paintings/painting_24" , "weight": 5  },
				{ "model": "custom/paintings/button_paintings/painting_25" , "weight": 5  },
				{ "model": "custom/paintings/button_paintings/painting_26" , "weight": 5  },
				{ "model": "custom/paintings/button_paintings/painting_27" , "weight": 5  },
				{ "model": "custom/paintings/button_paintings/painting_28" , "weight": 5  },
				{ "model": "custom/paintings/button_paintings/painting_29" , "weight": 5  },
				{ "model": "custom/paintings/button_paintings/painting_30" , "weight": 5  },
				{ "model": "custom/paintings/button_paintings/painting_31" , "weight": 5  },
				{ "model": "custom/paintings/button_paintings/painting_32" , "weight": 5  },
				{ "model": "custom/paintings/button_paintings/painting_33" , "weight": 5  },
				{ "model": "custom/paintings/button_paintings/painting_34" , "weight": 5  },
				{ "model": "custom/paintings/button_paintings/painting_35" , "weight": 5  },
				{ "model": "custom/paintings/button_paintings/painting_36" , "weight": 5  },
				{ "model": "custom/paintings/button_paintings/painting_37" , "weight": 5  },
				{ "model": "custom/paintings/button_paintings/painting_38" , "weight": 5  },
				{ "model": "custom/paintings/button_paintings/painting_39" , "weight": 5  },
				{ "model": "custom/paintings/button_paintings/painting_40" , "weight": 5  },
				{ "model": "custom/paintings/button_paintings/painting_41" , "weight": 5  },
				{ "model": "custom/paintings/button_paintings/painting_42" , "weight": 5  },
				{ "model": "custom/paintings/button_paintings/painting_43" , "weight": 5  },
				{ "model": "custom/paintings/button_paintings/painting_44" , "weight": 5  },
				{ "model": "custom/paintings/button_paintings/painting_45" , "weight": 5  },
				{ "model": "custom/paintings/button_paintings/painting_46" , "weight": 5  },
				{ "model": "custom/paintings/button_paintings/painting_47" , "weight": 5  },
				{ "model": "custom/paintings/button_paintings/painting_48" , "weight": 5  },
				{ "model": "custom/paintings/button_paintings/painting_49" , "weight": 5  },
				{ "model": "custom/paintings/button_paintings/painting_50" , "weight": 5  },
				{ "model": "custom/paintings/button_paintings/painting_51" , "weight": 5  },
				{ "model": "custom/paintings/button_paintings/painting_52" , "weight": 5  },
				{ "model": "custom/paintings/button_paintings/painting_53" , "weight": 5  },
				{ "model": "custom/paintings/button_paintings/painting_54" , "weight": 5  },
				{ "model": "custom/paintings/button_paintings/painting_55" , "weight": 5  },
				{ "model": "custom/paintings/button_paintings/painting_56" , "weight": 5  },
				{ "model": "custom/paintings/button_paintings/painting_56" , "weight": 5  },
				{ "model": "custom/paintings/button_paintings/painting_57" , "weight": 5  },
				{ "model": "custom/paintings/button_paintings/painting_58" , "weight": 5  },
				{ "model": "custom/paintings/button_paintings/painting_59" , "weight": 5  },
				{ "model": "custom/paintings/button_paintings/painting_60" , "weight": 5  },
				{ "model": "custom/paintings/button_paintings/painting_61" , "weight": 5  },
				{ "model": "custom/paintings/button_paintings/painting_62" , "weight": 5  },
				{ "model": "custom/paintings/button_paintings/painting_63" , "weight": 5  },
				{ "model": "custom/paintings/button_paintings/painting_64" , "weight": 5  },
				{ "model": "custom/paintings/button_paintings/painting_65" , "weight": 5  },
				{ "model": "custom/paintings/button_paintings/painting_66" , "weight": 5  },
				{ "model": "custom/paintings/button_paintings/painting_67" , "weight": 5  },
				{ "model": "custom/paintings/button_paintings/painting_68" , "weight": 5  },
				{ "model": "custom/paintings/button_paintings/painting_69" , "weight": 5  },
				{ "model": "custom/paintings/button_paintings/painting_70" , "weight": 5  },
				{ "model": "custom/paintings/button_paintings/painting_71" , "weight": 5  },
				{ "model": "custom/paintings/button_paintings/painting_72" , "weight": 5  },
				{ "model": "custom/paintings/button_paintings/painting_73" , "weight": 5  },
				{ "model": "custom/paintings/button_paintings/painting_74" , "weight": 5  },
				{ "model": "custom/paintings/button_paintings/painting_75" , "weight": 5  },
				{ "model": "custom/paintings/button_paintings/painting_76" , "weight": 5  },
				{ "model": "custom/paintings/button_paintings/painting_77" , "weight": 5  },
				{ "model": "custom/paintings/button_paintings/painting_78" , "weight": 5  },
				{ "model": "custom/paintings/button_paintings/painting_79" , "weight": 5  },
				{ "model": "custom/paintings/button_paintings/painting_80" , "weight": 5  },
				{ "model": "custom/paintings/button_paintings/painting_81" , "weight": 5  },
				{ "model": "custom/paintings/button_paintings/painting_82" , "weight": 5  },
				{ "model": "custom/paintings/button_paintings/painting_83" , "weight": 5  },
				{ "model": "custom/paintings/button_paintings/painting_84" , "weight": 5  },
				{ "model": "custom/paintings/button_paintings/painting_85" , "weight": 5  },
				{ "model": "custom/paintings/button_paintings/painting_86" , "weight": 5  }],
        
		
		
		
		"face=ceiling,facing=east,powered=true":  [{ "model": "custom/beds/low_bed", "y": 90 }],
        "face=ceiling,facing=west,powered=true":  [{ "model": "custom/beds/low_bed", "y": 270 }],
        "face=ceiling,facing=south,powered=true": [{ "model": "custom/beds/low_bed", "y": 180 }],
        "face=ceiling,facing=north,powered=true": [{ "model": "custom/beds/low_bed"}]
    }
}
