{
    "multipart": [
        {   "apply": { "model": "block/fence/dark_oak_post" }},
        {   "when": { "north": "true" },
            "apply": { "model": "block/fence/dark_oak_side" }
        },
        {   "when": { "east": "true" },
            "apply": { "model": "block/fence/dark_oak_side", "y": 90}
        },
        {   "when": { "south": "true" },
            "apply": { "model": "block/fence/dark_oak_side", "y": 180}
        },
        {   "when": { "west": "true" },
            "apply": { "model": "block/fence/dark_oak_side", "y": 270}
        }
    ]
}
