{
    "variants": {
        "": [
			{ "model": "block/road/road1" },{ "model": "block/road/road1", "y": 90 },{ "model": "block/road/road1", "y": 180 },{ "model": "block/road/road1", "y": 270 },
			{ "model": "block/road/road2" },{ "model": "block/road/road2", "y": 90 },{ "model": "block/road/road2", "y": 180 },{ "model": "block/road/road2", "y": 270 },
			{ "model": "block/road/road3" },{ "model": "block/road/road3", "y": 90 },{ "model": "block/road/road3", "y": 180 },{ "model": "block/road/road3", "y": 270 },
			{ "model": "block/road/road4" },{ "model": "block/road/road4", "y": 90 },{ "model": "block/road/road4", "y": 180 },{ "model": "block/road/road4", "y": 270 },
			{ "model": "block/road/road5" },{ "model": "block/road/road5", "y": 90 },{ "model": "block/road/road5", "y": 180 },{ "model": "block/road/road5", "y": 270 },
			{ "model": "block/road/road6" },{ "model": "block/road/road6", "y": 90 },{ "model": "block/road/road6", "y": 180 },{ "model": "block/road/road6", "y": 270 }
		]
    }
}
