{
    "variants": {
        "facing=east": [
        { "model": "block/firewood/firewood1", "y": 90 },
        { "model": "block/firewood/firewood1", "y": 90 , "z": 90},
        { "model": "block/firewood/firewood1", "y": 90 , "z": 180},
        { "model": "block/firewood/firewood1", "y": 90 , "z": 270}
    ],
        
        "facing=south": [ 
        { "model": "block/firewood/firewood1", "y": 180 },
        { "model": "block/firewood/firewood1", "y": 180 , "z": 90},
        { "model": "block/firewood/firewood1", "y": 180 , "z": 180},
        { "model": "block/firewood/firewood1", "y": 180 , "z": 270}
    ],

        "facing=west": [ 
        { "model": "block/firewood/firewood1", "y": 270 },
        { "model": "block/firewood/firewood1", "y": 270 , "z": 90},
        { "model": "block/firewood/firewood1", "y": 270 , "z": 180},
        { "model": "block/firewood/firewood1", "y": 270 , "z": 270}
    ],
        "facing=north": [
        { "model": "block/firewood/firewood1", "y": 0 },
        { "model": "block/firewood/firewood1", "y": 0 , "z": 90},
        { "model": "block/firewood/firewood1", "y": 0 , "z": 180},
        { "model": "block/firewood/firewood1", "y": 0 , "z": 270}
        
        ]
    }
}
