{
    "variants": {
        "": [{ "model": "custom/ground_rope_1", "y": 270 },{ "model": "custom/ground_rope_1", "y": 180 },{ "model": "custom/ground_rope_1", "y": 90 },{ "model": "custom/ground_rope_1" },{ "model": "custom/ground_rope_2", "y": 270 },{ "model": "custom/ground_rope_2", "y": 180 },{ "model": "custom/ground_rope_2", "y": 90 },{ "model": "custom/ground_rope_2" },{ "model": "custom/ground_rope_3", "y": 270 },{ "model": "custom/ground_rope_3", "y": 180 },{ "model": "custom/ground_rope_3", "y": 90 },{ "model": "custom/ground_rope_3" }]
    }
}
