﻿{
		"variants":{
			"":[
			
            { "model": "custom/vegetation/autumn_bush" , "weight": 20 },
            { "model": "custom/vegetation/autumn_bush",  "y": 90 , "weight": 20},
            { "model": "custom/vegetation/autumn_bush", "y": 180 , "weight": 20 },
            { "model": "custom/vegetation/autumn_bush", "y": 270 , "weight": 20 },
		
			{ "model": "custom/vegetation/autumn_bush_2" , "weight": 20 },
            { "model": "custom/vegetation/autumn_bush_2", "y": 90 , "weight": 20 },
            { "model": "custom/vegetation/autumn_bush_2", "y": 180 , "weight": 20 },
            { "model": "custom/vegetation/autumn_bush_2", "y": 270 , "weight": 20 },
			
			{ "model": "custom/vegetation/autumn_bush_3" , "weight": 20 },
            { "model": "custom/vegetation/autumn_bush_3", "y": 90 , "weight": 20 },
            { "model": "custom/vegetation/autumn_bush_3", "y": 180 , "weight": 20 },
            { "model": "custom/vegetation/autumn_bush_3", "y": 270 , "weight": 20 }
			
	
        ]
    }
}