﻿{
    "variants": {
        "": [
			{ "model": "custom/newspapers/newspapers" }, 
			{ "model": "custom/newspapers/newspapers","y": 90},
			{ "model": "custom/newspapers/newspapers","y": 180}, 
			{ "model": "custom/newspapers/newspapers","y": 270},
			{ "model": "custom/newspapers/newspapers2" }, 
			{ "model": "custom/newspapers/newspapers2","y": 90}, 
			{ "model": "custom/newspapers/newspapers2","y": 180}, 
			{ "model": "custom/newspapers/newspapers2","y": 270}
		]
    }
}

