{
    "variants": {
        "facing=down":  { "model": "block/dropper_vertical", "x": 180 },
        "facing=up":    { "model": "block/dropper_vertical" },
        "facing=north": [{ "model": "custom/wand_shelf/wandboxcase" },{ "model": "custom/wand_shelf/wandboxcase2" },{ "model": "custom/wand_shelf/wandboxcase3" }],
        "facing=south": [{ "model": "custom/wand_shelf/wandboxcase", "y": 180 },{ "model": "custom/wand_shelf/wandboxcase2", "y": 180 },{ "model": "custom/wand_shelf/wandboxcase3", "y": 180 }],
        "facing=west":  [{ "model": "custom/wand_shelf/wandboxcase", "y": 270 },{ "model": "custom/wand_shelf/wandboxcase2", "y": 270 },{ "model": "custom/wand_shelf/wandboxcase3", "y": 270 }],
        "facing=east":  [{ "model": "custom/wand_shelf/wandboxcase", "y": 90 },{ "model": "custom/wand_shelf/wandboxcase2", "y": 90 },{ "model": "custom/wand_shelf/wandboxcase3", "y": 90 }]
    }
}
