{
    "variants": {
		"power=0": { "model": "block/heavy_weighted_pressure_plate_down" },
        "power=1": { "model": "custom/banner/banner1" },
        "power=2": { "model": "custom/banner/banner1", "y": 90 },
        "power=3": { "model": "custom/banner/banner1", "y": 180 },
        "power=4": { "model": "custom/banner/banner1", "y": 270 },
        "power=5": { "model": "custom/banner/banner2" },
        "power=6": { "model": "custom/banner/banner2", "y": 90 },
        "power=7": { "model": "custom/banner/banner2", "y": 180 },
        "power=8": { "model": "custom/banner/banner2", "y": 270 },
        "power=9": { "model": "custom/banner/banner3" },
        "power=10": { "model": "custom/banner/banner3", "y": 90 },
        "power=11": { "model": "custom/banner/banner3", "y": 180 },
        "power=12": { "model": "custom/banner/banner3", "y": 270 },
        "power=13": { "model": "custom/banner/banner4" },
        "power=14": { "model": "custom/banner/banner4", "y": 90 },
        "power=15": { "model": "custom/banner/banner4", "y": 180 }
    }
}
