{
    "variants": {
        "facing=north,half=bottom,open=false": { "model": "block/iron_trapdoor_bottom" },
        "facing=south,half=bottom,open=false": { "model": "block/iron_trapdoor_bottom" },
        "facing=east,half=bottom,open=false": { "model": "block/iron_trapdoor_bottom" },
        "facing=west,half=bottom,open=false": { "model": "block/iron_trapdoor_bottom" },
        "facing=north,half=top,open=false": { "model": "block/iron_trapdoor_top", "uvlock": true },
        "facing=south,half=top,open=false": { "model": "block/iron_trapdoor_top", "uvlock": true },
        "facing=east,half=top,open=false": { "model": "block/iron_trapdoor_top", "uvlock": true },
        "facing=west,half=top,open=false": { "model": "block/iron_trapdoor_top", "uvlock": true },
        "facing=north,half=bottom,open=true": { "model": "custom/railing/thin_railing" },
        "facing=south,half=bottom,open=true": { "model": "custom/railing/thin_railing", "y": 180 },
        "facing=east,half=bottom,open=true": { "model": "custom/railing/thin_railing", "y": 90 },
        "facing=west,half=bottom,open=true": { "model": "custom/railing/thin_railing", "y": 270 },
        "facing=north,half=top,open=true": { "model": "block/iron_trapdoor_open" },
        "facing=south,half=top,open=true": { "model": "block/iron_trapdoor_open", "y": 180 },
        "facing=east,half=top,open=true": { "model": "block/iron_trapdoor_open", "y": 90 },
        "facing=west,half=top,open=true": { "model": "block/iron_trapdoor_open", "y": 270 }
    }
}
