{
    "variants": {
        "east=false,north=false,south=false,west=false": { "model": "custom/iron_fence/pillar" },
		"east=false,north=false,south=false,west=true": { "model": "custom/iron_fence/stop", "y": 270 },
		"east=false,north=false,south=true,west=false": { "model": "custom/iron_fence/stop", "y": 180 },
		"east=false,north=false,south=true,west=true": { "model": "custom/iron_fence/corner3", "y": 180 },
		"east=false,north=true,south=false,west=false": { "model": "custom/iron_fence/stop" },
		"east=false,north=true,south=false,west=true": { "model": "custom/iron_fence/corner1" },
		"east=false,north=true,south=true,west=false": { "model": "custom/iron_fence/side" },
		"east=false,north=true,south=true,west=true": { "model": "custom/iron_fence/t1", "y": 90 },
		"east=true,north=false,south=false,west=false": { "model": "custom/iron_fence/stop", "y": 90 },
		"east=true,north=false,south=false,west=true": { "model": "custom/iron_fence/side", "y": 270 },
		"east=true,north=false,south=true,west=false": { "model": "custom/iron_fence/corner4", "y": 90 },
		"east=true,north=false,south=true,west=true": { "model": "custom/iron_fence/t1" },
		"east=true,north=true,south=false,west=false": { "model": "custom/iron_fence/corner2" },
		"east=true,north=true,south=false,west=true": { "model": "custom/iron_fence/t1", "y": 180 },
		"east=true,north=true,south=true,west=false": { "model": "custom/iron_fence/t2", "y": 90 },
		"east=true,north=true,south=true,west=true": { "model": "custom/iron_fence/cross" }
    }
}
