{
    "variants": {
        "": [
            { "model": "block/leaves/jungle_leaves/jungle_leaves1" },
            { "model": "block/leaves/jungle_leaves/jungle_leaves1", "y": 90  },
            { "model": "block/leaves/jungle_leaves/jungle_leaves1", "y": 180  },
            { "model": "block/leaves/jungle_leaves/jungle_leaves1", "y": 270  },
            { "model": "block/leaves/jungle_leaves/jungle_leaves2" },
            { "model": "block/leaves/jungle_leaves/jungle_leaves2", "y": 90  },
            { "model": "block/leaves/jungle_leaves/jungle_leaves2", "y": 180  },
            { "model": "block/leaves/jungle_leaves/jungle_leaves2", "y": 270  },
            { "model": "block/leaves/jungle_leaves/jungle_leaves3" },
            { "model": "block/leaves/jungle_leaves/jungle_leaves3", "y": 90  },
            { "model": "block/leaves/jungle_leaves/jungle_leaves3", "y": 180  },
            { "model": "block/leaves/jungle_leaves/jungle_leaves3", "y": 270  },
            { "model": "block/leaves/jungle_leaves/jungle_leaves4" },
            { "model": "block/leaves/jungle_leaves/jungle_leaves4", "y": 90  },
            { "model": "block/leaves/jungle_leaves/jungle_leaves4", "y": 180  },
            { "model": "block/leaves/jungle_leaves/jungle_leaves4", "y": 270  },
            { "model": "block/leaves/jungle_leaves/jungle_leaves5" },
            { "model": "block/leaves/jungle_leaves/jungle_leaves5", "y": 90  },
            { "model": "block/leaves/jungle_leaves/jungle_leaves5", "y": 180  },
            { "model": "block/leaves/jungle_leaves/jungle_leaves5", "y": 270  }
        ]
    }
}
