{
    "multipart": [
        {   "apply": { "model": "block/fence/sandstone_post" }
		},
        {   "when": { "north": "true" },
            "apply": { "model": "block/fence/sandstone_side" }
        },
        {   "when": { "east": "true" },
            "apply": { "model": "block/fence/sandstone_side", "y": 90}
        },
        {   "when": { "south": "true" },
            "apply": { "model": "block/fence/sandstone_side", "y": 180}
        },
        {   "when": { "west": "true" },
            "apply": { "model": "block/fence/sandstone_side", "y": 270}
        }
    ]
}
