{
    "variants": {
        "face=wall,facing=north,powered=false": { "model": "custom/rainwaterpipe3x", "y": 270 },
        "face=wall,facing=east,powered=false":  { "model": "custom/rainwaterpipe3x"},
        "face=wall,facing=south,powered=false": { "model": "custom/rainwaterpipe3x", "y": 90 },
        "face=wall,facing=west,powered=false":  { "model": "custom/rainwaterpipe3x", "y": 180 },
        "face=floor,facing=north,powered=false": { "model": "custom/rainwaterpipe_end", "y": 90 },
        "face=floor,facing=east,powered=false":  { "model": "custom/rainwaterpipe_end", "y": 180 },
        "face=floor,facing=south,powered=false": { "model": "custom/rainwaterpipe_end", "y": 270 },
        "face=floor,facing=west,powered=false":  { "model": "custom/rainwaterpipe_end"},
        "face=wall,facing=north,powered=true": { "model": "custom/rainwaterpipe3x", "y": 270 },
        "face=wall,facing=east,powered=true":  { "model": "custom/rainwaterpipe3x"},
        "face=wall,facing=south,powered=true": { "model": "custom/rainwaterpipe3x", "y": 90  },
        "face=wall,facing=west,powered=true":  { "model": "custom/rainwaterpipe3x", "y": 180 },
        "face=floor,facing=north,powered=true": { "model": "custom/rainwaterpipe_end", "y": 90  },
        "face=floor,facing=east,powered=true":  { "model": "custom/rainwaterpipe_end", "y": 180 },
        "face=floor,facing=south,powered=true": { "model": "custom/rainwaterpipe_end", "y": 270 },
        "face=floor,facing=west,powered=true":  { "model": "custom/rainwaterpipe_end"},
        "face=ceiling,facing=north,powered=true": { "model": "custom/rainwaterpipe_t", "y": 90  },
        "face=ceiling,facing=east,powered=true":  { "model": "custom/rainwaterpipe_t", "y": 180 },
        "face=ceiling,facing=south,powered=true": { "model": "custom/rainwaterpipe_t", "y": 270 },
        "face=ceiling,facing=west,powered=true":  { "model": "custom/rainwaterpipe_t"},
        "face=ceiling,facing=north,powered=false": { "model": "custom/rainwaterpipe_t", "y": 90  },
        "face=ceiling,facing=east,powered=false":  { "model": "custom/rainwaterpipe_t", "y": 180 },
        "face=ceiling,facing=south,powered=false": { "model": "custom/rainwaterpipe_t", "y": 270 },
        "face=ceiling,facing=west,powered=false":  { "model": "custom/rainwaterpipe_t"}

    }
}
