{
    "variants": {
				"facing=south,in_wall=false,open=false,powered=false": { "model": "custom/signs/hogsmeade/hogsmeade_hanging_sign", "y": 90 },
				"facing=west,in_wall=false,open=false,powered=false":  { "model": "custom/signs/hogsmeade/zonkos" },
				"facing=north,in_wall=false,open=false,powered=false": { "model": "custom/signs/hogsmeade/joke_shop" },
				"facing=east,in_wall=false,open=false,powered=false":  { "model": "custom/signs/hogsmeade/honeydukes_1" },
				"facing=south,in_wall=false,open=true,powered=false": { "model": "custom/signs/hogsmeade/honeydukes_2" },
				"facing=west,in_wall=false,open=true,powered=false":  { "model": "custom/signs/hogsmeade/honeydukes_3" },
				"facing=north,in_wall=false,open=true,powered=false":  { "model": "custom/signs/hogsmeade/honeydukes_1", "y": 270  },
				"facing=east,in_wall=false,open=true,powered=false":  { "model": "custom/signs/hogsmeade/honeydukes_2", "y": 270  },
        "facing=south,in_wall=true,open=false,powered=false": { "model": "custom/signs/hogsmeade/honeydukes_3","y": 270 },
        "facing=west,in_wall=true,open=false,powered=false":  { "model": "custom/signs/hogsmeade/puddifoots_1","y": 180  },
        "facing=north,in_wall=true,open=false,powered=false": { "model": "custom/signs/hogsmeade/puddifoots_2","y": 180  },
        "facing=east,in_wall=true,open=false,powered=false":  { "model": "custom/signs/hogsmeade/hats","y": 180  },
        "facing=south,in_wall=true,open=true,powered=false": { "model": "custom/signs/hogsmeade/hats","y": 180  },
        "facing=west,in_wall=true,open=true,powered=false":  { "model": "custom/signs/hogsmeade/spinwitches_and_sporting_needs", "y": 180 },
        "facing=north,in_wall=true,open=true,powered=false": { "model": "custom/signs/hogsmeade/pippins_potions", "y": 180 },
        "facing=east,in_wall=true,open=true,powered=false":  { "model": "custom/signs/hogsmeade/quill_shop", "y": 180 },
		"facing=south,in_wall=false,open=false,powered=true": { "model": "custom/signs/hogsmeade/dervish_and_banges" },
        "facing=west,in_wall=false,open=false,powered=true":  { "model": "custom/signs/hogsmeade/ernest_potts" },
        "facing=north,in_wall=false,open=false,powered=true": { "model": "custom/signs/hogsmeade/musical_shop" },
        "facing=east,in_wall=false,open=false,powered=true":  { "model": "custom/signs/hogsmeade/tomes_and_scrolls" },
        "facing=south,in_wall=false,open=true,powered=true": { "model":  "custom/signs/hogsmeade/gladrags_wizardwear" },
        "facing=west,in_wall=false,open=true,powered=true":  { "model": "custom/signs/hogsmeade/owl_post", "y": 270  },
        "facing=north,in_wall=false,open=true,powered=true":  { "model": "custom/signs/hogsmeade/post_office", "y": 180  },
        "facing=east,in_wall=false,open=true,powered=true":  { "model": "custom/signs/globus_mundi", "y":90 },
        "facing=south,in_wall=true,open=false,powered=true": { "model": "custom/signs/2nd_hand_books_1", "y":90 },
        "facing=west,in_wall=true,open=false,powered=true":  { "model": "custom/signs/2nd_hand_books_2", "y":90 },
        "facing=north,in_wall=true,open=false,powered=true": { "model": "custom/signs/2nd_hand_books_3", "y":90 },
        "facing=east,in_wall=true,open=false,powered=true":  { "model": "custom/signs/spell_books", "y":90 },
        "facing=south,in_wall=true,open=true,powered=true": { "model": "custom/signs/hogsmeade/dogweed_and_deathcap", "y": 270  },
        "facing=west,in_wall=true,open=true,powered=true":  { "model": "custom/signs/hogsmeade/dogweed_and_deathcap_2" },
        "facing=north,in_wall=true,open=true,powered=true": { "model": "custom/signs/hogsmeade/three_broomsticks"},
        "facing=east,in_wall=true,open=true,powered=true":  { "model": "custom/signs/hogsmeade/hogs_head", "y": 270  }
    }
}
