﻿{
		"variants":{
			"":[
	{ "model": "block/item_frame", "y": 90 , "weight": 1 },
	{ "model": "block/item_frame", "y": 90 , "weight": 1 },
	{ "model": "block/item_frame", "y": 90 , "weight": 1 },
	{ "model": "block/item_frame", "y": 90 , "weight": 1 },
	{ "model": "block/item_frame", "y": 90 , "weight": 1 },
	{ "model": "custom/bus/bigger_version/win11b", "y": 90 , "weight": 1 },
	{ "model": "block/item_frame", "y": 90 , "weight": 1 },
	{ "model": "block/item_frame", "y": 90 , "weight": 1 },
	{ "model": "block/item_frame", "y": 90 , "weight": 1 },
	{ "model": "block/item_frame", "y": 90 , "weight": 1 },
	{ "model": "block/item_frame", "y": 90 , "weight": 1 },
	{ "model": "custom/bus/bigger_version/win13b", "y": 90 , "weight": 1 },
	{ "model": "block/item_frame", "y": 90 , "weight": 1 },
	{ "model": "custom/bus/bigger_version/win10", "y": 90 , "weight": 1 },
	{ "model": "block/item_frame", "y": 90 , "weight": 1 },
	{ "model": "block/item_frame", "y": 90 , "weight": 1 },
	{ "model": "custom/bus/bigger_version/win2", "y": 90 , "weight": 1 },
	{ "model": "block/item_frame", "y": 90 , "weight": 1 },
	{ "model": "block/item_frame", "y": 90 , "weight": 1 },
	{ "model": "custom/bus/bigger_version/win1", "y": 90 , "weight": 1 },
	{ "model": "block/item_frame", "y": 90 , "weight": 1 },
	{ "model": "block/item_frame", "y": 90 , "weight": 1 },
	{ "model": "block/item_frame", "y": 90 , "weight": 1 },
	{ "model": "custom/bus/bigger_version/win12b", "y": 90 , "weight": 1 },
	{ "model": "block/item_frame", "y": 90 , "weight": 1 },
	{ "model": "block/item_frame", "y": 90 , "weight": 1 },
	{ "model": "block/item_frame", "y": 90 , "weight": 1 },
	{ "model": "block/item_frame", "y": 90 , "weight": 1 },
	{ "model": "block/item_frame", "y": 90 , "weight": 1 },
	{ "model": "custom/bus/bigger_version/win3", "y": 90 , "weight": 1 },
	{ "model": "block/item_frame", "y": 90 , "weight": 1 },
	{ "model": "block/item_frame", "y": 90 , "weight": 1 },
	{ "model": "block/item_frame", "y": 90 , "weight": 1 },
	{ "model": "block/item_frame", "y": 90 , "weight": 1 },
	{ "model": "block/item_frame", "y": 90 , "weight": 1 },
	{ "model": "block/item_frame", "y": 90 , "weight": 1 },
	{ "model": "custom/bus/bigger_version/win14b", "y": 90 , "weight": 1 },
	{ "model": "custom/bus/bigger_version/win10b", "y": 90 , "weight": 1 },
	{ "model": "custom/bus/bigger_version/win4", "y": 90 , "weight": 1 },
	{ "model": "custom/bus/bigger_version/win12", "y": 90 , "weight": 1 },
	{ "model": "custom/bus/bigger_version/win6", "y": 90 , "weight": 1 },
	{ "model": "block/item_frame", "y": 90 , "weight": 1 },
	{ "model": "custom/bus/bigger_version/win9", "y": 90 , "weight": 1 },
	{ "model": "custom/bus/bigger_version/win16", "y": 90 , "weight": 1 },
	{ "model": "block/item_frame", "y": 90 , "weight": 1 },
	{ "model": "block/item_frame", "y": 90 , "weight": 1 },
	{ "model": "block/item_frame", "y": 90 , "weight": 1 },
	{ "model": "custom/bus/bigger_version/win16b", "y": 90 , "weight": 1 },
	{ "model": "block/item_frame", "y": 90 , "weight": 1 },
	{ "model": "block/item_frame", "y": 90 , "weight": 1 },
	{ "model": "custom/bus/bigger_version/win14", "y": 90 , "weight": 1 },
	{ "model": "block/item_frame", "y": 90 , "weight": 1 },
	{ "model": "block/item_frame", "y": 90 , "weight": 1 },
	{ "model": "block/item_frame", "y": 90 , "weight": 1 },
	{ "model": "block/item_frame", "y": 90 , "weight": 1 },
	{ "model": "block/item_frame", "y": 90 , "weight": 1 },
	{ "model": "block/item_frame", "y": 90 , "weight": 1 },
	{ "model": "block/item_frame", "y": 90 , "weight": 1 },
	{ "model": "block/item_frame", "y": 90 , "weight": 1 },
	{ "model": "custom/bus/bigger_version/win8", "y": 90 , "weight": 1 },
	{ "model": "block/item_frame", "y": 90 , "weight": 1 },
	{ "model": "block/item_frame", "y": 90 , "weight": 1 },
	{ "model": "block/item_frame", "y": 90 , "weight": 1 },
	{ "model": "block/item_frame", "y": 90 , "weight": 1 },
	{ "model": "block/item_frame", "y": 90 , "weight": 1 },
	{ "model": "block/item_frame", "y": 90 , "weight": 1 },
	{ "model": "block/item_frame", "y": 90 , "weight": 1 },
	{ "model": "custom/bus/bigger_version/win15", "y": 90 , "weight": 1 },
	{ "model": "block/item_frame", "y": 90 , "weight": 1 },
	{ "model": "block/item_frame", "y": 90 , "weight": 1 },
	{ "model": "block/item_frame", "y": 90 , "weight": 1 },
	{ "model": "block/item_frame", "y": 90 , "weight": 1 },
	{ "model": "block/item_frame", "y": 90 , "weight": 1 },
	{ "model": "block/item_frame", "y": 90 , "weight": 1 },
	{ "model": "block/item_frame", "y": 90 , "weight": 1 },
	{ "model": "block/item_frame", "y": 90 , "weight": 1 },
	{ "model": "block/item_frame", "y": 90 , "weight": 1 },
	{ "model": "block/item_frame", "y": 90 , "weight": 1 },
	{ "model": "block/item_frame", "y": 90 , "weight": 1 },
	{ "model": "block/item_frame", "y": 90 , "weight": 1 },
	{ "model": "custom/bus/bigger_version/win15b", "y": 90 , "weight": 1 },
	{ "model": "block/item_frame", "y": 90 , "weight": 1 },
	{ "model": "block/item_frame", "y": 90 , "weight": 1 },
	{ "model": "block/item_frame", "y": 90 , "weight": 1 },
	{ "model": "block/item_frame", "y": 90 , "weight": 1 },
	{ "model": "block/item_frame", "y": 90 , "weight": 1 },
	{ "model": "block/item_frame", "y": 90 , "weight": 1 },
	{ "model": "custom/bus/bigger_version/win9b", "y": 90 , "weight": 1 },
	{ "model": "block/item_frame", "y": 90 , "weight": 1 },
	{ "model": "custom/bus/bigger_version/win7", "y": 90 , "weight": 1 },
	{ "model": "block/item_frame", "y": 90 , "weight": 1 },
	{ "model": "block/item_frame", "y": 90 , "weight": 1 },
	{ "model": "block/item_frame", "y": 90 , "weight": 1 },
	{ "model": "block/item_frame", "y": 90 , "weight": 1 },
	{ "model": "block/item_frame", "y": 90 , "weight": 1 },
	{ "model": "custom/bus/bigger_version/win13", "y": 90 , "weight": 1 },
	{ "model": "block/item_frame", "y": 90 , "weight": 1 },
	{ "model": "custom/bus/bigger_version/win11", "y": 90 , "weight": 1 },
	{ "model": "block/item_frame", "y": 90 , "weight": 1 },
	{ "model": "block/item_frame", "y": 90 , "weight": 1 }]

    }
}
