{
    "variants": 
	{
        "east=true,north=true,south=true,west=true": { "model": "custom/chain" },
		"east=false,north=false,south=false,west=false": { "model": "custom/chain" },
		"east=true,north=false,south=false,west=false": { "model": "custom/chain" },
		"east=false,north=true,south=false,west=false": { "model": "custom/chain" },
		"east=false,north=false,south=true,west=false": { "model": "custom/chain" },
		"east=false,north=false,south=false,west=true": { "model": "custom/chain" },
		"east=false,north=true,south=true,west=true": { "model": "custom/chain" },
		"east=true,north=false,south=true,west=true": { "model": "custom/chain" },
		"east=true,north=true,south=false,west=true": { "model": "custom/chain" },
		"east=true,north=true,south=true,west=false": { "model": "custom/chain" },
		"east=false,north=true,south=true,west=false": { "model": "custom/chain" },
		"east=true,north=false,south=false,west=true": { "model": "custom/chain" },
		"east=false,north=true,south=false,west=true": { "model": "custom/chain" },
		"east=true,north=false,south=true,west=false": { "model": "custom/chain" },
		"east=true,north=true,south=false,west=false": { "model": "custom/chain" },
		"east=false,north=false,south=true,west=true": { "model": "custom/chain" }
    }
}

