﻿{
		"variants":{
			"":[
			
            { "model": "custom/vegetation/grassy_vegetation" , "weight": 20 },
            { "model": "custom/vegetation/grassy_vegetation",  "y": 90 , "weight": 20},
            { "model": "custom/vegetation/grassy_vegetation", "y": 180 , "weight": 20 },
            { "model": "custom/vegetation/grassy_vegetation", "y": 270 , "weight": 20 },
		
			{ "model": "custom/vegetation/grassy_vegetation_2" , "weight": 20 },
            { "model": "custom/vegetation/grassy_vegetation_2", "y": 90 , "weight": 20 },
            { "model": "custom/vegetation/grassy_vegetation_2", "y": 180 , "weight": 20 },
            { "model": "custom/vegetation/grassy_vegetation_2", "y": 270 , "weight": 20 },
			
			{ "model": "custom/vegetation/grassy_vegetation_3" , "weight": 20 },
            { "model": "custom/vegetation/grassy_vegetation_3", "y": 90 , "weight": 20 },
            { "model": "custom/vegetation/grassy_vegetation_3", "y": 180 , "weight": 20 },
            { "model": "custom/vegetation/grassy_vegetation_3", "y": 270 , "weight": 20 }
			
	
        ]
    }
}