{
    "variants": {
        "facing=down,short=false,type=normal": { "model": "block/piston_head", "x": 90 },
        "facing=up,short=false,type=normal": { "model": "custom/small_table" },
        "facing=north,short=false,type=normal": { "model": "custom/bench1", "y": 90 },
        "facing=south,short=false,type=normal": { "model": "custom/bench1", "y": 270 },
        "facing=west,short=false,type=normal": { "model": "custom/bench1" },
        "facing=east,short=false,type=normal": { "model": "custom/bench1", "y": 180 },
        "facing=down,short=false,type=sticky": { "model": "block/piston_head_sticky", "x": 90 },
        "facing=up,short=false,type=sticky": { "model": "custom/small_table_cloth" },
        "facing=north,short=false,type=sticky": { "model": "custom/bench2", "y": 270 },
        "facing=south,short=false,type=sticky": { "model": "custom/bench2", "y": 90 },
        "facing=west,short=false,type=sticky": { "model": "custom/bench2", "y": 180 },
        "facing=east,short=false,type=sticky": { "model": "custom/bench2" },
        "facing=down,short=true,type=normal": { "model": "block/piston_head_short", "x": 90 },
        "facing=up,short=true,type=normal": { "model": "block/piston_head_short", "x": 270 },
        "facing=north,short=true,type=normal": { "model": "block/locked_door/spruce", "uvlock": true, "y": 90 },
        "facing=south,short=true,type=normal": { "model": "block/locked_door/spruce", "uvlock": true, "y": 270},
        "facing=west,short=true,type=normal": { "model": "block/locked_door/spruce", "uvlock": true },
        "facing=east,short=true,type=normal": { "model": "block/locked_door/spruce", "uvlock": true, "y": 180  },
        "facing=down,short=true,type=sticky": { "model": "block/piston_head_short_sticky", "x": 90 },
        "facing=up,short=true,type=sticky": { "model": "block/piston_head_short_sticky", "x": 270 },
        "facing=north,short=true,type=sticky": { "model": "block/locked_door/dark_oak", "uvlock": true, "y": 90 },
        "facing=south,short=true,type=sticky": { "model": "block/locked_door/dark_oak", "uvlock": true, "y": 270},
        "facing=west,short=true,type=sticky": { "model": "block/locked_door/dark_oak", "uvlock": true },
        "facing=east,short=true,type=sticky": { "model": "block/locked_door/dark_oak", "uvlock": true, "y": 180  }
    }
}
