{
		"variants":{
			"":[
			
            { "model": "custom/vegetation/small_bushes_1" , "weight": 20 },
            { "model": "custom/vegetation/small_bushes_1",  "y": 90 , "weight": 20},
            { "model": "custom/vegetation/small_bushes_1", "y": 180 , "weight": 20 },
            { "model": "custom/vegetation/small_bushes_1", "y": 270 , "weight": 20 },
		
			{ "model": "custom/vegetation/small_bushes_2" , "weight": 20 },
            { "model": "custom/vegetation/small_bushes_2", "y": 90 , "weight": 20 },
            { "model": "custom/vegetation/small_bushes_2", "y": 180 , "weight": 20 },
            { "model": "custom/vegetation/small_bushes_2", "y": 270 , "weight": 20 },
			
			{ "model": "custom/vegetation/small_bushes_3" , "weight": 20 },
            { "model": "custom/vegetation/small_bushes_3", "y": 90 , "weight": 20 },
            { "model": "custom/vegetation/small_bushes_3", "y": 180 , "weight": 20 },
            { "model": "custom/vegetation/small_bushes_3", "y": 270 , "weight": 20 },
			
			{ "model": "custom/vegetation/small_bushes_4" , "weight": 20 },
            { "model": "custom/vegetation/small_bushes_4", "y": 90 , "weight": 20 },
            { "model": "custom/vegetation/small_bushes_4", "y": 180 , "weight": 20 },
            { "model": "custom/vegetation/small_bushes_4", "y": 270 , "weight": 20 },

			{ "model": "custom/vegetation/small_bushes_5" , "weight": 20 },
            { "model": "custom/vegetation/small_bushes_5", "y": 90 , "weight": 20 },
            { "model": "custom/vegetation/small_bushes_5", "y": 180 , "weight": 20 },
            { "model": "custom/vegetation/small_bushes_5", "y": 270 , "weight": 20 },
		
			{ "model": "custom/vegetation/small_bushes_6" , "weight": 20 },
            { "model": "custom/vegetation/small_bushes_6", "y": 90 , "weight": 20 },
            { "model": "custom/vegetation/small_bushes_6", "y": 180 , "weight": 20 },
            { "model": "custom/vegetation/small_bushes_6", "y": 270 , "weight": 20 },
			
			{ "model": "custom/vegetation/small_bushes_7" , "weight": 20 },
            { "model": "custom/vegetation/small_bushes_7", "y": 90 , "weight": 20 },
            { "model": "custom/vegetation/small_bushes_7", "y": 180 , "weight": 20 },
            { "model": "custom/vegetation/small_bushes_7", "y": 270 , "weight": 20 },
			
			{ "model": "custom/vegetation/small_bushes_8" , "weight": 20 },
            { "model": "custom/vegetation/small_bushes_8", "y": 90 , "weight": 20 },
            { "model": "custom/vegetation/small_bushes_8", "y": 180 , "weight": 20 },
            { "model": "custom/vegetation/small_bushes_8", "y": 270 , "weight": 20 },
			
			{ "model": "custom/vegetation/small_bushes_9" , "weight": 20 },
            { "model": "custom/vegetation/small_bushes_9", "y": 90 , "weight": 20 },
            { "model": "custom/vegetation/small_bushes_9", "y": 180 , "weight": 20 },
            { "model": "custom/vegetation/small_bushes_9", "y": 270 , "weight": 20 },
			
			{ "model": "custom/vegetation/small_bushes_10" , "weight": 20 },
            { "model": "custom/vegetation/small_bushes_10", "y": 90 , "weight": 20 },
            { "model": "custom/vegetation/small_bushes_10", "y": 180 , "weight": 20 },
            { "model": "custom/vegetation/small_bushes_10", "y": 270 , "weight": 20 },
			
			{ "model": "custom/vegetation/small_bushes_11" , "weight": 20 },
            { "model": "custom/vegetation/small_bushes_11", "y": 90 , "weight": 20 },
            { "model": "custom/vegetation/small_bushes_11", "y": 180 , "weight": 20 },
            { "model": "custom/vegetation/small_bushes_11", "y": 270 , "weight": 20 }
	
        ]
    }
}