{
    "variants": {
        "facing=east,half=bottom,shape=straight":  { "model": "block/stairs/prismarine_brick_stairs", "y": 270 },
        "facing=west,half=bottom,shape=straight":  { "model": "block/stairs/prismarine_brick_stairs", "y": 90, "uvlock": false },
        "facing=south,half=bottom,shape=straight": { "model": "block/stairs/prismarine_brick_stairs", "y": 0, "uvlock": false },
        "facing=north,half=bottom,shape=straight": { "model": "block/stairs/prismarine_brick_stairs", "y": 180, "uvlock": false },
        "facing=east,half=bottom,shape=outer_right":  { "model": "block/prismarine_brick_stairs_outer" },
        "facing=west,half=bottom,shape=outer_right":  { "model": "block/prismarine_brick_stairs_outer", "y": 180, "uvlock": true },
        "facing=south,half=bottom,shape=outer_right": { "model": "block/prismarine_brick_stairs_outer", "y": 90, "uvlock": true },
        "facing=north,half=bottom,shape=outer_right": { "model": "block/prismarine_brick_stairs_outer", "y": 270, "uvlock": true },
        "facing=east,half=bottom,shape=outer_left":  { "model": "block/prismarine_brick_stairs_outer", "y": 270, "uvlock": true },
        "facing=west,half=bottom,shape=outer_left":  { "model": "block/prismarine_brick_stairs_outer", "y": 90, "uvlock": true },
        "facing=south,half=bottom,shape=outer_left": { "model": "block/prismarine_brick_stairs_outer" },
        "facing=north,half=bottom,shape=outer_left": { "model": "block/prismarine_brick_stairs_outer", "y": 180, "uvlock": true },
        "facing=east,half=bottom,shape=inner_right":  { "model": "block/prismarine_brick_stairs_inner" },
        "facing=west,half=bottom,shape=inner_right":  { "model": "block/prismarine_brick_stairs_inner", "y": 180, "uvlock": true },
        "facing=south,half=bottom,shape=inner_right": { "model": "block/prismarine_brick_stairs_inner", "y": 90, "uvlock": true },
        "facing=north,half=bottom,shape=inner_right": { "model": "block/prismarine_brick_stairs_inner", "y": 270, "uvlock": true },
        "facing=east,half=bottom,shape=inner_left":  { "model": "block/prismarine_brick_stairs_inner", "y": 270, "uvlock": true },
        "facing=west,half=bottom,shape=inner_left":  { "model": "block/prismarine_brick_stairs_inner", "y": 90, "uvlock": true },
        "facing=south,half=bottom,shape=inner_left": { "model": "block/prismarine_brick_stairs_inner" },
        "facing=north,half=bottom,shape=inner_left": { "model": "block/prismarine_brick_stairs_inner", "y": 180, "uvlock": true },
        "facing=east,half=top,shape=straight":  { "model": "custom/large_table_end" },
        "facing=west,half=top,shape=straight":  { "model": "custom/large_table_end", "y": 180 },
        "facing=south,half=top,shape=straight": { "model": "custom/large_table_end", "y": 90 },
        "facing=north,half=top,shape=straight": { "model": "custom/large_table_end", "y": 270 },
        "facing=east,half=top,shape=outer_right":  { "model": "custom/large_table_middle" },
        "facing=west,half=top,shape=outer_right":  { "model": "custom/large_table_middle", "y": 180 },
        "facing=south,half=top,shape=outer_right": { "model": "custom/large_table_middle", "y": 90 },
        "facing=north,half=top,shape=outer_right": { "model": "custom/large_table_middle", "y": 270 },
        "facing=east,half=top,shape=outer_left":  { "model": "custom/large_table_middle_leg" },
        "facing=west,half=top,shape=outer_left":  { "model": "custom/large_table_middle_leg", "y": 180 },
        "facing=south,half=top,shape=outer_left": { "model": "custom/large_table_middle_leg", "y": 90 },
        "facing=north,half=top,shape=outer_left": { "model": "custom/large_table_middle_leg", "y": 270 },
        "facing=east,half=top,shape=inner_right":  { "model": "block/prismarine_stairs_inner", "x": 180, "y": 90, "uvlock": true },
        "facing=west,half=top,shape=inner_right":  { "model": "block/prismarine_stairs_inner", "x": 180, "y": 270, "uvlock": true },
        "facing=south,half=top,shape=inner_right": { "model": "block/prismarine_stairs_inner", "x": 180, "y": 180, "uvlock": true },
        "facing=north,half=top,shape=inner_right": { "model": "block/prismarine_stairs_inner", "x": 180, "uvlock": true },
        "facing=east,half=top,shape=inner_left":  { "model": "block/prismarine_stairs_inner", "x": 180, "uvlock": true },
        "facing=west,half=top,shape=inner_left":  { "model": "block/prismarine_stairs_inner", "x": 180, "y": 180, "uvlock": true },
        "facing=south,half=top,shape=inner_left": { "model": "block/prismarine_stairs_inner", "x": 180, "y": 90, "uvlock": true },
        "facing=north,half=top,shape=inner_left": { "model": "block/prismarine_stairs_inner", "x": 180, "y": 270, "uvlock": true }
    }
}
