{
    "variants": {
        "east=false,north=false,south=false,west=false": { "model": "custom/cobweb/pillar" },
		"east=false,north=false,south=false,west=true": { "model": "custom/cobweb/stop", "y": 270 },
		"east=false,north=false,south=true,west=false": { "model": "custom/cobweb/stop", "y": 180 },
		"east=false,north=false,south=true,west=true": { "model": "custom/cobweb/corner3", "y": 180 },
		"east=false,north=true,south=false,west=false": { "model": "custom/cobweb/stop" },
		"east=false,north=true,south=false,west=true": { "model": "custom/cobweb/corner1" },
		"east=false,north=true,south=true,west=false": { "model": "custom/cobweb/side" },
		"east=false,north=true,south=true,west=true": { "model": "custom/cobweb/t1", "y": 90 },
		"east=true,north=false,south=false,west=false": { "model": "custom/cobweb/stop", "y": 90 },
		"east=true,north=false,south=false,west=true": { "model": "custom/cobweb/side", "y": 270 },
		"east=true,north=false,south=true,west=false": { "model": "custom/cobweb/corner4", "y": 90 },
		"east=true,north=false,south=true,west=true": { "model": "custom/cobweb/t1" },
		"east=true,north=true,south=false,west=false": { "model": "custom/cobweb/corner2" },
		"east=true,north=true,south=false,west=true": { "model": "custom/cobweb/t1", "y": 180 },
		"east=true,north=true,south=true,west=false": { "model": "custom/cobweb/t2", "y": 90 },
		"east=true,north=true,south=true,west=true": { "model": "custom/cobweb/cross" }
    }
}
