{
    "variants": {
        "delay=1,facing=south,locked=false,powered=false": { "model": "block/repeater_1tick" },
        "delay=1,facing=west,locked=false,powered=false": { "model": "block/repeater_1tick", "y": 90 },
        "delay=1,facing=north,locked=false,powered=false": { "model": "block/repeater_1tick", "y": 180 },
        "delay=1,facing=east,locked=false,powered=false": { "model": "custom/signs/scissor", "y": 90 },
        "delay=2,facing=south,locked=false,powered=false": { "model": "custom/signs/ladies_gents", "y": 270 },
        "delay=2,facing=west,locked=false,powered=false": { "model": "custom/signs/toilets", "y": 180 },
        "delay=2,facing=north,locked=false,powered=false": { "model":  "custom/cabinet/boggart_cabinet" },
        "delay=2,facing=east,locked=false,powered=false": { "model":  "custom/cabinet/boggart_cabinet", "y": 90 },
        "delay=3,facing=south,locked=false,powered=false": { "model": "custom/cabinet/boggart_cabinet", "y": 180 },
        "delay=3,facing=west,locked=false,powered=false": { "model": "custom/cabinet/boggart_cabinet", "y": 270 },
        "delay=3,facing=north,locked=false,powered=false": { "model": "custom/writing/transfiguration", "y": 270 },
        "delay=3,facing=east,locked=false,powered=false": { "model": "custom/green_fire", "y": 270 },
        "delay=4,facing=south,locked=false,powered=false": { "model": "custom/ford_anglia/ford_anglia_back", "y": 90 },
        "delay=4,facing=west,locked=false,powered=false": { "model": "custom/ford_anglia/ford_anglia_front", "y": 90 },
        "delay=4,facing=north,locked=false,powered=false": { "model": "custom/signs/gillyweed_sign"},
        "delay=4,facing=east,locked=false,powered=false": { "model": "custom/signs/gillyweed_sign", "y": 180 },
        "delay=1,facing=south,locked=true,powered=false": { "model": "custom/signs/danger_sign" },
        "delay=1,facing=west,locked=true,powered=false": { "model": "custom/signs/danger_sign", "y": 180 },
        "delay=1,facing=north,locked=true,powered=false": { "model": "custom/statues/repeater_knight", "y": 180 },
        "delay=1,facing=east,locked=true,powered=false": { "model": "custom/signs/direction_signs/hogsmeade_hogwarts_sign_2"},
        "delay=2,facing=south,locked=true,powered=false": { "model": "custom/old_tv", "y": 270  },
        "delay=2,facing=west,locked=true,powered=false": { "model": "custom/mirror/mirror_of_erised_top", "y": 90 },
        "delay=2,facing=north,locked=true,powered=false": { "model": "custom/mirror/mirror_of_erised_bottom", "y": 90 },
        "delay=2,facing=east,locked=true,powered=false": { "model": "creatures/aragog_eyes" },
        "delay=3,facing=south,locked=true,powered=false": { "model": "custom/scarecrow", "y": 90  },
        "delay=3,facing=west,locked=true,powered=false": { "model": "custom/erumpent_horn", "y": 90 },
        "delay=3,facing=north,locked=true,powered=false": { "model": "custom/signs/direction_signs/hogsmeade_hogwarts_sign"},
        "delay=3,facing=east,locked=true,powered=false": { "model": "custom/signs/direction_signs/hogsmeade_hogwarts_sign", "y": 270 },
        "delay=4,facing=south,locked=true,powered=false": { "model": "custom/clock/weasley_clock", "y": 270},
        "delay=4,facing=west,locked=true,powered=false": { "model": "custom/clock/weasley_clock", "y": 90 },
        "delay=4,facing=north,locked=true,powered=false": { "model": "custom/signs/london_direction_signs/sign_post_top" },
        "delay=4,facing=east,locked=true,powered=false": { "model": "custom/signs/london_direction_signs/sign_post_bottom" },
        "delay=1,facing=south,locked=false,powered=true": { "model": "block/repeater_1tick_on" },
        "delay=1,facing=west,locked=false,powered=true": { "model": "block/repeater_1tick_on", "y": 90 },
        "delay=1,facing=north,locked=false,powered=true": { "model": "block/repeater_1tick_on", "y": 180 },
        "delay=1,facing=east,locked=false,powered=true": { "model": "block/repeater_1tick_on", "y": 270 },
        "delay=2,facing=south,locked=false,powered=true": { "model": "block/repeater_2tick_on" },
        "delay=2,facing=west,locked=false,powered=true": { "model": "block/repeater_2tick_on", "y": 90 },
        "delay=2,facing=north,locked=false,powered=true": { "model": "block/repeater_2tick_on", "y": 180 },
        "delay=2,facing=east,locked=false,powered=true": { "model": "block/repeater_2tick_on", "y": 270 },
        "delay=3,facing=south,locked=false,powered=true": { "model": "block/repeater_3tick_on" },
        "delay=3,facing=west,locked=false,powered=true": { "model": "block/repeater_3tick_on", "y": 90 },
        "delay=3,facing=north,locked=false,powered=true": { "model": "block/repeater_3tick_on", "y": 180 },
        "delay=3,facing=east,locked=false,powered=true": { "model": "block/repeater_3tick_on", "y": 270 },
        "delay=4,facing=south,locked=false,powered=true": { "model": "block/repeater_4tick_on" },
        "delay=4,facing=west,locked=false,powered=true": { "model": "block/repeater_4tick_on", "y": 90 },
        "delay=4,facing=north,locked=false,powered=true": { "model": "block/repeater_4tick_on", "y": 180 },
        "delay=4,facing=east,locked=false,powered=true": { "model": "block/repeater_4tick_on", "y": 270 },
        "delay=1,facing=south,locked=true,powered=true": { "model": "block/repeater_1tick_on_locked" },
        "delay=1,facing=west,locked=true,powered=true": { "model": "block/repeater_1tick_on_locked", "y": 90 },
        "delay=1,facing=north,locked=true,powered=true": { "model": "block/repeater_1tick_on_locked", "y": 180 },
        "delay=1,facing=east,locked=true,powered=true": { "model": "block/repeater_1tick_on_locked", "y": 270 },
        "delay=2,facing=south,locked=true,powered=true": { "model": "block/repeater_2tick_on_locked" },
        "delay=2,facing=west,locked=true,powered=true": { "model": "block/repeater_2tick_on_locked", "y": 90 },
        "delay=2,facing=north,locked=true,powered=true": { "model": "block/repeater_2tick_on_locked", "y": 180 },
        "delay=2,facing=east,locked=true,powered=true": { "model": "block/repeater_2tick_on_locked", "y": 270 },
        "delay=3,facing=south,locked=true,powered=true": { "model": "block/repeater_3tick_on_locked" },
        "delay=3,facing=west,locked=true,powered=true": { "model": "block/repeater_3tick_on_locked", "y": 90 },
        "delay=3,facing=north,locked=true,powered=true": { "model": "block/repeater_3tick_on_locked", "y": 180 },
        "delay=3,facing=east,locked=true,powered=true": { "model": "block/repeater_3tick_on_locked", "y": 270 },
        "delay=4,facing=south,locked=true,powered=true": { "model": "block/repeater_4tick_on_locked" },
        "delay=4,facing=west,locked=true,powered=true": { "model": "block/repeater_4tick_on_locked", "y": 90 },
        "delay=4,facing=north,locked=true,powered=true": { "model": "block/repeater_4tick_on_locked", "y": 180 },
        "delay=4,facing=east,locked=true,powered=true": { "model": "block/repeater_4tick_on_locked", "y": 270 }
    }
}
