﻿{
    "variants": {
        "": [
			{ "model": "block/sandstone", "weight": 1 },
			{ "model": "block/sandstone1", "weight": 1 },
			{ "model": "block/sandstone2", "weight": 1 },
			{ "model": "block/sandstone3", "weight": 1 },
			{ "model": "block/sandstone4", "weight": 1 },
	        { "model": "block/sandstone5", "weight": 1 },
			{ "model": "block/sandstone6", "weight": 1 },
			{ "model": "block/sandstone7", "weight": 1 },
			{ "model": "block/sandstone8", "weight": 1	},
			{ "model": "block/sandstone9", "weight": 1 },
			{ "model": "block/sandstone10", "weight": 1 },
			{ "model": "block/sandstone11", "weight": 1 },
			{ "model": "block/sandstone12", "weight": 1 },
			{ "model": "block/sandstone13", "weight": 1},
			{ "model": "block/sandstone14", "weight": 1},
			{ "model": "block/sandstone15", "weight": 1},
			{ "model": "block/sandstone16", "weight": 1},
			{ "model": "block/sandstone17", "weight": 1}						

        ]
    }
}

