﻿{
    "variants": {
        "": [
            { "model": "block/stone" },
			{ "model": "block/stone", "y": 90 },
            { "model": "block/stone", "y": 180 },
			{ "model": "block/stone", "y": 270 },

		
			{ "model": "block/stone_mirrored" },
			{ "model": "block/stone_mirrored", "y": 90 },
			{ "model": "block/stone_mirrored", "y": 180 },
            { "model": "block/stone_mirrored", "y": 270 }	,		  
			
			{ "model": "block/stone_alt_1" },
			{ "model": "block/stone_alt_1", "y": 90 },
            { "model": "block/stone_alt_1", "y": 180 },
			{ "model": "block/stone_alt_1", "y": 270 },
			
			{ "model": "block/stone_alt_2" },
			{ "model": "block/stone_alt_2", "y": 90 },
            { "model": "block/stone_alt_2", "y": 180 },
			{ "model": "block/stone_alt_2", "y": 270 },
			
			{ "model": "block/stone_alt_3" },
			{ "model": "block/stone_alt_3", "y": 90 },
            { "model": "block/stone_alt_3", "y": 180 },
			{ "model": "block/stone_alt_3", "y": 270 }
			
        ]
    }
}
