{    "variants": {"powered=false": { "model": "block/stone_pressure_plate" }, "powered=true": [{ "model": "custom/signs/direction_signs/empty", "y": 0 , "weight": 1 },
{ "model": "custom/signs/direction_signs/empty", "y": 0 , "weight": 1 },
{ "model": "custom/signs/direction_signs/empty", "y": 0 , "weight": 1 },
{ "model": "custom/signs/direction_signs/empty", "y": 0 , "weight": 1 },
{ "model": "custom/signs/direction_signs/empty", "y": 0 , "weight": 1 },
{ "model": "custom/signs/direction_signs/ravenclaw_right", "y": 180 , "weight": 1 },
{ "model": "custom/signs/direction_signs/empty", "y": 0 , "weight": 1 },
{ "model": "custom/signs/direction_signs/grand_staircase_right", "y": 180 , "weight": 1 },
{ "model": "custom/signs/direction_signs/empty", "y": 0 , "weight": 1 },
{ "model": "custom/signs/direction_signs/empty", "y": 0 , "weight": 1 },
{ "model": "custom/signs/direction_signs/empty", "y": 0 , "weight": 1 },
{ "model": "custom/signs/direction_signs/empty", "y": 0 , "weight": 1 },
{ "model": "custom/signs/direction_signs/empty", "y": 0 , "weight": 1 },
{ "model": "custom/signs/direction_signs/empty", "y": 0 , "weight": 1 },
{ "model": "custom/signs/direction_signs/divination_left", "y": 0 , "weight": 1 },
{ "model": "custom/signs/direction_signs/empty", "y": 0 , "weight": 1 },
{ "model": "custom/signs/direction_signs/empty", "y": 0 , "weight": 1 },
{ "model": "custom/signs/direction_signs/empty", "y": 0 , "weight": 1 },
{ "model": "custom/signs/direction_signs/empty", "y": 0 , "weight": 1 },
{ "model": "custom/signs/direction_signs/empty", "y": 0 , "weight": 1 },
{ "model": "custom/signs/direction_signs/empty", "y": 0 , "weight": 1 },
{ "model": "custom/signs/direction_signs/empty", "y": 0 , "weight": 1 },
{ "model": "custom/signs/direction_signs/empty", "y": 0 , "weight": 1 },
{ "model": "custom/signs/direction_signs/empty", "y": 0 , "weight": 1 },
{ "model": "custom/signs/direction_signs/empty", "y": 0 , "weight": 1 },
{ "model": "custom/signs/direction_signs/caretakers_office_left", "y": 90 , "weight": 1 },
{ "model": "custom/signs/direction_signs/empty", "y": 0 , "weight": 1 },
{ "model": "custom/signs/direction_signs/empty", "y": 0 , "weight": 1 },
{ "model": "custom/signs/direction_signs/greenhouses_left", "y": 180 , "weight": 1 },
{ "model": "custom/signs/direction_signs/empty", "y": 0 , "weight": 1 },
{ "model": "custom/signs/direction_signs/empty", "y": 0 , "weight": 1 },
{ "model": "custom/signs/direction_signs/empty", "y": 0 , "weight": 1 },
{ "model": "custom/signs/direction_signs/empty", "y": 0 , "weight": 1 },
{ "model": "custom/signs/direction_signs/empty", "y": 0 , "weight": 1 },
{ "model": "custom/signs/direction_signs/empty", "y": 0 , "weight": 1 },
{ "model": "custom/signs/direction_signs/empty", "y": 0 , "weight": 1 },
{ "model": "custom/signs/direction_signs/empty", "y": 0 , "weight": 1 },
{ "model": "custom/signs/direction_signs/empty", "y": 0 , "weight": 1 },
{ "model": "custom/signs/direction_signs/empty", "y": 0 , "weight": 1 },
{ "model": "custom/signs/direction_signs/empty", "y": 0 , "weight": 1 },
{ "model": "custom/signs/direction_signs/transfiguration_right", "y": 270 , "weight": 1 },
{ "model": "custom/signs/direction_signs/empty", "y": 0 , "weight": 1 },
{ "model": "custom/signs/direction_signs/empty", "y": 0 , "weight": 1 },
{ "model": "custom/signs/direction_signs/empty", "y": 0 , "weight": 1 },
{ "model": "custom/signs/direction_signs/empty", "y": 0 , "weight": 1 },
{ "model": "custom/signs/direction_signs/empty", "y": 0 , "weight": 1 },
{ "model": "custom/signs/direction_signs/empty", "y": 0 , "weight": 1 },
{ "model": "custom/signs/direction_signs/empty", "y": 0 , "weight": 1 },
{ "model": "custom/signs/direction_signs/empty", "y": 0 , "weight": 1 },
{ "model": "custom/signs/direction_signs/empty", "y": 0 , "weight": 1 },
{ "model": "custom/signs/direction_signs/ravenclaw_right", "y": 270 , "weight": 1 },
{ "model": "custom/signs/direction_signs/empty", "y": 0 , "weight": 1 },
{ "model": "custom/signs/direction_signs/divination_right", "y": 90 , "weight": 1 },
{ "model": "custom/signs/direction_signs/empty", "y": 0 , "weight": 1 },
{ "model": "custom/signs/direction_signs/kitchens_right", "y": 270 , "weight": 1 },
{ "model": "custom/signs/direction_signs/empty", "y": 0 , "weight": 1 },
{ "model": "custom/signs/direction_signs/empty", "y": 0 , "weight": 1 },
{ "model": "custom/signs/direction_signs/divination_left", "y": 180 , "weight": 1 },
{ "model": "custom/signs/direction_signs/empty", "y": 0 , "weight": 1 },
{ "model": "custom/signs/direction_signs/empty", "y": 0 , "weight": 1 },
{ "model": "custom/signs/direction_signs/empty", "y": 0 , "weight": 1 },
{ "model": "custom/signs/direction_signs/empty", "y": 0 , "weight": 1 },
{ "model": "custom/signs/direction_signs/transfiguration_right", "y": 180 , "weight": 1 },
{ "model": "custom/signs/direction_signs/empty", "y": 0 , "weight": 1 },
{ "model": "custom/signs/direction_signs/library_right", "y": 90 , "weight": 1 },
{ "model": "custom/signs/direction_signs/dada_right", "y": 90 , "weight": 1 },
{ "model": "custom/signs/direction_signs/empty", "y": 0 , "weight": 1 },
{ "model": "custom/signs/direction_signs/kitchens_left", "y": 180 , "weight": 1 },
{ "model": "custom/signs/direction_signs/ravenclaw_right", "y": 90 , "weight": 1 },
{ "model": "custom/signs/direction_signs/empty", "y": 0 , "weight": 1 },
{ "model": "custom/signs/direction_signs/empty", "y": 0 , "weight": 1 },
{ "model": "custom/signs/direction_signs/empty", "y": 0 , "weight": 1 },
{ "model": "custom/signs/direction_signs/empty", "y": 0 , "weight": 1 },
{ "model": "custom/signs/direction_signs/empty", "y": 0 , "weight": 1 },
{ "model": "custom/signs/direction_signs/empty", "y": 0 , "weight": 1 },
{ "model": "custom/signs/direction_signs/empty", "y": 0 , "weight": 1 },
{ "model": "custom/signs/direction_signs/empty", "y": 0 , "weight": 1 },
{ "model": "custom/signs/direction_signs/empty", "y": 0 , "weight": 1 },
{ "model": "custom/signs/direction_signs/empty", "y": 0 , "weight": 1 },
{ "model": "custom/signs/direction_signs/empty", "y": 0 , "weight": 1 },
{ "model": "custom/signs/direction_signs/empty", "y": 0 , "weight": 1 },
{ "model": "custom/signs/direction_signs/empty", "y": 0 , "weight": 1 },
{ "model": "custom/signs/direction_signs/empty", "y": 0 , "weight": 1 },
{ "model": "custom/signs/direction_signs/hufflepuff_left", "y": 180 , "weight": 1 },
{ "model": "custom/signs/direction_signs/empty", "y": 0 , "weight": 1 },
{ "model": "custom/signs/direction_signs/empty", "y": 0 , "weight": 1 },
{ "model": "custom/signs/direction_signs/empty", "y": 0 , "weight": 1 },
{ "model": "custom/signs/direction_signs/empty", "y": 0 , "weight": 1 },
{ "model": "custom/signs/direction_signs/empty", "y": 0 , "weight": 1 },
{ "model": "custom/signs/direction_signs/empty", "y": 0 , "weight": 1 },
{ "model": "custom/signs/direction_signs/empty", "y": 0 , "weight": 1 },
{ "model": "custom/signs/direction_signs/empty", "y": 0 , "weight": 1 },
{ "model": "custom/signs/direction_signs/empty", "y": 0 , "weight": 1 },
{ "model": "custom/signs/direction_signs/caretakers_office_left", "y": 0 , "weight": 1 },
{ "model": "custom/signs/direction_signs/empty", "y": 0 , "weight": 1 },
{ "model": "custom/signs/direction_signs/empty", "y": 0 , "weight": 1 },
{ "model": "custom/signs/direction_signs/empty", "y": 0 , "weight": 1 },
{ "model": "custom/signs/direction_signs/charms_left", "y": 0 , "weight": 1 },
{ "model": "custom/signs/direction_signs/empty", "y": 0 , "weight": 1 },
{ "model": "custom/signs/direction_signs/empty", "y": 0 , "weight": 1 },
{ "model": "custom/signs/direction_signs/empty", "y": 0 , "weight": 1 },
{ "model": "custom/signs/direction_signs/dada_left", "y": 0 , "weight": 1 },
{ "model": "custom/signs/direction_signs/empty", "y": 0 , "weight": 1 },
{ "model": "custom/signs/direction_signs/empty", "y": 0 , "weight": 1 },
{ "model": "custom/signs/direction_signs/empty", "y": 0 , "weight": 1 },
{ "model": "custom/signs/direction_signs/headmaster_left", "y": 90 , "weight": 1 },
{ "model": "custom/signs/direction_signs/empty", "y": 0 , "weight": 1 },
{ "model": "custom/signs/direction_signs/potions_left", "y": 180 , "weight": 1 },
{ "model": "custom/signs/direction_signs/empty", "y": 0 , "weight": 1 },
{ "model": "custom/signs/direction_signs/empty", "y": 0 , "weight": 1 },
{ "model": "custom/signs/direction_signs/grand_staircase_left", "y": 270 , "weight": 1 },
{ "model": "custom/signs/direction_signs/empty", "y": 0 , "weight": 1 },
{ "model": "custom/signs/direction_signs/empty", "y": 0 , "weight": 1 },
{ "model": "custom/signs/direction_signs/potions_left", "y": 270 , "weight": 1 },
{ "model": "custom/signs/direction_signs/empty", "y": 0 , "weight": 1 },
{ "model": "custom/signs/direction_signs/empty", "y": 0 , "weight": 1 },
{ "model": "custom/signs/direction_signs/potions_left", "y": 270 , "weight": 1 },
{ "model": "custom/signs/direction_signs/empty", "y": 0 , "weight": 1 },
{ "model": "custom/signs/direction_signs/caretakers_office_left", "y": 0 , "weight": 1 },
{ "model": "custom/signs/direction_signs/empty", "y": 0 , "weight": 1 },
{ "model": "custom/signs/direction_signs/empty", "y": 0 , "weight": 1 },
{ "model": "custom/signs/direction_signs/empty", "y": 0 , "weight": 1 },
{ "model": "custom/signs/direction_signs/empty", "y": 0 , "weight": 1 },
{ "model": "custom/signs/direction_signs/empty", "y": 0 , "weight": 1 },
{ "model": "custom/signs/direction_signs/empty", "y": 0 , "weight": 1 },
{ "model": "custom/signs/direction_signs/empty", "y": 0 , "weight": 1 },
{ "model": "custom/signs/direction_signs/gryffindor_right", "y": 0 , "weight": 1 },
{ "model": "custom/signs/direction_signs/empty", "y": 0 , "weight": 1 },
{ "model": "custom/signs/direction_signs/empty", "y": 0 , "weight": 1 },
{ "model": "custom/signs/direction_signs/hufflepuff_left", "y": 90 , "weight": 1 },
{ "model": "custom/signs/direction_signs/empty", "y": 0 , "weight": 1 },
{ "model": "custom/signs/direction_signs/empty", "y": 0 , "weight": 1 },
{ "model": "custom/signs/direction_signs/dungeons_left", "y": 90 , "weight": 1 },
{ "model": "custom/signs/direction_signs/potions_right", "y": 270 , "weight": 1 },
{ "model": "custom/signs/direction_signs/divination_left_up", "y": 0 , "weight": 1 },
{ "model": "custom/signs/direction_signs/empty", "y": 0 , "weight": 1 },
{ "model": "custom/signs/direction_signs/empty", "y": 0 , "weight": 1 },
{ "model": "custom/signs/direction_signs/charms_right", "y": 180 , "weight": 1 },
{ "model": "custom/signs/direction_signs/dada_right", "y": 180 , "weight": 1 },
{ "model": "custom/signs/direction_signs/empty", "y": 0 , "weight": 1 },
{ "model": "custom/signs/direction_signs/empty", "y": 0 , "weight": 1 },
{ "model": "custom/signs/direction_signs/empty", "y": 0 , "weight": 1 },
{ "model": "custom/signs/direction_signs/empty", "y": 0 , "weight": 1 },
{ "model": "custom/signs/direction_signs/forbidden_forest_left", "y": 0 , "weight": 1 },
{ "model": "custom/signs/direction_signs/empty", "y": 0 , "weight": 1 },
{ "model": "custom/signs/direction_signs/hufflepuff_right", "y": 0 , "weight": 1 },
{ "model": "custom/signs/direction_signs/empty", "y": 0 , "weight": 1 },
{ "model": "custom/signs/direction_signs/empty", "y": 0 , "weight": 1 },
{ "model": "custom/signs/direction_signs/girls_lavatory_left", "y": 270 , "weight": 1 },
{ "model": "custom/signs/direction_signs/empty", "y": 0 , "weight": 1 },
{ "model": "custom/signs/direction_signs/empty", "y": 0 , "weight": 1 },
{ "model": "custom/signs/direction_signs/empty", "y": 0 , "weight": 1 },
{ "model": "custom/signs/direction_signs/empty", "y": 0 , "weight": 1 },
{ "model": "custom/signs/direction_signs/empty", "y": 0 , "weight": 1 },
{ "model": "custom/signs/direction_signs/empty", "y": 0 , "weight": 1 },
{ "model": "custom/signs/direction_signs/empty", "y": 0 , "weight": 1 },
{ "model": "custom/signs/direction_signs/empty", "y": 0 , "weight": 1 },
{ "model": "custom/signs/direction_signs/hospital_wing_right", "y": 270 , "weight": 1 },
{ "model": "custom/signs/direction_signs/empty", "y": 0 , "weight": 1 },
{ "model": "custom/signs/direction_signs/divination_right", "y": 180 , "weight": 1 },
{ "model": "custom/signs/direction_signs/gryffindor_left", "y": 90 , "weight": 1 },
{ "model": "custom/signs/direction_signs/empty", "y": 0 , "weight": 1 },
{ "model": "custom/signs/direction_signs/empty", "y": 0 , "weight": 1 },
{ "model": "custom/signs/direction_signs/charms_left", "y": 0 , "weight": 1 },
{ "model": "custom/signs/direction_signs/empty", "y": 0 , "weight": 1 },
{ "model": "custom/signs/direction_signs/empty", "y": 0 , "weight": 1 },
{ "model": "custom/signs/direction_signs/empty", "y": 0 , "weight": 1 },
{ "model": "custom/signs/direction_signs/empty", "y": 0 , "weight": 1 },
{ "model": "custom/signs/direction_signs/empty", "y": 0 , "weight": 1 },
{ "model": "custom/signs/direction_signs/greenhouses_left", "y": 0 , "weight": 1 },
{ "model": "custom/signs/direction_signs/empty", "y": 0 , "weight": 1 },
{ "model": "custom/signs/direction_signs/empty", "y": 0 , "weight": 1 },
{ "model": "custom/signs/direction_signs/astronomy_tower_left", "y": 270 , "weight": 1 },
{ "model": "custom/signs/direction_signs/greenhouses_left", "y": 90 , "weight": 1 },
{ "model": "custom/signs/direction_signs/empty", "y": 0 , "weight": 1 },
{ "model": "custom/signs/direction_signs/empty", "y": 0 , "weight": 1 },
{ "model": "custom/signs/direction_signs/potions_right", "y": 180 , "weight": 1 },
{ "model": "custom/signs/direction_signs/potions_right", "y": 0 , "weight": 1 },
{ "model": "custom/signs/direction_signs/dada_left", "y": 0 , "weight": 1 },
{ "model": "custom/signs/direction_signs/empty", "y": 0 , "weight": 1 },
{ "model": "custom/signs/direction_signs/empty", "y": 0 , "weight": 1 },
{ "model": "custom/signs/direction_signs/empty", "y": 0 , "weight": 1 },
{ "model": "custom/signs/direction_signs/empty", "y": 0 , "weight": 1 },
{ "model": "custom/signs/direction_signs/empty", "y": 0 , "weight": 1 },
{ "model": "custom/signs/direction_signs/charms_right", "y": 90 , "weight": 1 },
{ "model": "custom/signs/direction_signs/girls_lavatory_right", "y": 270 , "weight": 1 },
{ "model": "custom/signs/direction_signs/empty", "y": 0 , "weight": 1 },
{ "model": "custom/signs/direction_signs/empty", "y": 0 , "weight": 1 },
{ "model": "custom/signs/direction_signs/empty", "y": 0 , "weight": 1 },
{ "model": "custom/signs/direction_signs/empty", "y": 0 , "weight": 1 },
{ "model": "custom/signs/direction_signs/dada_left", "y": 90 , "weight": 1 },
{ "model": "custom/signs/direction_signs/empty", "y": 0 , "weight": 1 },
{ "model": "custom/signs/direction_signs/empty", "y": 0 , "weight": 1 },
{ "model": "custom/signs/direction_signs/potions_left", "y": 270 , "weight": 1 },
{ "model": "custom/signs/direction_signs/charms_left_down", "y": 180 , "weight": 1 },
{ "model": "custom/signs/direction_signs/library_left", "y": 90 , "weight": 1 },
{ "model": "custom/signs/direction_signs/astronomy_tower_left", "y": 0 , "weight": 1 },
{ "model": "custom/signs/direction_signs/empty", "y": 0 , "weight": 1 },
{ "model": "custom/signs/direction_signs/empty", "y": 0 , "weight": 1 },
{ "model": "custom/signs/direction_signs/empty", "y": 0 , "weight": 1 },
{ "model": "custom/signs/direction_signs/empty", "y": 0 , "weight": 1 },
{ "model": "custom/signs/direction_signs/empty", "y": 0 , "weight": 1 },
{ "model": "custom/signs/direction_signs/empty", "y": 0 , "weight": 1 },
{ "model": "custom/signs/direction_signs/hospital_wing_left", "y": 0 , "weight": 1 },
{ "model": "custom/signs/direction_signs/forbidden_forest_left_up", "y": 90 , "weight": 1 },
{ "model": "custom/signs/direction_signs/caretakers_office_left", "y": 270 , "weight": 1 },
{ "model": "custom/signs/direction_signs/empty", "y": 0 , "weight": 1 },
{ "model": "custom/signs/direction_signs/dungeons_right", "y": 270 , "weight": 1 },
{ "model": "custom/signs/direction_signs/empty", "y": 0 , "weight": 1 },
{ "model": "custom/signs/direction_signs/empty", "y": 0 , "weight": 1 },
{ "model": "custom/signs/direction_signs/empty", "y": 0 , "weight": 1 },
{ "model": "custom/signs/direction_signs/empty", "y": 0 , "weight": 1 },
{ "model": "custom/signs/direction_signs/empty", "y": 0 , "weight": 1 },
{ "model": "custom/signs/direction_signs/slytherin_left", "y": 90 , "weight": 1 },
{ "model": "custom/signs/direction_signs/empty", "y": 0 , "weight": 1 },
{ "model": "custom/signs/direction_signs/empty", "y": 0 , "weight": 1 },
{ "model": "custom/signs/direction_signs/empty", "y": 0 , "weight": 1 },
{ "model": "custom/signs/direction_signs/potions_right", "y": 180 , "weight": 1 },
{ "model": "custom/signs/direction_signs/divination_right", "y": 180 , "weight": 1 },
{ "model": "custom/signs/direction_signs/empty", "y": 0 , "weight": 1 },
{ "model": "custom/signs/direction_signs/empty", "y": 0 , "weight": 1 },
{ "model": "custom/signs/direction_signs/headmaster_right", "y": 0 , "weight": 1 },
{ "model": "custom/signs/direction_signs/library_left", "y": 90 , "weight": 1 },
{ "model": "custom/signs/direction_signs/empty", "y": 0 , "weight": 1 },
{ "model": "custom/signs/direction_signs/library_right", "y": 0 , "weight": 1 },
{ "model": "custom/signs/direction_signs/charms_right_up", "y": 180 , "weight": 1 },
{ "model": "custom/signs/direction_signs/empty", "y": 0 , "weight": 1 },
{ "model": "custom/signs/direction_signs/library_right", "y": 270 , "weight": 1 },
{ "model": "custom/signs/direction_signs/hufflepuff_left", "y": 90 , "weight": 1 },
{ "model": "custom/signs/direction_signs/hufflepuff_left", "y": 90 , "weight": 1 },
{ "model": "custom/signs/direction_signs/transfiguration_left", "y": 180 , "weight": 1 },
{ "model": "custom/signs/direction_signs/empty", "y": 0 , "weight": 1 },
{ "model": "custom/signs/direction_signs/empty", "y": 0 , "weight": 1 },
{ "model": "custom/signs/direction_signs/hufflepuff_right_down", "y": 180 , "weight": 1 },
{ "model": "custom/signs/direction_signs/charms_right", "y": 270 , "weight": 1 },
{ "model": "custom/signs/direction_signs/greenhouses_left", "y": 180 , "weight": 1 },
{ "model": "custom/signs/direction_signs/empty", "y": 0 , "weight": 1 },
{ "model": "custom/signs/direction_signs/dada_right", "y": 270 , "weight": 1 },
{ "model": "custom/signs/direction_signs/empty", "y": 0 , "weight": 1 },
{ "model": "custom/signs/direction_signs/dada_left", "y": 0 , "weight": 1 },
{ "model": "custom/signs/direction_signs/ravenclaw_right", "y": 90 , "weight": 1 },
{ "model": "custom/signs/direction_signs/empty", "y": 0 , "weight": 1 },
{ "model": "custom/signs/direction_signs/empty", "y": 0 , "weight": 1 },
{ "model": "custom/signs/direction_signs/empty", "y": 0 , "weight": 1 },
{ "model": "custom/signs/direction_signs/empty", "y": 0 , "weight": 1 },
{ "model": "custom/signs/direction_signs/empty", "y": 0 , "weight": 1 },
{ "model": "custom/signs/direction_signs/empty", "y": 0 , "weight": 1 },
{ "model": "custom/signs/direction_signs/empty", "y": 0 , "weight": 1 },
{ "model": "custom/signs/direction_signs/empty", "y": 0 , "weight": 1 },
{ "model": "custom/signs/direction_signs/empty", "y": 0 , "weight": 1 },
{ "model": "custom/signs/direction_signs/empty", "y": 0 , "weight": 1 },
{ "model": "custom/signs/direction_signs/empty", "y": 0 , "weight": 1 },
{ "model": "custom/signs/direction_signs/empty", "y": 0 , "weight": 1 },
{ "model": "custom/signs/direction_signs/empty", "y": 0 , "weight": 1 },
{ "model": "custom/signs/direction_signs/empty", "y": 0 , "weight": 1 },
{ "model": "custom/signs/direction_signs/empty", "y": 0 , "weight": 1 },
{ "model": "custom/signs/direction_signs/empty", "y": 0 , "weight": 1 },
{ "model": "custom/signs/direction_signs/empty", "y": 0 , "weight": 1 },
{ "model": "custom/signs/direction_signs/forbidden_forest_right", "y": 90 , "weight": 1 },
{ "model": "custom/signs/direction_signs/gryffindor_right", "y": 180 , "weight": 1 },
{ "model": "custom/signs/direction_signs/empty", "y": 0 , "weight": 1 },
{ "model": "custom/signs/direction_signs/empty", "y": 0 , "weight": 1 },
{ "model": "custom/signs/direction_signs/empty", "y": 0 , "weight": 1 },
{ "model": "custom/signs/direction_signs/empty", "y": 0 , "weight": 1 },
{ "model": "custom/signs/direction_signs/empty", "y": 0 , "weight": 1 },
{ "model": "custom/signs/direction_signs/empty", "y": 0 , "weight": 1 },
{ "model": "custom/signs/direction_signs/ravenclaw_right", "y": 180 , "weight": 1 },
{ "model": "custom/signs/direction_signs/empty", "y": 0 , "weight": 1 },
{ "model": "custom/signs/direction_signs/empty", "y": 0 , "weight": 1 },
{ "model": "custom/signs/direction_signs/hospital_wing_left", "y": 90 , "weight": 1 },
{ "model": "custom/signs/direction_signs/empty", "y": 0 , "weight": 1 },
{ "model": "custom/signs/direction_signs/empty", "y": 0 , "weight": 1 },
{ "model": "custom/signs/direction_signs/potions_left", "y": 90 , "weight": 1 },
{ "model": "custom/signs/direction_signs/empty", "y": 0 , "weight": 1 },
{ "model": "custom/signs/direction_signs/empty", "y": 0 , "weight": 1 },
{ "model": "custom/signs/direction_signs/empty", "y": 0 , "weight": 1 },
{ "model": "custom/signs/direction_signs/great_hall_left", "y": 270 , "weight": 1 },
{ "model": "custom/signs/direction_signs/hufflepuff_left", "y": 270 , "weight": 1 },
{ "model": "custom/signs/direction_signs/empty", "y": 0 , "weight": 1 },
{ "model": "custom/signs/direction_signs/empty", "y": 0 , "weight": 1 },
{ "model": "custom/signs/direction_signs/empty", "y": 0 , "weight": 1 },
{ "model": "custom/signs/direction_signs/empty", "y": 0 , "weight": 1 },
{ "model": "custom/signs/direction_signs/empty", "y": 0 , "weight": 1 },
{ "model": "custom/signs/direction_signs/empty", "y": 0 , "weight": 1 },
{ "model": "custom/signs/direction_signs/empty", "y": 0 , "weight": 1 },
{ "model": "custom/signs/direction_signs/hufflepuff_right", "y": 270 , "weight": 1 },
{ "model": "custom/signs/direction_signs/empty", "y": 0 , "weight": 1 },
{ "model": "custom/signs/direction_signs/empty", "y": 0 , "weight": 1 },
{ "model": "custom/signs/direction_signs/empty", "y": 0 , "weight": 1 },
{ "model": "custom/signs/direction_signs/empty", "y": 0 , "weight": 1 },
{ "model": "custom/signs/direction_signs/empty", "y": 0 , "weight": 1 },
{ "model": "custom/signs/direction_signs/slytherin_right", "y": 0 , "weight": 1 },
{ "model": "custom/signs/direction_signs/empty", "y": 0 , "weight": 1 },
{ "model": "custom/signs/direction_signs/empty", "y": 0 , "weight": 1 },
{ "model": "custom/signs/direction_signs/empty", "y": 0 , "weight": 1 },
{ "model": "custom/signs/direction_signs/empty", "y": 0 , "weight": 1 },
{ "model": "custom/signs/direction_signs/boathouse_left", "y": 180 , "weight": 1 },
{ "model": "custom/signs/direction_signs/empty", "y": 0 , "weight": 1 },
{ "model": "custom/signs/direction_signs/potions_right", "y": 90 , "weight": 1 },
{ "model": "custom/signs/direction_signs/headmaster_right", "y": 180 , "weight": 1 },
{ "model": "custom/signs/direction_signs/empty", "y": 0 , "weight": 1 },
{ "model": "custom/signs/direction_signs/ravenclaw_left", "y": 90 , "weight": 1 },
{ "model": "custom/signs/direction_signs/empty", "y": 0 , "weight": 1 },
{ "model": "custom/signs/direction_signs/empty", "y": 0 , "weight": 1 },
{ "model": "custom/signs/direction_signs/grand_staircase_right", "y": 0 , "weight": 1 },
{ "model": "custom/signs/direction_signs/empty", "y": 0 , "weight": 1 },
{ "model": "custom/signs/direction_signs/empty", "y": 0 , "weight": 1 },
{ "model": "custom/signs/direction_signs/empty", "y": 0 , "weight": 1 },
{ "model": "custom/signs/direction_signs/owlery_left", "y": 0 , "weight": 1 },
{ "model": "custom/signs/direction_signs/empty", "y": 0 , "weight": 1 },
{ "model": "custom/signs/direction_signs/hospital_wing_right", "y": 270 , "weight": 1 },
{ "model": "custom/signs/direction_signs/empty", "y": 0 , "weight": 1 },
{ "model": "custom/signs/direction_signs/empty", "y": 0 , "weight": 1 },
{ "model": "custom/signs/direction_signs/empty", "y": 0 , "weight": 1 },
{ "model": "custom/signs/direction_signs/empty", "y": 0 , "weight": 1 },
{ "model": "custom/signs/direction_signs/third_floor_corridor_right", "y": 270 , "weight": 1 },
{ "model": "custom/signs/direction_signs/empty", "y": 0 , "weight": 1 },
{ "model": "custom/signs/direction_signs/empty", "y": 0 , "weight": 1 },
{ "model": "custom/signs/direction_signs/empty", "y": 0 , "weight": 1 },
{ "model": "custom/signs/direction_signs/empty", "y": 0 , "weight": 1 },
{ "model": "custom/signs/direction_signs/empty", "y": 0 , "weight": 1 },
{ "model": "custom/signs/direction_signs/empty", "y": 0 , "weight": 1 },
{ "model": "custom/signs/direction_signs/divination_right", "y": 270 , "weight": 1 },
{ "model": "custom/signs/direction_signs/forbidden_forest_right", "y": 270 , "weight": 1 },
{ "model": "custom/signs/direction_signs/empty", "y": 0 , "weight": 1 },
{ "model": "custom/signs/direction_signs/empty", "y": 0 , "weight": 1 },
{ "model": "custom/signs/direction_signs/dungeons_right", "y": 0 , "weight": 1 },
{ "model": "custom/signs/direction_signs/empty", "y": 0 , "weight": 1 },
{ "model": "custom/signs/direction_signs/empty", "y": 0 , "weight": 1 },
{ "model": "custom/signs/direction_signs/greenhouses_right", "y": 270 , "weight": 1 },
{ "model": "custom/signs/direction_signs/empty", "y": 0 , "weight": 1 },
{ "model": "custom/signs/direction_signs/empty", "y": 0 , "weight": 1 },
{ "model": "custom/signs/direction_signs/greenhouses_right", "y": 270 , "weight": 1 },
{ "model": "custom/signs/direction_signs/empty", "y": 0 , "weight": 1 },
{ "model": "custom/signs/direction_signs/empty", "y": 0 , "weight": 1 },
{ "model": "custom/signs/direction_signs/empty", "y": 0 , "weight": 1 },
{ "model": "custom/signs/direction_signs/hospital_wing_right", "y": 270 , "weight": 1 },
{ "model": "custom/signs/direction_signs/dungeons_left", "y": 0 , "weight": 1 },
{ "model": "custom/signs/direction_signs/empty", "y": 0 , "weight": 1 },
{ "model": "custom/signs/direction_signs/owlery_right", "y": 270 , "weight": 1 },
{ "model": "custom/signs/direction_signs/empty", "y": 0 , "weight": 1 },
{ "model": "custom/signs/direction_signs/empty", "y": 0 , "weight": 1 },
{ "model": "custom/signs/direction_signs/empty", "y": 0 , "weight": 1 },
{ "model": "custom/signs/direction_signs/empty", "y": 0 , "weight": 1 },
{ "model": "custom/signs/direction_signs/empty", "y": 0 , "weight": 1 },
{ "model": "custom/signs/direction_signs/empty", "y": 0 , "weight": 1 },
{ "model": "custom/signs/direction_signs/empty", "y": 0 , "weight": 1 },
{ "model": "custom/signs/direction_signs/empty", "y": 0 , "weight": 1 },
{ "model": "custom/signs/direction_signs/empty", "y": 0 , "weight": 1 },
{ "model": "custom/signs/direction_signs/empty", "y": 0 , "weight": 1 },
{ "model": "custom/signs/direction_signs/ravenclaw_right", "y": 270 , "weight": 1 },
{ "model": "custom/signs/direction_signs/empty", "y": 0 , "weight": 1 },
{ "model": "custom/signs/direction_signs/empty", "y": 0 , "weight": 1 },
{ "model": "custom/signs/direction_signs/empty", "y": 0 , "weight": 1 },
{ "model": "custom/signs/direction_signs/empty", "y": 0 , "weight": 1 },
{ "model": "custom/signs/direction_signs/slytherin_right", "y": 270 , "weight": 1 },
{ "model": "custom/signs/direction_signs/empty", "y": 0 , "weight": 1 },
{ "model": "custom/signs/direction_signs/empty", "y": 0 , "weight": 1 },
{ "model": "custom/signs/direction_signs/empty", "y": 0 , "weight": 1 },
{ "model": "custom/signs/direction_signs/empty", "y": 0 , "weight": 1 },
{ "model": "custom/signs/direction_signs/empty", "y": 0 , "weight": 1 },
{ "model": "custom/signs/direction_signs/empty", "y": 0 , "weight": 1 },
{ "model": "custom/signs/direction_signs/empty", "y": 0 , "weight": 1 },
{ "model": "custom/signs/direction_signs/empty", "y": 0 , "weight": 1 },
{ "model": "custom/signs/direction_signs/empty", "y": 0 , "weight": 1 },
{ "model": "custom/signs/direction_signs/empty", "y": 0 , "weight": 1 },
{ "model": "custom/signs/direction_signs/empty", "y": 0 , "weight": 1 },
{ "model": "custom/signs/direction_signs/potions_left", "y": 270 , "weight": 1 },
{ "model": "custom/signs/direction_signs/empty", "y": 0 , "weight": 1 },
{ "model": "custom/signs/direction_signs/empty", "y": 0 , "weight": 1 },
{ "model": "custom/signs/direction_signs/charms_right", "y": 270 , "weight": 1 },
{ "model": "custom/signs/direction_signs/library_left", "y": 270 , "weight": 1 },
{ "model": "custom/signs/direction_signs/empty", "y": 0 , "weight": 1 },
{ "model": "custom/signs/direction_signs/empty", "y": 0 , "weight": 1 },
{ "model": "custom/signs/direction_signs/dungeons_right", "y": 270 , "weight": 1 },
{ "model": "custom/signs/direction_signs/empty", "y": 0 , "weight": 1 },
{ "model": "custom/signs/direction_signs/empty", "y": 0 , "weight": 1 },
{ "model": "custom/signs/direction_signs/empty", "y": 0 , "weight": 1 },
{ "model": "custom/signs/direction_signs/empty", "y": 0 , "weight": 1 },
{ "model": "custom/signs/direction_signs/empty", "y": 0 , "weight": 1 },
{ "model": "custom/signs/direction_signs/ravenclaw_left", "y": 270 , "weight": 1 },
{ "model": "custom/signs/direction_signs/hospital_wing_left_up", "y": 90 , "weight": 1 },
{ "model": "custom/signs/direction_signs/empty", "y": 0 , "weight": 1 },
{ "model": "custom/signs/direction_signs/empty", "y": 0 , "weight": 1 },
{ "model": "custom/signs/direction_signs/empty", "y": 0 , "weight": 1 },
{ "model": "custom/signs/direction_signs/empty", "y": 0 , "weight": 1 },
{ "model": "custom/signs/direction_signs/empty", "y": 0 , "weight": 1 },
{ "model": "custom/signs/direction_signs/empty", "y": 0 , "weight": 1 },
{ "model": "custom/signs/direction_signs/empty", "y": 0 , "weight": 1 },
{ "model": "custom/signs/direction_signs/empty", "y": 0 , "weight": 1 },
{ "model": "custom/signs/direction_signs/dada_left", "y": 0 , "weight": 1 },
{ "model": "custom/signs/direction_signs/empty", "y": 0 , "weight": 1 },
{ "model": "custom/signs/direction_signs/empty", "y": 0 , "weight": 1 },
{ "model": "custom/signs/direction_signs/empty", "y": 0 , "weight": 1 },
{ "model": "custom/signs/direction_signs/empty", "y": 0 , "weight": 1 },
{ "model": "custom/signs/direction_signs/kitchens_left", "y": 90 , "weight": 1 },
{ "model": "custom/signs/direction_signs/empty", "y": 0 , "weight": 1 },
{ "model": "custom/signs/direction_signs/empty", "y": 0 , "weight": 1 },
{ "model": "custom/signs/direction_signs/grand_staircase_left", "y": 90 , "weight": 1 },
{ "model": "custom/signs/direction_signs/empty", "y": 0 , "weight": 1 },
{ "model": "custom/signs/direction_signs/empty", "y": 0 , "weight": 1 },
{ "model": "custom/signs/direction_signs/empty", "y": 0 , "weight": 1 },
{ "model": "custom/signs/direction_signs/hospital_wing_right", "y": 90 , "weight": 1 },
{ "model": "custom/signs/direction_signs/great_hall_right", "y": 180 , "weight": 1 },
{ "model": "custom/signs/direction_signs/dada_right_up", "y": 0 , "weight": 1 },
{ "model": "custom/signs/direction_signs/third_floor_corridor_left", "y": 90 , "weight": 1 },
{ "model": "custom/signs/direction_signs/empty", "y": 0 , "weight": 1 },
{ "model": "custom/signs/direction_signs/empty", "y": 0 , "weight": 1 },
{ "model": "custom/signs/direction_signs/empty", "y": 0 , "weight": 1 },
{ "model": "custom/signs/direction_signs/library_right", "y": 270 , "weight": 1 },
{ "model": "custom/signs/direction_signs/empty", "y": 0 , "weight": 1 },
{ "model": "custom/signs/direction_signs/hospital_wing_left", "y": 270 , "weight": 1 },
{ "model": "custom/signs/direction_signs/empty", "y": 0 , "weight": 1 },
{ "model": "custom/signs/direction_signs/empty", "y": 0 , "weight": 1 },
{ "model": "custom/signs/direction_signs/potions_right", "y": 0 , "weight": 1 },
{ "model": "custom/signs/direction_signs/grand_staircase_right", "y": 0 , "weight": 1 },
{ "model": "custom/signs/direction_signs/empty", "y": 0 , "weight": 1 },
{ "model": "custom/signs/direction_signs/empty", "y": 0 , "weight": 1 },
{ "model": "custom/signs/direction_signs/hospital_wing_right", "y": 90 , "weight": 1 },
{ "model": "custom/signs/direction_signs/empty", "y": 0 , "weight": 1 },
{ "model": "custom/signs/direction_signs/hospital_wing_left", "y": 270 , "weight": 1 },
{ "model": "custom/signs/direction_signs/third_floor_corridor_right", "y": 180 , "weight": 1 },
{ "model": "custom/signs/direction_signs/potions_right", "y": 180 , "weight": 1 },
{ "model": "custom/signs/direction_signs/empty", "y": 0 , "weight": 1 },
{ "model": "custom/signs/direction_signs/empty", "y": 0 , "weight": 1 },
{ "model": "custom/signs/direction_signs/slytherin_left", "y": 270 , "weight": 1 },
{ "model": "custom/signs/direction_signs/empty", "y": 0 , "weight": 1 },
{ "model": "custom/signs/direction_signs/empty", "y": 0 , "weight": 1 },
{ "model": "custom/signs/direction_signs/empty", "y": 0 , "weight": 1 },
{ "model": "custom/signs/direction_signs/empty", "y": 0 , "weight": 1 },
{ "model": "custom/signs/direction_signs/empty", "y": 0 , "weight": 1 },
{ "model": "custom/signs/direction_signs/empty", "y": 0 , "weight": 1 },
{ "model": "custom/signs/direction_signs/empty", "y": 0 , "weight": 1 },
{ "model": "custom/signs/direction_signs/astronomy_tower_left", "y": 0 , "weight": 1 },
{ "model": "custom/signs/direction_signs/empty", "y": 0 , "weight": 1 },
{ "model": "custom/signs/direction_signs/hufflepuff_left", "y": 0 , "weight": 1 },
{ "model": "custom/signs/direction_signs/empty", "y": 0 , "weight": 1 },
{ "model": "custom/signs/direction_signs/empty", "y": 0 , "weight": 1 },
{ "model": "custom/signs/direction_signs/empty", "y": 0 , "weight": 1 },
{ "model": "custom/signs/direction_signs/headmaster_right", "y": 90 , "weight": 1 },
{ "model": "custom/signs/direction_signs/dada_left", "y": 0 , "weight": 1 },
{ "model": "custom/signs/direction_signs/forbidden_forest_right", "y": 270 , "weight": 1 },
{ "model": "custom/signs/direction_signs/empty", "y": 0 , "weight": 1 },
{ "model": "custom/signs/direction_signs/empty", "y": 0 , "weight": 1 },
{ "model": "custom/signs/direction_signs/empty", "y": 0 , "weight": 1 },
{ "model": "custom/signs/direction_signs/empty", "y": 0 , "weight": 1 },
{ "model": "custom/signs/direction_signs/dada_left", "y": 270 , "weight": 1 },
{ "model": "custom/signs/direction_signs/empty", "y": 0 , "weight": 1 },
{ "model": "custom/signs/direction_signs/empty", "y": 0 , "weight": 1 },
{ "model": "custom/signs/direction_signs/empty", "y": 0 , "weight": 1 },
{ "model": "custom/signs/direction_signs/transfiguration_right", "y": 90 , "weight": 1 },
{ "model": "custom/signs/direction_signs/empty", "y": 0 , "weight": 1 },
{ "model": "custom/signs/direction_signs/empty", "y": 0 , "weight": 1 },
{ "model": "custom/signs/direction_signs/empty", "y": 0 , "weight": 1 },
{ "model": "custom/signs/direction_signs/empty", "y": 0 , "weight": 1 },
{ "model": "custom/signs/direction_signs/headmaster_left", "y": 90 , "weight": 1 },
{ "model": "custom/signs/direction_signs/quidditch_pitch_right", "y": 270 , "weight": 1 },
{ "model": "custom/signs/direction_signs/empty", "y": 0 , "weight": 1 },
{ "model": "custom/signs/direction_signs/empty", "y": 0 , "weight": 1 },
{ "model": "custom/signs/direction_signs/empty", "y": 0 , "weight": 1 },
{ "model": "custom/signs/direction_signs/hufflepuff_left", "y": 0 , "weight": 1 },
{ "model": "custom/signs/direction_signs/empty", "y": 0 , "weight": 1 },
{ "model": "custom/signs/direction_signs/empty", "y": 0 , "weight": 1 },
{ "model": "custom/signs/direction_signs/empty", "y": 0 , "weight": 1 },
{ "model": "custom/signs/direction_signs/empty", "y": 0 , "weight": 1 },
{ "model": "custom/signs/direction_signs/great_hall_right", "y": 0 , "weight": 1 },
{ "model": "custom/signs/direction_signs/ravenclaw_left", "y": 180 , "weight": 1 },
{ "model": "custom/signs/direction_signs/slytherin_left", "y": 270 , "weight": 1 },
{ "model": "custom/signs/direction_signs/grand_staircase_left", "y": 0 , "weight": 1 },
{ "model": "custom/signs/direction_signs/divination_left", "y": 180 , "weight": 1 },
{ "model": "custom/signs/direction_signs/empty", "y": 0 , "weight": 1 },
{ "model": "custom/signs/direction_signs/astronomy_tower_left", "y": 180 , "weight": 1 },
{ "model": "custom/signs/direction_signs/empty", "y": 0 , "weight": 1 },
{ "model": "custom/signs/direction_signs/greenhouses_left", "y": 90 , "weight": 1 },
{ "model": "custom/signs/direction_signs/empty", "y": 0 , "weight": 1 },
{ "model": "custom/signs/direction_signs/empty", "y": 0 , "weight": 1 },
{ "model": "custom/signs/direction_signs/ravenclaw_left", "y": 270 , "weight": 1 },
{ "model": "custom/signs/direction_signs/empty", "y": 0 , "weight": 1 },
{ "model": "custom/signs/direction_signs/ravenclaw_right_up", "y": 270 , "weight": 1 },
{ "model": "custom/signs/direction_signs/gryffindor_right", "y": 180 , "weight": 1 },
{ "model": "custom/signs/direction_signs/empty", "y": 0 , "weight": 1 },
{ "model": "custom/signs/direction_signs/empty", "y": 0 , "weight": 1 },
{ "model": "custom/signs/direction_signs/potions_left", "y": 270 , "weight": 1 },
{ "model": "custom/signs/direction_signs/empty", "y": 0 , "weight": 1 },
{ "model": "custom/signs/direction_signs/empty", "y": 0 , "weight": 1 },
{ "model": "custom/signs/direction_signs/empty", "y": 0 , "weight": 1 },
{ "model": "custom/signs/direction_signs/empty", "y": 0 , "weight": 1 },
{ "model": "custom/signs/direction_signs/charms_left", "y": 270 , "weight": 1 },
{ "model": "custom/signs/direction_signs/dungeons_right", "y": 270 , "weight": 1 },
{ "model": "custom/signs/direction_signs/empty", "y": 0 , "weight": 1 },
{ "model": "custom/signs/direction_signs/empty", "y": 0 , "weight": 1 },
{ "model": "custom/signs/direction_signs/empty", "y": 0 , "weight": 1 },
{ "model": "custom/signs/direction_signs/empty", "y": 0 , "weight": 1 },
{ "model": "custom/signs/direction_signs/empty", "y": 0 , "weight": 1 },
{ "model": "custom/signs/direction_signs/transfiguration_left", "y": 0 , "weight": 1 },
{ "model": "custom/signs/direction_signs/dada_left", "y": 90 , "weight": 1 },
{ "model": "custom/signs/direction_signs/empty", "y": 0 , "weight": 1 },
{ "model": "custom/signs/direction_signs/forbidden_forest_right", "y": 270 , "weight": 1 },
{ "model": "custom/signs/direction_signs/empty", "y": 0 , "weight": 1 },
{ "model": "custom/signs/direction_signs/empty", "y": 0 , "weight": 1 }]

    }
}
