{
    "variants": {
        "powered=false,disarmed=false,attached=false,east=false,north=false,south=false,west=false": [{ "model": "custom/ceiling_leaves/ceiling_leaves1a" }, { "model": "custom/ceiling_leaves/ceiling_leaves1a", "y": 180 }, { "model": "custom/ceiling_leaves/ceiling_leaves1a", "y": 90 }, { "model": "custom/ceiling_leaves/ceiling_leaves1a", "y": 270 },{ "model": "custom/ceiling_leaves/ceiling_leaves1b" }, { "model": "custom/ceiling_leaves/ceiling_leaves1b", "y": 180 }, { "model": "custom/ceiling_leaves/ceiling_leaves1b", "y": 90 }, { "model": "custom/ceiling_leaves/ceiling_leaves1b", "y": 270 },{ "model": "custom/ceiling_leaves/ceiling_leaves2a" }, { "model": "custom/ceiling_leaves/ceiling_leaves2a", "y": 180 }, { "model": "custom/ceiling_leaves/ceiling_leaves2a", "y": 90 }, { "model": "custom/ceiling_leaves/ceiling_leaves2a", "y": 270 },{ "model": "custom/ceiling_leaves/ceiling_leaves2b" }, { "model": "custom/ceiling_leaves/ceiling_leaves2b", "y": 180 }, { "model": "custom/ceiling_leaves/ceiling_leaves2b", "y": 90 }, { "model": "custom/ceiling_leaves/ceiling_leaves2b", "y": 270 },{ "model": "custom/ceiling_leaves/ceiling_leaves2c" }, { "model": "custom/ceiling_leaves/ceiling_leaves2c", "y": 180 }, { "model": "custom/ceiling_leaves/ceiling_leaves2c", "y": 90 }, { "model": "custom/ceiling_leaves/ceiling_leaves2c", "y": 270 }],
        "powered=false,disarmed=false,attached=false,east=false,north=true,south=false,west=false": [{ "model": "custom/ceiling_leaves/ceiling_leaves1a" }, { "model": "custom/ceiling_leaves/ceiling_leaves1a", "y": 180 }, { "model": "custom/ceiling_leaves/ceiling_leaves1a", "y": 90 }, { "model": "custom/ceiling_leaves/ceiling_leaves1a", "y": 270 },{ "model": "custom/ceiling_leaves/ceiling_leaves1b" }, { "model": "custom/ceiling_leaves/ceiling_leaves1b", "y": 180 }, { "model": "custom/ceiling_leaves/ceiling_leaves1b", "y": 90 }, { "model": "custom/ceiling_leaves/ceiling_leaves1b", "y": 270 },{ "model": "custom/ceiling_leaves/ceiling_leaves2a" }, { "model": "custom/ceiling_leaves/ceiling_leaves2a", "y": 180 }, { "model": "custom/ceiling_leaves/ceiling_leaves2a", "y": 90 }, { "model": "custom/ceiling_leaves/ceiling_leaves2a", "y": 270 },{ "model": "custom/ceiling_leaves/ceiling_leaves2b" }, { "model": "custom/ceiling_leaves/ceiling_leaves2b", "y": 180 }, { "model": "custom/ceiling_leaves/ceiling_leaves2b", "y": 90 }, { "model": "custom/ceiling_leaves/ceiling_leaves2b", "y": 270 },{ "model": "custom/ceiling_leaves/ceiling_leaves2c" }, { "model": "custom/ceiling_leaves/ceiling_leaves2c", "y": 180 }, { "model": "custom/ceiling_leaves/ceiling_leaves2c", "y": 90 }, { "model": "custom/ceiling_leaves/ceiling_leaves2c", "y": 270 }],
        "powered=false,disarmed=false,attached=false,east=false,north=false,south=true,west=false": [{ "model": "custom/ceiling_leaves/ceiling_leaves1a" }, { "model": "custom/ceiling_leaves/ceiling_leaves1a", "y": 180 }, { "model": "custom/ceiling_leaves/ceiling_leaves1a", "y": 90 }, { "model": "custom/ceiling_leaves/ceiling_leaves1a", "y": 270 },{ "model": "custom/ceiling_leaves/ceiling_leaves1b" }, { "model": "custom/ceiling_leaves/ceiling_leaves1b", "y": 180 }, { "model": "custom/ceiling_leaves/ceiling_leaves1b", "y": 90 }, { "model": "custom/ceiling_leaves/ceiling_leaves1b", "y": 270 },{ "model": "custom/ceiling_leaves/ceiling_leaves2a" }, { "model": "custom/ceiling_leaves/ceiling_leaves2a", "y": 180 }, { "model": "custom/ceiling_leaves/ceiling_leaves2a", "y": 90 }, { "model": "custom/ceiling_leaves/ceiling_leaves2a", "y": 270 },{ "model": "custom/ceiling_leaves/ceiling_leaves2b" }, { "model": "custom/ceiling_leaves/ceiling_leaves2b", "y": 180 }, { "model": "custom/ceiling_leaves/ceiling_leaves2b", "y": 90 }, { "model": "custom/ceiling_leaves/ceiling_leaves2b", "y": 270 },{ "model": "custom/ceiling_leaves/ceiling_leaves2c" }, { "model": "custom/ceiling_leaves/ceiling_leaves2c", "y": 180 }, { "model": "custom/ceiling_leaves/ceiling_leaves2c", "y": 90 }, { "model": "custom/ceiling_leaves/ceiling_leaves2c", "y": 270 }],
        "powered=false,disarmed=false,attached=false,east=true,north=false,south=false,west=false": [{ "model": "custom/ceiling_leaves/ceiling_leaves1a" }, { "model": "custom/ceiling_leaves/ceiling_leaves1a", "y": 180 }, { "model": "custom/ceiling_leaves/ceiling_leaves1a", "y": 90 }, { "model": "custom/ceiling_leaves/ceiling_leaves1a", "y": 270 },{ "model": "custom/ceiling_leaves/ceiling_leaves1b" }, { "model": "custom/ceiling_leaves/ceiling_leaves1b", "y": 180 }, { "model": "custom/ceiling_leaves/ceiling_leaves1b", "y": 90 }, { "model": "custom/ceiling_leaves/ceiling_leaves1b", "y": 270 },{ "model": "custom/ceiling_leaves/ceiling_leaves2a" }, { "model": "custom/ceiling_leaves/ceiling_leaves2a", "y": 180 }, { "model": "custom/ceiling_leaves/ceiling_leaves2a", "y": 90 }, { "model": "custom/ceiling_leaves/ceiling_leaves2a", "y": 270 },{ "model": "custom/ceiling_leaves/ceiling_leaves2b" }, { "model": "custom/ceiling_leaves/ceiling_leaves2b", "y": 180 }, { "model": "custom/ceiling_leaves/ceiling_leaves2b", "y": 90 }, { "model": "custom/ceiling_leaves/ceiling_leaves2b", "y": 270 },{ "model": "custom/ceiling_leaves/ceiling_leaves2c" }, { "model": "custom/ceiling_leaves/ceiling_leaves2c", "y": 180 }, { "model": "custom/ceiling_leaves/ceiling_leaves2c", "y": 90 }, { "model": "custom/ceiling_leaves/ceiling_leaves2c", "y": 270 }],
        "powered=false,disarmed=false,attached=false,east=false,north=false,south=false,west=true": [{ "model": "custom/ceiling_leaves/ceiling_leaves1a" }, { "model": "custom/ceiling_leaves/ceiling_leaves1a", "y": 180 }, { "model": "custom/ceiling_leaves/ceiling_leaves1a", "y": 90 }, { "model": "custom/ceiling_leaves/ceiling_leaves1a", "y": 270 },{ "model": "custom/ceiling_leaves/ceiling_leaves1b" }, { "model": "custom/ceiling_leaves/ceiling_leaves1b", "y": 180 }, { "model": "custom/ceiling_leaves/ceiling_leaves1b", "y": 90 }, { "model": "custom/ceiling_leaves/ceiling_leaves1b", "y": 270 },{ "model": "custom/ceiling_leaves/ceiling_leaves2a" }, { "model": "custom/ceiling_leaves/ceiling_leaves2a", "y": 180 }, { "model": "custom/ceiling_leaves/ceiling_leaves2a", "y": 90 }, { "model": "custom/ceiling_leaves/ceiling_leaves2a", "y": 270 },{ "model": "custom/ceiling_leaves/ceiling_leaves2b" }, { "model": "custom/ceiling_leaves/ceiling_leaves2b", "y": 180 }, { "model": "custom/ceiling_leaves/ceiling_leaves2b", "y": 90 }, { "model": "custom/ceiling_leaves/ceiling_leaves2b", "y": 270 },{ "model": "custom/ceiling_leaves/ceiling_leaves2c" }, { "model": "custom/ceiling_leaves/ceiling_leaves2c", "y": 180 }, { "model": "custom/ceiling_leaves/ceiling_leaves2c", "y": 90 }, { "model": "custom/ceiling_leaves/ceiling_leaves2c", "y": 270 }],
        "powered=false,disarmed=false,attached=false,east=true,north=true,south=false,west=false": [{ "model": "custom/ceiling_leaves/ceiling_leaves1a" }, { "model": "custom/ceiling_leaves/ceiling_leaves1a", "y": 180 }, { "model": "custom/ceiling_leaves/ceiling_leaves1a", "y": 90 }, { "model": "custom/ceiling_leaves/ceiling_leaves1a", "y": 270 },{ "model": "custom/ceiling_leaves/ceiling_leaves1b" }, { "model": "custom/ceiling_leaves/ceiling_leaves1b", "y": 180 }, { "model": "custom/ceiling_leaves/ceiling_leaves1b", "y": 90 }, { "model": "custom/ceiling_leaves/ceiling_leaves1b", "y": 270 },{ "model": "custom/ceiling_leaves/ceiling_leaves2a" }, { "model": "custom/ceiling_leaves/ceiling_leaves2a", "y": 180 }, { "model": "custom/ceiling_leaves/ceiling_leaves2a", "y": 90 }, { "model": "custom/ceiling_leaves/ceiling_leaves2a", "y": 270 },{ "model": "custom/ceiling_leaves/ceiling_leaves2b" }, { "model": "custom/ceiling_leaves/ceiling_leaves2b", "y": 180 }, { "model": "custom/ceiling_leaves/ceiling_leaves2b", "y": 90 }, { "model": "custom/ceiling_leaves/ceiling_leaves2b", "y": 270 },{ "model": "custom/ceiling_leaves/ceiling_leaves2c" }, { "model": "custom/ceiling_leaves/ceiling_leaves2c", "y": 180 }, { "model": "custom/ceiling_leaves/ceiling_leaves2c", "y": 90 }, { "model": "custom/ceiling_leaves/ceiling_leaves2c", "y": 270 }],
        "powered=false,disarmed=false,attached=false,east=true,north=false,south=true,west=false": [{ "model": "custom/ceiling_leaves/ceiling_leaves1a" }, { "model": "custom/ceiling_leaves/ceiling_leaves1a", "y": 180 }, { "model": "custom/ceiling_leaves/ceiling_leaves1a", "y": 90 }, { "model": "custom/ceiling_leaves/ceiling_leaves1a", "y": 270 },{ "model": "custom/ceiling_leaves/ceiling_leaves1b" }, { "model": "custom/ceiling_leaves/ceiling_leaves1b", "y": 180 }, { "model": "custom/ceiling_leaves/ceiling_leaves1b", "y": 90 }, { "model": "custom/ceiling_leaves/ceiling_leaves1b", "y": 270 },{ "model": "custom/ceiling_leaves/ceiling_leaves2a" }, { "model": "custom/ceiling_leaves/ceiling_leaves2a", "y": 180 }, { "model": "custom/ceiling_leaves/ceiling_leaves2a", "y": 90 }, { "model": "custom/ceiling_leaves/ceiling_leaves2a", "y": 270 },{ "model": "custom/ceiling_leaves/ceiling_leaves2b" }, { "model": "custom/ceiling_leaves/ceiling_leaves2b", "y": 180 }, { "model": "custom/ceiling_leaves/ceiling_leaves2b", "y": 90 }, { "model": "custom/ceiling_leaves/ceiling_leaves2b", "y": 270 },{ "model": "custom/ceiling_leaves/ceiling_leaves2c" }, { "model": "custom/ceiling_leaves/ceiling_leaves2c", "y": 180 }, { "model": "custom/ceiling_leaves/ceiling_leaves2c", "y": 90 }, { "model": "custom/ceiling_leaves/ceiling_leaves2c", "y": 270 }],
        "powered=false,disarmed=false,attached=false,east=false,north=false,south=true,west=true": [{ "model": "custom/ceiling_leaves/ceiling_leaves1a" }, { "model": "custom/ceiling_leaves/ceiling_leaves1a", "y": 180 }, { "model": "custom/ceiling_leaves/ceiling_leaves1a", "y": 90 }, { "model": "custom/ceiling_leaves/ceiling_leaves1a", "y": 270 },{ "model": "custom/ceiling_leaves/ceiling_leaves1b" }, { "model": "custom/ceiling_leaves/ceiling_leaves1b", "y": 180 }, { "model": "custom/ceiling_leaves/ceiling_leaves1b", "y": 90 }, { "model": "custom/ceiling_leaves/ceiling_leaves1b", "y": 270 },{ "model": "custom/ceiling_leaves/ceiling_leaves2a" }, { "model": "custom/ceiling_leaves/ceiling_leaves2a", "y": 180 }, { "model": "custom/ceiling_leaves/ceiling_leaves2a", "y": 90 }, { "model": "custom/ceiling_leaves/ceiling_leaves2a", "y": 270 },{ "model": "custom/ceiling_leaves/ceiling_leaves2b" }, { "model": "custom/ceiling_leaves/ceiling_leaves2b", "y": 180 }, { "model": "custom/ceiling_leaves/ceiling_leaves2b", "y": 90 }, { "model": "custom/ceiling_leaves/ceiling_leaves2b", "y": 270 },{ "model": "custom/ceiling_leaves/ceiling_leaves2c" }, { "model": "custom/ceiling_leaves/ceiling_leaves2c", "y": 180 }, { "model": "custom/ceiling_leaves/ceiling_leaves2c", "y": 90 }, { "model": "custom/ceiling_leaves/ceiling_leaves2c", "y": 270 }],
        "powered=false,disarmed=false,attached=false,east=false,north=true,south=false,west=true": [{ "model": "custom/ceiling_leaves/ceiling_leaves1a" }, { "model": "custom/ceiling_leaves/ceiling_leaves1a", "y": 180 }, { "model": "custom/ceiling_leaves/ceiling_leaves1a", "y": 90 }, { "model": "custom/ceiling_leaves/ceiling_leaves1a", "y": 270 },{ "model": "custom/ceiling_leaves/ceiling_leaves1b" }, { "model": "custom/ceiling_leaves/ceiling_leaves1b", "y": 180 }, { "model": "custom/ceiling_leaves/ceiling_leaves1b", "y": 90 }, { "model": "custom/ceiling_leaves/ceiling_leaves1b", "y": 270 },{ "model": "custom/ceiling_leaves/ceiling_leaves2a" }, { "model": "custom/ceiling_leaves/ceiling_leaves2a", "y": 180 }, { "model": "custom/ceiling_leaves/ceiling_leaves2a", "y": 90 }, { "model": "custom/ceiling_leaves/ceiling_leaves2a", "y": 270 },{ "model": "custom/ceiling_leaves/ceiling_leaves2b" }, { "model": "custom/ceiling_leaves/ceiling_leaves2b", "y": 180 }, { "model": "custom/ceiling_leaves/ceiling_leaves2b", "y": 90 }, { "model": "custom/ceiling_leaves/ceiling_leaves2b", "y": 270 },{ "model": "custom/ceiling_leaves/ceiling_leaves2c" }, { "model": "custom/ceiling_leaves/ceiling_leaves2c", "y": 180 }, { "model": "custom/ceiling_leaves/ceiling_leaves2c", "y": 90 }, { "model": "custom/ceiling_leaves/ceiling_leaves2c", "y": 270 }],
        "powered=false,disarmed=false,attached=false,east=false,north=true,south=true,west=false": [{ "model": "custom/ceiling_leaves/ceiling_leaves1a" }, { "model": "custom/ceiling_leaves/ceiling_leaves1a", "y": 180 }, { "model": "custom/ceiling_leaves/ceiling_leaves1a", "y": 90 }, { "model": "custom/ceiling_leaves/ceiling_leaves1a", "y": 270 },{ "model": "custom/ceiling_leaves/ceiling_leaves1b" }, { "model": "custom/ceiling_leaves/ceiling_leaves1b", "y": 180 }, { "model": "custom/ceiling_leaves/ceiling_leaves1b", "y": 90 }, { "model": "custom/ceiling_leaves/ceiling_leaves1b", "y": 270 },{ "model": "custom/ceiling_leaves/ceiling_leaves2a" }, { "model": "custom/ceiling_leaves/ceiling_leaves2a", "y": 180 }, { "model": "custom/ceiling_leaves/ceiling_leaves2a", "y": 90 }, { "model": "custom/ceiling_leaves/ceiling_leaves2a", "y": 270 },{ "model": "custom/ceiling_leaves/ceiling_leaves2b" }, { "model": "custom/ceiling_leaves/ceiling_leaves2b", "y": 180 }, { "model": "custom/ceiling_leaves/ceiling_leaves2b", "y": 90 }, { "model": "custom/ceiling_leaves/ceiling_leaves2b", "y": 270 },{ "model": "custom/ceiling_leaves/ceiling_leaves2c" }, { "model": "custom/ceiling_leaves/ceiling_leaves2c", "y": 180 }, { "model": "custom/ceiling_leaves/ceiling_leaves2c", "y": 90 }, { "model": "custom/ceiling_leaves/ceiling_leaves2c", "y": 270 }],
        "powered=false,disarmed=false,attached=false,east=true,north=false,south=false,west=true": [{ "model": "custom/ceiling_leaves/ceiling_leaves1a" }, { "model": "custom/ceiling_leaves/ceiling_leaves1a", "y": 180 }, { "model": "custom/ceiling_leaves/ceiling_leaves1a", "y": 90 }, { "model": "custom/ceiling_leaves/ceiling_leaves1a", "y": 270 },{ "model": "custom/ceiling_leaves/ceiling_leaves1b" }, { "model": "custom/ceiling_leaves/ceiling_leaves1b", "y": 180 }, { "model": "custom/ceiling_leaves/ceiling_leaves1b", "y": 90 }, { "model": "custom/ceiling_leaves/ceiling_leaves1b", "y": 270 },{ "model": "custom/ceiling_leaves/ceiling_leaves2a" }, { "model": "custom/ceiling_leaves/ceiling_leaves2a", "y": 180 }, { "model": "custom/ceiling_leaves/ceiling_leaves2a", "y": 90 }, { "model": "custom/ceiling_leaves/ceiling_leaves2a", "y": 270 },{ "model": "custom/ceiling_leaves/ceiling_leaves2b" }, { "model": "custom/ceiling_leaves/ceiling_leaves2b", "y": 180 }, { "model": "custom/ceiling_leaves/ceiling_leaves2b", "y": 90 }, { "model": "custom/ceiling_leaves/ceiling_leaves2b", "y": 270 },{ "model": "custom/ceiling_leaves/ceiling_leaves2c" }, { "model": "custom/ceiling_leaves/ceiling_leaves2c", "y": 180 }, { "model": "custom/ceiling_leaves/ceiling_leaves2c", "y": 90 }, { "model": "custom/ceiling_leaves/ceiling_leaves2c", "y": 270 }],
        "powered=false,disarmed=false,attached=false,east=true,north=true,south=true,west=false": [{ "model": "custom/ceiling_leaves/ceiling_leaves1a" }, { "model": "custom/ceiling_leaves/ceiling_leaves1a", "y": 180 }, { "model": "custom/ceiling_leaves/ceiling_leaves1a", "y": 90 }, { "model": "custom/ceiling_leaves/ceiling_leaves1a", "y": 270 },{ "model": "custom/ceiling_leaves/ceiling_leaves1b" }, { "model": "custom/ceiling_leaves/ceiling_leaves1b", "y": 180 }, { "model": "custom/ceiling_leaves/ceiling_leaves1b", "y": 90 }, { "model": "custom/ceiling_leaves/ceiling_leaves1b", "y": 270 },{ "model": "custom/ceiling_leaves/ceiling_leaves2a" }, { "model": "custom/ceiling_leaves/ceiling_leaves2a", "y": 180 }, { "model": "custom/ceiling_leaves/ceiling_leaves2a", "y": 90 }, { "model": "custom/ceiling_leaves/ceiling_leaves2a", "y": 270 },{ "model": "custom/ceiling_leaves/ceiling_leaves2b" }, { "model": "custom/ceiling_leaves/ceiling_leaves2b", "y": 180 }, { "model": "custom/ceiling_leaves/ceiling_leaves2b", "y": 90 }, { "model": "custom/ceiling_leaves/ceiling_leaves2b", "y": 270 },{ "model": "custom/ceiling_leaves/ceiling_leaves2c" }, { "model": "custom/ceiling_leaves/ceiling_leaves2c", "y": 180 }, { "model": "custom/ceiling_leaves/ceiling_leaves2c", "y": 90 }, { "model": "custom/ceiling_leaves/ceiling_leaves2c", "y": 270 }],
        "powered=false,disarmed=false,attached=false,east=true,north=false,south=true,west=true": [{ "model": "custom/ceiling_leaves/ceiling_leaves1a" }, { "model": "custom/ceiling_leaves/ceiling_leaves1a", "y": 180 }, { "model": "custom/ceiling_leaves/ceiling_leaves1a", "y": 90 }, { "model": "custom/ceiling_leaves/ceiling_leaves1a", "y": 270 },{ "model": "custom/ceiling_leaves/ceiling_leaves1b" }, { "model": "custom/ceiling_leaves/ceiling_leaves1b", "y": 180 }, { "model": "custom/ceiling_leaves/ceiling_leaves1b", "y": 90 }, { "model": "custom/ceiling_leaves/ceiling_leaves1b", "y": 270 },{ "model": "custom/ceiling_leaves/ceiling_leaves2a" }, { "model": "custom/ceiling_leaves/ceiling_leaves2a", "y": 180 }, { "model": "custom/ceiling_leaves/ceiling_leaves2a", "y": 90 }, { "model": "custom/ceiling_leaves/ceiling_leaves2a", "y": 270 },{ "model": "custom/ceiling_leaves/ceiling_leaves2b" }, { "model": "custom/ceiling_leaves/ceiling_leaves2b", "y": 180 }, { "model": "custom/ceiling_leaves/ceiling_leaves2b", "y": 90 }, { "model": "custom/ceiling_leaves/ceiling_leaves2b", "y": 270 },{ "model": "custom/ceiling_leaves/ceiling_leaves2c" }, { "model": "custom/ceiling_leaves/ceiling_leaves2c", "y": 180 }, { "model": "custom/ceiling_leaves/ceiling_leaves2c", "y": 90 }, { "model": "custom/ceiling_leaves/ceiling_leaves2c", "y": 270 }],
        "powered=false,disarmed=false,attached=false,east=false,north=true,south=true,west=true": [{ "model": "custom/ceiling_leaves/ceiling_leaves1a" }, { "model": "custom/ceiling_leaves/ceiling_leaves1a", "y": 180 }, { "model": "custom/ceiling_leaves/ceiling_leaves1a", "y": 90 }, { "model": "custom/ceiling_leaves/ceiling_leaves1a", "y": 270 },{ "model": "custom/ceiling_leaves/ceiling_leaves1b" }, { "model": "custom/ceiling_leaves/ceiling_leaves1b", "y": 180 }, { "model": "custom/ceiling_leaves/ceiling_leaves1b", "y": 90 }, { "model": "custom/ceiling_leaves/ceiling_leaves1b", "y": 270 },{ "model": "custom/ceiling_leaves/ceiling_leaves2a" }, { "model": "custom/ceiling_leaves/ceiling_leaves2a", "y": 180 }, { "model": "custom/ceiling_leaves/ceiling_leaves2a", "y": 90 }, { "model": "custom/ceiling_leaves/ceiling_leaves2a", "y": 270 },{ "model": "custom/ceiling_leaves/ceiling_leaves2b" }, { "model": "custom/ceiling_leaves/ceiling_leaves2b", "y": 180 }, { "model": "custom/ceiling_leaves/ceiling_leaves2b", "y": 90 }, { "model": "custom/ceiling_leaves/ceiling_leaves2b", "y": 270 },{ "model": "custom/ceiling_leaves/ceiling_leaves2c" }, { "model": "custom/ceiling_leaves/ceiling_leaves2c", "y": 180 }, { "model": "custom/ceiling_leaves/ceiling_leaves2c", "y": 90 }, { "model": "custom/ceiling_leaves/ceiling_leaves2c", "y": 270 }],
        "powered=false,disarmed=false,attached=false,east=true,north=true,south=false,west=true": [{ "model": "custom/ceiling_leaves/ceiling_leaves1a" }, { "model": "custom/ceiling_leaves/ceiling_leaves1a", "y": 180 }, { "model": "custom/ceiling_leaves/ceiling_leaves1a", "y": 90 }, { "model": "custom/ceiling_leaves/ceiling_leaves1a", "y": 270 },{ "model": "custom/ceiling_leaves/ceiling_leaves1b" }, { "model": "custom/ceiling_leaves/ceiling_leaves1b", "y": 180 }, { "model": "custom/ceiling_leaves/ceiling_leaves1b", "y": 90 }, { "model": "custom/ceiling_leaves/ceiling_leaves1b", "y": 270 },{ "model": "custom/ceiling_leaves/ceiling_leaves2a" }, { "model": "custom/ceiling_leaves/ceiling_leaves2a", "y": 180 }, { "model": "custom/ceiling_leaves/ceiling_leaves2a", "y": 90 }, { "model": "custom/ceiling_leaves/ceiling_leaves2a", "y": 270 },{ "model": "custom/ceiling_leaves/ceiling_leaves2b" }, { "model": "custom/ceiling_leaves/ceiling_leaves2b", "y": 180 }, { "model": "custom/ceiling_leaves/ceiling_leaves2b", "y": 90 }, { "model": "custom/ceiling_leaves/ceiling_leaves2b", "y": 270 },{ "model": "custom/ceiling_leaves/ceiling_leaves2c" }, { "model": "custom/ceiling_leaves/ceiling_leaves2c", "y": 180 }, { "model": "custom/ceiling_leaves/ceiling_leaves2c", "y": 90 }, { "model": "custom/ceiling_leaves/ceiling_leaves2c", "y": 270 }],
        "powered=false,disarmed=false,attached=false,east=true,north=true,south=true,west=true": [{ "model": "custom/ceiling_leaves/ceiling_leaves1a" }, { "model": "custom/ceiling_leaves/ceiling_leaves1a", "y": 180 }, { "model": "custom/ceiling_leaves/ceiling_leaves1a", "y": 90 }, { "model": "custom/ceiling_leaves/ceiling_leaves1a", "y": 270 },{ "model": "custom/ceiling_leaves/ceiling_leaves1b" }, { "model": "custom/ceiling_leaves/ceiling_leaves1b", "y": 180 }, { "model": "custom/ceiling_leaves/ceiling_leaves1b", "y": 90 }, { "model": "custom/ceiling_leaves/ceiling_leaves1b", "y": 270 },{ "model": "custom/ceiling_leaves/ceiling_leaves2a" }, { "model": "custom/ceiling_leaves/ceiling_leaves2a", "y": 180 }, { "model": "custom/ceiling_leaves/ceiling_leaves2a", "y": 90 }, { "model": "custom/ceiling_leaves/ceiling_leaves2a", "y": 270 },{ "model": "custom/ceiling_leaves/ceiling_leaves2b" }, { "model": "custom/ceiling_leaves/ceiling_leaves2b", "y": 180 }, { "model": "custom/ceiling_leaves/ceiling_leaves2b", "y": 90 }, { "model": "custom/ceiling_leaves/ceiling_leaves2b", "y": 270 },{ "model": "custom/ceiling_leaves/ceiling_leaves2c" }, { "model": "custom/ceiling_leaves/ceiling_leaves2c", "y": 180 }, { "model": "custom/ceiling_leaves/ceiling_leaves2c", "y": 90 }, { "model": "custom/ceiling_leaves/ceiling_leaves2c", "y": 270 }],
		
		"powered=true,disarmed=false,attached=false,east=false,north=false,south=false,west=false": [{ "model": "custom/ceiling_leaves/ceiling_leaves1a" }, { "model": "custom/ceiling_leaves/ceiling_leaves1a", "y": 180 }, { "model": "custom/ceiling_leaves/ceiling_leaves1a", "y": 90 }, { "model": "custom/ceiling_leaves/ceiling_leaves1a", "y": 270 },{ "model": "custom/ceiling_leaves/ceiling_leaves1b" }, { "model": "custom/ceiling_leaves/ceiling_leaves1b", "y": 180 }, { "model": "custom/ceiling_leaves/ceiling_leaves1b", "y": 90 }, { "model": "custom/ceiling_leaves/ceiling_leaves1b", "y": 270 },{ "model": "custom/ceiling_leaves/ceiling_leaves2a" }, { "model": "custom/ceiling_leaves/ceiling_leaves2a", "y": 180 }, { "model": "custom/ceiling_leaves/ceiling_leaves2a", "y": 90 }, { "model": "custom/ceiling_leaves/ceiling_leaves2a", "y": 270 },{ "model": "custom/ceiling_leaves/ceiling_leaves2b" }, { "model": "custom/ceiling_leaves/ceiling_leaves2b", "y": 180 }, { "model": "custom/ceiling_leaves/ceiling_leaves2b", "y": 90 }, { "model": "custom/ceiling_leaves/ceiling_leaves2b", "y": 270 },{ "model": "custom/ceiling_leaves/ceiling_leaves2c" }, { "model": "custom/ceiling_leaves/ceiling_leaves2c", "y": 180 }, { "model": "custom/ceiling_leaves/ceiling_leaves2c", "y": 90 }, { "model": "custom/ceiling_leaves/ceiling_leaves2c", "y": 270 }],
        "powered=true,disarmed=false,attached=false,east=false,north=true,south=false,west=false": [{ "model": "custom/ceiling_leaves/ceiling_leaves1a" }, { "model": "custom/ceiling_leaves/ceiling_leaves1a", "y": 180 }, { "model": "custom/ceiling_leaves/ceiling_leaves1a", "y": 90 }, { "model": "custom/ceiling_leaves/ceiling_leaves1a", "y": 270 },{ "model": "custom/ceiling_leaves/ceiling_leaves1b" }, { "model": "custom/ceiling_leaves/ceiling_leaves1b", "y": 180 }, { "model": "custom/ceiling_leaves/ceiling_leaves1b", "y": 90 }, { "model": "custom/ceiling_leaves/ceiling_leaves1b", "y": 270 },{ "model": "custom/ceiling_leaves/ceiling_leaves2a" }, { "model": "custom/ceiling_leaves/ceiling_leaves2a", "y": 180 }, { "model": "custom/ceiling_leaves/ceiling_leaves2a", "y": 90 }, { "model": "custom/ceiling_leaves/ceiling_leaves2a", "y": 270 },{ "model": "custom/ceiling_leaves/ceiling_leaves2b" }, { "model": "custom/ceiling_leaves/ceiling_leaves2b", "y": 180 }, { "model": "custom/ceiling_leaves/ceiling_leaves2b", "y": 90 }, { "model": "custom/ceiling_leaves/ceiling_leaves2b", "y": 270 },{ "model": "custom/ceiling_leaves/ceiling_leaves2c" }, { "model": "custom/ceiling_leaves/ceiling_leaves2c", "y": 180 }, { "model": "custom/ceiling_leaves/ceiling_leaves2c", "y": 90 }, { "model": "custom/ceiling_leaves/ceiling_leaves2c", "y": 270 }],
        "powered=true,disarmed=false,attached=false,east=false,north=false,south=true,west=false": [{ "model": "custom/ceiling_leaves/ceiling_leaves1a" }, { "model": "custom/ceiling_leaves/ceiling_leaves1a", "y": 180 }, { "model": "custom/ceiling_leaves/ceiling_leaves1a", "y": 90 }, { "model": "custom/ceiling_leaves/ceiling_leaves1a", "y": 270 },{ "model": "custom/ceiling_leaves/ceiling_leaves1b" }, { "model": "custom/ceiling_leaves/ceiling_leaves1b", "y": 180 }, { "model": "custom/ceiling_leaves/ceiling_leaves1b", "y": 90 }, { "model": "custom/ceiling_leaves/ceiling_leaves1b", "y": 270 },{ "model": "custom/ceiling_leaves/ceiling_leaves2a" }, { "model": "custom/ceiling_leaves/ceiling_leaves2a", "y": 180 }, { "model": "custom/ceiling_leaves/ceiling_leaves2a", "y": 90 }, { "model": "custom/ceiling_leaves/ceiling_leaves2a", "y": 270 },{ "model": "custom/ceiling_leaves/ceiling_leaves2b" }, { "model": "custom/ceiling_leaves/ceiling_leaves2b", "y": 180 }, { "model": "custom/ceiling_leaves/ceiling_leaves2b", "y": 90 }, { "model": "custom/ceiling_leaves/ceiling_leaves2b", "y": 270 },{ "model": "custom/ceiling_leaves/ceiling_leaves2c" }, { "model": "custom/ceiling_leaves/ceiling_leaves2c", "y": 180 }, { "model": "custom/ceiling_leaves/ceiling_leaves2c", "y": 90 }, { "model": "custom/ceiling_leaves/ceiling_leaves2c", "y": 270 }],
        "powered=true,disarmed=false,attached=false,east=true,north=false,south=false,west=false": [{ "model": "custom/ceiling_leaves/ceiling_leaves1a" }, { "model": "custom/ceiling_leaves/ceiling_leaves1a", "y": 180 }, { "model": "custom/ceiling_leaves/ceiling_leaves1a", "y": 90 }, { "model": "custom/ceiling_leaves/ceiling_leaves1a", "y": 270 },{ "model": "custom/ceiling_leaves/ceiling_leaves1b" }, { "model": "custom/ceiling_leaves/ceiling_leaves1b", "y": 180 }, { "model": "custom/ceiling_leaves/ceiling_leaves1b", "y": 90 }, { "model": "custom/ceiling_leaves/ceiling_leaves1b", "y": 270 },{ "model": "custom/ceiling_leaves/ceiling_leaves2a" }, { "model": "custom/ceiling_leaves/ceiling_leaves2a", "y": 180 }, { "model": "custom/ceiling_leaves/ceiling_leaves2a", "y": 90 }, { "model": "custom/ceiling_leaves/ceiling_leaves2a", "y": 270 },{ "model": "custom/ceiling_leaves/ceiling_leaves2b" }, { "model": "custom/ceiling_leaves/ceiling_leaves2b", "y": 180 }, { "model": "custom/ceiling_leaves/ceiling_leaves2b", "y": 90 }, { "model": "custom/ceiling_leaves/ceiling_leaves2b", "y": 270 },{ "model": "custom/ceiling_leaves/ceiling_leaves2c" }, { "model": "custom/ceiling_leaves/ceiling_leaves2c", "y": 180 }, { "model": "custom/ceiling_leaves/ceiling_leaves2c", "y": 90 }, { "model": "custom/ceiling_leaves/ceiling_leaves2c", "y": 270 }],
        "powered=true,disarmed=false,attached=false,east=false,north=false,south=false,west=true": [{ "model": "custom/ceiling_leaves/ceiling_leaves1a" }, { "model": "custom/ceiling_leaves/ceiling_leaves1a", "y": 180 }, { "model": "custom/ceiling_leaves/ceiling_leaves1a", "y": 90 }, { "model": "custom/ceiling_leaves/ceiling_leaves1a", "y": 270 },{ "model": "custom/ceiling_leaves/ceiling_leaves1b" }, { "model": "custom/ceiling_leaves/ceiling_leaves1b", "y": 180 }, { "model": "custom/ceiling_leaves/ceiling_leaves1b", "y": 90 }, { "model": "custom/ceiling_leaves/ceiling_leaves1b", "y": 270 },{ "model": "custom/ceiling_leaves/ceiling_leaves2a" }, { "model": "custom/ceiling_leaves/ceiling_leaves2a", "y": 180 }, { "model": "custom/ceiling_leaves/ceiling_leaves2a", "y": 90 }, { "model": "custom/ceiling_leaves/ceiling_leaves2a", "y": 270 },{ "model": "custom/ceiling_leaves/ceiling_leaves2b" }, { "model": "custom/ceiling_leaves/ceiling_leaves2b", "y": 180 }, { "model": "custom/ceiling_leaves/ceiling_leaves2b", "y": 90 }, { "model": "custom/ceiling_leaves/ceiling_leaves2b", "y": 270 },{ "model": "custom/ceiling_leaves/ceiling_leaves2c" }, { "model": "custom/ceiling_leaves/ceiling_leaves2c", "y": 180 }, { "model": "custom/ceiling_leaves/ceiling_leaves2c", "y": 90 }, { "model": "custom/ceiling_leaves/ceiling_leaves2c", "y": 270 }],
        "powered=true,disarmed=false,attached=false,east=true,north=true,south=false,west=false": [{ "model": "custom/ceiling_leaves/ceiling_leaves1a" }, { "model": "custom/ceiling_leaves/ceiling_leaves1a", "y": 180 }, { "model": "custom/ceiling_leaves/ceiling_leaves1a", "y": 90 }, { "model": "custom/ceiling_leaves/ceiling_leaves1a", "y": 270 },{ "model": "custom/ceiling_leaves/ceiling_leaves1b" }, { "model": "custom/ceiling_leaves/ceiling_leaves1b", "y": 180 }, { "model": "custom/ceiling_leaves/ceiling_leaves1b", "y": 90 }, { "model": "custom/ceiling_leaves/ceiling_leaves1b", "y": 270 },{ "model": "custom/ceiling_leaves/ceiling_leaves2a" }, { "model": "custom/ceiling_leaves/ceiling_leaves2a", "y": 180 }, { "model": "custom/ceiling_leaves/ceiling_leaves2a", "y": 90 }, { "model": "custom/ceiling_leaves/ceiling_leaves2a", "y": 270 },{ "model": "custom/ceiling_leaves/ceiling_leaves2b" }, { "model": "custom/ceiling_leaves/ceiling_leaves2b", "y": 180 }, { "model": "custom/ceiling_leaves/ceiling_leaves2b", "y": 90 }, { "model": "custom/ceiling_leaves/ceiling_leaves2b", "y": 270 },{ "model": "custom/ceiling_leaves/ceiling_leaves2c" }, { "model": "custom/ceiling_leaves/ceiling_leaves2c", "y": 180 }, { "model": "custom/ceiling_leaves/ceiling_leaves2c", "y": 90 }, { "model": "custom/ceiling_leaves/ceiling_leaves2c", "y": 270 }],
        "powered=true,disarmed=false,attached=false,east=true,north=false,south=true,west=false": [{ "model": "custom/ceiling_leaves/ceiling_leaves1a" }, { "model": "custom/ceiling_leaves/ceiling_leaves1a", "y": 180 }, { "model": "custom/ceiling_leaves/ceiling_leaves1a", "y": 90 }, { "model": "custom/ceiling_leaves/ceiling_leaves1a", "y": 270 },{ "model": "custom/ceiling_leaves/ceiling_leaves1b" }, { "model": "custom/ceiling_leaves/ceiling_leaves1b", "y": 180 }, { "model": "custom/ceiling_leaves/ceiling_leaves1b", "y": 90 }, { "model": "custom/ceiling_leaves/ceiling_leaves1b", "y": 270 },{ "model": "custom/ceiling_leaves/ceiling_leaves2a" }, { "model": "custom/ceiling_leaves/ceiling_leaves2a", "y": 180 }, { "model": "custom/ceiling_leaves/ceiling_leaves2a", "y": 90 }, { "model": "custom/ceiling_leaves/ceiling_leaves2a", "y": 270 },{ "model": "custom/ceiling_leaves/ceiling_leaves2b" }, { "model": "custom/ceiling_leaves/ceiling_leaves2b", "y": 180 }, { "model": "custom/ceiling_leaves/ceiling_leaves2b", "y": 90 }, { "model": "custom/ceiling_leaves/ceiling_leaves2b", "y": 270 },{ "model": "custom/ceiling_leaves/ceiling_leaves2c" }, { "model": "custom/ceiling_leaves/ceiling_leaves2c", "y": 180 }, { "model": "custom/ceiling_leaves/ceiling_leaves2c", "y": 90 }, { "model": "custom/ceiling_leaves/ceiling_leaves2c", "y": 270 }],
        "powered=true,disarmed=false,attached=false,east=false,north=false,south=true,west=true": [{ "model": "custom/ceiling_leaves/ceiling_leaves1a" }, { "model": "custom/ceiling_leaves/ceiling_leaves1a", "y": 180 }, { "model": "custom/ceiling_leaves/ceiling_leaves1a", "y": 90 }, { "model": "custom/ceiling_leaves/ceiling_leaves1a", "y": 270 },{ "model": "custom/ceiling_leaves/ceiling_leaves1b" }, { "model": "custom/ceiling_leaves/ceiling_leaves1b", "y": 180 }, { "model": "custom/ceiling_leaves/ceiling_leaves1b", "y": 90 }, { "model": "custom/ceiling_leaves/ceiling_leaves1b", "y": 270 },{ "model": "custom/ceiling_leaves/ceiling_leaves2a" }, { "model": "custom/ceiling_leaves/ceiling_leaves2a", "y": 180 }, { "model": "custom/ceiling_leaves/ceiling_leaves2a", "y": 90 }, { "model": "custom/ceiling_leaves/ceiling_leaves2a", "y": 270 },{ "model": "custom/ceiling_leaves/ceiling_leaves2b" }, { "model": "custom/ceiling_leaves/ceiling_leaves2b", "y": 180 }, { "model": "custom/ceiling_leaves/ceiling_leaves2b", "y": 90 }, { "model": "custom/ceiling_leaves/ceiling_leaves2b", "y": 270 },{ "model": "custom/ceiling_leaves/ceiling_leaves2c" }, { "model": "custom/ceiling_leaves/ceiling_leaves2c", "y": 180 }, { "model": "custom/ceiling_leaves/ceiling_leaves2c", "y": 90 }, { "model": "custom/ceiling_leaves/ceiling_leaves2c", "y": 270 }],
        "powered=true,disarmed=false,attached=false,east=false,north=true,south=false,west=true": [{ "model": "custom/ceiling_leaves/ceiling_leaves1a" }, { "model": "custom/ceiling_leaves/ceiling_leaves1a", "y": 180 }, { "model": "custom/ceiling_leaves/ceiling_leaves1a", "y": 90 }, { "model": "custom/ceiling_leaves/ceiling_leaves1a", "y": 270 },{ "model": "custom/ceiling_leaves/ceiling_leaves1b" }, { "model": "custom/ceiling_leaves/ceiling_leaves1b", "y": 180 }, { "model": "custom/ceiling_leaves/ceiling_leaves1b", "y": 90 }, { "model": "custom/ceiling_leaves/ceiling_leaves1b", "y": 270 },{ "model": "custom/ceiling_leaves/ceiling_leaves2a" }, { "model": "custom/ceiling_leaves/ceiling_leaves2a", "y": 180 }, { "model": "custom/ceiling_leaves/ceiling_leaves2a", "y": 90 }, { "model": "custom/ceiling_leaves/ceiling_leaves2a", "y": 270 },{ "model": "custom/ceiling_leaves/ceiling_leaves2b" }, { "model": "custom/ceiling_leaves/ceiling_leaves2b", "y": 180 }, { "model": "custom/ceiling_leaves/ceiling_leaves2b", "y": 90 }, { "model": "custom/ceiling_leaves/ceiling_leaves2b", "y": 270 },{ "model": "custom/ceiling_leaves/ceiling_leaves2c" }, { "model": "custom/ceiling_leaves/ceiling_leaves2c", "y": 180 }, { "model": "custom/ceiling_leaves/ceiling_leaves2c", "y": 90 }, { "model": "custom/ceiling_leaves/ceiling_leaves2c", "y": 270 }],
        "powered=true,disarmed=false,attached=false,east=false,north=true,south=true,west=false": [{ "model": "custom/ceiling_leaves/ceiling_leaves1a" }, { "model": "custom/ceiling_leaves/ceiling_leaves1a", "y": 180 }, { "model": "custom/ceiling_leaves/ceiling_leaves1a", "y": 90 }, { "model": "custom/ceiling_leaves/ceiling_leaves1a", "y": 270 },{ "model": "custom/ceiling_leaves/ceiling_leaves1b" }, { "model": "custom/ceiling_leaves/ceiling_leaves1b", "y": 180 }, { "model": "custom/ceiling_leaves/ceiling_leaves1b", "y": 90 }, { "model": "custom/ceiling_leaves/ceiling_leaves1b", "y": 270 },{ "model": "custom/ceiling_leaves/ceiling_leaves2a" }, { "model": "custom/ceiling_leaves/ceiling_leaves2a", "y": 180 }, { "model": "custom/ceiling_leaves/ceiling_leaves2a", "y": 90 }, { "model": "custom/ceiling_leaves/ceiling_leaves2a", "y": 270 },{ "model": "custom/ceiling_leaves/ceiling_leaves2b" }, { "model": "custom/ceiling_leaves/ceiling_leaves2b", "y": 180 }, { "model": "custom/ceiling_leaves/ceiling_leaves2b", "y": 90 }, { "model": "custom/ceiling_leaves/ceiling_leaves2b", "y": 270 },{ "model": "custom/ceiling_leaves/ceiling_leaves2c" }, { "model": "custom/ceiling_leaves/ceiling_leaves2c", "y": 180 }, { "model": "custom/ceiling_leaves/ceiling_leaves2c", "y": 90 }, { "model": "custom/ceiling_leaves/ceiling_leaves2c", "y": 270 }],
        "powered=true,disarmed=false,attached=false,east=true,north=false,south=false,west=true": [{ "model": "custom/ceiling_leaves/ceiling_leaves1a" }, { "model": "custom/ceiling_leaves/ceiling_leaves1a", "y": 180 }, { "model": "custom/ceiling_leaves/ceiling_leaves1a", "y": 90 }, { "model": "custom/ceiling_leaves/ceiling_leaves1a", "y": 270 },{ "model": "custom/ceiling_leaves/ceiling_leaves1b" }, { "model": "custom/ceiling_leaves/ceiling_leaves1b", "y": 180 }, { "model": "custom/ceiling_leaves/ceiling_leaves1b", "y": 90 }, { "model": "custom/ceiling_leaves/ceiling_leaves1b", "y": 270 },{ "model": "custom/ceiling_leaves/ceiling_leaves2a" }, { "model": "custom/ceiling_leaves/ceiling_leaves2a", "y": 180 }, { "model": "custom/ceiling_leaves/ceiling_leaves2a", "y": 90 }, { "model": "custom/ceiling_leaves/ceiling_leaves2a", "y": 270 },{ "model": "custom/ceiling_leaves/ceiling_leaves2b" }, { "model": "custom/ceiling_leaves/ceiling_leaves2b", "y": 180 }, { "model": "custom/ceiling_leaves/ceiling_leaves2b", "y": 90 }, { "model": "custom/ceiling_leaves/ceiling_leaves2b", "y": 270 },{ "model": "custom/ceiling_leaves/ceiling_leaves2c" }, { "model": "custom/ceiling_leaves/ceiling_leaves2c", "y": 180 }, { "model": "custom/ceiling_leaves/ceiling_leaves2c", "y": 90 }, { "model": "custom/ceiling_leaves/ceiling_leaves2c", "y": 270 }],
        "powered=true,disarmed=false,attached=false,east=true,north=true,south=true,west=false": [{ "model": "custom/ceiling_leaves/ceiling_leaves1a" }, { "model": "custom/ceiling_leaves/ceiling_leaves1a", "y": 180 }, { "model": "custom/ceiling_leaves/ceiling_leaves1a", "y": 90 }, { "model": "custom/ceiling_leaves/ceiling_leaves1a", "y": 270 },{ "model": "custom/ceiling_leaves/ceiling_leaves1b" }, { "model": "custom/ceiling_leaves/ceiling_leaves1b", "y": 180 }, { "model": "custom/ceiling_leaves/ceiling_leaves1b", "y": 90 }, { "model": "custom/ceiling_leaves/ceiling_leaves1b", "y": 270 },{ "model": "custom/ceiling_leaves/ceiling_leaves2a" }, { "model": "custom/ceiling_leaves/ceiling_leaves2a", "y": 180 }, { "model": "custom/ceiling_leaves/ceiling_leaves2a", "y": 90 }, { "model": "custom/ceiling_leaves/ceiling_leaves2a", "y": 270 },{ "model": "custom/ceiling_leaves/ceiling_leaves2b" }, { "model": "custom/ceiling_leaves/ceiling_leaves2b", "y": 180 }, { "model": "custom/ceiling_leaves/ceiling_leaves2b", "y": 90 }, { "model": "custom/ceiling_leaves/ceiling_leaves2b", "y": 270 },{ "model": "custom/ceiling_leaves/ceiling_leaves2c" }, { "model": "custom/ceiling_leaves/ceiling_leaves2c", "y": 180 }, { "model": "custom/ceiling_leaves/ceiling_leaves2c", "y": 90 }, { "model": "custom/ceiling_leaves/ceiling_leaves2c", "y": 270 }],
        "powered=true,disarmed=false,attached=false,east=true,north=false,south=true,west=true": [{ "model": "custom/ceiling_leaves/ceiling_leaves1a" }, { "model": "custom/ceiling_leaves/ceiling_leaves1a", "y": 180 }, { "model": "custom/ceiling_leaves/ceiling_leaves1a", "y": 90 }, { "model": "custom/ceiling_leaves/ceiling_leaves1a", "y": 270 },{ "model": "custom/ceiling_leaves/ceiling_leaves1b" }, { "model": "custom/ceiling_leaves/ceiling_leaves1b", "y": 180 }, { "model": "custom/ceiling_leaves/ceiling_leaves1b", "y": 90 }, { "model": "custom/ceiling_leaves/ceiling_leaves1b", "y": 270 },{ "model": "custom/ceiling_leaves/ceiling_leaves2a" }, { "model": "custom/ceiling_leaves/ceiling_leaves2a", "y": 180 }, { "model": "custom/ceiling_leaves/ceiling_leaves2a", "y": 90 }, { "model": "custom/ceiling_leaves/ceiling_leaves2a", "y": 270 },{ "model": "custom/ceiling_leaves/ceiling_leaves2b" }, { "model": "custom/ceiling_leaves/ceiling_leaves2b", "y": 180 }, { "model": "custom/ceiling_leaves/ceiling_leaves2b", "y": 90 }, { "model": "custom/ceiling_leaves/ceiling_leaves2b", "y": 270 },{ "model": "custom/ceiling_leaves/ceiling_leaves2c" }, { "model": "custom/ceiling_leaves/ceiling_leaves2c", "y": 180 }, { "model": "custom/ceiling_leaves/ceiling_leaves2c", "y": 90 }, { "model": "custom/ceiling_leaves/ceiling_leaves2c", "y": 270 }],
        "powered=true,disarmed=false,attached=false,east=false,north=true,south=true,west=true": [{ "model": "custom/ceiling_leaves/ceiling_leaves1a" }, { "model": "custom/ceiling_leaves/ceiling_leaves1a", "y": 180 }, { "model": "custom/ceiling_leaves/ceiling_leaves1a", "y": 90 }, { "model": "custom/ceiling_leaves/ceiling_leaves1a", "y": 270 },{ "model": "custom/ceiling_leaves/ceiling_leaves1b" }, { "model": "custom/ceiling_leaves/ceiling_leaves1b", "y": 180 }, { "model": "custom/ceiling_leaves/ceiling_leaves1b", "y": 90 }, { "model": "custom/ceiling_leaves/ceiling_leaves1b", "y": 270 },{ "model": "custom/ceiling_leaves/ceiling_leaves2a" }, { "model": "custom/ceiling_leaves/ceiling_leaves2a", "y": 180 }, { "model": "custom/ceiling_leaves/ceiling_leaves2a", "y": 90 }, { "model": "custom/ceiling_leaves/ceiling_leaves2a", "y": 270 },{ "model": "custom/ceiling_leaves/ceiling_leaves2b" }, { "model": "custom/ceiling_leaves/ceiling_leaves2b", "y": 180 }, { "model": "custom/ceiling_leaves/ceiling_leaves2b", "y": 90 }, { "model": "custom/ceiling_leaves/ceiling_leaves2b", "y": 270 },{ "model": "custom/ceiling_leaves/ceiling_leaves2c" }, { "model": "custom/ceiling_leaves/ceiling_leaves2c", "y": 180 }, { "model": "custom/ceiling_leaves/ceiling_leaves2c", "y": 90 }, { "model": "custom/ceiling_leaves/ceiling_leaves2c", "y": 270 }],
        "powered=true,disarmed=false,attached=false,east=true,north=true,south=false,west=true": [{ "model": "custom/ceiling_leaves/ceiling_leaves1a" }, { "model": "custom/ceiling_leaves/ceiling_leaves1a", "y": 180 }, { "model": "custom/ceiling_leaves/ceiling_leaves1a", "y": 90 }, { "model": "custom/ceiling_leaves/ceiling_leaves1a", "y": 270 },{ "model": "custom/ceiling_leaves/ceiling_leaves1b" }, { "model": "custom/ceiling_leaves/ceiling_leaves1b", "y": 180 }, { "model": "custom/ceiling_leaves/ceiling_leaves1b", "y": 90 }, { "model": "custom/ceiling_leaves/ceiling_leaves1b", "y": 270 },{ "model": "custom/ceiling_leaves/ceiling_leaves2a" }, { "model": "custom/ceiling_leaves/ceiling_leaves2a", "y": 180 }, { "model": "custom/ceiling_leaves/ceiling_leaves2a", "y": 90 }, { "model": "custom/ceiling_leaves/ceiling_leaves2a", "y": 270 },{ "model": "custom/ceiling_leaves/ceiling_leaves2b" }, { "model": "custom/ceiling_leaves/ceiling_leaves2b", "y": 180 }, { "model": "custom/ceiling_leaves/ceiling_leaves2b", "y": 90 }, { "model": "custom/ceiling_leaves/ceiling_leaves2b", "y": 270 },{ "model": "custom/ceiling_leaves/ceiling_leaves2c" }, { "model": "custom/ceiling_leaves/ceiling_leaves2c", "y": 180 }, { "model": "custom/ceiling_leaves/ceiling_leaves2c", "y": 90 }, { "model": "custom/ceiling_leaves/ceiling_leaves2c", "y": 270 }],
        "powered=true,disarmed=false,attached=false,east=true,north=true,south=true,west=true": [{ "model": "custom/ceiling_leaves/ceiling_leaves1a" }, { "model": "custom/ceiling_leaves/ceiling_leaves1a", "y": 180 }, { "model": "custom/ceiling_leaves/ceiling_leaves1a", "y": 90 }, { "model": "custom/ceiling_leaves/ceiling_leaves1a", "y": 270 },{ "model": "custom/ceiling_leaves/ceiling_leaves1b" }, { "model": "custom/ceiling_leaves/ceiling_leaves1b", "y": 180 }, { "model": "custom/ceiling_leaves/ceiling_leaves1b", "y": 90 }, { "model": "custom/ceiling_leaves/ceiling_leaves1b", "y": 270 },{ "model": "custom/ceiling_leaves/ceiling_leaves2a" }, { "model": "custom/ceiling_leaves/ceiling_leaves2a", "y": 180 }, { "model": "custom/ceiling_leaves/ceiling_leaves2a", "y": 90 }, { "model": "custom/ceiling_leaves/ceiling_leaves2a", "y": 270 },{ "model": "custom/ceiling_leaves/ceiling_leaves2b" }, { "model": "custom/ceiling_leaves/ceiling_leaves2b", "y": 180 }, { "model": "custom/ceiling_leaves/ceiling_leaves2b", "y": 90 }, { "model": "custom/ceiling_leaves/ceiling_leaves2b", "y": 270 },{ "model": "custom/ceiling_leaves/ceiling_leaves2c" }, { "model": "custom/ceiling_leaves/ceiling_leaves2c", "y": 180 }, { "model": "custom/ceiling_leaves/ceiling_leaves2c", "y": 90 }, { "model": "custom/ceiling_leaves/ceiling_leaves2c", "y": 270 }],
		
        "powered=false,disarmed=true,attached=false,east=false,north=false,south=false,west=false": { "model": "custom/bus/bigger_version/win1", "y": 90 },
        "powered=false,disarmed=true,attached=false,east=false,north=false,south=false,west=true": { "model": "custom/bus/bigger_version/win2", "y": 90 },
        "powered=false,disarmed=true,attached=false,east=false,north=false,south=true,west=false": { "model": "custom/bus/bigger_version/win3", "y": 90 },
        "powered=false,disarmed=true,attached=false,east=false,north=true,south=false,west=false": { "model": "custom/bus/bigger_version/win4", "y": 90 },
        "powered=false,disarmed=true,attached=false,east=true,north=false,south=false,west=false": { "model": "custom/bus/bigger_version/win5", "y": 90 },
        "powered=false,disarmed=true,attached=true,east=false,north=false,south=false,west=false": { "model": "custom/bus/bigger_version/win6", "y": 90 },
        "powered=false,disarmed=true,attached=true,east=true,north=false,south=false,west=false": { "model": "custom/bus/bigger_version/win7", "y": 90 },
        "powered=false,disarmed=true,attached=true,east=true,north=true,south=false,west=true": { "model": "custom/bus/bigger_version/win8", "y": 90 },
        "powered=false,disarmed=true,attached=true,east=true,north=true,south=true,west=false": { "model": "custom/bus/bigger_version/win9", "y": 90 },
        "powered=false,disarmed=false,attached=true,east=true,north=true,south=true,west=false": { "model": "custom/bus/bigger_version/win9b", "y": 90 },
        "powered=false,disarmed=true,attached=true,east=false,north=true,south=false,west=false": { "model": "custom/bus/bigger_version/win10", "y": 90 },
        "powered=false,disarmed=false,attached=true,east=false,north=true,south=false,west=false": { "model": "custom/bus/bigger_version/win10b", "y": 90 },
        "powered=false,disarmed=true,attached=true,east=false,north=false,south=true,west=false": { "model": "custom/bus/bigger_version/win11", "y": 90 },
        "powered=false,disarmed=false,attached=true,east=false,north=false,south=true,west=false": { "model": "custom/bus/bigger_version/win11b", "y": 90 },
        "powered=false,disarmed=true,attached=true,east=true,north=true,south=false,west=false": { "model": "custom/bus/bigger_version/win12", "y": 90 },
        "powered=false,disarmed=false,attached=true,east=true,north=true,south=false,west=false": { "model": "custom/bus/bigger_version/win12b", "y": 90 },
        "powered=false,disarmed=true,attached=true,east=false,north=false,south=true,west=true": { "model": "custom/bus/bigger_version/win13", "y": 90 },
        "powered=false,disarmed=false,attached=true,east=false,north=true,south=true,west=true": { "model": "custom/bus/bigger_version/win13b", "y": 90 },
        "powered=false,disarmed=true,attached=false,east=false,north=true,south=true,west=true": { "model": "custom/bus/bigger_version/win14", "y": 90 },
        "powered=false,disarmed=false,attached=true,east=false,north=false,south=true,west=true": { "model": "custom/bus/bigger_version/win14b", "y": 90 },
        "powered=false,disarmed=true,attached=false,east=false,north=true,south=true,west=false": { "model": "custom/bus/bigger_version/win15", "y": 90 },
        "powered=false,disarmed=false,attached=true,east=true,north=false,south=true,west=false": { "model": "custom/bus/bigger_version/win15b", "y": 90 },
        "powered=false,disarmed=true,attached=false,east=true,north=false,south=true,west=true": { "model": "custom/bus/bigger_version/win16", "y": 90 },
        "powered=false,disarmed=false,attached=true,east=false,north=true,south=true,west=false": { "model": "custom/bus/bigger_version/win16b", "y": 90 },
		
		"powered=true,disarmed=true,attached=true,east=true,north=false,south=false,west=false": { "model": "custom/bus/bigger_version/win12b", "y": 90 },
		
		"powered=true,disarmed=true,attached=true,east=false,north=true,south=true,west=false": { "model": "custom/bus/bigger_version/win3", "y": 90 },
		
		"powered=true,disarmed=false,attached=true,east=false,north=true,south=false,west=false": { "model": "custom/bus/bigger_version/win6", "y": 90 },
		"powered=true,disarmed=true,attached=true,east=false,north=true,south=false,west=false": { "model": "custom/bus/bigger_version/win2", "y": 90 },
		"powered=true,disarmed=false,attached=true,east=true,north=true,south=true,west=false": { "model": "custom/bus/bigger_version/win5", "y": 90 },
		"powered=true,disarmed=true,attached=true,east=true,north=true,south=true,west=false": { "model": "custom/bus/bigger_version/win1", "y": 90 }
    }
}
