{
    "variants": {
        "age=0": [{ "model": "block/firewood/burnt_firewood1" },{ "model": "block/firewood/burnt_firewood2" },{ "model": "block/firewood/burnt_firewood3" },{ "model": "block/firewood/burnt_firewood4" },{ "model": "block/firewood/burnt_firewood1", "y": 180 },{ "model": "block/firewood/burnt_firewood2", "y": 180 },{ "model": "block/firewood/burnt_firewood3", "y": 180 },{ "model": "block/firewood/burnt_firewood4", "y": 180 }],
		"age=1": [{ "model": "block/firewood/burnt_firewood1", "y": 90},{ "model": "block/firewood/burnt_firewood2", "y": 90 },{ "model": "block/firewood/burnt_firewood3", "y": 90 },{ "model": "block/firewood/burnt_firewood4", "y": 90 },{ "model": "block/firewood/burnt_firewood1", "y": 270},{ "model": "block/firewood/burnt_firewood2", "y": 270 },{ "model": "block/firewood/burnt_firewood3", "y": 270 },{ "model": "block/firewood/burnt_firewood4", "y": 270 }],
		"age=2": [{ "model": "block/firewood/firewood_corner1" },{ "model": "block/firewood/firewood_corner2" },{ "model": "block/firewood/firewood_corner3" },{ "model": "block/firewood/firewood_corner1", "y": 180 },{ "model": "block/firewood/firewood_corner2", "y": 180 },{ "model": "block/firewood/firewood_corner3", "y": 180 }],
		"age=3": [{ "model": "block/firewood/firewood_corner1", "y": 90 },{ "model": "block/firewood/firewood_corner2", "y": 90 },{ "model": "block/firewood/firewood_corner3", "y": 90 },{ "model": "block/firewood/firewood_corner1", "y": 270 },{ "model": "block/firewood/firewood_corner2", "y": 270 },{ "model": "block/firewood/firewood_corner3", "y": 270 }],
		"age=4": [{ "model": "block/firewood/firewood_pile1" },{ "model": "block/firewood/firewood_pile2" },{ "model": "block/firewood/firewood_pile3" },{ "model": "block/firewood/firewood_pile4" },{ "model": "block/firewood/firewood_pile1", "y": 90 },{ "model": "block/firewood/firewood_pile2", "y": 90 },{ "model": "block/firewood/firewood_pile3", "y": 90 },{ "model": "block/firewood/firewood_pile4", "y": 90 },{ "model": "block/firewood/firewood_pile1", "y": 180 },{ "model": "block/firewood/firewood_pile2", "y": 180 },{ "model": "block/firewood/firewood_pile3", "y": 180 },{ "model": "block/firewood/firewood_pile4", "y": 180 },{ "model": "block/firewood/firewood_pile1", "y": 270 },{ "model": "block/firewood/firewood_pile2", "y": 270 },{ "model": "block/firewood/firewood_pile3", "y": 270 },{ "model": "block/firewood/firewood_pile4", "y": 270 }],
		"age=5": [{ "model": "block/firewood/firewood_rack" },{ "model": "block/firewood/firewood_rack", "y": 90  },{ "model": "block/firewood/firewood_rack", "y": 180  },{ "model": "block/firewood/firewood_rack", "y": 270  }]
    }
}
