﻿{
    "variants": {
        "facing=south": [
			{ "model": "block/sandstone_corner_1", "weight": 10 },
			{ "model": "block/sandstone_corner_2", "weight": 10 },
			{ "model": "block/sandstone_corner_3", "weight": 10 },
			{ "model": "block/sandstone_corner_4", "weight": 10 },
			{ "model": "block/sandstone_corner_5", "weight": 10 },
			{ "model": "block/sandstone_corner_6", "weight": 10 }
	       ],
        "facing=west": [
			{ "model": "block/sandstone_corner_1", "weight": 10 , "y": 90 },
			{ "model": "block/sandstone_corner_2", "weight": 10 , "y": 90 },
			{ "model": "block/sandstone_corner_3", "weight": 10 , "y": 90 },
			{ "model": "block/sandstone_corner_4", "weight": 10 , "y": 90 },
			{ "model": "block/sandstone_corner_5", "weight": 10 , "y": 90 },
			{ "model": "block/sandstone_corner_6", "weight": 10 , "y": 90 }
	       ],
        "facing=north": [
			{ "model": "block/sandstone_corner_1", "weight": 10 , "y": 180 },
			{ "model": "block/sandstone_corner_2", "weight": 10 , "y": 180 },
			{ "model": "block/sandstone_corner_3", "weight": 10 , "y": 180 },
			{ "model": "block/sandstone_corner_4", "weight": 10 , "y": 180 },
			{ "model": "block/sandstone_corner_5", "weight": 10 , "y": 180 },
			{ "model": "block/sandstone_corner_6", "weight": 10 , "y": 180 }
	       ],
        "facing=east": [
			{ "model": "block/sandstone_corner_1", "weight": 10 , "y": 270 },
			{ "model": "block/sandstone_corner_2", "weight": 10 , "y": 270 },
			{ "model": "block/sandstone_corner_3", "weight": 10 , "y": 270 },
			{ "model": "block/sandstone_corner_4", "weight": 10 , "y": 270 },
			{ "model": "block/sandstone_corner_5", "weight": 10 , "y": 270 },
			{ "model": "block/sandstone_corner_6", "weight": 10 , "y": 270 }
	       ]
    }
}

