﻿{
		"variants":{
			"":[
			
            { "model": "custom/vegetation/white_flower" , "weight": 20 },
            { "model": "custom/vegetation/white_flower",  "y": 90 , "weight": 20},
            { "model": "custom/vegetation/white_flower", "y": 180 , "weight": 20 },
            { "model": "custom/vegetation/white_flower", "y": 270 , "weight": 20 },
		
			{ "model": "custom/vegetation/white_flower_2" , "weight": 20 },
            { "model": "custom/vegetation/white_flower_2", "y": 90 , "weight": 20 },
            { "model": "custom/vegetation/white_flower_2", "y": 180 , "weight": 20 },
            { "model": "custom/vegetation/white_flower_2", "y": 270 , "weight": 20 }
			
	
        ]
    }
}