{"credit":"Made with Blockbench","display":{"firstperson_lefthand":{"rotation":[0,22,0],"translation":[7.25,2,0]},"firstperson_righthand":{"rotation":[0,22,0],"translation":[7.25,2,0]},"fixed":{"rotation":[0,-180,0],"scale":[2,2,2],"translation":[0,9.75,-15.5]},"ground":{"scale":[0.4,0.4,0.4],"translation":[0,2.25,0]},"gui":{"rotation":[30,45,0],"scale":[0.76,0.76,0.76],"translation":[-1.5,3,0]},"head":{"rotation":[29,0,0],"scale":[1.61,1.61,1.61],"translation":[0,-57.75,16.5]},"thirdperson_lefthand":{"rotation":[111,41,0],"scale":[0.4,0.4,0.4],"translation":[0,0,2.25]},"thirdperson_righthand":{"rotation":[111,41,0],"scale":[0.4,0.4,0.4],"translation":[0,0,2.25]}},"elements":[{"faces":{"down":{"rotation":180,"texture":"#0","tintindex":0,"uv":[6,0,9,6]},"east":{"rotation":90,"texture":"#0","tintindex":0,"uv":[3,6,6,0]},"north":{"texture":"#0","tintindex":0,"uv":[6,6,9,9]},"south":{"texture":"#0","tintindex":0,"uv":[6,6,9,9]},"up":{"rotation":180,"texture":"#0","tintindex":0,"uv":[0,0,3,6]},"west":{"rotation":90,"texture":"#0","tintindex":0,"uv":[3,0,6,6]}},"from":[5,0,0],"rotation":{"angle":0,"axis":"y","origin":[13,8,8]},"to":[11,6,12]},{"faces":{"down":{"rotation":180,"texture":"#0","tintindex":0,"uv":[4,6,6,12]},"east":{"rotation":90,"texture":"#0","tintindex":0,"uv":[2,6,4,12]},"north":{"texture":"#0","tintindex":0,"uv":[6,9,8,11]},"south":{"texture":"#0","tintindex":0,"uv":[6,9,8,11]},"up":{"texture":"#0","tintindex":0,"uv":[0,6,2,12]},"west":{"rotation":90,"texture":"#0","tintindex":0,"uv":[2,12,4,6]}},"from":[6,1,12],"rotation":{"angle":-22.5,"axis":"x","origin":[14,2,11]},"to":[10,5,24]},{"faces":{"east":{"texture":"#0","uv":[11,0,9,1]},"west":{"texture":"#0","uv":[9,0,11,1]}},"from":[8,6,1],"rotation":{"angle":0,"axis":"y","origin":[16,14,9]},"to":[8,8,5]},{"faces":{"east":{"texture":"#0","uv":[11,0,9,1]},"west":{"texture":"#0","uv":[9,0,11,1]}},"from":[8,6,7],"rotation":{"angle":0,"axis":"y","origin":[16,14,15]},"to":[8,8,11]},{"faces":{"up":{"texture":"#0","uv":[11.5,0,12.5,2]}},"from":[7,6.1,1],"rotation":{"angle":0,"axis":"y","origin":[15,14,9]},"to":[9,6.1,5]},{"faces":{"up":{"texture":"#0","uv":[12.5,0,11.5,2]}},"from":[7,6.1,7],"rotation":{"angle":0,"axis":"y","origin":[15,14,15]},"to":[9,6.1,11]}],"texture_size":[32,32],"textures":{"0":"custom/cosmetics/dino/dino_tail","particle":"custom/cosmetics/dino/dino_tail"}}