{"textures":{"0":"modelengine:entity/beast"},"elements":[{"from":[3.4285712,8.0,6.857143],"to":[12.571428,8.0,22.285715],"rotation":{"angle":0.0,"axis":"y","origin":[8.0,-12.0,9.142858]},"faces":{"east":{"uv":[0.0,0.0,1.6875,0.0],"rotation":0,"texture":"#0","tintindex":0},"south":{"uv":[0.0,0.0,1.0,0.0],"rotation":0,"texture":"#0","tintindex":0},"north":{"uv":[0.0,0.0,1.0,0.0],"rotation":0,"texture":"#0","tintindex":0},"west":{"uv":[0.0,0.0,1.6875,0.0],"rotation":0,"texture":"#0","tintindex":0},"up":{"uv":[8.9375,0.0,9.9375,1.6875],"rotation":0,"texture":"#0","tintindex":0},"down":{"uv":[8.9375,1.6875,9.9375,0.0],"rotation":0,"texture":"#0","tintindex":0}}}],"display":{"head":{"translation":[0.0,-6.4,0.0],"scale":[4.0,4.0,4.0]}}}