{"parent":"item/generated","textures":{"layer0":"item/paper"},
"overrides":[{"predicate":{"custom_model_data":1},"model":"1"},
{"predicate":{"custom_model_data":2},"model":"2"},
{"predicate":{"custom_model_data":3},"model":"3"},
{"predicate":{"custom_model_data":4},"model":"4"},
{"predicate":{"custom_model_data":5},"model":"5"},
{"predicate":{"custom_model_data":6},"model":"6"},
{"predicate":{"custom_model_data":7},"model":"7"},
{"predicate":{"custom_model_data":8},"model":"8"},
{"predicate":{"custom_model_data":9},"model":"9"},
{"predicate":{"custom_model_data":10},"model":"10"},
{"predicate":{"custom_model_data":11},"model":"11"},
{"predicate":{"custom_model_data":12},"model":"12"},
{"predicate":{"custom_model_data":13},"model":"13"},
{"predicate":{"custom_model_data":14},"model":"14"},
{"predicate":{"custom_model_data":15},"model":"15"},
{"predicate":{"custom_model_data":16},"model":"16"},
{"predicate":{"custom_model_data":17},"model":"17"},
{"predicate":{"custom_model_data":18},"model":"18"},
{"predicate":{"custom_model_data":19},"model":"19"},
{"predicate":{"custom_model_data":20},"model":"20"},
{"predicate":{"custom_model_data":21},"model":"21"},
{"predicate":{"custom_model_data":22},"model":"22"},
{"predicate":{"custom_model_data":23},"model":"23"},
{"predicate":{"custom_model_data":24},"model":"24"},
{"predicate":{"custom_model_data":25},"model":"25"},
{"predicate":{"custom_model_data":26},"model":"26"},
{"predicate":{"custom_model_data":27},"model":"27"},
{"predicate":{"custom_model_data":28},"model":"28"},
{"predicate":{"custom_model_data":29},"model":"29"},
{"predicate":{"custom_model_data":30},"model":"30"},
{"predicate":{"custom_model_data":31},"model":"31"},
{"predicate":{"custom_model_data":32},"model":"32"},
{"predicate":{"custom_model_data":33},"model":"33"},
{"predicate":{"custom_model_data":34},"model":"34"},
{"predicate":{"custom_model_data":35},"model":"35"},
{"predicate":{"custom_model_data":36},"model":"36"},
{"predicate":{"custom_model_data":37},"model":"37"},
{"predicate":{"custom_model_data":38},"model":"38"},
{"predicate":{"custom_model_data":39},"model":"39"},
{"predicate":{"custom_model_data":40},"model":"40"},
{"predicate":{"custom_model_data":51},"model":"51"},
{"predicate":{"custom_model_data":52},"model":"52"},
{"predicate":{"custom_model_data":53},"model":"53"},
{"predicate":{"custom_model_data":54},"model":"54"},
{"predicate":{"custom_model_data":55},"model":"55"},
{"predicate":{"custom_model_data":56},"model":"56"},
{"predicate":{"custom_model_data":57},"model":"57"},
{"predicate":{"custom_model_data":58},"model":"58"},
{"predicate":{"custom_model_data":59},"model":"59"},
{"predicate":{"custom_model_data":60},"model":"60"},
{"predicate":{"custom_model_data":61},"model":"61"},
{"predicate":{"custom_model_data":62},"model":"62"},
{"predicate":{"custom_model_data":63},"model":"63"},
{"predicate":{"custom_model_data":64},"model":"64"},
{"predicate":{"custom_model_data":65},"model":"65"},
{"predicate":{"custom_model_data":66},"model":"66"},
{"predicate":{"custom_model_data":67},"model":"67"},
{"predicate":{"custom_model_data":68},"model":"68"},
{"predicate":{"custom_model_data":69},"model":"69"},
{"predicate":{"custom_model_data":70},"model":"70"},
{"predicate":{"custom_model_data":71},"model":"71"},
{"predicate":{"custom_model_data":72},"model":"72"},
{"predicate":{"custom_model_data":73},"model":"73"},
{"predicate":{"custom_model_data":74},"model":"74"},
{"predicate":{"custom_model_data":75},"model":"75"},
{"predicate":{"custom_model_data":76},"model":"76"},
{"predicate":{"custom_model_data":77},"model":"77"},
{"predicate":{"custom_model_data":78},"model":"78"},
{"predicate":{"custom_model_data":79},"model":"79"},
{"predicate":{"custom_model_data":80},"model":"80"},
{"predicate":{"custom_model_data":81},"model":"81"},
{"predicate":{"custom_model_data":82},"model":"82"},
{"predicate":{"custom_model_data":83},"model":"83"},
{"predicate":{"custom_model_data":84},"model":"84"},
{"predicate":{"custom_model_data":85},"model":"85"},
{"predicate":{"custom_model_data":86},"model":"86"},
{"predicate":{"custom_model_data":87},"model":"87"},
{"predicate":{"custom_model_data":88},"model":"88"},
{"predicate":{"custom_model_data":89},"model":"89"},
{"predicate":{"custom_model_data":90},"model":"90"},
{"predicate":{"custom_model_data":91},"model":"91"},
{"predicate":{"custom_model_data":92},"model":"92"},
{"predicate":{"custom_model_data":93},"model":"93"},
{"predicate":{"custom_model_data":94},"model":"94"},
{"predicate":{"custom_model_data":95},"model":"95"},
{"predicate":{"custom_model_data":96},"model":"96"},
{"predicate":{"custom_model_data":97},"model":"97"},
{"predicate":{"custom_model_data":98},"model":"98"},
{"predicate":{"custom_model_data":99},"model":"99"},
{"predicate":{"custom_model_data":100},"model":"100"},
{"predicate":{"custom_model_data":101},"model":"101"},
{"predicate":{"custom_model_data":102},"model":"102"},
{"predicate":{"custom_model_data":103},"model":"103"},
{"predicate":{"custom_model_data":104},"model":"104"},
{"predicate":{"custom_model_data":105},"model":"105"},
{"predicate":{"custom_model_data":106},"model":"106"},
{"predicate":{"custom_model_data":107},"model":"107"},
{"predicate":{"custom_model_data":108},"model":"108"},
{"predicate":{"custom_model_data":109},"model":"109"},
{"predicate":{"custom_model_data":110},"model":"110"},
{"predicate":{"custom_model_data":111},"model":"111"},
{"predicate":{"custom_model_data":112},"model":"112"},
{"predicate":{"custom_model_data":113},"model":"113"},
{"predicate":{"custom_model_data":114},"model":"114"},
{"predicate":{"custom_model_data":115},"model":"115"},
{"predicate":{"custom_model_data":116},"model":"116"},
{"predicate":{"custom_model_data":117},"model":"117"},
{"predicate":{"custom_model_data":118},"model":"118"},
{"predicate":{"custom_model_data":119},"model":"119"},
{"predicate":{"custom_model_data":120},"model":"120"},
{"predicate":{"custom_model_data":121},"model":"121"},
{"predicate":{"custom_model_data":122},"model":"122"},
{"predicate":{"custom_model_data":123},"model":"123"},
{"predicate":{"custom_model_data":124},"model":"124"},
{"predicate":{"custom_model_data":125},"model":"125"},
{"predicate":{"custom_model_data":126},"model":"126"},
{"predicate":{"custom_model_data":127},"model":"127"},
{"predicate":{"custom_model_data":128},"model":"128"},
{"predicate":{"custom_model_data":129},"model":"129"},
{"predicate":{"custom_model_data":130},"model":"130"},
{"predicate":{"custom_model_data":131},"model":"131"},
{"predicate":{"custom_model_data":132},"model":"132"},
{"predicate":{"custom_model_data":133},"model":"133"},
{"predicate":{"custom_model_data":134},"model":"134"},
{"predicate":{"custom_model_data":135},"model":"135"},
{"predicate":{"custom_model_data":136},"model":"136"},
{"predicate":{"custom_model_data":137},"model":"137"},
{"predicate":{"custom_model_data":138},"model":"138"},
{"predicate":{"custom_model_data":139},"model":"139"},
{"predicate":{"custom_model_data":140},"model":"140"},
{"predicate":{"custom_model_data":141},"model":"141"},
{"predicate":{"custom_model_data":142},"model":"142"},
{"predicate":{"custom_model_data":143},"model":"143"},
{"predicate":{"custom_model_data":144},"model":"144"},
{"predicate":{"custom_model_data":998},"model":"998"},
{"predicate":{"custom_model_data":999},"model":"999"}]}