{"variants":{"distance=1":[{"model":"block/oak_leaves"},{"model":"block/oak_leaves1"}],"distance=2":[{"model":"block/oak_leaves"},{"model":"block/oak_leaves1"}],"distance=3":[{"model":"block/oak_leaves"},{"model":"block/oak_leaves1"}],"distance=4":[{"model":"block/oak_leaves"},{"model":"block/oak_leaves1"}],"distance=5":[{"model":"block/oak_leaves"},{"model":"block/oak_leaves1"}],"distance=6":[{"model":"block/oak_leaves"},{"model":"block/oak_leaves1"}],"distance=7":[{"model":"block/oak_leaves"},{"model":"block/oak_leaves1"}]}}