{"variants":{"distance=1":[{"model":"block/acacia_leaves"},{"model":"block/acacia_leaves1"}],"distance=2":[{"model":"block/acacia_leaves"},{"model":"block/acacia_leaves1"}],"distance=3":[{"model":"block/acacia_leaves"},{"model":"block/acacia_leaves1"}],"distance=4":[{"model":"block/acacia_leaves"},{"model":"block/acacia_leaves1"}],"distance=5":[{"model":"block/acacia_leaves"},{"model":"block/acacia_leaves1"}],"distance=6":[{"model":"block/acacia_leaves"},{"model":"block/acacia_leaves1"}],"distance=7":[{"model":"block/acacia_leaves"},{"model":"block/acacia_leaves1"}]}}