{"multipart":[{"apply":{"model":"custom/ui/empty_button"},"when":{"attached":"false","disarmed":"false","east":"false","north":"false","powered":"false","south":"false","west":"false"}},{"apply":{"model":"custom/plants/fungus_cover"},"when":{"attached":"false","disarmed":"false","east":"false","north":"true","powered":"false","south":"false","west":"false"}},{"apply":{"model":"custom/plants/flower_cover_red"},"when":{"attached":"false","disarmed":"false","east":"true","north":"false","powered":"false","south":"false","west":"false"}},{"apply":{"model":"custom/plants/flower_cover"},"when":{"attached":"false","disarmed":"false","east":"true","north":"true","powered":"false","south":"false","west":"false"}},{"apply":{"model":"custom/plants/flower_cover_pink"},"when":{"attached":"false","disarmed":"false","east":"false","north":"false","powered":"false","south":"true","west":"false"}},{"apply":{"model":"custom/plants/cattail_land"},"when":{"attached":"false","disarmed":"false","east":"false","north":"true","powered":"false","south":"true","west":"false"}},{"apply":{"model":"block/anvil","y":90},"when":{"attached":"false","disarmed":"false","east":"true","north":"false","powered":"false","south":"true","west":"false"}},{"apply":{"model":"custom/plants/lotus_white"},"when":{"attached":"false","disarmed":"false","east":"true","north":"true","powered":"false","south":"true","west":"false"}},{"apply":{"model":"custom/plants/flower_cover_blue"},"when":{"attached":"false","disarmed":"false","east":"false","north":"false","powered":"false","south":"false","west":"true"}},{"apply":{"model":"custom/decorations/lamppost_base"},"when":{"attached":"false","disarmed":"false","east":"false","north":"true","powered":"false","south":"false","west":"true"}},{"apply":{"model":"custom/plants/cattail"},"when":{"attached":"false","disarmed":"false","east":"true","north":"false","powered":"false","south":"false","west":"true"}},{"apply":{"model":"custom/plants/small_lily"},"when":{"attached":"false","disarmed":"false","east":"true","north":"true","powered":"false","south":"false","west":"true"}},{"apply":{"model":"block/anvil"},"when":{"attached":"false","disarmed":"false","east":"false","north":"false","powered":"false","south":"true","west":"true"}},{"apply":{"model":"custom/plants/lotus_pink"},"when":{"attached":"false","disarmed":"false","east":"false","north":"true","powered":"false","south":"true","west":"true"}},{"apply":{"model":"custom/plants/lotus_purple"},"when":{"attached":"false","disarmed":"false","east":"true","north":"false","powered":"false","south":"true","west":"true"}},{"apply":{"model":"custom/plants/water_clover"},"when":{"attached":"false","disarmed":"false","east":"true","north":"true","powered":"false","south":"true","west":"true"}},{"apply":{"model":"custom/plants/clover_tall"},"when":{"attached":"true","disarmed":"false","east":"false","north":"false","powered":"false","south":"false","west":"false"}},{"apply":{"model":"custom/plants/clover"},"when":{"attached":"true","disarmed":"false","east":"false","north":"true","powered":"false","south":"false","west":"false"}},{"apply":{"model":"custom/decorations/candle_2"},"when":{"attached":"true","disarmed":"false","east":"true","north":"false","powered":"false","south":"false","west":"false"}},{"apply":{"model":"custom/decorations/tall_torch"},"when":{"attached":"true","disarmed":"false","east":"true","north":"true","powered":"false","south":"false","west":"false"}},{"apply":{"model":"custom/decorations/candle_1"},"when":{"attached":"true","disarmed":"false","east":"false","north":"false","powered":"false","south":"true","west":"false"}},{"apply":{"model":"custom/decorations/leaf_pile_fall"},"when":{"attached":"true","disarmed":"false","east":"false","north":"true","powered":"false","south":"true","west":"false"}},{"apply":{"model":"custom/decorations/2d_cobble_pattern"},"when":{"attached":"true","disarmed":"false","east":"true","north":"false","powered":"false","south":"true","west":"false"}},{"apply":{"model":"custom/decorations/rock_2"},"when":{"attached":"true","disarmed":"false","east":"true","north":"true","powered":"false","south":"true","west":"false"}},{"apply":{"model":"custom/decorations/candle_3"},"when":{"attached":"true","disarmed":"false","east":"false","north":"false","powered":"false","south":"false","west":"true"}},{"apply":{"model":"custom/decorations/leaf_pile_spruce"},"when":{"attached":"true","disarmed":"false","east":"false","north":"true","powered":"false","south":"false","west":"true"}},{"apply":{"model":"custom/decorations/rock_1"},"when":{"attached":"true","disarmed":"false","east":"true","north":"false","powered":"false","south":"false","west":"true"}},{"apply":{"model":"custom/decorations/pebbles_2"},"when":{"attached":"true","disarmed":"false","east":"true","north":"true","powered":"false","south":"false","west":"true"}},{"apply":{"model":"custom/decorations/leaf_pile_oak"},"when":{"attached":"true","disarmed":"false","east":"false","north":"false","powered":"false","south":"true","west":"true"}},{"apply":{"model":"custom/decorations/pebbles_1"},"when":{"attached":"true","disarmed":"false","east":"false","north":"true","powered":"false","south":"true","west":"true"}},{"apply":{"model":"custom/decorations/rock_3"},"when":{"attached":"true","disarmed":"false","east":"true","north":"false","powered":"false","south":"true","west":"true"}},{"apply":{"model":"custom/decorations/pebbles_3"},"when":{"attached":"true","disarmed":"false","east":"true","north":"true","powered":"false","south":"true","west":"true"}},{"apply":{"model":"custom/decorations/hay_cover"},"when":{"attached":"false","disarmed":"true","east":"false","north":"false","powered":"false","south":"false","west":"false"}},{"apply":{"model":"custom/decorations/mud_cover"},"when":{"attached":"false","disarmed":"true","east":"false","north":"true","powered":"false","south":"false","west":"false"}},{"apply":{"model":"block/tripwire_n"},"when":{"attached":"false","disarmed":"true","east":"true","north":"false","powered":"false","south":"false","west":"false"}},{"apply":{"model":"custom/misc_blocks/crystals/green/green_crystal"},"when":{"attached":"false","disarmed":"true","east":"true","north":"true","powered":"false","south":"false","west":"false"}},{"apply":{"model":"custom/misc_blocks/crystals/green/green_crystal","x":180},"when":{"attached":"false","disarmed":"true","east":"false","north":"false","powered":"false","south":"true","west":"false"}},{"apply":{"model":"custom/misc_blocks/crystals/blue/blue_crystal"},"when":{"attached":"false","disarmed":"true","east":"false","north":"true","powered":"false","south":"true","west":"false"}},{"apply":{"model":"custom/misc_blocks/crystals/blue/blue_crystal","x":180},"when":{"attached":"false","disarmed":"true","east":"true","north":"false","powered":"false","south":"true","west":"false"}},{"apply":{"model":"custom/misc_blocks/crystals/red/red_crystal"},"when":{"attached":"false","disarmed":"true","east":"true","north":"true","powered":"false","south":"true","west":"false"}},{"apply":{"model":"custom/misc_blocks/crystals/red/red_crystal","x":180},"when":{"attached":"false","disarmed":"true","east":"false","north":"false","powered":"false","south":"false","west":"true"}},{"apply":{"model":"custom/misc_blocks/crystals/orange/orange_crystal"},"when":{"attached":"false","disarmed":"true","east":"false","north":"true","powered":"false","south":"false","west":"true"}},{"apply":{"model":"custom/misc_blocks/crystals/orange/orange_crystal","x":180},"when":{"attached":"false","disarmed":"true","east":"true","north":"false","powered":"false","south":"false","west":"true"}},{"apply":{"model":"custom/misc_blocks/crystals/purple/purple_crystal"},"when":{"attached":"false","disarmed":"true","east":"true","north":"true","powered":"false","south":"false","west":"true"}},{"apply":{"model":"custom/misc_blocks/crystals/purple/purple_crystal","x":180},"when":{"attached":"false","disarmed":"true","east":"false","north":"false","powered":"false","south":"true","west":"true"}},{"apply":{"model":"custom/misc_blocks/crystals/yellow/yellow_crystal"},"when":{"attached":"false","disarmed":"true","east":"false","north":"true","powered":"false","south":"true","west":"true"}},{"apply":{"model":"custom/misc_blocks/crystals/yellow/yellow_crystal","x":180},"when":{"attached":"false","disarmed":"true","east":"true","north":"false","powered":"false","south":"true","west":"true"}},{"apply":{"model":"custom/plants/orange_mycena"},"when":{"attached":"false","disarmed":"true","east":"true","north":"true","powered":"false","south":"true","west":"true"}},{"apply":{"model":"custom/plants/moss_cover"},"when":{"attached":"true","disarmed":"true","east":"false","north":"false","powered":"false","south":"false","west":"false"}},{"apply":{"model":"custom/ui/empty_button"},"when":{"attached":"true","disarmed":"true","east":"false","north":"true","powered":"false","south":"false","west":"false"}},{"apply":{"model":"block/tripwire_n"},"when":{"attached":"true","disarmed":"true","east":"true","north":"false","powered":"false","south":"false","west":"false"}},{"apply":{"model":"block/tripwire_n"},"when":{"attached":"true","disarmed":"true","east":"true","north":"true","powered":"false","south":"false","west":"false"}},{"apply":{"model":"block/tripwire_n"},"when":{"attached":"true","disarmed":"true","east":"false","north":"false","powered":"false","south":"true","west":"false"}},{"apply":{"model":"block/tripwire_n"},"when":{"attached":"true","disarmed":"true","east":"false","north":"true","powered":"false","south":"true","west":"false"}},{"apply":{"model":"block/tripwire_n"},"when":{"attached":"true","disarmed":"true","east":"true","north":"false","powered":"false","south":"true","west":"false"}},{"apply":{"model":"block/tripwire_n"},"when":{"attached":"true","disarmed":"true","east":"true","north":"true","powered":"false","south":"true","west":"false"}},{"apply":{"model":"block/tripwire_n"},"when":{"attached":"true","disarmed":"true","east":"false","north":"false","powered":"false","south":"false","west":"true"}},{"apply":{"model":"block/tripwire_n"},"when":{"attached":"true","disarmed":"true","east":"false","north":"true","powered":"false","south":"false","west":"true"}},{"apply":{"model":"block/tripwire_n"},"when":{"attached":"true","disarmed":"true","east":"true","north":"false","powered":"false","south":"false","west":"true"}},{"apply":{"model":"block/tripwire_n"},"when":{"attached":"true","disarmed":"true","east":"true","north":"true","powered":"false","south":"false","west":"true"}},{"apply":{"model":"block/tripwire_n"},"when":{"attached":"true","disarmed":"true","east":"false","north":"false","powered":"false","south":"true","west":"true"}},{"apply":{"model":"block/tripwire_n"},"when":{"attached":"true","disarmed":"true","east":"false","north":"true","powered":"false","south":"true","west":"true"}},{"apply":{"model":"block/tripwire_n"},"when":{"attached":"true","disarmed":"true","east":"true","north":"false","powered":"false","south":"true","west":"true"}},{"apply":{"model":"block/tripwire_n"},"when":{"attached":"true","disarmed":"true","east":"true","north":"true","powered":"false","south":"true","west":"true"}},{"apply":{"model":"block/bookshelf"},"when":{"attached":"false","disarmed":"false","east":"false","north":"false","powered":"true","south":"false","west":"false"}},{"apply":{"model":"custom/plants/grass_sprouts"},"when":{"attached":"false","disarmed":"false","east":"false","north":"true","powered":"true","south":"false","west":"false"}},{"apply":{"model":"custom/plants/large_orange_mycena"},"when":{"attached":"false","disarmed":"false","east":"true","north":"false","powered":"true","south":"false","west":"false"}},{"apply":{"model":"custom/plants/toxic_mushroom"},"when":{"attached":"false","disarmed":"false","east":"true","north":"true","powered":"true","south":"false","west":"false"}},{"apply":{"model":"custom/plants/toxic_mushroom","x":180},"when":{"attached":"false","disarmed":"false","east":"false","north":"false","powered":"true","south":"true","west":"false"}},{"apply":{"model":"custom/plants/moss_hang"},"when":{"attached":"false","disarmed":"false","east":"false","north":"true","powered":"true","south":"true","west":"false"}},{"apply":{"model":"block/tripwire_n"},"when":{"attached":"false","disarmed":"false","east":"true","north":"false","powered":"true","south":"true","west":"false"}},{"apply":{"model":"block/tripwire_n"},"when":{"attached":"false","disarmed":"false","east":"true","north":"true","powered":"true","south":"true","west":"false"}},{"apply":{"model":"block/tripwire_n"},"when":{"attached":"false","disarmed":"false","east":"false","north":"false","powered":"true","south":"false","west":"true"}},{"apply":{"model":"block/tripwire_n"},"when":{"attached":"false","disarmed":"false","east":"false","north":"true","powered":"true","south":"false","west":"true"}},{"apply":{"model":"block/tripwire_n"},"when":{"attached":"false","disarmed":"false","east":"true","north":"false","powered":"true","south":"false","west":"true"}},{"apply":{"model":"block/tripwire_n"},"when":{"attached":"false","disarmed":"false","east":"true","north":"true","powered":"true","south":"false","west":"true"}},{"apply":{"model":"custom/misc_blocks/crystals/white/white_crystal"},"when":{"attached":"false","disarmed":"false","east":"false","north":"false","powered":"true","south":"true","west":"true"}},{"apply":{"model":"custom/misc_blocks/crystals/white/white_crystal","x":180},"when":{"attached":"false","disarmed":"false","east":"false","north":"true","powered":"true","south":"true","west":"true"}},{"apply":{"model":"custom/plants/dry_bush"},"when":{"attached":"false","disarmed":"false","east":"true","north":"false","powered":"true","south":"true","west":"true"}},{"apply":{"model":"custom/plants/tall_dry_bush"},"when":{"attached":"false","disarmed":"false","east":"true","north":"true","powered":"true","south":"true","west":"true"}},{"apply":{"model":"block/tripwire_n"},"when":{"attached":"true","disarmed":"false","east":"false","north":"false","powered":"true","south":"false","west":"false"}},{"apply":{"model":"block/tripwire_n"},"when":{"attached":"true","disarmed":"false","east":"false","north":"true","powered":"true","south":"false","west":"false"}},{"apply":{"model":"block/tripwire_n"},"when":{"attached":"true","disarmed":"false","east":"true","north":"false","powered":"true","south":"false","west":"false"}},{"apply":{"model":"block/tripwire_n"},"when":{"attached":"true","disarmed":"false","east":"true","north":"true","powered":"true","south":"false","west":"false"}},{"apply":{"model":"block/tripwire_n"},"when":{"attached":"true","disarmed":"false","east":"false","north":"false","powered":"true","south":"true","west":"false"}},{"apply":{"model":"block/tripwire_n"},"when":{"attached":"true","disarmed":"false","east":"false","north":"true","powered":"true","south":"true","west":"false"}},{"apply":{"model":"block/tripwire_n"},"when":{"attached":"true","disarmed":"false","east":"true","north":"false","powered":"true","south":"true","west":"false"}},{"apply":{"model":"block/tripwire_n"},"when":{"attached":"true","disarmed":"false","east":"true","north":"true","powered":"true","south":"true","west":"false"}},{"apply":{"model":"block/tripwire_n"},"when":{"attached":"true","disarmed":"false","east":"false","north":"false","powered":"true","south":"false","west":"true"}},{"apply":{"model":"block/tripwire_n"},"when":{"attached":"true","disarmed":"false","east":"false","north":"true","powered":"true","south":"false","west":"true"}},{"apply":{"model":"block/tripwire_n"},"when":{"attached":"true","disarmed":"false","east":"true","north":"false","powered":"true","south":"false","west":"true"}},{"apply":{"model":"block/tripwire_n"},"when":{"attached":"true","disarmed":"false","east":"true","north":"true","powered":"true","south":"false","west":"true"}},{"apply":{"model":"block/tripwire_n"},"when":{"attached":"true","disarmed":"false","east":"false","north":"false","powered":"true","south":"true","west":"true"}},{"apply":{"model":"block/tripwire_n"},"when":{"attached":"true","disarmed":"false","east":"false","north":"true","powered":"true","south":"true","west":"true"}},{"apply":{"model":"block/tripwire_n"},"when":{"attached":"true","disarmed":"false","east":"true","north":"false","powered":"true","south":"true","west":"true"}},{"apply":{"model":"block/tripwire_n"},"when":{"attached":"true","disarmed":"false","east":"true","north":"true","powered":"true","south":"true","west":"true"}},{"apply":{"model":"block/bookshelf"},"when":{"attached":"false","disarmed":"true","east":"false","north":"false","powered":"true","south":"false","west":"false"}},{"apply":{"model":"custom/plants/tall_dead_bush"},"when":{"attached":"false","disarmed":"true","east":"false","north":"true","powered":"true","south":"false","west":"false"}},{"apply":{"model":"custom/plants/amaryllis"},"when":{"attached":"false","disarmed":"true","east":"true","north":"false","powered":"true","south":"false","west":"false"}},{"apply":{"model":"custom/plants/beach_grass"},"when":{"attached":"false","disarmed":"true","east":"true","north":"true","powered":"true","south":"false","west":"false"}},{"apply":{"model":"custom/plants/pampas"},"when":{"attached":"false","disarmed":"true","east":"false","north":"false","powered":"true","south":"true","west":"false"}},{"apply":{"model":"block/tripwire_n"},"when":{"attached":"false","disarmed":"true","east":"false","north":"true","powered":"true","south":"true","west":"false"}},{"apply":{"model":"block/tripwire_n"},"when":{"attached":"false","disarmed":"true","east":"true","north":"false","powered":"true","south":"true","west":"false"}},{"apply":{"model":"block/tripwire_n"},"when":{"attached":"false","disarmed":"true","east":"true","north":"true","powered":"true","south":"true","west":"false"}},{"apply":{"model":"block/tripwire_n"},"when":{"attached":"false","disarmed":"true","east":"false","north":"false","powered":"true","south":"false","west":"true"}},{"apply":{"model":"block/tripwire_n"},"when":{"attached":"false","disarmed":"true","east":"false","north":"true","powered":"true","south":"false","west":"true"}},{"apply":{"model":"block/tripwire_n"},"when":{"attached":"false","disarmed":"true","east":"true","north":"false","powered":"true","south":"false","west":"true"}},{"apply":{"model":"block/tripwire_n"},"when":{"attached":"false","disarmed":"true","east":"true","north":"true","powered":"true","south":"false","west":"true"}},{"apply":{"model":"block/tripwire_n"},"when":{"attached":"false","disarmed":"true","east":"false","north":"false","powered":"true","south":"true","west":"true"}},{"apply":{"model":"block/tripwire_n"},"when":{"attached":"false","disarmed":"true","east":"false","north":"true","powered":"true","south":"true","west":"true"}},{"apply":{"model":"block/tripwire_n"},"when":{"attached":"false","disarmed":"true","east":"true","north":"false","powered":"true","south":"true","west":"true"}},{"apply":{"model":"block/tripwire_n"},"when":{"attached":"false","disarmed":"true","east":"true","north":"true","powered":"true","south":"true","west":"true"}},{"apply":{"model":"block/tripwire_n"},"when":{"attached":"true","disarmed":"true","east":"false","north":"false","powered":"true","south":"false","west":"false"}},{"apply":{"model":"block/tripwire_n"},"when":{"attached":"true","disarmed":"true","east":"false","north":"true","powered":"true","south":"false","west":"false"}},{"apply":{"model":"block/tripwire_n"},"when":{"attached":"true","disarmed":"true","east":"true","north":"false","powered":"true","south":"false","west":"false"}},{"apply":{"model":"block/tripwire_n"},"when":{"attached":"true","disarmed":"true","east":"true","north":"true","powered":"true","south":"false","west":"false"}},{"apply":{"model":"block/tripwire_n"},"when":{"attached":"true","disarmed":"true","east":"false","north":"false","powered":"true","south":"true","west":"false"}},{"apply":{"model":"block/tripwire_n"},"when":{"attached":"true","disarmed":"true","east":"false","north":"true","powered":"true","south":"true","west":"false"}},{"apply":{"model":"block/tripwire_n"},"when":{"attached":"true","disarmed":"true","east":"true","north":"false","powered":"true","south":"true","west":"false"}},{"apply":{"model":"block/tripwire_n"},"when":{"attached":"true","disarmed":"true","east":"true","north":"true","powered":"true","south":"true","west":"false"}},{"apply":{"model":"block/tripwire_n"},"when":{"attached":"true","disarmed":"true","east":"false","north":"false","powered":"true","south":"false","west":"true"}},{"apply":{"model":"block/tripwire_n"},"when":{"attached":"true","disarmed":"true","east":"false","north":"true","powered":"true","south":"false","west":"true"}},{"apply":{"model":"block/tripwire_n"},"when":{"attached":"true","disarmed":"true","east":"true","north":"false","powered":"true","south":"false","west":"true"}},{"apply":{"model":"block/tripwire_n"},"when":{"attached":"true","disarmed":"true","east":"true","north":"true","powered":"true","south":"false","west":"true"}},{"apply":{"model":"block/tripwire_n"},"when":{"attached":"true","disarmed":"true","east":"false","north":"false","powered":"true","south":"true","west":"true"}},{"apply":{"model":"custom/furniture/park_bench"},"when":{"attached":"true","disarmed":"true","east":"false","north":"true","powered":"true","south":"true","west":"true"}},{"apply":{"model":"custom/plants/banana_tree_3"},"when":{"attached":"true","disarmed":"true","east":"true","north":"false","powered":"true","south":"true","west":"true"}},{"apply":{"model":"block/wheat_stage7"},"when":{"attached":"true","disarmed":"true","east":"true","north":"true","powered":"true","south":"true","west":"true"}}]}