{"parent":"item/generated","textures":{"layer0":"item/amethyst_shard"},
"overrides":[{"predicate":{"custom_model_data":1},"model":"ga1"},
{"predicate":{"custom_model_data":2},"model":"ga2"},
{"predicate":{"custom_model_data":3},"model":"ga3"},
{"predicate":{"custom_model_data":4},"model":"ga4"},
{"predicate":{"custom_model_data":5},"model":"ga5"},
{"predicate":{"custom_model_data":6},"model":"ga6"},
{"predicate":{"custom_model_data":7},"model":"ga7"},
{"predicate":{"custom_model_data":8},"model":"ga8"},
{"predicate":{"custom_model_data":9},"model":"ga9"},
{"predicate":{"custom_model_data":10},"model":"ga10"}]}