{"textures":{"texture":"block/bookshelf_alt_11","texture1":"block/bookshelf_top"},"elements":[{"from":[0,0,0],"to":[16,1,16],"faces":{"north":{"uv":[0,15,16,16],"texture":"#texture"},"east":{"uv":[0,15,16,16],"texture":"#texture"},"south":{"uv":[0,15,16,16],"texture":"#texture"},"west":{"uv":[0,15,16,16],"texture":"#texture"},"up":{"uv":[0,0,16,16],"texture":"#texture1"},"down":{"uv":[0,0,16,16],"texture":"#texture1"}}},{"from":[15.0001,1,0],"to":[16.0001,15,1],"faces":{"north":{"uv":[0,1,1,15],"texture":"#texture"},"east":{"uv":[1,1,0,15],"texture":"#texture"},"south":{"uv":[0,1,1,15],"texture":"#texture"},"west":{"uv":[1,1,0,15],"texture":"#texture"}}},{"from":[0,15,0],"to":[16,16,16],"faces":{"north":{"uv":[0,0,16,1],"texture":"#texture"},"east":{"uv":[0,0,16,1],"texture":"#texture"},"south":{"uv":[0,0,16,1],"texture":"#texture"},"west":{"uv":[0,0,16,1],"texture":"#texture"},"up":{"uv":[0,0,16,16],"texture":"#texture1"},"down":{"uv":[0,0,16,16],"texture":"#texture1"}}},{"from":[0.3333,7.6667,0.3333],"to":[15.66663,8.33337,15.66663],"faces":{"north":{"uv":[0.33333,7.66667,15.66667,8.33333],"texture":"#texture"},"east":{"uv":[0.33333,7.66667,15.66667,8.33333],"texture":"#texture"},"south":{"uv":[0.33333,7.66667,15.66667,8.33333],"texture":"#texture"},"west":{"uv":[0.33333,7.66667,15.66667,8.33333],"texture":"#texture"},"up":{"uv":[0.33333,0.33333,15.66667,15.66667],"texture":"#texture"},"down":{"uv":[0.33333,0.33333,15.66667,15.66667],"texture":"#texture"}}},{"from":[1,1,1],"to":[15,15,15],"faces":{"north":{"uv":[1,1,15,15],"texture":"#texture"},"east":{"uv":[1,1,15,15],"texture":"#texture"},"south":{"uv":[1,1,15,15],"texture":"#texture"},"west":{"uv":[1,1,15,15],"texture":"#texture"}}},{"from":[0,1,0],"to":[1,15,1],"faces":{"north":{"uv":[0,1,1,15],"texture":"#texture"},"east":{"uv":[1,1,0,15],"texture":"#texture"},"south":{"uv":[0,1,1,15],"texture":"#texture"},"west":{"uv":[1,1,0,15],"texture":"#texture"}}},{"from":[0,1,15],"to":[1,15,16],"faces":{"north":{"uv":[0,1,1,15],"texture":"#texture"},"east":{"uv":[1,1,0,15],"texture":"#texture"},"south":{"uv":[0,1,1,15],"texture":"#texture"},"west":{"uv":[1,1,0,15],"texture":"#texture"}}},{"from":[15,1,15],"to":[16,15,16],"faces":{"north":{"uv":[0,1,1,15],"texture":"#texture"},"east":{"uv":[1,1,0,15],"texture":"#texture"},"south":{"uv":[0,1,1,15],"texture":"#texture"},"west":{"uv":[1,1,0,15],"texture":"#texture"}}}]}