{
	"credit": "DSprl",
	"textures": {
		"0": "item/custom/decor_table",
		"particle": "item/custom/decor_table"
	},
	"elements": [
		{
			"name": "Element",
			"from": [-0.08058, 6.5, 3.51817],
			"to": [15.91942, 8, 12.51817],
			"rotation": {"angle": 0, "axis": "y", "origin": [7.99724, -0.01071, 8.00161]},
			"faces": {
				"north": {"uv": [2.25, 11.5, 11.75, 13], "texture": "#0"},
				"east": {"uv": [2.25, 11.5, 11.75, 13], "texture": "#0"},
				"south": {"uv": [2.25, 11.5, 11.75, 13], "texture": "#0"},
				"west": {"uv": [2.25, 11.5, 11.75, 13], "texture": "#0"},
				"up": {"uv": [2.5, 1.5, 13.25, 7.75], "texture": "#0"},
				"down": {"uv": [2.5, 1.5, 13.25, 7.75], "rotation": 180, "texture": "#0"}
			}
		},
		{
			"name": "Element",
			"from": [-0.08058, 6, 4.01817],
			"to": [15.91942, 6.5, 12.01817],
			"rotation": {"angle": 0, "axis": "y", "origin": [7.99724, -1.01071, 8.00161]},
			"faces": {
				"north": {"uv": [2.25, 13, 11.75, 14.25], "texture": "#0"},
				"east": {"uv": [2.25, 13, 11.75, 14.25], "texture": "#0"},
				"south": {"uv": [2.25, 13, 11.75, 14.25], "texture": "#0"},
				"west": {"uv": [2.25, 13, 11.75, 14.25], "texture": "#0"},
				"up": {"uv": [3.5, 1.5, 14.25, 7.75], "texture": "#0"},
				"down": {"uv": [2.5, 1.5, 13.25, 7.75], "rotation": 180, "texture": "#0"}
			}
		},
		{
			"name": "Element",
			"from": [-0.05316, 0, 8.24317],
			"to": [0.94684, 1.75, 11.74317],
			"rotation": {"angle": 0, "axis": "y", "origin": [7.99724, -0.01071, 7.97661]},
			"faces": {
				"north": {"uv": [16, 11.75, 14.75, 14], "texture": "#0"},
				"east": {"uv": [12.25, 8.75, 7.25, 11.25], "texture": "#0"},
				"south": {"uv": [12.25, 8.75, 15, 11.5], "rotation": 90, "texture": "#0"},
				"west": {"uv": [7.25, 8.75, 12.25, 11.25], "texture": "#0"},
				"up": {"uv": [2, 11.5, 7, 8.75], "rotation": 270, "texture": "#0"},
				"down": {"uv": [2, 11.5, 12.25, 8.75], "rotation": 90, "texture": "#0"}
			}
		},
		{
			"name": "Element",
			"from": [-0.05316, 0, 4.20453],
			"to": [0.94684, 1.75, 7.70453],
			"rotation": {"angle": 0, "axis": "y", "origin": [7.99724, -0.01071, 7.97661]},
			"faces": {
				"north": {"uv": [12.25, 8.75, 15, 11.5], "rotation": 90, "texture": "#0"},
				"east": {"uv": [7.25, 8.75, 12.25, 11.25], "texture": "#0"},
				"south": {"uv": [14.75, 11.75, 16, 14], "texture": "#0"},
				"west": {"uv": [12.25, 8.75, 7.25, 11.25], "texture": "#0"},
				"up": {"uv": [7, 11.5, 2, 8.75], "rotation": 270, "texture": "#0"},
				"down": {"uv": [2, 11.5, 12.25, 8.75], "rotation": 90, "texture": "#0"}
			}
		},
		{
			"name": "Element",
			"from": [-0.05316, 1.75, 10.24317],
			"to": [0.94684, 2.5, 10.99317],
			"rotation": {"angle": 0, "axis": "y", "origin": [7.99724, -0.01071, 7.97661]},
			"faces": {
				"north": {"uv": [3.5, 9, 0, 11], "texture": "#0"},
				"east": {"uv": [15, 8.75, 12.75, 10.5], "texture": "#0"},
				"south": {"uv": [2, 11.5, 4.5, 8.75], "rotation": 90, "texture": "#0"},
				"west": {"uv": [12.75, 8.75, 15, 10.5], "texture": "#0"},
				"up": {"uv": [2.75, 11.5, 5.25, 8.75], "rotation": 270, "texture": "#0"},
				"down": {"uv": [0, 12, 6, 8], "rotation": 90, "texture": "#0"}
			}
		},
		{
			"name": "Element",
			"from": [-0.05316, 1.75, 4.95453],
			"to": [0.94684, 2.5, 5.70453],
			"rotation": {"angle": 0, "axis": "y", "origin": [7.99724, -0.01071, 7.97661]},
			"faces": {
				"north": {"uv": [2, 8.75, 4.5, 11.5], "rotation": 90, "texture": "#0"},
				"east": {"uv": [12.75, 8.75, 15, 10.5], "texture": "#0"},
				"south": {"uv": [0, 9, 3.5, 11], "texture": "#0"},
				"west": {"uv": [15, 8.75, 12.75, 10.5], "texture": "#0"},
				"up": {"uv": [5.25, 11.5, 2.75, 8.75], "rotation": 270, "texture": "#0"},
				"down": {"uv": [6, 12, 0, 8], "rotation": 90, "texture": "#0"}
			}
		},
		{
			"name": "Element",
			"from": [-0.10558, 3, 7.26817],
			"to": [15.99442, 5, 8.76817],
			"rotation": {"angle": 0, "axis": "y", "origin": [7.99724, -0.01071, 8.00161]},
			"faces": {
				"north": {"uv": [2, 8.75, 12.25, 11.5], "texture": "#0"},
				"east": {"uv": [12.25, 8.75, 15, 11.5], "rotation": 90, "texture": "#0"},
				"south": {"uv": [2, 8.75, 12.25, 11.5], "texture": "#0"},
				"west": {"uv": [12.25, 8.75, 15, 11.5], "rotation": 90, "texture": "#0"},
				"up": {"uv": [2, 8.75, 12.25, 11.5], "texture": "#0"},
				"down": {"uv": [2, 8.75, 12.25, 11.5], "rotation": 180, "texture": "#0"}
			}
		},
		{
			"name": "Element",
			"from": [-0.05316, 1.75, 8.24317],
			"to": [0.94684, 6, 10.24317],
			"rotation": {"angle": 0, "axis": "y", "origin": [7.99724, -0.01071, 7.97661]},
			"faces": {
				"north": {"uv": [2, 11.5, 8.25, 8.75], "rotation": 90, "texture": "#0"},
				"east": {"uv": [2, 11.5, 8.25, 8.75], "rotation": 90, "texture": "#0"},
				"south": {"uv": [2, 11.5, 8.25, 8.75], "rotation": 90, "texture": "#0"},
				"west": {"uv": [2, 11.5, 8.25, 8.75], "rotation": 90, "texture": "#0"},
				"up": {"uv": [16, 14, 14, 16], "texture": "#0"},
				"down": {"uv": [16, 14, 14, 16], "texture": "#0"}
			}
		},
		{
			"name": "Element",
			"from": [-0.05316, 1.75, 5.70453],
			"to": [0.94684, 6, 7.70453],
			"rotation": {"angle": 0, "axis": "y", "origin": [7.99724, -0.01071, 7.97661]},
			"faces": {
				"north": {"uv": [2, 8.75, 8.25, 11.5], "rotation": 90, "texture": "#0"},
				"east": {"uv": [2, 8.75, 8.25, 11.5], "rotation": 90, "texture": "#0"},
				"south": {"uv": [2, 8.75, 8.25, 11.5], "rotation": 90, "texture": "#0"},
				"west": {"uv": [2, 8.75, 8.25, 11.5], "rotation": 90, "texture": "#0"},
				"up": {"uv": [16, 16, 14, 14], "texture": "#0"},
				"down": {"uv": [16, 16, 14, 14], "texture": "#0"}
			}
		},
		{
			"name": "Element",
			"from": [14.94684, 1.75, 8.24317],
			"to": [15.94684, 6, 10.24317],
			"rotation": {"angle": 0, "axis": "y", "origin": [7.99724, -0.01071, 7.97661]},
			"faces": {
				"north": {"uv": [2, 11.5, 8.25, 8.75], "rotation": 90, "texture": "#0"},
				"east": {"uv": [2, 11.5, 8.25, 8.75], "rotation": 90, "texture": "#0"},
				"south": {"uv": [2, 11.5, 8.25, 8.75], "rotation": 90, "texture": "#0"},
				"west": {"uv": [2, 11.5, 8.25, 8.75], "rotation": 90, "texture": "#0"},
				"up": {"uv": [16, 14, 14, 16], "texture": "#0"},
				"down": {"uv": [16, 14, 14, 16], "texture": "#0"}
			}
		},
		{
			"name": "Element",
			"from": [14.94684, 0, 8.24317],
			"to": [15.94684, 1.75, 11.74317],
			"rotation": {"angle": 0, "axis": "y", "origin": [7.99724, -0.01071, 7.97661]},
			"faces": {
				"north": {"uv": [16, 11.75, 14.75, 14], "texture": "#0"},
				"east": {"uv": [12.25, 8.75, 7.25, 11.25], "texture": "#0"},
				"south": {"uv": [12.25, 8.75, 15, 11.5], "rotation": 90, "texture": "#0"},
				"west": {"uv": [7.25, 8.75, 12.25, 11.25], "texture": "#0"},
				"up": {"uv": [2, 11.5, 7, 8.75], "rotation": 270, "texture": "#0"},
				"down": {"uv": [2, 11.5, 12.25, 8.75], "rotation": 90, "texture": "#0"}
			}
		},
		{
			"name": "Element",
			"from": [14.94684, 1.75, 10.24317],
			"to": [15.94684, 2.5, 10.99317],
			"rotation": {"angle": 0, "axis": "y", "origin": [7.99724, -0.01071, 7.97661]},
			"faces": {
				"north": {"uv": [3.5, 9, 0, 11], "texture": "#0"},
				"east": {"uv": [15, 8.75, 12.75, 10.5], "texture": "#0"},
				"south": {"uv": [2, 11.5, 4.5, 8.75], "rotation": 90, "texture": "#0"},
				"west": {"uv": [12.75, 8.75, 15, 10.5], "texture": "#0"},
				"up": {"uv": [2.75, 11.5, 5.25, 8.75], "rotation": 270, "texture": "#0"},
				"down": {"uv": [0, 12, 6, 8], "rotation": 90, "texture": "#0"}
			}
		},
		{
			"name": "Element",
			"from": [14.94684, 0, 4.20453],
			"to": [15.94684, 1.75, 7.70453],
			"rotation": {"angle": 0, "axis": "y", "origin": [7.99724, -0.01071, 7.97661]},
			"faces": {
				"north": {"uv": [12.25, 8.75, 15, 11.5], "rotation": 90, "texture": "#0"},
				"east": {"uv": [7.25, 8.75, 12.25, 11.25], "texture": "#0"},
				"south": {"uv": [14.75, 11.75, 16, 14], "texture": "#0"},
				"west": {"uv": [12.25, 8.75, 7.25, 11.25], "texture": "#0"},
				"up": {"uv": [7, 11.5, 2, 8.75], "rotation": 270, "texture": "#0"},
				"down": {"uv": [2, 11.5, 12.25, 8.75], "rotation": 90, "texture": "#0"}
			}
		},
		{
			"name": "Element",
			"from": [14.94684, 1.75, 5.70453],
			"to": [15.94684, 6, 7.70453],
			"rotation": {"angle": 0, "axis": "y", "origin": [7.99724, -0.01071, 7.97661]},
			"faces": {
				"north": {"uv": [2, 8.75, 8.25, 11.5], "rotation": 90, "texture": "#0"},
				"east": {"uv": [2, 8.75, 8.25, 11.5], "rotation": 90, "texture": "#0"},
				"south": {"uv": [2, 8.75, 8.25, 11.5], "rotation": 90, "texture": "#0"},
				"west": {"uv": [2, 8.75, 8.25, 11.5], "rotation": 90, "texture": "#0"},
				"up": {"uv": [16, 16, 14, 14], "texture": "#0"},
				"down": {"uv": [16, 16, 14, 14], "texture": "#0"}
			}
		},
		{
			"name": "Element",
			"from": [14.94684, 1.75, 4.95453],
			"to": [15.94684, 2.5, 5.70453],
			"rotation": {"angle": 0, "axis": "y", "origin": [7.99724, -0.01071, 7.97661]},
			"faces": {
				"north": {"uv": [2, 8.75, 4.5, 11.5], "rotation": 90, "texture": "#0"},
				"east": {"uv": [12.75, 8.75, 15, 10.5], "texture": "#0"},
				"south": {"uv": [0, 9, 3.5, 11], "texture": "#0"},
				"west": {"uv": [15, 8.75, 12.75, 10.5], "texture": "#0"},
				"up": {"uv": [5.25, 11.5, 2.75, 8.75], "rotation": 270, "texture": "#0"},
				"down": {"uv": [6, 12, 0, 8], "rotation": 90, "texture": "#0"}
			}
		}
	],
	"display": {
		"thirdperson_righthand": {
			"rotation": [75, -135, 0],
			"translation": [0, 2, 0],
			"scale": [0.2, 0.2, 0.2]
		},
		"thirdperson_lefthand": {
			"rotation": [75, -135, 0],
			"translation": [0, 2, 0],
			"scale": [0.2, 0.2, 0.2]
		},
		"firstperson_righthand": {
			"rotation": [0, 28, 0],
			"translation": [0, 1.5, 0],
			"scale": [0.4, 0.4, 0.4]
		},
		"firstperson_lefthand": {
			"rotation": [0, -150, 0],
			"translation": [0, 1.5, 0],
			"scale": [0.4, 0.4, 0.4]
		},
		"ground": {
			"translation": [0, 3, 0],
			"scale": [0.3, 0.3, 0.3]
		},
		"gui": {
			"rotation": [28, 135, 0],
			"translation": [0, 0.7826, 0],
			"scale": [0.6, 0.6, 0.6]
		},
		"head": {
			"translation": [0, -30.6, 0],
			"scale": [1.6, 1.6, 1.6]
		},
		"fixed": {
			"rotation": [0, -90, 0],
			"translation": [0, -4, -4],
			"scale": [0.6, 0.6, 0.6]
		}
	}
}