{
  "__comment": "© Droobledore LLC",
  "credit": "Created by Droobledore for PotterworldMC, DroobledoreLLC",
  "textures": {
    "0": "block/decor_newspaperstack",
    "particle": "block/decor_newspaperstack"
  },
  "elements": [
    {
      "name": "PotterworldMC",
      "from": [
        6,
        0,
        4
      ],
      "to": [
        14,
        7,
        14
      ],
      "rotation": {
        "angle": 0,
        "axis": "x",
        "origin": [
          8.90139,
          3.93036,
          9.00778
        ]
      },
      "faces": {
        "north": {
          "uv": [
            10,
            1.5,
            16,
            8.75
          ],
          "texture": "#0"
        },
        "east": {
          "uv": [
            10,
            1.5,
            16,
            8.75
          ],
          "texture": "#0"
        },
        "south": {
          "uv": [
            10,
            1.5,
            16,
            8.75
          ],
          "texture": "#0"
        },
        "west": {
          "uv": [
            10,
            1.5,
            16,
            8.75
          ],
          "texture": "#0"
        },
        "up": {
          "uv": [
            9.25,
            7,
            3.75,
            14
          ],
          "rotation": 180,
          "texture": "#0"
        },
        "down": {
          "uv": [
            9.25,
            7,
            3.75,
            14
          ],
          "texture": "#0"
        }
      }
    },
    {
      "name": "PotterworldMC",
      "from": [
        6.53667,
        3.25,
        5.34489
      ],
      "to": [
        13.28667,
        3.25,
        14.09489
      ],
      "rotation": {
        "angle": 22.5,
        "axis": "y",
        "origin": [
          8.65139,
          1.93036,
          9.75778
        ]
      },
      "faces": {
        "north": {
          "uv": [
            0,
            0,
            1,
            16
          ],
          "rotation": 270,
          "texture": "#0"
        },
        "east": {
          "uv": [
            0,
            0,
            1,
            16
          ],
          "rotation": 270,
          "texture": "#0"
        },
        "south": {
          "uv": [
            1,
            0,
            0,
            16
          ],
          "rotation": 90,
          "texture": "#0"
        },
        "west": {
          "uv": [
            13.5,
            0,
            14.5,
            16
          ],
          "rotation": 90,
          "texture": "#0"
        },
        "up": {
          "uv": [
            9.25,
            0,
            3.75,
            7
          ],
          "rotation": 180,
          "texture": "#0"
        },
        "down": {
          "uv": [
            9.25,
            7,
            3.75,
            0
          ],
          "rotation": 180,
          "texture": "#0"
        }
      }
    },
    {
      "name": "PotterworldMC",
      "from": [
        6.72861,
        7.025,
        4.59384
      ],
      "to": [
        13.72861,
        7.025,
        13.34384
      ],
      "rotation": {
        "angle": 22.5,
        "axis": "y",
        "origin": [
          10.35361,
          7.025,
          8.96884
        ]
      },
      "faces": {
        "north": {
          "uv": [
            0,
            0,
            1,
            16
          ],
          "rotation": 270,
          "texture": "#0"
        },
        "east": {
          "uv": [
            0,
            0,
            1,
            16
          ],
          "rotation": 270,
          "texture": "#0"
        },
        "south": {
          "uv": [
            1,
            0,
            0,
            16
          ],
          "rotation": 90,
          "texture": "#0"
        },
        "west": {
          "uv": [
            13.5,
            0,
            14.5,
            16
          ],
          "rotation": 90,
          "texture": "#0"
        },
        "up": {
          "uv": [
            9.25,
            0,
            3.75,
            7
          ],
          "rotation": 180,
          "texture": "#0"
        },
        "down": {
          "uv": [
            3.75,
            0,
            9.25,
            7
          ],
          "rotation": 180,
          "texture": "#0"
        }
      }
    },
    {
      "name": "PotterworldMC",
      "from": [
        6.66831,
        5.5,
        4.67625
      ],
      "to": [
        11.41831,
        5.5,
        11.92625
      ],
      "rotation": {
        "angle": 22.5,
        "axis": "y",
        "origin": [
          8.90139,
          3.93036,
          9.00778
        ]
      },
      "faces": {
        "north": {
          "uv": [
            0,
            0,
            1,
            16
          ],
          "rotation": 270,
          "texture": "#0"
        },
        "east": {
          "uv": [
            0,
            0,
            1,
            16
          ],
          "rotation": 270,
          "texture": "#0"
        },
        "south": {
          "uv": [
            1,
            0,
            0,
            16
          ],
          "rotation": 90,
          "texture": "#0"
        },
        "west": {
          "uv": [
            13.5,
            0,
            14.5,
            16
          ],
          "rotation": 90,
          "texture": "#0"
        },
        "up": {
          "uv": [
            9.25,
            0,
            3.75,
            7
          ],
          "rotation": 180,
          "texture": "#0"
        },
        "down": {
          "uv": [
            9.25,
            7,
            3.75,
            0
          ],
          "rotation": 180,
          "texture": "#0"
        }
      }
    },
    {
      "name": "PotterworldMC",
      "from": [
        6.4478,
        2,
        6.2668
      ],
      "to": [
        11.1978,
        2,
        13.5168
      ],
      "rotation": {
        "angle": -22.5,
        "axis": "y",
        "origin": [
          8.90139,
          3.93036,
          9.00778
        ]
      },
      "faces": {
        "north": {
          "uv": [
            0,
            0,
            1,
            16
          ],
          "rotation": 270,
          "texture": "#0"
        },
        "east": {
          "uv": [
            0,
            0,
            1,
            16
          ],
          "rotation": 270,
          "texture": "#0"
        },
        "south": {
          "uv": [
            1,
            0,
            0,
            16
          ],
          "rotation": 90,
          "texture": "#0"
        },
        "west": {
          "uv": [
            13.5,
            0,
            14.5,
            16
          ],
          "rotation": 90,
          "texture": "#0"
        },
        "up": {
          "uv": [
            9.25,
            0,
            3.75,
            7
          ],
          "rotation": 180,
          "texture": "#0"
        },
        "down": {
          "uv": [
            9.25,
            7,
            3.75,
            0
          ],
          "rotation": 180,
          "texture": "#0"
        }
      }
    },
    {
      "name": "PotterworldMC",
      "from": [
        9.75,
        -0.025,
        3.975
      ],
      "to": [
        10.25,
        7.075,
        14.025
      ],
      "rotation": {
        "angle": 0,
        "axis": "y",
        "origin": [
          9.90139,
          3.93036,
          9.00778
        ]
      },
      "faces": {
        "north": {
          "uv": [
            16,
            15.25,
            0,
            16
          ],
          "rotation": 90,
          "texture": "#0"
        },
        "east": {
          "uv": [
            2.75,
            7.5,
            3.5,
            8.25
          ],
          "rotation": 270,
          "texture": "#0"
        },
        "south": {
          "uv": [
            16,
            15.25,
            0,
            16
          ],
          "rotation": 90,
          "texture": "#0"
        },
        "west": {
          "uv": [
            2.75,
            7.5,
            3.5,
            8.25
          ],
          "rotation": 270,
          "texture": "#0"
        },
        "up": {
          "uv": [
            16,
            15.25,
            0,
            16
          ],
          "rotation": 90,
          "texture": "#0"
        },
        "down": {
          "uv": [
            16,
            15.25,
            0,
            16
          ],
          "rotation": 90,
          "texture": "#0"
        }
      }
    },
    {
      "name": "PotterworldMC",
      "from": [
        5.975,
        -0.025,
        8.75
      ],
      "to": [
        14.025,
        7.1,
        9.25
      ],
      "rotation": {
        "angle": 0,
        "axis": "y",
        "origin": [
          8.90139,
          3.93036,
          9.00778
        ]
      },
      "faces": {
        "north": {
          "uv": [
            2.75,
            7.5,
            3.5,
            8.25
          ],
          "rotation": 270,
          "texture": "#0"
        },
        "east": {
          "uv": [
            16,
            15.25,
            0,
            16
          ],
          "rotation": 90,
          "texture": "#0"
        },
        "south": {
          "uv": [
            2.75,
            7.5,
            3.5,
            8.25
          ],
          "rotation": 270,
          "texture": "#0"
        },
        "west": {
          "uv": [
            16,
            15.25,
            0,
            16
          ],
          "rotation": 90,
          "texture": "#0"
        },
        "up": {
          "uv": [
            16,
            15.25,
            0,
            16
          ],
          "texture": "#0"
        },
        "down": {
          "uv": [
            16,
            15.25,
            0,
            16
          ],
          "rotation": 180,
          "texture": "#0"
        }
      }
    }
  ],
  "display": {
    "thirdperson_righthand": {
      "rotation": [
        0,
        90,
        0
      ],
      "translation": [
        0,
        1.3913,
        0.3043
      ],
      "scale": [
        0.5,
        0.5,
        0.5
      ]
    },
    "thirdperson_lefthand": {
      "rotation": [
        0,
        90,
        0
      ],
      "translation": [
        0,
        1.3913,
        0.3043
      ],
      "scale": [
        0.5,
        0.5,
        0.5
      ]
    },
    "firstperson_righthand": {
      "rotation": [
        0,
        142,
        0
      ],
      "translation": [
        0,
        3,
        0
      ],
      "scale": [
        0.5,
        0.5,
        0.5
      ]
    },
    "firstperson_lefthand": {
      "rotation": [
        0,
        142,
        0
      ],
      "translation": [
        0,
        3,
        0
      ],
      "scale": [
        0.5,
        0.5,
        0.5
      ]
    },
    "ground": {
      "rotation": [
        90,
        0,
        0
      ],
      "translation": [
        0,
        2,
        0
      ],
      "scale": [
        0.5,
        0.5,
        0.5
      ]
    },
    "gui": {
      "rotation": [
        30,
        225,
        0
      ],
      "scale": [
        0.625,
        0.625,
        0.625
      ]
    },
    "fixed": {
      "translation": [
        0,
        2,
        0.5
      ],
      "scale": [
        2.1,
        2.1,
        2.1
      ]
    }
  }
}
