{
  "__comment": "© Droobledore LLC",
  "credit": "Created by Droobledore for PotterworldMC, DroobledoreLLC",
  "textures": {
    "0": "block/decor_newspaperstack",
    "particle": "block/decor_newspaperstack"
  },
  "elements": [
    {
      "name": "PotterworldMC",
      "from": [
        5.17624,
        0.05,
        5.56549
      ],
      "to": [
        10.67624,
        0.05,
        13.31549
      ],
      "rotation": {
        "angle": 22.5,
        "axis": "y",
        "origin": [
          8.30124,
          0.05,
          8.94049
        ]
      },
      "faces": {
        "north": {
          "uv": [
            0,
            0,
            1,
            16
          ],
          "rotation": 270,
          "texture": "#0"
        },
        "east": {
          "uv": [
            0,
            0,
            1,
            16
          ],
          "rotation": 270,
          "texture": "#0"
        },
        "south": {
          "uv": [
            1,
            0,
            0,
            16
          ],
          "rotation": 90,
          "texture": "#0"
        },
        "west": {
          "uv": [
            13.5,
            0,
            14.5,
            16
          ],
          "rotation": 90,
          "texture": "#0"
        },
        "up": {
          "uv": [
            9.25,
            0,
            3.75,
            7
          ],
          "rotation": 180,
          "texture": "#0"
        },
        "down": {
          "uv": [
            2.75,
            7.5,
            3.25,
            8
          ],
          "rotation": 180,
          "texture": "#0"
        }
      }
    },
    {
      "name": "PotterworldMC",
      "from": [
        2.48813,
        0.1,
        4.39168
      ],
      "to": [
        8.48813,
        0.1,
        12.14168
      ],
      "rotation": {
        "angle": -45,
        "axis": "y",
        "origin": [
          5.98813,
          0.1,
          7.76668
        ]
      },
      "faces": {
        "north": {
          "uv": [
            0,
            0,
            1,
            16
          ],
          "rotation": 270,
          "texture": "#0"
        },
        "east": {
          "uv": [
            0,
            0,
            1,
            16
          ],
          "rotation": 270,
          "texture": "#0"
        },
        "south": {
          "uv": [
            1,
            0,
            0,
            16
          ],
          "rotation": 90,
          "texture": "#0"
        },
        "west": {
          "uv": [
            13.5,
            0,
            14.5,
            16
          ],
          "rotation": 90,
          "texture": "#0"
        },
        "up": {
          "uv": [
            14.75,
            8.5,
            10,
            14.75
          ],
          "rotation": 180,
          "texture": "#0"
        },
        "down": {
          "uv": [
            2.75,
            7.5,
            3.25,
            8
          ],
          "rotation": 180,
          "texture": "#0"
        }
      }
    },
    {
      "name": "PotterworldMC",
      "from": [
        6.23713,
        0.025,
        6.82572
      ],
      "to": [
        10.98713,
        0.025,
        14.07572
      ],
      "rotation": {
        "angle": 0,
        "axis": "y",
        "origin": [
          8.61213,
          0.025,
          10.45072
        ]
      },
      "faces": {
        "north": {
          "uv": [
            0,
            0,
            1,
            16
          ],
          "rotation": 270,
          "texture": "#0"
        },
        "east": {
          "uv": [
            0,
            0,
            1,
            16
          ],
          "rotation": 270,
          "texture": "#0"
        },
        "south": {
          "uv": [
            1,
            0,
            0,
            16
          ],
          "rotation": 90,
          "texture": "#0"
        },
        "west": {
          "uv": [
            13.5,
            0,
            14.5,
            16
          ],
          "rotation": 90,
          "texture": "#0"
        },
        "up": {
          "uv": [
            9.25,
            0,
            3.75,
            7
          ],
          "rotation": 180,
          "texture": "#0"
        },
        "down": {
          "uv": [
            2.75,
            7.5,
            3.25,
            8
          ],
          "rotation": 180,
          "texture": "#0"
        }
      }
    },
    {
      "name": "PotterworldMC",
      "from": [
        2.86548,
        0.075,
        7.91943
      ],
      "to": [
        7.61548,
        0.075,
        15.16943
      ],
      "rotation": {
        "angle": -22.5,
        "axis": "y",
        "origin": [
          5.24048,
          0.075,
          11.54443
        ]
      },
      "faces": {
        "north": {
          "uv": [
            0,
            0,
            1,
            16
          ],
          "rotation": 270,
          "texture": "#0"
        },
        "east": {
          "uv": [
            0,
            0,
            1,
            16
          ],
          "rotation": 270,
          "texture": "#0"
        },
        "south": {
          "uv": [
            1,
            0,
            0,
            16
          ],
          "rotation": 90,
          "texture": "#0"
        },
        "west": {
          "uv": [
            13.5,
            0,
            14.5,
            16
          ],
          "rotation": 90,
          "texture": "#0"
        },
        "up": {
          "uv": [
            9.25,
            0,
            3.75,
            7
          ],
          "rotation": 180,
          "texture": "#0"
        },
        "down": {
          "uv": [
            2.75,
            7.5,
            3.25,
            8
          ],
          "rotation": 180,
          "texture": "#0"
        }
      }
    }
  ],
  "display": {
    "thirdperson_righthand": {
      "rotation": [
        0,
        90,
        0
      ],
      "translation": [
        0,
        1.3913,
        0.3043
      ],
      "scale": [
        0.5,
        0.5,
        0.5
      ]
    },
    "thirdperson_lefthand": {
      "rotation": [
        0,
        90,
        0
      ],
      "translation": [
        0,
        1.3913,
        0.3043
      ],
      "scale": [
        0.5,
        0.5,
        0.5
      ]
    },
    "firstperson_righthand": {
      "rotation": [
        0,
        142,
        0
      ],
      "translation": [
        0,
        3,
        0
      ],
      "scale": [
        0.5,
        0.5,
        0.5
      ]
    },
    "firstperson_lefthand": {
      "rotation": [
        0,
        142,
        0
      ],
      "translation": [
        0,
        3,
        0
      ],
      "scale": [
        0.5,
        0.5,
        0.5
      ]
    },
    "ground": {
      "rotation": [
        90,
        0,
        0
      ],
      "translation": [
        0,
        2,
        0
      ],
      "scale": [
        0.5,
        0.5,
        0.5
      ]
    },
    "gui": {
      "rotation": [
        30,
        225,
        0
      ],
      "scale": [
        0.625,
        0.625,
        0.625
      ]
    },
    "fixed": {
      "translation": [
        0,
        2,
        0.5
      ],
      "scale": [
        2.1,
        2.1,
        2.1
      ]
    }
  }
}
