{
  "__comment": "© Droobledore LLC",
  "credit": "Created by Droobledore for PotterworldMC, DroobledoreLLC",
  "textures": {
    "0": "item/custom/decor_table",
    "particle": "item/custom/decor_table"
  },
  "elements": [
    {
      "name": "Element",
      "from": [
        3.48068,
        6.5,
        -3.57621
      ],
      "to": [
        12.48068,
        8,
        19.07379
      ],
      "rotation": {
        "angle": 45,
        "axis": "y",
        "origin": [
          7.99724,
          -0.01071,
          8.00161
        ]
      },
      "faces": {
        "north": {
          "uv": [
            2.25,
            11.5,
            11.75,
            13
          ],
          "texture": "#0"
        },
        "east": {
          "uv": [
            2.25,
            11.5,
            11.75,
            13
          ],
          "texture": "#0"
        },
        "south": {
          "uv": [
            2.25,
            11.5,
            11.75,
            13
          ],
          "texture": "#0"
        },
        "west": {
          "uv": [
            2.25,
            11.5,
            11.75,
            13
          ],
          "texture": "#0"
        },
        "up": {
          "uv": [
            2.5,
            1.5,
            13.25,
            7.75
          ],
          "rotation": 90,
          "texture": "#0"
        },
        "down": {
          "uv": [
            2.5,
            1.5,
            13.25,
            7.75
          ],
          "rotation": 90,
          "texture": "#0"
        }
      }
    },
    {
      "name": "Element",
      "from": [
        3.98068,
        6,
        -3.57621
      ],
      "to": [
        11.98068,
        6.5,
        19.07379
      ],
      "rotation": {
        "angle": 45,
        "axis": "y",
        "origin": [
          7.99724,
          -1.01071,
          8.00161
        ]
      },
      "faces": {
        "north": {
          "uv": [
            2.25,
            13,
            11.75,
            14.25
          ],
          "texture": "#0"
        },
        "east": {
          "uv": [
            2.25,
            13,
            11.75,
            14.25
          ],
          "texture": "#0"
        },
        "south": {
          "uv": [
            2.25,
            13,
            11.75,
            14.25
          ],
          "texture": "#0"
        },
        "west": {
          "uv": [
            2.25,
            13,
            11.75,
            14.25
          ],
          "texture": "#0"
        },
        "up": {
          "uv": [
            3.5,
            1.5,
            14.25,
            7.75
          ],
          "rotation": 90,
          "texture": "#0"
        },
        "down": {
          "uv": [
            2.5,
            1.5,
            13.25,
            7.75
          ],
          "rotation": 90,
          "texture": "#0"
        }
      }
    },
    {
      "name": "Element",
      "from": [
        4.23068,
        0,
        18.07379
      ],
      "to": [
        7.73068,
        1.75,
        19.07379
      ],
      "rotation": {
        "angle": 45,
        "axis": "y",
        "origin": [
          7.99724,
          -0.01071,
          8.02661
        ]
      },
      "faces": {
        "north": {
          "uv": [
            7.25,
            8.75,
            12.25,
            11.25
          ],
          "texture": "#0"
        },
        "east": {
          "uv": [
            14.75,
            11.75,
            16,
            14
          ],
          "texture": "#0"
        },
        "south": {
          "uv": [
            12.25,
            8.75,
            7.25,
            11.25
          ],
          "texture": "#0"
        },
        "west": {
          "uv": [
            12.25,
            8.75,
            15,
            11.5
          ],
          "rotation": 90,
          "texture": "#0"
        },
        "up": {
          "uv": [
            2,
            8.75,
            7,
            11.5
          ],
          "texture": "#0"
        },
        "down": {
          "uv": [
            2,
            11.5,
            12.25,
            8.75
          ],
          "texture": "#0"
        }
      }
    },
    {
      "name": "Element",
      "from": [
        4.23068,
        0,
        -3.57379
      ],
      "to": [
        7.73068,
        1.75,
        -2.57379
      ],
      "rotation": {
        "angle": 45,
        "axis": "y",
        "origin": [
          7.99724,
          -0.01071,
          7.97661
        ]
      },
      "faces": {
        "north": {
          "uv": [
            7.25,
            8.75,
            12.25,
            11.25
          ],
          "texture": "#0"
        },
        "east": {
          "uv": [
            16,
            11.75,
            14.75,
            14
          ],
          "texture": "#0"
        },
        "south": {
          "uv": [
            12.25,
            8.75,
            7.25,
            11.25
          ],
          "texture": "#0"
        },
        "west": {
          "uv": [
            12.25,
            8.75,
            15,
            11.5
          ],
          "rotation": 90,
          "texture": "#0"
        },
        "up": {
          "uv": [
            2,
            11.5,
            7,
            8.75
          ],
          "texture": "#0"
        },
        "down": {
          "uv": [
            2,
            11.5,
            12.25,
            8.75
          ],
          "texture": "#0"
        }
      }
    },
    {
      "name": "Element",
      "from": [
        8.26932,
        0,
        18.07379
      ],
      "to": [
        11.76932,
        1.75,
        19.07379
      ],
      "rotation": {
        "angle": 45,
        "axis": "y",
        "origin": [
          7.99724,
          -0.01071,
          8.02661
        ]
      },
      "faces": {
        "north": {
          "uv": [
            12.25,
            8.75,
            7.25,
            11.25
          ],
          "texture": "#0"
        },
        "east": {
          "uv": [
            12.25,
            8.75,
            15,
            11.5
          ],
          "rotation": 90,
          "texture": "#0"
        },
        "south": {
          "uv": [
            7.25,
            8.75,
            12.25,
            11.25
          ],
          "texture": "#0"
        },
        "west": {
          "uv": [
            16,
            11.75,
            14.75,
            14
          ],
          "texture": "#0"
        },
        "up": {
          "uv": [
            7,
            8.75,
            2,
            11.5
          ],
          "texture": "#0"
        },
        "down": {
          "uv": [
            2,
            11.5,
            12.25,
            8.75
          ],
          "texture": "#0"
        }
      }
    },
    {
      "name": "Element",
      "from": [
        8.26932,
        0,
        -3.57379
      ],
      "to": [
        11.76932,
        1.75,
        -2.57379
      ],
      "rotation": {
        "angle": 45,
        "axis": "y",
        "origin": [
          7.99724,
          -0.01071,
          7.97661
        ]
      },
      "faces": {
        "north": {
          "uv": [
            12.25,
            8.75,
            7.25,
            11.25
          ],
          "texture": "#0"
        },
        "east": {
          "uv": [
            12.25,
            8.75,
            15,
            11.5
          ],
          "rotation": 90,
          "texture": "#0"
        },
        "south": {
          "uv": [
            7.25,
            8.75,
            12.25,
            11.25
          ],
          "texture": "#0"
        },
        "west": {
          "uv": [
            14.75,
            11.75,
            16,
            14
          ],
          "texture": "#0"
        },
        "up": {
          "uv": [
            7,
            11.5,
            2,
            8.75
          ],
          "texture": "#0"
        },
        "down": {
          "uv": [
            2,
            11.5,
            12.25,
            8.75
          ],
          "texture": "#0"
        }
      }
    },
    {
      "name": "Element",
      "from": [
        4.98068,
        1.75,
        18.07379
      ],
      "to": [
        5.73068,
        2.5,
        19.07379
      ],
      "rotation": {
        "angle": 45,
        "axis": "y",
        "origin": [
          7.99724,
          -0.01071,
          8.02661
        ]
      },
      "faces": {
        "north": {
          "uv": [
            12.75,
            8.75,
            15,
            10.5
          ],
          "texture": "#0"
        },
        "east": {
          "uv": [
            0,
            9,
            3.5,
            11
          ],
          "texture": "#0"
        },
        "south": {
          "uv": [
            15,
            8.75,
            12.75,
            10.5
          ],
          "texture": "#0"
        },
        "west": {
          "uv": [
            2,
            8.75,
            4.5,
            11.5
          ],
          "rotation": 90,
          "texture": "#0"
        },
        "up": {
          "uv": [
            2.75,
            8.75,
            5.25,
            11.5
          ],
          "texture": "#0"
        },
        "down": {
          "uv": [
            0,
            8,
            6,
            12
          ],
          "texture": "#0"
        }
      }
    },
    {
      "name": "Element",
      "from": [
        4.98068,
        1.75,
        -3.57379
      ],
      "to": [
        5.73068,
        2.5,
        -2.57379
      ],
      "rotation": {
        "angle": 45,
        "axis": "y",
        "origin": [
          7.99724,
          -0.01071,
          7.97661
        ]
      },
      "faces": {
        "north": {
          "uv": [
            12.75,
            8.75,
            15,
            10.5
          ],
          "texture": "#0"
        },
        "east": {
          "uv": [
            3.5,
            9,
            0,
            11
          ],
          "texture": "#0"
        },
        "south": {
          "uv": [
            15,
            8.75,
            12.75,
            10.5
          ],
          "texture": "#0"
        },
        "west": {
          "uv": [
            2,
            11.5,
            4.5,
            8.75
          ],
          "rotation": 90,
          "texture": "#0"
        },
        "up": {
          "uv": [
            2.75,
            11.5,
            5.25,
            8.75
          ],
          "texture": "#0"
        },
        "down": {
          "uv": [
            0,
            12,
            6,
            8
          ],
          "texture": "#0"
        }
      }
    },
    {
      "name": "Element",
      "from": [
        10.26932,
        1.75,
        18.07379
      ],
      "to": [
        11.01932,
        2.5,
        19.07379
      ],
      "rotation": {
        "angle": 45,
        "axis": "y",
        "origin": [
          7.99724,
          -0.01071,
          8.02661
        ]
      },
      "faces": {
        "north": {
          "uv": [
            15,
            8.75,
            12.75,
            10.5
          ],
          "texture": "#0"
        },
        "east": {
          "uv": [
            2,
            11.5,
            4.5,
            8.75
          ],
          "rotation": 90,
          "texture": "#0"
        },
        "south": {
          "uv": [
            12.75,
            8.75,
            15,
            10.5
          ],
          "texture": "#0"
        },
        "west": {
          "uv": [
            3.5,
            9,
            0,
            11
          ],
          "texture": "#0"
        },
        "up": {
          "uv": [
            5.25,
            8.75,
            2.75,
            11.5
          ],
          "texture": "#0"
        },
        "down": {
          "uv": [
            6,
            8,
            0,
            12
          ],
          "texture": "#0"
        }
      }
    },
    {
      "name": "Element",
      "from": [
        10.26932,
        1.75,
        -3.57379
      ],
      "to": [
        11.01932,
        2.5,
        -2.57379
      ],
      "rotation": {
        "angle": 45,
        "axis": "y",
        "origin": [
          7.99724,
          -0.01071,
          7.97661
        ]
      },
      "faces": {
        "north": {
          "uv": [
            15,
            8.75,
            12.75,
            10.5
          ],
          "texture": "#0"
        },
        "east": {
          "uv": [
            2,
            8.75,
            4.5,
            11.5
          ],
          "rotation": 90,
          "texture": "#0"
        },
        "south": {
          "uv": [
            12.75,
            8.75,
            15,
            10.5
          ],
          "texture": "#0"
        },
        "west": {
          "uv": [
            0,
            9,
            3.5,
            11
          ],
          "texture": "#0"
        },
        "up": {
          "uv": [
            5.25,
            11.5,
            2.75,
            8.75
          ],
          "texture": "#0"
        },
        "down": {
          "uv": [
            6,
            12,
            0,
            8
          ],
          "texture": "#0"
        }
      }
    },
    {
      "name": "Element",
      "from": [
        7.23068,
        3,
        -3.60121
      ],
      "to": [
        8.73068,
        5,
        19.14879
      ],
      "rotation": {
        "angle": 45,
        "axis": "y",
        "origin": [
          7.99724,
          -0.01071,
          8.00161
        ]
      },
      "faces": {
        "north": {
          "uv": [
            12.25,
            8.75,
            15,
            11.5
          ],
          "rotation": 90,
          "texture": "#0"
        },
        "east": {
          "uv": [
            2,
            8.75,
            12.25,
            11.5
          ],
          "texture": "#0"
        },
        "south": {
          "uv": [
            12.25,
            8.75,
            15,
            11.5
          ],
          "rotation": 90,
          "texture": "#0"
        },
        "west": {
          "uv": [
            2,
            8.75,
            12.25,
            11.5
          ],
          "texture": "#0"
        },
        "up": {
          "uv": [
            2,
            8.75,
            12.25,
            11.5
          ],
          "rotation": 90,
          "texture": "#0"
        },
        "down": {
          "uv": [
            2,
            8.75,
            12.25,
            11.5
          ],
          "rotation": 90,
          "texture": "#0"
        }
      }
    },
    {
      "name": "Element",
      "from": [
        5.73068,
        1.75,
        18.07379
      ],
      "to": [
        7.73068,
        6,
        19.07379
      ],
      "rotation": {
        "angle": 45,
        "axis": "y",
        "origin": [
          7.99724,
          -0.01071,
          8.02661
        ]
      },
      "faces": {
        "north": {
          "uv": [
            2,
            8.75,
            8.25,
            11.5
          ],
          "rotation": 90,
          "texture": "#0"
        },
        "east": {
          "uv": [
            2,
            8.75,
            8.25,
            11.5
          ],
          "rotation": 90,
          "texture": "#0"
        },
        "south": {
          "uv": [
            2,
            8.75,
            8.25,
            11.5
          ],
          "rotation": 90,
          "texture": "#0"
        },
        "west": {
          "uv": [
            2,
            8.75,
            8.25,
            11.5
          ],
          "rotation": 90,
          "texture": "#0"
        },
        "up": {
          "uv": [
            14,
            14,
            16,
            16
          ],
          "rotation": 90,
          "texture": "#0"
        },
        "down": {
          "uv": [
            14,
            14,
            16,
            16
          ],
          "rotation": 270,
          "texture": "#0"
        }
      }
    },
    {
      "name": "Element",
      "from": [
        5.73068,
        1.75,
        -3.57379
      ],
      "to": [
        7.73068,
        6,
        -2.57379
      ],
      "rotation": {
        "angle": 45,
        "axis": "y",
        "origin": [
          7.99724,
          -0.01071,
          7.97661
        ]
      },
      "faces": {
        "north": {
          "uv": [
            2,
            11.5,
            8.25,
            8.75
          ],
          "rotation": 90,
          "texture": "#0"
        },
        "east": {
          "uv": [
            2,
            11.5,
            8.25,
            8.75
          ],
          "rotation": 90,
          "texture": "#0"
        },
        "south": {
          "uv": [
            2,
            11.5,
            8.25,
            8.75
          ],
          "rotation": 90,
          "texture": "#0"
        },
        "west": {
          "uv": [
            2,
            11.5,
            8.25,
            8.75
          ],
          "rotation": 90,
          "texture": "#0"
        },
        "up": {
          "uv": [
            16,
            14,
            14,
            16
          ],
          "rotation": 90,
          "texture": "#0"
        },
        "down": {
          "uv": [
            16,
            14,
            14,
            16
          ],
          "rotation": 270,
          "texture": "#0"
        }
      }
    },
    {
      "name": "Element",
      "from": [
        8.26932,
        1.75,
        18.07379
      ],
      "to": [
        10.26932,
        6,
        19.07379
      ],
      "rotation": {
        "angle": 45,
        "axis": "y",
        "origin": [
          7.99724,
          -0.01071,
          8.02661
        ]
      },
      "faces": {
        "north": {
          "uv": [
            2,
            11.5,
            8.25,
            8.75
          ],
          "rotation": 90,
          "texture": "#0"
        },
        "east": {
          "uv": [
            2,
            11.5,
            8.25,
            8.75
          ],
          "rotation": 90,
          "texture": "#0"
        },
        "south": {
          "uv": [
            2,
            11.5,
            8.25,
            8.75
          ],
          "rotation": 90,
          "texture": "#0"
        },
        "west": {
          "uv": [
            2,
            11.5,
            8.25,
            8.75
          ],
          "rotation": 90,
          "texture": "#0"
        },
        "up": {
          "uv": [
            14,
            16,
            16,
            14
          ],
          "rotation": 90,
          "texture": "#0"
        },
        "down": {
          "uv": [
            14,
            16,
            16,
            14
          ],
          "rotation": 270,
          "texture": "#0"
        }
      }
    },
    {
      "name": "Element",
      "from": [
        8.26932,
        1.75,
        -3.57379
      ],
      "to": [
        10.26932,
        6,
        -2.57379
      ],
      "rotation": {
        "angle": 45,
        "axis": "y",
        "origin": [
          7.99724,
          -0.01071,
          7.97661
        ]
      },
      "faces": {
        "north": {
          "uv": [
            2,
            8.75,
            8.25,
            11.5
          ],
          "rotation": 90,
          "texture": "#0"
        },
        "east": {
          "uv": [
            2,
            8.75,
            8.25,
            11.5
          ],
          "rotation": 90,
          "texture": "#0"
        },
        "south": {
          "uv": [
            2,
            8.75,
            8.25,
            11.5
          ],
          "rotation": 90,
          "texture": "#0"
        },
        "west": {
          "uv": [
            2,
            8.75,
            8.25,
            11.5
          ],
          "rotation": 90,
          "texture": "#0"
        },
        "up": {
          "uv": [
            16,
            16,
            14,
            14
          ],
          "rotation": 90,
          "texture": "#0"
        },
        "down": {
          "uv": [
            16,
            16,
            14,
            14
          ],
          "rotation": 270,
          "texture": "#0"
        }
      }
    }
  ],
  "display": {
    "thirdperson_righthand": {
      "rotation": [
        75,
        -135,
        0
      ],
      "translation": [
        0,
        2,
        0
      ],
      "scale": [
        0.2,
        0.2,
        0.2
      ]
    },
    "thirdperson_lefthand": {
      "rotation": [
        75,
        -135,
        0
      ],
      "translation": [
        0,
        2,
        0
      ],
      "scale": [
        0.2,
        0.2,
        0.2
      ]
    },
    "firstperson_righthand": {
      "rotation": [
        0,
        28,
        0
      ],
      "translation": [
        0,
        1.5,
        0
      ],
      "scale": [
        0.4,
        0.4,
        0.4
      ]
    },
    "firstperson_lefthand": {
      "rotation": [
        0,
        -150,
        0
      ],
      "translation": [
        0,
        1.5,
        0
      ],
      "scale": [
        0.4,
        0.4,
        0.4
      ]
    },
    "ground": {
      "translation": [
        0,
        3,
        0
      ],
      "scale": [
        0.3,
        0.3,
        0.3
      ]
    },
    "gui": {
      "rotation": [
        28,
        135,
        0
      ],
      "translation": [
        0,
        0.7826,
        0
      ],
      "scale": [
        0.6,
        0.6,
        0.6
      ]
    },
    "head": {
      "translation": [
        0,
        -30.6,
        0
      ],
      "scale": [
        1.6,
        1.6,
        1.6
      ]
    },
    "fixed": {
      "rotation": [
        0,
        -90,
        0
      ],
      "translation": [
        0,
        -4,
        -4
      ],
      "scale": [
        0.6,
        0.6,
        0.6
      ]
    }
  }
}
