{
  "__comment": "© Droobledore LLC",
  "credit": "Created by Droobledore for PotterworldMC, DroobledoreLLC",
  "textures": {
    "0": "block/decor_newspaperstack",
    "particle": "block/decor_newspaperstack"
  },
  "elements": [
    {
      "name": "PotterworldMC",
      "from": [
        5.0416,
        0,
        2.00249
      ],
      "to": [
        15.0416,
        7,
        10.00249
      ],
      "rotation": {
        "angle": 0,
        "axis": "y",
        "origin": [
          10.02205,
          5.2875,
          5.98045
        ]
      },
      "faces": {
        "north": {
          "uv": [
            10,
            0,
            16,
            8.75
          ],
          "texture": "#0"
        },
        "east": {
          "uv": [
            10,
            0,
            16,
            8.75
          ],
          "texture": "#0"
        },
        "south": {
          "uv": [
            10,
            0,
            16,
            8.75
          ],
          "texture": "#0"
        },
        "west": {
          "uv": [
            10,
            0,
            16,
            8.75
          ],
          "texture": "#0"
        },
        "up": {
          "uv": [
            9.25,
            7,
            3.75,
            14
          ],
          "rotation": 90,
          "texture": "#0"
        },
        "down": {
          "uv": [
            9.25,
            7,
            3.75,
            14
          ],
          "rotation": 90,
          "texture": "#0"
        }
      }
    },
    {
      "name": "PotterworldMC",
      "from": [
        5.58824,
        5.25,
        2.4671
      ],
      "to": [
        14.33824,
        5.25,
        7.2171
      ],
      "rotation": {
        "angle": 22.5,
        "axis": "y",
        "origin": [
          10.02205,
          5.2875,
          5.98045
        ]
      },
      "faces": {
        "north": {
          "uv": [
            0,
            0,
            1,
            16
          ],
          "rotation": 270,
          "texture": "#0"
        },
        "east": {
          "uv": [
            1,
            0,
            0,
            16
          ],
          "rotation": 90,
          "texture": "#0"
        },
        "south": {
          "uv": [
            13.5,
            0,
            14.5,
            16
          ],
          "rotation": 90,
          "texture": "#0"
        },
        "west": {
          "uv": [
            0,
            0,
            1,
            16
          ],
          "rotation": 270,
          "texture": "#0"
        },
        "up": {
          "uv": [
            9.25,
            0,
            3.75,
            7
          ],
          "rotation": 90,
          "texture": "#0"
        },
        "down": {
          "uv": [
            9.25,
            7,
            3.75,
            0
          ],
          "rotation": 270,
          "texture": "#0"
        }
      }
    },
    {
      "name": "PotterworldMC",
      "from": [
        5.78004,
        1.75,
        2.65028
      ],
      "to": [
        14.53004,
        1.75,
        8.40028
      ],
      "rotation": {
        "angle": -22.5,
        "axis": "y",
        "origin": [
          10.02205,
          -1.7125,
          5.98045
        ]
      },
      "faces": {
        "north": {
          "uv": [
            0,
            0,
            1,
            16
          ],
          "rotation": 270,
          "texture": "#0"
        },
        "east": {
          "uv": [
            1,
            0,
            0,
            16
          ],
          "rotation": 90,
          "texture": "#0"
        },
        "south": {
          "uv": [
            13.5,
            0,
            14.5,
            16
          ],
          "rotation": 90,
          "texture": "#0"
        },
        "west": {
          "uv": [
            0,
            0,
            1,
            16
          ],
          "rotation": 270,
          "texture": "#0"
        },
        "up": {
          "uv": [
            9.25,
            0,
            3.75,
            7
          ],
          "rotation": 90,
          "texture": "#0"
        },
        "down": {
          "uv": [
            9.25,
            7,
            3.75,
            0
          ],
          "rotation": 270,
          "texture": "#0"
        }
      }
    },
    {
      "name": "PotterworldMC",
      "from": [
        5.66959,
        4.5,
        3.58546
      ],
      "to": [
        13.91959,
        4.5,
        9.33546
      ],
      "rotation": {
        "angle": 22.5,
        "axis": "y",
        "origin": [
          10.02205,
          5.2875,
          5.98045
        ]
      },
      "faces": {
        "north": {
          "uv": [
            0,
            0,
            1,
            16
          ],
          "rotation": 270,
          "texture": "#0"
        },
        "east": {
          "uv": [
            1,
            0,
            0,
            16
          ],
          "rotation": 90,
          "texture": "#0"
        },
        "south": {
          "uv": [
            13.5,
            0,
            14.5,
            16
          ],
          "rotation": 90,
          "texture": "#0"
        },
        "west": {
          "uv": [
            0,
            0,
            1,
            16
          ],
          "rotation": 270,
          "texture": "#0"
        },
        "up": {
          "uv": [
            9.25,
            0,
            3.75,
            7
          ],
          "rotation": 90,
          "texture": "#0"
        },
        "down": {
          "uv": [
            9.25,
            7,
            3.75,
            0
          ],
          "rotation": 270,
          "texture": "#0"
        }
      }
    },
    {
      "name": "PotterworldMC",
      "from": [
        6.35249,
        2,
        3.78505
      ],
      "to": [
        14.60249,
        2,
        9.53505
      ],
      "rotation": {
        "angle": -22.5,
        "axis": "y",
        "origin": [
          10.02205,
          5.2875,
          5.98045
        ]
      },
      "faces": {
        "north": {
          "uv": [
            0,
            0,
            1,
            16
          ],
          "rotation": 270,
          "texture": "#0"
        },
        "east": {
          "uv": [
            1,
            0,
            0,
            16
          ],
          "rotation": 90,
          "texture": "#0"
        },
        "south": {
          "uv": [
            13.5,
            0,
            14.5,
            16
          ],
          "rotation": 90,
          "texture": "#0"
        },
        "west": {
          "uv": [
            0,
            0,
            1,
            16
          ],
          "rotation": 270,
          "texture": "#0"
        },
        "up": {
          "uv": [
            9.25,
            0,
            3.75,
            7
          ],
          "rotation": 90,
          "texture": "#0"
        },
        "down": {
          "uv": [
            9.25,
            7,
            3.75,
            0
          ],
          "rotation": 270,
          "texture": "#0"
        }
      }
    },
    {
      "name": "PotterworldMC",
      "from": [
        5.0166,
        -0.025,
        5.75249
      ],
      "to": [
        15.0666,
        7.05,
        6.25249
      ],
      "rotation": {
        "angle": 0,
        "axis": "y",
        "origin": [
          10.02205,
          5.2875,
          5.98045
        ]
      },
      "faces": {
        "north": {
          "uv": [
            2.75,
            7.5,
            3.5,
            8.25
          ],
          "rotation": 270,
          "texture": "#0"
        },
        "east": {
          "uv": [
            16,
            15.25,
            0,
            16
          ],
          "rotation": 90,
          "texture": "#0"
        },
        "south": {
          "uv": [
            2.75,
            7.5,
            3.5,
            8.25
          ],
          "rotation": 270,
          "texture": "#0"
        },
        "west": {
          "uv": [
            16,
            15.25,
            0,
            16
          ],
          "rotation": 90,
          "texture": "#0"
        },
        "up": {
          "uv": [
            16,
            15.25,
            0,
            16
          ],
          "texture": "#0"
        },
        "down": {
          "uv": [
            16,
            15.25,
            0,
            16
          ],
          "rotation": 180,
          "texture": "#0"
        }
      }
    },
    {
      "name": "PotterworldMC",
      "from": [
        9.7916,
        -0.025,
        1.97749
      ],
      "to": [
        10.2916,
        7.025,
        10.02749
      ],
      "rotation": {
        "angle": 0,
        "axis": "y",
        "origin": [
          10.02205,
          5.2875,
          5.98045
        ]
      },
      "faces": {
        "north": {
          "uv": [
            16,
            15.25,
            0,
            16
          ],
          "rotation": 90,
          "texture": "#0"
        },
        "east": {
          "uv": [
            2.75,
            7.5,
            3.5,
            8.25
          ],
          "rotation": 270,
          "texture": "#0"
        },
        "south": {
          "uv": [
            16,
            15.25,
            0,
            16
          ],
          "rotation": 90,
          "texture": "#0"
        },
        "west": {
          "uv": [
            2.75,
            7.5,
            3.5,
            8.25
          ],
          "rotation": 270,
          "texture": "#0"
        },
        "up": {
          "uv": [
            16,
            15.25,
            0,
            16
          ],
          "rotation": 270,
          "texture": "#0"
        },
        "down": {
          "uv": [
            16,
            15.25,
            0,
            16
          ],
          "rotation": 270,
          "texture": "#0"
        }
      }
    }
  ],
  "display": {
    "thirdperson_righthand": {
      "rotation": [
        0,
        90,
        0
      ],
      "translation": [
        0,
        1.3913,
        0.3043
      ],
      "scale": [
        0.5,
        0.5,
        0.5
      ]
    },
    "thirdperson_lefthand": {
      "rotation": [
        0,
        90,
        0
      ],
      "translation": [
        0,
        1.3913,
        0.3043
      ],
      "scale": [
        0.5,
        0.5,
        0.5
      ]
    },
    "firstperson_righthand": {
      "rotation": [
        0,
        142,
        0
      ],
      "translation": [
        0,
        3,
        0
      ],
      "scale": [
        0.5,
        0.5,
        0.5
      ]
    },
    "firstperson_lefthand": {
      "rotation": [
        0,
        142,
        0
      ],
      "translation": [
        0,
        3,
        0
      ],
      "scale": [
        0.5,
        0.5,
        0.5
      ]
    },
    "ground": {
      "rotation": [
        90,
        0,
        0
      ],
      "translation": [
        0,
        2,
        0
      ],
      "scale": [
        0.5,
        0.5,
        0.5
      ]
    },
    "gui": {
      "rotation": [
        30,
        225,
        0
      ],
      "scale": [
        0.625,
        0.625,
        0.625
      ]
    },
    "fixed": {
      "translation": [
        0,
        2,
        0.5
      ],
      "scale": [
        2.1,
        2.1,
        2.1
      ]
    }
  }
}
