{
  "__comment": "© Droobledore LLC",
  "credit": "Created by Droobledore for PotterworldMC, DroobledoreLLC",
  "textures": {
    "0": "block/decor_newspaperstack",
    "particle": "block/decor_newspaperstack"
  },
  "elements": [
    {
      "name": "PotterworldMC",
      "from": [
        8,
        0,
        3
      ],
      "to": [
        16,
        6,
        13
      ],
      "rotation": {
        "angle": 0,
        "axis": "x",
        "origin": [
          11.90139,
          3.64286,
          8.00778
        ]
      },
      "faces": {
        "north": {
          "uv": [
            10,
            0.5,
            16,
            8.75
          ],
          "texture": "#0"
        },
        "east": {
          "uv": [
            10,
            0.5,
            16,
            8.75
          ],
          "texture": "#0"
        },
        "south": {
          "uv": [
            10,
            0.5,
            16,
            8.75
          ],
          "texture": "#0"
        },
        "west": {
          "uv": [
            10,
            0.5,
            16,
            8.75
          ],
          "texture": "#0"
        },
        "up": {
          "uv": [
            9.25,
            0,
            3.75,
            7
          ],
          "rotation": 180,
          "texture": "#0"
        },
        "down": {
          "uv": [
            9.25,
            0,
            3.75,
            7
          ],
          "rotation": 180,
          "texture": "#0"
        }
      }
    },
    {
      "name": "PotterworldMC",
      "from": [
        3,
        0.25,
        2
      ],
      "to": [
        6,
        8.25,
        11
      ],
      "rotation": {
        "angle": -45,
        "axis": "z",
        "origin": [
          4,
          4.25,
          7
        ]
      },
      "faces": {
        "north": {
          "uv": [
            10,
            5.25,
            16,
            8.75
          ],
          "rotation": 90,
          "texture": "#0"
        },
        "east": {
          "uv": [
            9.25,
            7,
            3.75,
            14
          ],
          "rotation": 270,
          "texture": "#0"
        },
        "south": {
          "uv": [
            10,
            5.25,
            16,
            8.75
          ],
          "rotation": 270,
          "texture": "#0"
        },
        "west": {
          "uv": [
            3.75,
            0,
            0,
            5.25
          ],
          "rotation": 90,
          "texture": "#0"
        },
        "up": {
          "uv": [
            10,
            5.25,
            16,
            8.75
          ],
          "rotation": 270,
          "texture": "#0"
        },
        "down": {
          "uv": [
            10,
            5.25,
            16,
            8.75
          ],
          "rotation": 270,
          "texture": "#0"
        }
      }
    },
    {
      "name": "PotterworldMC",
      "from": [
        10.78667,
        4.25,
        3.59489
      ],
      "to": [
        15.53667,
        4.25,
        12.34489
      ],
      "rotation": {
        "angle": 22.5,
        "axis": "y",
        "origin": [
          11.90139,
          2.64286,
          8.00778
        ]
      },
      "faces": {
        "north": {
          "uv": [
            0,
            0,
            1,
            16
          ],
          "rotation": 270,
          "texture": "#0"
        },
        "east": {
          "uv": [
            0,
            0,
            1,
            16
          ],
          "rotation": 270,
          "texture": "#0"
        },
        "south": {
          "uv": [
            1,
            0,
            0,
            16
          ],
          "rotation": 90,
          "texture": "#0"
        },
        "west": {
          "uv": [
            13.5,
            0,
            14.5,
            16
          ],
          "rotation": 90,
          "texture": "#0"
        },
        "up": {
          "uv": [
            9.25,
            0,
            3.75,
            7
          ],
          "rotation": 180,
          "texture": "#0"
        },
        "down": {
          "uv": [
            9.25,
            7,
            3.75,
            0
          ],
          "rotation": 180,
          "texture": "#0"
        }
      }
    },
    {
      "name": "PotterworldMC",
      "from": [
        10.58257,
        1.75,
        3.69434
      ],
      "to": [
        15.33257,
        1.75,
        12.44434
      ],
      "rotation": {
        "angle": -22.5,
        "axis": "y",
        "origin": [
          11.90139,
          3.64286,
          8.00778
        ]
      },
      "faces": {
        "north": {
          "uv": [
            0,
            0,
            1,
            16
          ],
          "rotation": 270,
          "texture": "#0"
        },
        "east": {
          "uv": [
            0,
            0,
            1,
            16
          ],
          "rotation": 270,
          "texture": "#0"
        },
        "south": {
          "uv": [
            1,
            0,
            0,
            16
          ],
          "rotation": 90,
          "texture": "#0"
        },
        "west": {
          "uv": [
            13.5,
            0,
            14.5,
            16
          ],
          "rotation": 90,
          "texture": "#0"
        },
        "up": {
          "uv": [
            9.25,
            0,
            3.75,
            7
          ],
          "rotation": 180,
          "texture": "#0"
        },
        "down": {
          "uv": [
            9.25,
            7,
            3.75,
            0
          ],
          "rotation": 180,
          "texture": "#0"
        }
      }
    },
    {
      "name": "PotterworldMC",
      "from": [
        7.66831,
        4.5,
        3.67625
      ],
      "to": [
        13.41831,
        4.5,
        11.92625
      ],
      "rotation": {
        "angle": 22.5,
        "axis": "y",
        "origin": [
          10.90139,
          3.64286,
          8.00778
        ]
      },
      "faces": {
        "north": {
          "uv": [
            0,
            0,
            1,
            16
          ],
          "rotation": 270,
          "texture": "#0"
        },
        "east": {
          "uv": [
            0,
            0,
            1,
            16
          ],
          "rotation": 270,
          "texture": "#0"
        },
        "south": {
          "uv": [
            1,
            0,
            0,
            16
          ],
          "rotation": 90,
          "texture": "#0"
        },
        "west": {
          "uv": [
            13.5,
            0,
            14.5,
            16
          ],
          "rotation": 90,
          "texture": "#0"
        },
        "up": {
          "uv": [
            9.25,
            0,
            3.75,
            7
          ],
          "rotation": 180,
          "texture": "#0"
        },
        "down": {
          "uv": [
            9.25,
            7,
            3.75,
            0
          ],
          "rotation": 180,
          "texture": "#0"
        }
      }
    },
    {
      "name": "PotterworldMC",
      "from": [
        8.4478,
        2,
        4.2668
      ],
      "to": [
        14.1978,
        2,
        12.5168
      ],
      "rotation": {
        "angle": -22.5,
        "axis": "y",
        "origin": [
          11.90139,
          3.64286,
          8.00778
        ]
      },
      "faces": {
        "north": {
          "uv": [
            0,
            0,
            1,
            16
          ],
          "rotation": 270,
          "texture": "#0"
        },
        "east": {
          "uv": [
            0,
            0,
            1,
            16
          ],
          "rotation": 270,
          "texture": "#0"
        },
        "south": {
          "uv": [
            1,
            0,
            0,
            16
          ],
          "rotation": 90,
          "texture": "#0"
        },
        "west": {
          "uv": [
            13.5,
            0,
            14.5,
            16
          ],
          "rotation": 90,
          "texture": "#0"
        },
        "up": {
          "uv": [
            9.25,
            0,
            3.75,
            7
          ],
          "rotation": 180,
          "texture": "#0"
        },
        "down": {
          "uv": [
            9.25,
            7,
            3.75,
            0
          ],
          "rotation": 180,
          "texture": "#0"
        }
      }
    },
    {
      "name": "PotterworldMC",
      "from": [
        11.75,
        -0.025,
        2.975
      ],
      "to": [
        12.25,
        6.025,
        13.025
      ],
      "rotation": {
        "angle": 0,
        "axis": "y",
        "origin": [
          11.90139,
          3.64286,
          8.00778
        ]
      },
      "faces": {
        "north": {
          "uv": [
            16,
            15.25,
            0,
            16
          ],
          "rotation": 90,
          "texture": "#0"
        },
        "east": {
          "uv": [
            2.75,
            7.5,
            3.5,
            8.25
          ],
          "rotation": 270,
          "texture": "#0"
        },
        "south": {
          "uv": [
            16,
            15.25,
            0,
            16
          ],
          "rotation": 90,
          "texture": "#0"
        },
        "west": {
          "uv": [
            2.75,
            7.5,
            3.5,
            8.25
          ],
          "rotation": 270,
          "texture": "#0"
        },
        "up": {
          "uv": [
            16,
            15.25,
            0,
            16
          ],
          "rotation": 90,
          "texture": "#0"
        },
        "down": {
          "uv": [
            16,
            15.25,
            0,
            16
          ],
          "rotation": 90,
          "texture": "#0"
        }
      }
    },
    {
      "name": "PotterworldMC",
      "from": [
        2.95,
        4,
        1.975
      ],
      "to": [
        6.025,
        4.5,
        11.025
      ],
      "rotation": {
        "angle": -45,
        "axis": "z",
        "origin": [
          4,
          4.25,
          7
        ]
      },
      "faces": {
        "north": {
          "uv": [
            6.5,
            15.25,
            0,
            16
          ],
          "rotation": 180,
          "texture": "#0"
        },
        "east": {
          "uv": [
            16,
            15.25,
            0,
            16
          ],
          "texture": "#0"
        },
        "south": {
          "uv": [
            6.5,
            15.25,
            0,
            16
          ],
          "texture": "#0"
        },
        "west": {
          "uv": [
            16,
            15.25,
            0,
            16
          ],
          "texture": "#0"
        },
        "up": {
          "uv": [
            2.75,
            7.5,
            3.5,
            8.25
          ],
          "rotation": 180,
          "texture": "#0"
        },
        "down": {
          "uv": [
            2.75,
            7.5,
            3.5,
            8.25
          ],
          "rotation": 180,
          "texture": "#0"
        }
      }
    },
    {
      "name": "PotterworldMC",
      "from": [
        7.975,
        -0.025,
        7.75
      ],
      "to": [
        16.025,
        6.05,
        8.25
      ],
      "rotation": {
        "angle": 0,
        "axis": "y",
        "origin": [
          12,
          4,
          8
        ]
      },
      "faces": {
        "north": {
          "uv": [
            2.75,
            7.5,
            3.5,
            8.25
          ],
          "rotation": 270,
          "texture": "#0"
        },
        "east": {
          "uv": [
            16,
            15.25,
            0,
            16
          ],
          "rotation": 90,
          "texture": "#0"
        },
        "south": {
          "uv": [
            2.75,
            7.5,
            3.5,
            8.25
          ],
          "rotation": 270,
          "texture": "#0"
        },
        "west": {
          "uv": [
            16,
            15.25,
            0,
            16
          ],
          "rotation": 90,
          "texture": "#0"
        },
        "up": {
          "uv": [
            16,
            15.25,
            0,
            16
          ],
          "texture": "#0"
        },
        "down": {
          "uv": [
            16,
            15.25,
            0,
            16
          ],
          "rotation": 180,
          "texture": "#0"
        }
      }
    },
    {
      "name": "PotterworldMC",
      "from": [
        2.975,
        0.225,
        6.25
      ],
      "to": [
        6.025,
        8.275,
        6.75
      ],
      "rotation": {
        "angle": -45,
        "axis": "z",
        "origin": [
          4,
          4.25,
          6.5
        ]
      },
      "faces": {
        "north": {
          "uv": [
            2.75,
            7.5,
            3.5,
            8.25
          ],
          "texture": "#0"
        },
        "east": {
          "uv": [
            16,
            15.25,
            0,
            16
          ],
          "rotation": 90,
          "texture": "#0"
        },
        "south": {
          "uv": [
            2.75,
            7.5,
            3.5,
            8.25
          ],
          "rotation": 180,
          "texture": "#0"
        },
        "west": {
          "uv": [
            16,
            15.25,
            0,
            16
          ],
          "rotation": 270,
          "texture": "#0"
        },
        "up": {
          "uv": [
            6.5,
            15.25,
            0,
            16
          ],
          "texture": "#0"
        },
        "down": {
          "uv": [
            6.5,
            15.25,
            0,
            16
          ],
          "texture": "#0"
        }
      }
    }
  ],
  "display": {
    "thirdperson_righthand": {
      "rotation": [
        0,
        90,
        0
      ],
      "translation": [
        0,
        1.3913,
        0.3043
      ],
      "scale": [
        0.5,
        0.5,
        0.5
      ]
    },
    "thirdperson_lefthand": {
      "rotation": [
        0,
        90,
        0
      ],
      "translation": [
        0,
        1.3913,
        0.3043
      ],
      "scale": [
        0.5,
        0.5,
        0.5
      ]
    },
    "firstperson_righthand": {
      "rotation": [
        0,
        142,
        0
      ],
      "translation": [
        0,
        3,
        0
      ],
      "scale": [
        0.5,
        0.5,
        0.5
      ]
    },
    "firstperson_lefthand": {
      "rotation": [
        0,
        142,
        0
      ],
      "translation": [
        0,
        3,
        0
      ],
      "scale": [
        0.5,
        0.5,
        0.5
      ]
    },
    "ground": {
      "rotation": [
        90,
        0,
        0
      ],
      "translation": [
        0,
        2,
        0
      ],
      "scale": [
        0.5,
        0.5,
        0.5
      ]
    },
    "gui": {
      "rotation": [
        30,
        225,
        0
      ],
      "scale": [
        0.625,
        0.625,
        0.625
      ]
    },
    "fixed": {
      "translation": [
        0,
        2,
        0.5
      ],
      "scale": [
        2.1,
        2.1,
        2.1
      ]
    }
  }
}
