{
  "__comment": "© Droobledore LLC",
  "textures": {
    "particle": "block/decor_walltorch",
    "texture": "block/decor_walltorch",
    "fire": "block/torch"
  },
  "elements": [
    {
      "from": [
        6.75,
        7.25,
        6.75
      ],
      "to": [
        9.25,
        10.25,
        9.25
      ],
      "faces": {
        "down": {
          "uv": [
            6.5,
            6.5,
            9.5,
            9.5
          ],
          "texture": "#texture"
        },
        "up": {
          "uv": [
            6.5,
            6.5,
            9.5,
            9.5
          ],
          "texture": "#texture"
        },
        "north": {
          "uv": [
            5.5,
            3.5,
            9,
            8
          ],
          "texture": "#texture"
        },
        "south": {
          "uv": [
            5.5,
            3.5,
            9,
            8
          ],
          "texture": "#texture"
        },
        "west": {
          "uv": [
            5.5,
            3.5,
            9,
            8
          ],
          "texture": "#texture"
        },
        "east": {
          "uv": [
            5.5,
            3.5,
            9,
            8
          ],
          "texture": "#texture"
        }
      }
    },
    {
      "from": [
        7,
        11,
        7
      ],
      "to": [
        9,
        13,
        9
      ],
      "faces": {
        "down": {
          "uv": [
            7,
            7,
            9,
            9
          ],
          "texture": "#texture"
        },
        "up": {
          "uv": [
            12,
            12,
            14,
            14
          ],
          "texture": "#texture"
        },
        "north": {
          "uv": [
            6,
            0,
            8.5,
            2.5
          ],
          "texture": "#texture"
        },
        "south": {
          "uv": [
            6,
            0,
            8.5,
            2.5
          ],
          "texture": "#texture"
        },
        "west": {
          "uv": [
            6,
            0,
            8.5,
            2.5
          ],
          "texture": "#texture"
        },
        "east": {
          "uv": [
            6,
            0,
            8.5,
            2.5
          ],
          "texture": "#texture"
        }
      }
    },
    {
      "from": [
        7,
        4.75,
        7
      ],
      "to": [
        9,
        7.25,
        9
      ],
      "faces": {
        "down": {
          "uv": [
            7,
            7,
            9,
            9
          ],
          "texture": "#texture"
        },
        "up": {
          "uv": [
            7,
            7,
            9,
            9
          ],
          "texture": "#texture"
        },
        "north": {
          "uv": [
            7,
            8.75,
            9,
            11.25
          ],
          "texture": "#texture"
        },
        "south": {
          "uv": [
            7,
            8.75,
            9,
            11.25
          ],
          "texture": "#texture"
        },
        "west": {
          "uv": [
            7,
            8.75,
            9,
            11.25
          ],
          "texture": "#texture"
        },
        "east": {
          "uv": [
            7,
            8.75,
            9,
            11.25
          ],
          "texture": "#texture"
        }
      }
    },
    {
      "from": [
        7.5,
        10,
        7.5
      ],
      "to": [
        8.5,
        11,
        8.5
      ],
      "faces": {
        "down": {
          "uv": [
            7.5,
            7.5,
            8.5,
            8.5
          ],
          "texture": "#texture"
        },
        "up": {
          "uv": [
            7.5,
            7.5,
            8.5,
            8.5
          ],
          "texture": "#texture"
        },
        "north": {
          "uv": [
            7.5,
            3.75,
            8.5,
            4.75
          ],
          "texture": "#texture"
        },
        "south": {
          "uv": [
            7.5,
            3.75,
            8.5,
            4.75
          ],
          "texture": "#texture"
        },
        "west": {
          "uv": [
            7.5,
            3.75,
            8.5,
            4.75
          ],
          "texture": "#texture"
        },
        "east": {
          "uv": [
            7.5,
            3.75,
            8.5,
            4.75
          ],
          "texture": "#texture"
        }
      }
    },
    {
      "from": [
        6,
        10.5,
        6
      ],
      "to": [
        10,
        11.5,
        6.001
      ],
      "faces": {
        "north": {
          "uv": [
            4,
            0,
            10.5,
            2.5
          ],
          "texture": "#texture"
        },
        "south": {
          "uv": [
            4,
            0,
            10.5,
            2.5
          ],
          "texture": "#texture"
        }
      }
    },
    {
      "from": [
        6,
        10.5,
        10
      ],
      "to": [
        10,
        11.5,
        10.001
      ],
      "faces": {
        "north": {
          "uv": [
            4,
            0,
            10.5,
            2.5
          ],
          "texture": "#texture"
        },
        "south": {
          "uv": [
            4,
            0,
            10.5,
            2.5
          ],
          "texture": "#texture"
        }
      }
    },
    {
      "from": [
        6,
        10.5,
        6
      ],
      "to": [
        6.001,
        11.5,
        10
      ],
      "faces": {
        "west": {
          "uv": [
            4,
            0,
            10.5,
            2.5
          ],
          "texture": "#texture"
        },
        "east": {
          "uv": [
            4,
            0,
            10.5,
            2.5
          ],
          "texture": "#texture"
        }
      }
    },
    {
      "from": [
        5.5,
        13,
        10.5
      ],
      "to": [
        10.5,
        14.25,
        10.501
      ],
      "faces": {
        "north": {
          "uv": [
            4,
            0,
            10.5,
            2.5
          ],
          "texture": "#texture"
        },
        "south": {
          "uv": [
            4,
            0,
            10.5,
            2.5
          ],
          "texture": "#texture"
        }
      }
    },
    {
      "from": [
        10,
        10.5,
        6
      ],
      "to": [
        10.001,
        11.5,
        10
      ],
      "faces": {
        "west": {
          "uv": [
            4,
            0,
            10.5,
            2.5
          ],
          "texture": "#texture"
        },
        "east": {
          "uv": [
            4,
            0,
            10.5,
            2.5
          ],
          "texture": "#texture"
        }
      }
    },
    {
      "from": [
        10.5,
        13,
        5.5
      ],
      "to": [
        10.501,
        14.25,
        10.5
      ],
      "faces": {
        "west": {
          "uv": [
            4,
            0,
            10.5,
            2.5
          ],
          "texture": "#texture"
        },
        "east": {
          "uv": [
            4,
            0,
            10.5,
            2.5
          ],
          "texture": "#texture"
        }
      }
    },
    {
      "from": [
        5.5,
        13,
        5.5
      ],
      "to": [
        5.501,
        14.25,
        10.5
      ],
      "faces": {
        "west": {
          "uv": [
            4,
            0,
            10.5,
            2.5
          ],
          "texture": "#texture"
        },
        "east": {
          "uv": [
            4,
            0,
            10.5,
            2.5
          ],
          "texture": "#texture"
        }
      }
    },
    {
      "from": [
        5.5,
        13,
        5.5
      ],
      "to": [
        10.5,
        14.25,
        5.501
      ],
      "faces": {
        "north": {
          "uv": [
            4,
            0,
            10.5,
            2.5
          ],
          "texture": "#texture"
        },
        "south": {
          "uv": [
            4,
            0,
            10.5,
            2.5
          ],
          "texture": "#texture"
        }
      }
    },
    {
      "from": [
        8.5,
        9.75,
        8
      ],
      "to": [
        12.75,
        15.75,
        8.001
      ],
      "faces": {
        "north": {
          "uv": [
            3.5,
            10.5,
            0,
            16
          ],
          "texture": "#texture"
        },
        "south": {
          "uv": [
            0,
            10.5,
            3.5,
            16
          ],
          "texture": "#texture"
        }
      }
    },
    {
      "from": [
        8,
        9.75,
        8.5
      ],
      "to": [
        8.001,
        15.75,
        12.75
      ],
      "faces": {
        "west": {
          "uv": [
            0,
            10.5,
            3.5,
            16
          ],
          "texture": "#texture"
        },
        "east": {
          "uv": [
            3.5,
            10.5,
            0,
            16
          ],
          "texture": "#texture"
        }
      }
    },
    {
      "from": [
        7.999,
        9.75,
        3.25
      ],
      "to": [
        8,
        15.75,
        7.5
      ],
      "faces": {
        "west": {
          "uv": [
            3.5,
            10.5,
            0,
            16
          ],
          "texture": "#texture"
        },
        "east": {
          "uv": [
            0,
            10.5,
            3.5,
            16
          ],
          "texture": "#texture"
        }
      }
    },
    {
      "from": [
        3.25,
        9.75,
        8
      ],
      "to": [
        7.5,
        15.75,
        8.001
      ],
      "faces": {
        "north": {
          "uv": [
            0,
            10.5,
            3.5,
            16
          ],
          "texture": "#texture"
        },
        "south": {
          "uv": [
            3.5,
            10.5,
            0,
            16
          ],
          "texture": "#texture"
        }
      }
    },
    {
      "from": [
        6,
        12.75,
        8
      ],
      "to": [
        10,
        17.75,
        8.001
      ],
      "faces": {
        "north": {
          "uv": [
            9.5,
            2,
            6,
            6
          ],
          "texture": "#fire"
        },
        "south": {
          "uv": [
            6,
            2,
            9.5,
            6
          ],
          "texture": "#fire"
        }
      }
    },
    {
      "from": [
        8,
        12.75,
        6
      ],
      "to": [
        8.001,
        17.75,
        10
      ],
      "faces": {
        "west": {
          "uv": [
            6,
            2,
            9.5,
            6
          ],
          "texture": "#fire"
        },
        "east": {
          "uv": [
            9.5,
            2,
            6,
            6
          ],
          "texture": "#fire"
        }
      }
    },
    {
      "from": [
        0,
        1,
        7
      ],
      "to": [
        1,
        3,
        9
      ],
      "faces": {
        "down": {
          "uv": [
            6,
            8,
            8.5,
            9.5
          ],
          "texture": "#texture"
        },
        "up": {
          "uv": [
            6,
            4.5,
            9.5,
            6
          ],
          "texture": "#texture"
        },
        "north": {
          "uv": [
            6,
            4,
            7.5,
            7
          ],
          "texture": "#texture"
        },
        "south": {
          "uv": [
            6,
            4,
            7.5,
            7
          ],
          "texture": "#texture"
        },
        "west": {
          "uv": [
            6,
            4,
            10,
            8
          ],
          "texture": "#texture"
        },
        "east": {
          "uv": [
            6,
            4,
            10,
            8
          ],
          "texture": "#texture"
        }
      }
    },
    {
      "from": [
        0,
        3,
        6
      ],
      "to": [
        1,
        13,
        10
      ],
      "faces": {
        "down": {
          "uv": [
            6,
            8,
            11.5,
            9.5
          ],
          "texture": "#texture"
        },
        "up": {
          "uv": [
            6,
            2.5,
            11.5,
            4
          ],
          "texture": "#texture"
        },
        "north": {
          "uv": [
            6,
            4,
            8,
            15.5
          ],
          "texture": "#texture"
        },
        "south": {
          "uv": [
            6,
            4,
            8,
            15.5
          ],
          "texture": "#texture"
        },
        "west": {
          "uv": [
            6,
            4,
            12,
            15
          ],
          "texture": "#texture"
        },
        "east": {
          "uv": [
            6,
            4,
            12,
            15
          ],
          "texture": "#texture"
        }
      }
    },
    {
      "from": [
        0,
        0,
        7.5
      ],
      "to": [
        1,
        1,
        8.5
      ],
      "faces": {
        "down": {
          "uv": [
            6,
            8,
            8.5,
            9.5
          ],
          "texture": "#texture"
        },
        "up": {
          "uv": [
            6,
            4.5,
            9.5,
            6
          ],
          "texture": "#texture"
        },
        "north": {
          "uv": [
            6,
            4,
            7.5,
            7
          ],
          "texture": "#texture"
        },
        "south": {
          "uv": [
            6,
            4,
            7.5,
            7
          ],
          "texture": "#texture"
        },
        "west": {
          "uv": [
            6,
            4,
            10,
            8
          ],
          "texture": "#texture"
        },
        "east": {
          "uv": [
            6,
            4,
            10,
            8
          ],
          "texture": "#texture"
        }
      }
    },
    {
      "from": [
        0,
        13,
        7
      ],
      "to": [
        1,
        15,
        9
      ],
      "faces": {
        "down": {
          "uv": [
            6,
            8,
            8.5,
            9.5
          ],
          "texture": "#texture"
        },
        "up": {
          "uv": [
            6,
            4.5,
            9.5,
            6
          ],
          "texture": "#texture"
        },
        "north": {
          "uv": [
            6,
            4,
            7.5,
            7
          ],
          "texture": "#texture"
        },
        "south": {
          "uv": [
            6,
            4,
            7.5,
            7
          ],
          "texture": "#texture"
        },
        "west": {
          "uv": [
            6,
            4,
            10,
            8
          ],
          "texture": "#texture"
        },
        "east": {
          "uv": [
            6,
            4,
            10,
            8
          ],
          "texture": "#texture"
        }
      }
    },
    {
      "from": [
        0,
        15,
        7.5
      ],
      "to": [
        1,
        16,
        8.5
      ],
      "faces": {
        "down": {
          "uv": [
            6,
            8,
            8.5,
            9.5
          ],
          "texture": "#texture"
        },
        "up": {
          "uv": [
            6,
            4.5,
            9.5,
            6
          ],
          "texture": "#texture"
        },
        "north": {
          "uv": [
            6,
            4,
            7.5,
            7
          ],
          "texture": "#texture"
        },
        "south": {
          "uv": [
            6,
            4,
            7.5,
            7
          ],
          "texture": "#texture"
        },
        "west": {
          "uv": [
            6,
            4,
            10,
            8
          ],
          "texture": "#texture"
        },
        "east": {
          "uv": [
            6,
            4,
            10,
            8
          ],
          "texture": "#texture"
        }
      }
    },
    {
      "from": [
        7.25,
        2.75,
        7.25
      ],
      "to": [
        8.75,
        4.75,
        8.75
      ],
      "faces": {
        "down": {
          "uv": [
            7.5,
            7.5,
            8.5,
            8.5
          ],
          "texture": "#texture"
        },
        "up": {
          "uv": [
            7.5,
            7.5,
            8.5,
            8.5
          ],
          "texture": "#texture"
        },
        "north": {
          "uv": [
            8,
            7.5,
            9,
            11.5
          ],
          "texture": "#texture"
        },
        "south": {
          "uv": [
            8,
            7.5,
            9,
            11.5
          ],
          "texture": "#texture"
        },
        "west": {
          "uv": [
            8,
            7.5,
            9,
            11.5
          ],
          "texture": "#texture"
        },
        "east": {
          "uv": [
            8,
            7.5,
            9,
            11.5
          ],
          "texture": "#texture"
        }
      }
    },
    {
      "from": [
        8,
        0,
        7
      ],
      "to": [
        8.001,
        3,
        9
      ],
      "faces": {
        "west": {
          "uv": [
            3,
            0,
            0.5,
            3
          ],
          "texture": "#texture"
        },
        "east": {
          "uv": [
            0.5,
            0,
            3,
            3
          ],
          "texture": "#texture"
        }
      }
    },
    {
      "from": [
        1,
        0.5,
        8
      ],
      "to": [
        8,
        11,
        8.001
      ],
      "faces": {
        "north": {
          "uv": [
            4,
            3,
            0,
            10.5
          ],
          "texture": "#texture"
        },
        "south": {
          "uv": [
            0,
            3,
            4,
            10.5
          ],
          "texture": "#texture"
        }
      }
    },
    {
      "from": [
        7,
        0,
        8
      ],
      "to": [
        9,
        3,
        8.001
      ],
      "faces": {
        "north": {
          "uv": [
            3,
            0,
            0.5,
            3
          ],
          "texture": "#texture"
        },
        "south": {
          "uv": [
            0.5,
            0,
            3,
            3
          ],
          "texture": "#texture"
        }
      }
    }
  ],
  "display": {
    "thirdperson_righthand": {
      "rotation": [
        0,
        90,
        0
      ],
      "scale": [
        0.5,
        0.5,
        0.5
      ]
    },
    "thirdperson_lefthand": {
      "rotation": [
        0,
        -90,
        0
      ],
      "scale": [
        0.5,
        0.5,
        0.5
      ]
    },
    "firstperson_righthand": {
      "rotation": [
        0,
        117,
        0
      ],
      "scale": [
        0.5,
        0.5,
        0.5
      ]
    },
    "firstperson_lefthand": {
      "rotation": [
        0,
        117,
        0
      ],
      "scale": [
        0.5,
        0.5,
        0.5
      ]
    },
    "gui": {
      "rotation": [
        17,
        -138,
        0
      ],
      "translation": [
        -1.391,
        -0.695,
        0
      ],
      "scale": [
        0.8,
        0.8,
        0.8
      ]
    },
    "head": {
      "rotation": [
        0,
        90,
        0
      ]
    },
    "ground": {
      "translation": [
        0,
        4.1739,
        0
      ],
      "scale": [
        0.5,
        0.5,
        0.5
      ]
    },
    "fixed": {
      "rotation": [
        0,
        90,
        0
      ],
      "translation": [
        0,
        0,
        -6.956
      ]
    }
  }
}
