{
	"credit": "Made with Blockbench",
	"texture_size": [32, 32],
	"textures": {
		"0": "custom/backblade",
		"particle": "custom/backblade"
	},
	"elements": [
		{
			"from": [6.75, 0.75, 6.75],
			"to": [8.75, 1.5, 8.125],
			"faces": {
				"north": {"uv": [7.5, 0.5, 8.5, 1], "texture": "#0"},
				"east": {"uv": [7.5, 8, 8, 8.5], "texture": "#0"},
				"south": {"uv": [7.5, 1, 8.5, 1.5], "texture": "#0"},
				"west": {"uv": [8, 8, 8.5, 8.5], "texture": "#0"},
				"up": {"uv": [8.5, 2, 7.5, 1.5], "texture": "#0"},
				"down": {"uv": [7.5, 7.5, 6.5, 8], "texture": "#0"}
			}
		},
		{
			"from": [7.375, 1.5, 7],
			"to": [8.125, 8.625, 7.875],
			"faces": {
				"north": {"uv": [5, 5, 5.5, 8.5], "texture": "#0"},
				"east": {"uv": [5.5, 5, 6, 8.5], "texture": "#0"},
				"south": {"uv": [6, 5, 6.5, 8.5], "texture": "#0"},
				"west": {"uv": [6.5, 2, 7, 5.5], "texture": "#0"},
				"up": {"uv": [0.5, 9, 0, 8.5], "texture": "#0"},
				"down": {"uv": [1, 8.5, 0.5, 9], "texture": "#0"}
			}
		},
		{
			"from": [6, 8.75, 7.375],
			"to": [9.5, 26, 7.625],
			"faces": {
				"north": {"uv": [0, 0, 2, 8.5], "texture": "#0"},
				"east": {"uv": [4, 0, 4.5, 8.5], "texture": "#0"},
				"south": {"uv": [2, 0, 4, 8.5], "texture": "#0"},
				"west": {"uv": [4.5, 0, 5, 8.5], "texture": "#0"},
				"up": {"uv": [8.5, 7.5, 6.5, 7], "texture": "#0"},
				"down": {"uv": [9.5, 0, 7.5, 0.5], "texture": "#0"}
			}
		},
		{
			"from": [10.25, 23.25, 7.5],
			"to": [12.75, 25.75, 7.5],
			"rotation": {"angle": 45, "axis": "z", "origin": [7.75, 20.75, 7.5]},
			"faces": {
				"north": {"uv": [5, 2, 6.5, 3.5], "texture": "#0"},
				"east": {"uv": [0, 0, 0, 1.5], "texture": "#0"},
				"south": {"uv": [5, 3.5, 6.5, 5], "texture": "#0"},
				"west": {"uv": [0, 0, 0, 1.5], "texture": "#0"},
				"up": {"uv": [1.5, 0, 0, 0], "texture": "#0"},
				"down": {"uv": [1.5, 0, 0, 0], "texture": "#0"}
			}
		},
		{
			"from": [5.5, 7.25, 6.75],
			"to": [10.25, 7.5, 8.125],
			"faces": {
				"north": {"uv": [7, 2.5, 9.5, 3], "texture": "#0"},
				"east": {"uv": [8.5, 0.5, 9, 1], "texture": "#0"},
				"south": {"uv": [7, 3, 9.5, 3.5], "texture": "#0"},
				"west": {"uv": [1, 8.5, 1.5, 9], "texture": "#0"},
				"up": {"uv": [9.5, 4, 7, 3.5], "texture": "#0"},
				"down": {"uv": [9.5, 4, 7, 4.5], "texture": "#0"}
			}
		},
		{
			"from": [4.375, 7.125, 6.75],
			"to": [5.5, 7.375, 8.125],
			"faces": {
				"north": {"uv": [8.5, 1.5, 9, 2], "texture": "#0"},
				"east": {"uv": [2, 8.5, 2.5, 9], "texture": "#0"},
				"south": {"uv": [2.5, 8.5, 3, 9], "texture": "#0"},
				"west": {"uv": [3, 8.5, 3.5, 9], "texture": "#0"},
				"up": {"uv": [4, 9, 3.5, 8.5], "texture": "#0"},
				"down": {"uv": [4.5, 8.5, 4, 9], "texture": "#0"}
			}
		},
		{
			"from": [4, 6.875, 6.75],
			"to": [4.375, 7.125, 8.125],
			"faces": {
				"north": {"uv": [4.5, 8.5, 5, 9], "texture": "#0"},
				"east": {"uv": [5, 8.5, 5.5, 9], "texture": "#0"},
				"south": {"uv": [5.5, 8.5, 6, 9], "texture": "#0"},
				"west": {"uv": [6, 8.5, 6.5, 9], "texture": "#0"},
				"up": {"uv": [7, 9, 6.5, 8.5], "texture": "#0"},
				"down": {"uv": [7.5, 8.5, 7, 9], "texture": "#0"}
			}
		},
		{
			"from": [3.75, 7.5, 6.75],
			"to": [4.125, 7.75, 8.125],
			"faces": {
				"north": {"uv": [0, 9, 0.5, 9.5], "texture": "#0"},
				"east": {"uv": [0.5, 9, 1, 9.5], "texture": "#0"},
				"south": {"uv": [9, 0.5, 9.5, 1], "texture": "#0"},
				"west": {"uv": [1, 9, 1.5, 9.5], "texture": "#0"},
				"up": {"uv": [9.5, 1.5, 9, 1], "texture": "#0"},
				"down": {"uv": [2, 9, 1.5, 9.5], "texture": "#0"}
			}
		},
		{
			"from": [4.125, 7.75, 6.75],
			"to": [5.25, 8, 8.125],
			"faces": {
				"north": {"uv": [8.5, 7, 9, 7.5], "texture": "#0"},
				"east": {"uv": [7.5, 8.5, 8, 9], "texture": "#0"},
				"south": {"uv": [8.5, 7.5, 9, 8], "texture": "#0"},
				"west": {"uv": [8, 8.5, 8.5, 9], "texture": "#0"},
				"up": {"uv": [9, 8.5, 8.5, 8], "texture": "#0"},
				"down": {"uv": [9, 8.5, 8.5, 9], "texture": "#0"}
			}
		},
		{
			"from": [3, 8.25, 6.75],
			"to": [3.375, 8.5, 8.125],
			"faces": {
				"north": {"uv": [4.5, 9, 5, 9.5], "texture": "#0"},
				"east": {"uv": [5, 9, 5.5, 9.5], "texture": "#0"},
				"south": {"uv": [5.5, 9, 6, 9.5], "texture": "#0"},
				"west": {"uv": [6, 9, 6.5, 9.5], "texture": "#0"},
				"up": {"uv": [7, 9.5, 6.5, 9], "texture": "#0"},
				"down": {"uv": [7.5, 9, 7, 9.5], "texture": "#0"}
			}
		},
		{
			"from": [3.375, 8.5, 6.75],
			"to": [4.5, 8.75, 8.125],
			"faces": {
				"north": {"uv": [9, 1.5, 9.5, 2], "texture": "#0"},
				"east": {"uv": [2, 9, 2.5, 9.5], "texture": "#0"},
				"south": {"uv": [2.5, 9, 3, 9.5], "texture": "#0"},
				"west": {"uv": [3, 9, 3.5, 9.5], "texture": "#0"},
				"up": {"uv": [4, 9.5, 3.5, 9], "texture": "#0"},
				"down": {"uv": [4.5, 9, 4, 9.5], "texture": "#0"}
			}
		},
		{
			"from": [10.25, 7.125, 6.75],
			"to": [11.375, 7.375, 8.125],
			"rotation": {"angle": 0, "axis": "y", "origin": [16, 0, 0]},
			"faces": {
				"north": {"uv": [6, 9.5, 6.5, 10], "texture": "#0"},
				"east": {"uv": [6.5, 9.5, 7, 10], "texture": "#0"},
				"south": {"uv": [7, 9.5, 7.5, 10], "texture": "#0"},
				"west": {"uv": [9.5, 7, 10, 7.5], "texture": "#0"},
				"up": {"uv": [8, 10, 7.5, 9.5], "texture": "#0"},
				"down": {"uv": [10, 7.5, 9.5, 8], "texture": "#0"}
			}
		},
		{
			"from": [11.375, 6.875, 6.75],
			"to": [11.75, 7.125, 8.125],
			"rotation": {"angle": 0, "axis": "y", "origin": [16, 0, 0]},
			"faces": {
				"north": {"uv": [9.5, 4, 10, 4.5], "texture": "#0"},
				"east": {"uv": [4.5, 9.5, 5, 10], "texture": "#0"},
				"south": {"uv": [9.5, 4.5, 10, 5], "texture": "#0"},
				"west": {"uv": [5, 9.5, 5.5, 10], "texture": "#0"},
				"up": {"uv": [10, 5.5, 9.5, 5], "texture": "#0"},
				"down": {"uv": [6, 9.5, 5.5, 10], "texture": "#0"}
			}
		},
		{
			"from": [11.625, 7.5, 6.75],
			"to": [12, 7.75, 8.125],
			"rotation": {"angle": 0, "axis": "y", "origin": [16, 0, 0]},
			"faces": {
				"north": {"uv": [9.5, 2.5, 10, 3], "texture": "#0"},
				"east": {"uv": [3, 9.5, 3.5, 10], "texture": "#0"},
				"south": {"uv": [9.5, 3, 10, 3.5], "texture": "#0"},
				"west": {"uv": [3.5, 9.5, 4, 10], "texture": "#0"},
				"up": {"uv": [10, 4, 9.5, 3.5], "texture": "#0"},
				"down": {"uv": [4.5, 9.5, 4, 10], "texture": "#0"}
			}
		},
		{
			"from": [10.625, 7.75, 6.75],
			"to": [11.75, 8, 8.125],
			"rotation": {"angle": 0, "axis": "y", "origin": [16, 0, 0]},
			"faces": {
				"north": {"uv": [1, 9.5, 1.5, 10], "texture": "#0"},
				"east": {"uv": [9.5, 1, 10, 1.5], "texture": "#0"},
				"south": {"uv": [1.5, 9.5, 2, 10], "texture": "#0"},
				"west": {"uv": [9.5, 1.5, 10, 2], "texture": "#0"},
				"up": {"uv": [2.5, 10, 2, 9.5], "texture": "#0"},
				"down": {"uv": [3, 9.5, 2.5, 10], "texture": "#0"}
			}
		},
		{
			"from": [12.25, 8.25, 6.75],
			"to": [12.625, 8.5, 8.125],
			"rotation": {"angle": 0, "axis": "y", "origin": [16, 0, 0]},
			"faces": {
				"north": {"uv": [9, 8.5, 9.5, 9], "texture": "#0"},
				"east": {"uv": [9, 9, 9.5, 9.5], "texture": "#0"},
				"south": {"uv": [0, 9.5, 0.5, 10], "texture": "#0"},
				"west": {"uv": [9.5, 0, 10, 0.5], "texture": "#0"},
				"up": {"uv": [1, 10, 0.5, 9.5], "texture": "#0"},
				"down": {"uv": [10, 0.5, 9.5, 1], "texture": "#0"}
			}
		},
		{
			"from": [11.125, 8.5, 6.75],
			"to": [12.25, 8.75, 8.125],
			"rotation": {"angle": 0, "axis": "y", "origin": [16, 0, 0]},
			"faces": {
				"north": {"uv": [9, 7, 9.5, 7.5], "texture": "#0"},
				"east": {"uv": [7.5, 9, 8, 9.5], "texture": "#0"},
				"south": {"uv": [9, 7.5, 9.5, 8], "texture": "#0"},
				"west": {"uv": [8, 9, 8.5, 9.5], "texture": "#0"},
				"up": {"uv": [9.5, 8.5, 9, 8], "texture": "#0"},
				"down": {"uv": [9, 9, 8.5, 9.5], "texture": "#0"}
			}
		},
		{
			"from": [5.25, 7.75, 6.625],
			"to": [10.625, 8.125, 8.25],
			"faces": {
				"north": {"uv": [7, 4.5, 9.5, 5], "texture": "#0"},
				"east": {"uv": [7.5, 7.5, 8.5, 8], "texture": "#0"},
				"south": {"uv": [7, 5, 9.5, 5.5], "texture": "#0"},
				"west": {"uv": [6.5, 8, 7.5, 8.5], "texture": "#0"},
				"up": {"uv": [7.5, 1, 5, 0], "texture": "#0"},
				"down": {"uv": [7.5, 1, 5, 2], "texture": "#0"}
			}
		},
		{
			"from": [4.5, 8.5, 6.875],
			"to": [11.125, 8.875, 8],
			"faces": {
				"north": {"uv": [6.5, 5.5, 10, 6], "texture": "#0"},
				"east": {"uv": [8.5, 1, 9, 1.5], "texture": "#0"},
				"south": {"uv": [6.5, 6, 10, 6.5], "texture": "#0"},
				"west": {"uv": [1.5, 8.5, 2, 9], "texture": "#0"},
				"up": {"uv": [10, 7, 6.5, 6.5], "texture": "#0"},
				"down": {"uv": [10.5, 2, 7, 2.5], "texture": "#0"}
			}
		}
	],
	"display": {
		"thirdperson_righthand": {
			"rotation": [0, -90, 1],
			"translation": [0, 1.75, 2.5],
			"scale": [0.42, 1.16, 0.85]
		},
		"thirdperson_lefthand": {
			"rotation": [0, -90, 1],
			"translation": [0, 1.75, 2.5],
			"scale": [0.42, 1.16, 0.85]
		},
		"firstperson_righthand": {
			"rotation": [0, -90, 1],
			"translation": [0, 1.75, 2.5],
			"scale": [0.42, 1.16, 0.85]
		},
		"firstperson_lefthand": {
			"rotation": [0, -90, 1],
			"translation": [0, 1.75, 2.5],
			"scale": [0.42, 1.16, 0.85]
		},
		"gui": {
			"rotation": [0, -7, -56],
			"translation": [-3, -2.75, 2.5],
			"scale": [0.68, 0.82, 0.85]
		}
	}
}