{
	"credit": "Made with Blockbench",
	"texture_size": [32, 32],
	"textures": {
		"0": "custom/bliss_blade",
		"particle": "custom/bliss_blade"
	},
	"elements": [
		{
			"from": [10.625, -8.125, 7.25],
			"to": [15.625, 6.25, 9.75],
			"faces": {
				"north": {"uv": [0, 0, 2.5, 7], "texture": "#0"},
				"east": {"uv": [0, 7, 1.5, 14], "texture": "#0"},
				"south": {"uv": [2.5, 0, 5, 7], "texture": "#0"},
				"west": {"uv": [1.5, 7, 3, 14], "texture": "#0"},
				"up": {"uv": [10.5, 1.5, 8, 0], "texture": "#0"},
				"down": {"uv": [10.5, 1.5, 8, 3], "texture": "#0"}
			}
		},
		{
			"from": [14.5, 6.25, 7.25],
			"to": [14.875, 20.875, 9.75],
			"faces": {
				"north": {"uv": [7, 7.5, 7.5, 15], "texture": "#0"},
				"east": {"uv": [5, 0, 6.5, 7.5], "texture": "#0"},
				"south": {"uv": [7.5, 7.5, 8, 15], "texture": "#0"},
				"west": {"uv": [6.5, 0, 8, 7.5], "texture": "#0"},
				"up": {"uv": [9.5, 11.5, 9, 10], "texture": "#0"},
				"down": {"uv": [11, 5, 10.5, 6.5], "texture": "#0"}
			}
		},
		{
			"from": [14.5, 20.875, 8.25],
			"to": [14.875, 28.25, 9.75],
			"faces": {
				"north": {"uv": [9, 3, 9.5, 6.5], "texture": "#0"},
				"east": {"uv": [8, 3, 9, 6.5], "texture": "#0"},
				"south": {"uv": [9, 6.5, 9.5, 10], "texture": "#0"},
				"west": {"uv": [8, 6.5, 9, 10], "texture": "#0"},
				"up": {"uv": [3.5, 12.5, 3, 11.5], "texture": "#0"},
				"down": {"uv": [12, 3, 11.5, 4], "texture": "#0"}
			}
		},
		{
			"from": [14.5, 28.125, 9],
			"to": [14.875, 30.625, 9.75],
			"faces": {
				"north": {"uv": [11, 6.5, 11.5, 8], "texture": "#0"},
				"east": {"uv": [11, 8, 11.5, 9.5], "texture": "#0"},
				"south": {"uv": [9.5, 11, 10, 12.5], "texture": "#0"},
				"west": {"uv": [10, 11, 10.5, 12.5], "texture": "#0"},
				"up": {"uv": [6, 12, 5.5, 11.5], "texture": "#0"},
				"down": {"uv": [12, 5.5, 11.5, 6], "texture": "#0"}
			}
		},
		{
			"from": [14.5, 30.625, 9.375],
			"to": [14.875, 32, 9.75],
			"faces": {
				"north": {"uv": [3.5, 11.5, 4, 12], "texture": "#0"},
				"east": {"uv": [4, 11.5, 4.5, 12], "texture": "#0"},
				"south": {"uv": [11.5, 4, 12, 4.5], "texture": "#0"},
				"west": {"uv": [11.5, 4.5, 12, 5], "texture": "#0"},
				"up": {"uv": [5.5, 12, 5, 11.5], "texture": "#0"},
				"down": {"uv": [12, 5, 11.5, 5.5], "texture": "#0"}
			}
		},
		{
			"from": [11.375, 6.25, 7.25],
			"to": [11.75, 20.875, 9.75],
			"faces": {
				"north": {"uv": [7, 7.5, 7.5, 15], "texture": "#0"},
				"east": {"uv": [5, 0, 6.5, 7.5], "texture": "#0"},
				"south": {"uv": [7.5, 7.5, 8, 15], "texture": "#0"},
				"west": {"uv": [6.5, 0, 8, 7.5], "texture": "#0"},
				"up": {"uv": [9.5, 11.5, 9, 10], "texture": "#0"},
				"down": {"uv": [11, 5, 10.5, 6.5], "texture": "#0"}
			}
		},
		{
			"from": [11.375, 20.875, 8.25],
			"to": [11.75, 28.25, 9.75],
			"faces": {
				"north": {"uv": [9, 3, 9.5, 6.5], "texture": "#0"},
				"east": {"uv": [8, 3, 9, 6.5], "texture": "#0"},
				"south": {"uv": [9, 6.5, 9.5, 10], "texture": "#0"},
				"west": {"uv": [8, 6.5, 9, 10], "texture": "#0"},
				"up": {"uv": [3.5, 12.5, 3, 11.5], "texture": "#0"},
				"down": {"uv": [12, 3, 11.5, 4], "texture": "#0"}
			}
		},
		{
			"from": [11.375, 28.125, 9],
			"to": [11.75, 30.625, 9.75],
			"faces": {
				"north": {"uv": [11, 6.5, 11.5, 8], "texture": "#0"},
				"east": {"uv": [11, 8, 11.5, 9.5], "texture": "#0"},
				"south": {"uv": [9.5, 11, 10, 12.5], "texture": "#0"},
				"west": {"uv": [10, 11, 10.5, 12.5], "texture": "#0"},
				"up": {"uv": [6, 12, 5.5, 11.5], "texture": "#0"},
				"down": {"uv": [12, 5.5, 11.5, 6], "texture": "#0"}
			}
		},
		{
			"from": [11.375, 30.625, 9.375],
			"to": [11.75, 32, 9.75],
			"faces": {
				"north": {"uv": [3.5, 11.5, 4, 12], "texture": "#0"},
				"east": {"uv": [4, 11.5, 4.5, 12], "texture": "#0"},
				"south": {"uv": [11.5, 4, 12, 4.5], "texture": "#0"},
				"west": {"uv": [11.5, 4.5, 12, 5], "texture": "#0"},
				"up": {"uv": [5.5, 12, 5, 11.5], "texture": "#0"},
				"down": {"uv": [12, 5, 11.5, 5.5], "texture": "#0"}
			}
		},
		{
			"from": [12.25, 2.625, 9.75],
			"to": [14.25, 5.125, 11],
			"faces": {
				"north": {"uv": [9.5, 3, 10.5, 4.5], "texture": "#0"},
				"east": {"uv": [10.5, 6.5, 11, 8], "texture": "#0"},
				"south": {"uv": [9.5, 4.5, 10.5, 6], "texture": "#0"},
				"west": {"uv": [10.5, 8, 11, 9.5], "texture": "#0"},
				"up": {"uv": [11.5, 11.5, 10.5, 11], "texture": "#0"},
				"down": {"uv": [12, 10.5, 11, 11], "texture": "#0"}
			}
		},
		{
			"from": [12.25, -7.875, 9.75],
			"to": [14.25, -5.375, 11],
			"faces": {
				"north": {"uv": [10.5, 0, 11.5, 1.5], "texture": "#0"},
				"east": {"uv": [4.5, 11, 5, 12.5], "texture": "#0"},
				"south": {"uv": [10.5, 1.5, 11.5, 3], "texture": "#0"},
				"west": {"uv": [11, 5, 11.5, 6.5], "texture": "#0"},
				"up": {"uv": [12.5, 2.5, 11.5, 2], "texture": "#0"},
				"down": {"uv": [12.5, 2.5, 11.5, 3], "texture": "#0"}
			}
		},
		{
			"from": [12.25, 2.125, 11],
			"to": [14.25, 3.25, 13.625],
			"faces": {
				"north": {"uv": [11.5, 0, 12.5, 0.5], "texture": "#0"},
				"east": {"uv": [9.5, 10.5, 11, 11], "texture": "#0"},
				"south": {"uv": [11.5, 0.5, 12.5, 1], "texture": "#0"},
				"west": {"uv": [10.5, 9.5, 12, 10], "texture": "#0"},
				"up": {"uv": [10.5, 7.5, 9.5, 6], "texture": "#0"},
				"down": {"uv": [10.5, 7.5, 9.5, 9], "texture": "#0"}
			}
		},
		{
			"from": [12.25, -6, 11],
			"to": [14.25, -4.875, 13.625],
			"faces": {
				"north": {"uv": [11.5, 1, 12.5, 1.5], "texture": "#0"},
				"east": {"uv": [10.5, 10, 12, 10.5], "texture": "#0"},
				"south": {"uv": [11.5, 1.5, 12.5, 2], "texture": "#0"},
				"west": {"uv": [3, 11, 4.5, 11.5], "texture": "#0"},
				"up": {"uv": [10.5, 10.5, 9.5, 9], "texture": "#0"},
				"down": {"uv": [9, 10, 8, 11.5], "texture": "#0"}
			}
		},
		{
			"from": [12.25, -5.125, 13.25],
			"to": [14.25, 2.625, 14.875],
			"faces": {
				"north": {"uv": [3, 7, 4, 11], "texture": "#0"},
				"east": {"uv": [4, 7, 5, 11], "texture": "#0"},
				"south": {"uv": [5, 7.5, 6, 11.5], "texture": "#0"},
				"west": {"uv": [6, 7.5, 7, 11.5], "texture": "#0"},
				"up": {"uv": [11.5, 4, 10.5, 3], "texture": "#0"},
				"down": {"uv": [11.5, 4, 10.5, 5], "texture": "#0"}
			}
		}
	],
	"display": {
		"thirdperson_righthand": {
			"translation": [-3, 3, -0.25],
			"scale": [0.55, 0.55, 0.55]
		},
		"thirdperson_lefthand": {
			"translation": [2.5, 3, -0.25],
			"scale": [0.55, 0.55, 0.55]
		},
		"firstperson_righthand": {
			"translation": [-3, 3, -0.25],
			"scale": [0.55, 0.55, 0.55]
		},
		"firstperson_lefthand": {
			"translation": [3, 3, 1],
			"scale": [0.55, 0.55, 0.55]
		},
		"ground": {
			"translation": [0, 2, 0],
			"scale": [0.5, 0.5, 0.5]
		},
		"gui": {
			"rotation": [21, 15, -43],
			"translation": [-2.75, 0.5, -0.25],
			"scale": [0.47, 0.47, 0.45]
		},
		"head": {
			"rotation": [0, 180, 0],
			"translation": [0, 13, 7]
		},
		"fixed": {
			"rotation": [0, 180, 0]
		}
	}
}