{
	"credit": "Made with Blockbench",
	"texture_size": [64, 64],
	"textures": {
		"0": "custom/boar",
		"particle": "custom/boar"
	},
	"elements": [
		{
			"from": [0, 0, 0],
			"to": [3.5, 8.75, 3.625],
			"faces": {
				"north": {"uv": [1.5, 11.75, 2.5, 14], "texture": "#0"},
				"east": {"uv": [2.5, 11.75, 3.5, 14], "texture": "#0"},
				"south": {"uv": [3.5, 11.75, 4.5, 14], "texture": "#0"},
				"west": {"uv": [4.5, 11.75, 5.5, 14], "texture": "#0"},
				"up": {"uv": [14.25, 5, 13.25, 4], "texture": "#0"},
				"down": {"uv": [14.5, 1.25, 13.5, 2.25], "texture": "#0"}
			}
		},
		{
			"from": [0, 0, 16.75],
			"to": [3.5, 8.75, 20.375],
			"faces": {
				"north": {"uv": [5.5, 11.75, 6.5, 14], "texture": "#0"},
				"east": {"uv": [6.5, 11.75, 7.5, 14], "texture": "#0"},
				"south": {"uv": [11, 11.75, 12, 14], "texture": "#0"},
				"west": {"uv": [7.5, 12, 8.5, 14.25], "texture": "#0"},
				"up": {"uv": [14.5, 6, 13.5, 5], "texture": "#0"},
				"down": {"uv": [14.5, 6, 13.5, 7], "texture": "#0"}
			}
		},
		{
			"from": [-0.375, 8.75, -2.125],
			"to": [16.375, 19.625, 22.625],
			"faces": {
				"north": {"uv": [0, 9, 4.5, 11.75], "texture": "#0"},
				"east": {"uv": [0, 6.25, 6.25, 9], "texture": "#0"},
				"south": {"uv": [9, 0, 13.5, 2.75], "texture": "#0"},
				"west": {"uv": [6.25, 6.25, 12.5, 9], "texture": "#0"},
				"up": {"uv": [4.5, 6.25, 0, 0], "texture": "#0"},
				"down": {"uv": [9, 0, 4.5, 6.25], "texture": "#0"}
			}
		},
		{
			"from": [1.625, 14.875, -8.5],
			"to": [14.375, 25.75, -2.125],
			"faces": {
				"north": {"uv": [9, 2.75, 12.25, 5.5], "texture": "#0"},
				"east": {"uv": [11, 9, 12.5, 11.75], "texture": "#0"},
				"south": {"uv": [4.5, 9, 7.75, 11.75], "texture": "#0"},
				"west": {"uv": [0, 11.75, 1.5, 14.5], "texture": "#0"},
				"up": {"uv": [11, 10.5, 7.75, 9], "texture": "#0"},
				"down": {"uv": [11, 10.5, 7.75, 12], "texture": "#0"}
			}
		},
		{
			"from": [5.625, 16.375, -10.25],
			"to": [10.375, 19.5, -8.5],
			"faces": {
				"north": {"uv": [13.25, 2.75, 14.5, 4], "texture": "#0"},
				"east": {"uv": [10.5, 12, 11, 13.25], "texture": "#0"},
				"south": {"uv": [13.5, 0, 14.75, 1.25], "texture": "#0"},
				"west": {"uv": [10.5, 13.25, 11, 14.5], "texture": "#0"},
				"up": {"uv": [2.75, 14.5, 1.5, 14], "texture": "#0"},
				"down": {"uv": [4, 14, 2.75, 14.5], "texture": "#0"}
			}
		},
		{
			"from": [12.875, 15.875, -14.875],
			"to": [13.5, 17.75, -8.5],
			"faces": {
				"north": {"uv": [12, 5.5, 12.25, 6], "texture": "#0"},
				"east": {"uv": [9, 5.5, 10.5, 6], "texture": "#0"},
				"south": {"uv": [12.25, 5, 12.5, 5.5], "texture": "#0"},
				"west": {"uv": [10.5, 5.5, 12, 6], "texture": "#0"},
				"up": {"uv": [4.25, 15.5, 4, 14], "texture": "#0"},
				"down": {"uv": [4.5, 14, 4.25, 15.5], "texture": "#0"}
			}
		},
		{
			"from": [2.375, 15.875, -14.875],
			"to": [3, 17.75, -8.5],
			"faces": {
				"north": {"uv": [12.25, 5.5, 12.5, 6], "texture": "#0"},
				"east": {"uv": [13.5, 2.25, 15, 2.75], "texture": "#0"},
				"south": {"uv": [5, 14, 5.25, 14.5], "texture": "#0"},
				"west": {"uv": [13.5, 11, 15, 11.5], "texture": "#0"},
				"up": {"uv": [4.75, 15.5, 4.5, 14], "texture": "#0"},
				"down": {"uv": [5, 14, 4.75, 15.5], "texture": "#0"}
			}
		},
		{
			"from": [12.625, 0, 16.75],
			"to": [16.125, 8.75, 20.375],
			"faces": {
				"north": {"uv": [12.5, 5, 13.5, 7.25], "texture": "#0"},
				"east": {"uv": [12.5, 7.25, 13.5, 9.5], "texture": "#0"},
				"south": {"uv": [12.5, 9.5, 13.5, 11.75], "texture": "#0"},
				"west": {"uv": [13, 11.75, 14, 14], "texture": "#0"},
				"up": {"uv": [14.5, 10, 13.5, 9], "texture": "#0"},
				"down": {"uv": [14.5, 10, 13.5, 11], "texture": "#0"}
			}
		},
		{
			"from": [12.625, 0, 0],
			"to": [16.125, 8.75, 3.625],
			"faces": {
				"north": {"uv": [8.5, 12, 9.5, 14.25], "texture": "#0"},
				"east": {"uv": [9.5, 12, 10.5, 14.25], "texture": "#0"},
				"south": {"uv": [12, 11.75, 13, 14], "texture": "#0"},
				"west": {"uv": [12.25, 2.75, 13.25, 5], "texture": "#0"},
				"up": {"uv": [14.5, 8, 13.5, 7], "texture": "#0"},
				"down": {"uv": [14.5, 8, 13.5, 9], "texture": "#0"}
			}
		}
	],
	"display": {
		"head": {
			"translation": [0, -34.25, 0.25],
			"scale": [1.39, 1.3, 1.19]
		}
	}
}