{
	"credit": "Made with Blockbench",
	"texture_size": [64, 64],
	"textures": {
		"0": "custom/bomb_string",
		"1": "custom/bomb_texture",
		"particle": "custom/bomb_string"
	},
	"elements": [
		{
			"from": [1, 4.875, 1],
			"to": [15, 18.875, 15],
			"faces": {
				"north": {"uv": [0, 0, 3.5, 3.5], "texture": "#1"},
				"east": {"uv": [0, 3.5, 3.5, 7], "texture": "#1"},
				"south": {"uv": [3.5, 0, 7, 3.5], "texture": "#1"},
				"west": {"uv": [3.5, 3.5, 7, 7], "texture": "#1"},
				"up": {"uv": [3.5, 10.5, 0, 7], "texture": "#1"},
				"down": {"uv": [10.5, 0, 7, 3.5], "texture": "#1"}
			}
		},
		{
			"from": [14.75, 6, 2.125],
			"to": [15.875, 17.5, 13.75],
			"faces": {
				"north": {"uv": [13, 3, 13.25, 6], "texture": "#1"},
				"east": {"uv": [3.5, 7, 6.5, 10], "texture": "#1"},
				"south": {"uv": [3.5, 13, 3.75, 16], "texture": "#1"},
				"west": {"uv": [7, 3.5, 10, 6.5], "texture": "#1"},
				"up": {"uv": [4, 16, 3.75, 13], "texture": "#1"},
				"down": {"uv": [4.25, 13, 4, 16], "texture": "#1"}
			}
		},
		{
			"from": [-0.125, 6, 2.125],
			"to": [1, 17.5, 13.75],
			"faces": {
				"north": {"uv": [4.25, 13, 4.5, 16], "texture": "#1"},
				"east": {"uv": [6.5, 7, 9.5, 10], "texture": "#1"},
				"south": {"uv": [4.5, 13, 4.75, 16], "texture": "#1"},
				"west": {"uv": [9.5, 6.5, 12.5, 9.5], "texture": "#1"},
				"up": {"uv": [5, 16, 4.75, 13], "texture": "#1"},
				"down": {"uv": [5.25, 13, 5, 16], "texture": "#1"}
			}
		},
		{
			"from": [2.25, 6, -0.125],
			"to": [13.875, 17.5, 1],
			"faces": {
				"north": {"uv": [9.5, 9.5, 12.5, 12.5], "texture": "#1"},
				"east": {"uv": [5.25, 13, 5.5, 16], "texture": "#1"},
				"south": {"uv": [3.5, 10, 6.5, 13], "texture": "#1"},
				"west": {"uv": [5.5, 13, 5.75, 16], "texture": "#1"},
				"up": {"uv": [8.75, 13.25, 5.75, 13], "texture": "#1"},
				"down": {"uv": [16, 6, 13, 6.25], "texture": "#1"}
			}
		},
		{
			"from": [2.25, 6, 15],
			"to": [13.875, 17.5, 16.125],
			"rotation": {"angle": 0, "axis": "y", "origin": [0, 0, 16]},
			"faces": {
				"north": {"uv": [10, 3.5, 13, 6.5], "texture": "#1"},
				"east": {"uv": [8.75, 13, 9, 16], "texture": "#1"},
				"south": {"uv": [6.5, 10, 9.5, 13], "texture": "#1"},
				"west": {"uv": [9, 13, 9.25, 16], "texture": "#1"},
				"up": {"uv": [16, 6.5, 13, 6.25], "texture": "#1"},
				"down": {"uv": [16, 9.5, 13, 9.75], "texture": "#1"}
			}
		},
		{
			"from": [2.25, 3.75, 2.625],
			"to": [13.875, 4.875, 14.125],
			"rotation": {"angle": 0, "axis": "y", "origin": [0, 0, 16]},
			"faces": {
				"north": {"uv": [13, 9.75, 16, 10], "texture": "#1"},
				"east": {"uv": [13, 10, 16, 10.25], "texture": "#1"},
				"south": {"uv": [13, 10.25, 16, 10.5], "texture": "#1"},
				"west": {"uv": [13, 10.5, 16, 10.75], "texture": "#1"},
				"up": {"uv": [3, 13.5, 0, 10.5], "texture": "#1"},
				"down": {"uv": [13.5, 0, 10.5, 3], "texture": "#1"}
			}
		},
		{
			"from": [2.25, 18.875, 2.625],
			"to": [13.875, 20, 14.125],
			"rotation": {"angle": 0, "axis": "y", "origin": [0, 16, 16]},
			"faces": {
				"north": {"uv": [13, 10.75, 16, 11], "texture": "#1"},
				"east": {"uv": [13, 11, 16, 11.25], "texture": "#1"},
				"south": {"uv": [13, 11.25, 16, 11.5], "texture": "#1"},
				"west": {"uv": [13, 11.5, 16, 11.75], "texture": "#1"},
				"up": {"uv": [15.5, 9.5, 12.5, 6.5], "texture": "#1"},
				"down": {"uv": [12.5, 12.5, 9.5, 15.5], "texture": "#1"}
			}
		},
		{
			"from": [6.75, 20, 7.625],
			"to": [9.125, 26.75, 9.375],
			"rotation": {"angle": 0, "axis": "y", "origin": [0, 16, 16]},
			"faces": {
				"north": {"uv": [3, 10.5, 3.5, 12.25], "texture": "#1"},
				"east": {"uv": [3, 12.25, 3.5, 14], "texture": "#1"},
				"south": {"uv": [12.5, 9.5, 13, 11.25], "texture": "#1"},
				"west": {"uv": [12.5, 11.25, 13, 13], "texture": "#1"},
				"up": {"uv": [7.5, 7, 7, 6.5], "texture": "#1"},
				"down": {"uv": [8, 6.5, 7.5, 7], "texture": "#1"}
			}
		},
		{
			"from": [5.75, 26.625, 8.875],
			"to": [10.125, 29, 8.875],
			"rotation": {"angle": 0, "axis": "y", "origin": [0, 16, 16]},
			"faces": {
				"north": {"uv": [0, 0, 16, 16], "rotation": 180, "texture": "#0"},
				"east": {"uv": [0, 0, 16, 16], "texture": "#0"},
				"south": {"uv": [0, 0, 16, 16], "texture": "#0"},
				"west": {"uv": [0, 0, 16, 16], "texture": "#0"},
				"up": {"uv": [0, 0, 16, 16], "texture": "#0"},
				"down": {"uv": [0, 0, 16, 16], "texture": "#0"}
			}
		},
		{
			"from": [5.75, 26.625, 8.875],
			"to": [10.125, 29, 8.875],
			"rotation": {"angle": 45, "axis": "y", "origin": [7.9375, 27.8125, 8.875]},
			"faces": {
				"north": {"uv": [0, 16, 16, 0], "texture": "#0"},
				"east": {"uv": [0, 16, 16, 0], "texture": "#0"},
				"south": {"uv": [0, 16, 16, 0], "rotation": 180, "texture": "#0"},
				"west": {"uv": [0, 16, 16, 0], "texture": "#0"},
				"up": {"uv": [0, 16, 16, 0], "rotation": 180, "texture": "#0"},
				"down": {"uv": [0, 16, 16, 0], "rotation": 180, "texture": "#0"}
			}
		}
	],
	"display": {
		"gui": {
			"rotation": [30, 225, 0],
			"translation": [0, -2.75, 0],
			"scale": [0.625, 0.625, 0.625]
		},
		"head": {
			"translation": [0, -3.75, 0],
			"scale": [1.67, 1.62, 1.62]
		}
	}
}