{
	"credit": "Made with Blockbench",
	"texture_size": [32, 32],
	"textures": {
		"0": "custom/brass_knucks",
		"particle": "custom/brass_knucks"
	},
	"elements": [
		{
			"from": [0, 0, 0],
			"to": [0.875, 0.625, 8.375],
			"faces": {
				"north": {"uv": [5, 2, 5.5, 2.5], "texture": "#0"},
				"east": {"uv": [4, 0, 8, 0.5], "texture": "#0"},
				"south": {"uv": [5, 2.5, 5.5, 3], "texture": "#0"},
				"west": {"uv": [4, 0.5, 8, 1], "texture": "#0"},
				"up": {"uv": [4.5, 5, 4, 1], "texture": "#0"},
				"down": {"uv": [0.5, 4.5, 0, 8.5], "texture": "#0"}
			}
		},
		{
			"from": [0, 9.125, 0],
			"to": [0.875, 9.75, 8.375],
			"faces": {
				"north": {"uv": [4, 5, 4.5, 5.5], "texture": "#0"},
				"east": {"uv": [4.5, 1, 8.5, 1.5], "texture": "#0"},
				"south": {"uv": [5, 4, 5.5, 4.5], "texture": "#0"},
				"west": {"uv": [4.5, 1.5, 8.5, 2], "texture": "#0"},
				"up": {"uv": [1, 8.5, 0.5, 4.5], "texture": "#0"},
				"down": {"uv": [1.5, 4.5, 1, 8.5], "texture": "#0"}
			}
		},
		{
			"from": [0.25, 9.75, 0.375],
			"to": [0.75, 11.5, 0.875],
			"faces": {
				"north": {"uv": [1.5, 4.5, 2, 5.5], "texture": "#0"},
				"east": {"uv": [2, 4.5, 2.5, 5.5], "texture": "#0"},
				"south": {"uv": [4.5, 2, 5, 3], "texture": "#0"},
				"west": {"uv": [2.5, 4.5, 3, 5.5], "texture": "#0"},
				"up": {"uv": [5, 5.5, 4.5, 5], "texture": "#0"},
				"down": {"uv": [5.5, 4.5, 5, 5], "texture": "#0"}
			}
		},
		{
			"from": [0.375, 11.5, 0.5],
			"to": [0.625, 12.875, 0.75],
			"faces": {
				"north": {"uv": [3, 4.5, 3.5, 5], "texture": "#0"},
				"east": {"uv": [4.5, 3, 5, 3.5], "texture": "#0"},
				"south": {"uv": [3.5, 4.5, 4, 5], "texture": "#0"},
				"west": {"uv": [4.5, 3.5, 5, 4], "texture": "#0"},
				"up": {"uv": [5, 4.5, 4.5, 4], "texture": "#0"},
				"down": {"uv": [5, 4.5, 4.5, 5], "texture": "#0"}
			}
		},
		{
			"from": [0.375, 11.5, 1.375],
			"to": [0.625, 12.875, 1.625],
			"faces": {
				"north": {"uv": [3, 4.5, 3.5, 5], "texture": "#0"},
				"east": {"uv": [4.5, 3, 5, 3.5], "texture": "#0"},
				"south": {"uv": [3.5, 4.5, 4, 5], "texture": "#0"},
				"west": {"uv": [4.5, 3.5, 5, 4], "texture": "#0"},
				"up": {"uv": [5, 4.5, 4.5, 4], "texture": "#0"},
				"down": {"uv": [5, 4.5, 4.5, 5], "texture": "#0"}
			}
		},
		{
			"from": [0.25, 9.75, 1.25],
			"to": [0.75, 11.5, 1.75],
			"faces": {
				"north": {"uv": [1.5, 4.5, 2, 5.5], "texture": "#0"},
				"east": {"uv": [2, 4.5, 2.5, 5.5], "texture": "#0"},
				"south": {"uv": [4.5, 2, 5, 3], "texture": "#0"},
				"west": {"uv": [2.5, 4.5, 3, 5.5], "texture": "#0"},
				"up": {"uv": [5, 5.5, 4.5, 5], "texture": "#0"},
				"down": {"uv": [5.5, 4.5, 5, 5], "texture": "#0"}
			}
		},
		{
			"from": [0.375, 11.5, 2.25],
			"to": [0.625, 12.875, 2.5],
			"faces": {
				"north": {"uv": [3, 4.5, 3.5, 5], "texture": "#0"},
				"east": {"uv": [4.5, 3, 5, 3.5], "texture": "#0"},
				"south": {"uv": [3.5, 4.5, 4, 5], "texture": "#0"},
				"west": {"uv": [4.5, 3.5, 5, 4], "texture": "#0"},
				"up": {"uv": [5, 4.5, 4.5, 4], "texture": "#0"},
				"down": {"uv": [5, 4.5, 4.5, 5], "texture": "#0"}
			}
		},
		{
			"from": [0.25, 9.75, 2.125],
			"to": [0.75, 11.5, 2.625],
			"faces": {
				"north": {"uv": [1.5, 4.5, 2, 5.5], "texture": "#0"},
				"east": {"uv": [2, 4.5, 2.5, 5.5], "texture": "#0"},
				"south": {"uv": [4.5, 2, 5, 3], "texture": "#0"},
				"west": {"uv": [2.5, 4.5, 3, 5.5], "texture": "#0"},
				"up": {"uv": [5, 5.5, 4.5, 5], "texture": "#0"},
				"down": {"uv": [5.5, 4.5, 5, 5], "texture": "#0"}
			}
		},
		{
			"from": [0.375, 11.5, 4.875],
			"to": [0.625, 12.875, 5.125],
			"faces": {
				"north": {"uv": [3, 4.5, 3.5, 5], "texture": "#0"},
				"east": {"uv": [4.5, 3, 5, 3.5], "texture": "#0"},
				"south": {"uv": [3.5, 4.5, 4, 5], "texture": "#0"},
				"west": {"uv": [4.5, 3.5, 5, 4], "texture": "#0"},
				"up": {"uv": [5, 4.5, 4.5, 4], "texture": "#0"},
				"down": {"uv": [5, 4.5, 4.5, 5], "texture": "#0"}
			}
		},
		{
			"from": [0.25, 9.75, 4.75],
			"to": [0.75, 11.5, 5.25],
			"faces": {
				"north": {"uv": [1.5, 4.5, 2, 5.5], "texture": "#0"},
				"east": {"uv": [2, 4.5, 2.5, 5.5], "texture": "#0"},
				"south": {"uv": [4.5, 2, 5, 3], "texture": "#0"},
				"west": {"uv": [2.5, 4.5, 3, 5.5], "texture": "#0"},
				"up": {"uv": [5, 5.5, 4.5, 5], "texture": "#0"},
				"down": {"uv": [5.5, 4.5, 5, 5], "texture": "#0"}
			}
		},
		{
			"from": [0.25, 9.75, 3.875],
			"to": [0.75, 11.5, 4.375],
			"faces": {
				"north": {"uv": [1.5, 4.5, 2, 5.5], "texture": "#0"},
				"east": {"uv": [2, 4.5, 2.5, 5.5], "texture": "#0"},
				"south": {"uv": [4.5, 2, 5, 3], "texture": "#0"},
				"west": {"uv": [2.5, 4.5, 3, 5.5], "texture": "#0"},
				"up": {"uv": [5, 5.5, 4.5, 5], "texture": "#0"},
				"down": {"uv": [5.5, 4.5, 5, 5], "texture": "#0"}
			}
		},
		{
			"from": [0.375, 11.5, 4],
			"to": [0.625, 12.875, 4.25],
			"faces": {
				"north": {"uv": [3, 4.5, 3.5, 5], "texture": "#0"},
				"east": {"uv": [4.5, 3, 5, 3.5], "texture": "#0"},
				"south": {"uv": [3.5, 4.5, 4, 5], "texture": "#0"},
				"west": {"uv": [4.5, 3.5, 5, 4], "texture": "#0"},
				"up": {"uv": [5, 4.5, 4.5, 4], "texture": "#0"},
				"down": {"uv": [5, 4.5, 4.5, 5], "texture": "#0"}
			}
		},
		{
			"from": [0.375, 11.5, 3.125],
			"to": [0.625, 12.875, 3.375],
			"faces": {
				"north": {"uv": [3, 4.5, 3.5, 5], "texture": "#0"},
				"east": {"uv": [4.5, 3, 5, 3.5], "texture": "#0"},
				"south": {"uv": [3.5, 4.5, 4, 5], "texture": "#0"},
				"west": {"uv": [4.5, 3.5, 5, 4], "texture": "#0"},
				"up": {"uv": [5, 4.5, 4.5, 4], "texture": "#0"},
				"down": {"uv": [5, 4.5, 4.5, 5], "texture": "#0"}
			}
		},
		{
			"from": [0.25, 9.75, 3],
			"to": [0.75, 11.5, 3.5],
			"faces": {
				"north": {"uv": [1.5, 4.5, 2, 5.5], "texture": "#0"},
				"east": {"uv": [2, 4.5, 2.5, 5.5], "texture": "#0"},
				"south": {"uv": [4.5, 2, 5, 3], "texture": "#0"},
				"west": {"uv": [2.5, 4.5, 3, 5.5], "texture": "#0"},
				"up": {"uv": [5, 5.5, 4.5, 5], "texture": "#0"},
				"down": {"uv": [5.5, 4.5, 5, 5], "texture": "#0"}
			}
		},
		{
			"from": [0.375, 11.5, 7.375],
			"to": [0.625, 12.875, 7.625],
			"faces": {
				"north": {"uv": [3, 4.5, 3.5, 5], "texture": "#0"},
				"east": {"uv": [4.5, 3, 5, 3.5], "texture": "#0"},
				"south": {"uv": [3.5, 4.5, 4, 5], "texture": "#0"},
				"west": {"uv": [4.5, 3.5, 5, 4], "texture": "#0"},
				"up": {"uv": [5, 4.5, 4.5, 4], "texture": "#0"},
				"down": {"uv": [5, 4.5, 4.5, 5], "texture": "#0"}
			}
		},
		{
			"from": [0.25, 9.75, 7.25],
			"to": [0.75, 11.5, 7.75],
			"faces": {
				"north": {"uv": [1.5, 4.5, 2, 5.5], "texture": "#0"},
				"east": {"uv": [2, 4.5, 2.5, 5.5], "texture": "#0"},
				"south": {"uv": [4.5, 2, 5, 3], "texture": "#0"},
				"west": {"uv": [2.5, 4.5, 3, 5.5], "texture": "#0"},
				"up": {"uv": [5, 5.5, 4.5, 5], "texture": "#0"},
				"down": {"uv": [5.5, 4.5, 5, 5], "texture": "#0"}
			}
		},
		{
			"from": [0.25, 9.75, 6.375],
			"to": [0.75, 11.5, 6.875],
			"faces": {
				"north": {"uv": [1.5, 4.5, 2, 5.5], "texture": "#0"},
				"east": {"uv": [2, 4.5, 2.5, 5.5], "texture": "#0"},
				"south": {"uv": [4.5, 2, 5, 3], "texture": "#0"},
				"west": {"uv": [2.5, 4.5, 3, 5.5], "texture": "#0"},
				"up": {"uv": [5, 5.5, 4.5, 5], "texture": "#0"},
				"down": {"uv": [5.5, 4.5, 5, 5], "texture": "#0"}
			}
		},
		{
			"from": [0.375, 11.5, 6.5],
			"to": [0.625, 12.875, 6.75],
			"faces": {
				"north": {"uv": [3, 4.5, 3.5, 5], "texture": "#0"},
				"east": {"uv": [4.5, 3, 5, 3.5], "texture": "#0"},
				"south": {"uv": [3.5, 4.5, 4, 5], "texture": "#0"},
				"west": {"uv": [4.5, 3.5, 5, 4], "texture": "#0"},
				"up": {"uv": [5, 4.5, 4.5, 4], "texture": "#0"},
				"down": {"uv": [5, 4.5, 4.5, 5], "texture": "#0"}
			}
		},
		{
			"from": [0.375, 11.5, 5.625],
			"to": [0.625, 12.875, 5.875],
			"faces": {
				"north": {"uv": [3, 4.5, 3.5, 5], "texture": "#0"},
				"east": {"uv": [4.5, 3, 5, 3.5], "texture": "#0"},
				"south": {"uv": [3.5, 4.5, 4, 5], "texture": "#0"},
				"west": {"uv": [4.5, 3.5, 5, 4], "texture": "#0"},
				"up": {"uv": [5, 4.5, 4.5, 4], "texture": "#0"},
				"down": {"uv": [5, 4.5, 4.5, 5], "texture": "#0"}
			}
		},
		{
			"from": [0.25, 9.75, 5.5],
			"to": [0.75, 11.5, 6],
			"faces": {
				"north": {"uv": [1.5, 4.5, 2, 5.5], "texture": "#0"},
				"east": {"uv": [2, 4.5, 2.5, 5.5], "texture": "#0"},
				"south": {"uv": [4.5, 2, 5, 3], "texture": "#0"},
				"west": {"uv": [2.5, 4.5, 3, 5.5], "texture": "#0"},
				"up": {"uv": [5, 5.5, 4.5, 5], "texture": "#0"},
				"down": {"uv": [5.5, 4.5, 5, 5], "texture": "#0"}
			}
		},
		{
			"from": [0, 0.625, 7.5],
			"to": [0.875, 9.125, 8.375],
			"faces": {
				"north": {"uv": [0, 0, 0.5, 4.5], "texture": "#0"},
				"east": {"uv": [0.5, 0, 1, 4.5], "texture": "#0"},
				"south": {"uv": [1, 0, 1.5, 4.5], "texture": "#0"},
				"west": {"uv": [1.5, 0, 2, 4.5], "texture": "#0"},
				"up": {"uv": [3.5, 5.5, 3, 5], "texture": "#0"},
				"down": {"uv": [5.5, 3, 5, 3.5], "texture": "#0"}
			}
		},
		{
			"from": [0, 0.625, 0],
			"to": [0.875, 9.125, 0.875],
			"faces": {
				"north": {"uv": [2, 0, 2.5, 4.5], "texture": "#0"},
				"east": {"uv": [2.5, 0, 3, 4.5], "texture": "#0"},
				"south": {"uv": [3, 0, 3.5, 4.5], "texture": "#0"},
				"west": {"uv": [3.5, 0, 4, 4.5], "texture": "#0"},
				"up": {"uv": [4, 5.5, 3.5, 5], "texture": "#0"},
				"down": {"uv": [5.5, 3.5, 5, 4], "texture": "#0"}
			}
		}
	],
	"display": {
		"thirdperson_righthand": {
			"rotation": [0, 90, 0],
			"translation": [2.25, -0.5, -6.25],
			"scale": [1, 0.46, 0.56]
		},
		"thirdperson_lefthand": {
			"rotation": [0, 90, 0],
			"translation": [2, -0.5, 8.5],
			"scale": [1, 0.46, 0.56]
		},
		"firstperson_righthand": {
			"rotation": [-69, 90, 0],
			"translation": [2.75, -5.5, -6.25],
			"scale": [1, 0.46, 0.56]
		},
		"firstperson_lefthand": {
			"rotation": [-69, 90, 0],
			"translation": [2.75, 8.25, 0.75],
			"scale": [1, 0.46, 0.56]
		},
		"gui": {
			"rotation": [-50, -55, -52],
			"translation": [4, 2.25, -6.25],
			"scale": [2.28, 1.1, 1.33]
		}
	}
}