{
	"parent": "item/generated",
	"textures": {
		"layer0": "item/carrot_on_a_stick"
	},
	
	"overrides": [
		{"predicate": {"custom_model_data":1}, "model": "item/stomp_icon"},
		{"predicate": {"custom_model_data":2}, "model": "item/dash_icon"},
		{"predicate": {"custom_model_data":3}, "model": "item/bolt_icon"},
		{"predicate": {"custom_model_data":4}, "model": "item/traps_icon"},
		{"predicate": {"custom_model_data":5}, "model": "item/freeze_icon"},
		{"predicate": {"custom_model_data":6}, "model": "item/backstab_icon"},
		{"predicate": {"custom_model_data":7}, "model": "item/chain_icon"},
		{"predicate": {"custom_model_data":8}, "model": "item/berserk_icon"},
		{"predicate": {"custom_model_data":9}, "model": "item/meteors_icon"}
	]
}