{
	"credit": "Made with Blockbench",
	"texture_size": [32, 32],
	"textures": {
		"0": "custom/cobra_texture",
		"particle": "custom/cobra_texture"
	},
	"elements": [
		{
			"from": [8.25, 0, -0.25],
			"to": [9.25, 6.875, 0.375],
			"rotation": {"angle": 0, "axis": "y", "origin": [8.625, 0, 0]},
			"faces": {
				"north": {"uv": [0, 3, 0.5, 6.5], "texture": "#0"},
				"east": {"uv": [0.5, 3, 1, 6.5], "texture": "#0"},
				"south": {"uv": [1, 3, 1.5, 6.5], "texture": "#0"},
				"west": {"uv": [1.5, 3, 2, 6.5], "texture": "#0"},
				"up": {"uv": [3.5, 8, 3, 7.5], "texture": "#0"},
				"down": {"uv": [4, 7.5, 3.5, 8], "texture": "#0"}
			}
		},
		{
			"from": [3.75, 6.875, -0.75],
			"to": [13.625, 7.5, 0.875],
			"rotation": {"angle": 0, "axis": "y", "origin": [8.625, 0, 0]},
			"faces": {
				"north": {"uv": [0, 2, 5, 2.5], "texture": "#0"},
				"east": {"uv": [2, 4, 3, 4.5], "texture": "#0"},
				"south": {"uv": [0, 2.5, 5, 3], "texture": "#0"},
				"west": {"uv": [3, 4, 4, 4.5], "texture": "#0"},
				"up": {"uv": [5, 1, 0, 0], "texture": "#0"},
				"down": {"uv": [5, 1, 0, 2], "texture": "#0"}
			}
		},
		{
			"from": [7.75, 7.375, -0.125],
			"to": [9.75, 8.75, 0.25],
			"rotation": {"angle": 0, "axis": "y", "origin": [8.625, 0, 0]},
			"faces": {
				"north": {"uv": [4, 3, 5, 3.5], "texture": "#0"},
				"east": {"uv": [4, 7.5, 4.5, 8], "texture": "#0"},
				"south": {"uv": [4, 3.5, 5, 4], "texture": "#0"},
				"west": {"uv": [4.5, 7.5, 5, 8], "texture": "#0"},
				"up": {"uv": [5, 4.5, 4, 4], "texture": "#0"},
				"down": {"uv": [3, 4.5, 2, 5], "texture": "#0"}
			}
		},
		{
			"from": [8.125, 8.75, -0.125],
			"to": [10.125, 10.125, 0.25],
			"rotation": {"angle": 0, "axis": "y", "origin": [8.625, 0, 0]},
			"faces": {
				"north": {"uv": [3, 4.5, 4, 5], "texture": "#0"},
				"east": {"uv": [5, 7.5, 5.5, 8], "texture": "#0"},
				"south": {"uv": [4, 4.5, 5, 5], "texture": "#0"},
				"west": {"uv": [7.5, 5, 8, 5.5], "texture": "#0"},
				"up": {"uv": [6, 0.5, 5, 0], "texture": "#0"},
				"down": {"uv": [6, 0.5, 5, 1], "texture": "#0"}
			}
		},
		{
			"from": [8.75, 10.125, -0.125],
			"to": [10.75, 11.5, 0.25],
			"rotation": {"angle": 0, "axis": "y", "origin": [8.625, 0, 0]},
			"faces": {
				"north": {"uv": [5, 1, 6, 1.5], "texture": "#0"},
				"east": {"uv": [5.5, 7.5, 6, 8], "texture": "#0"},
				"south": {"uv": [5, 1.5, 6, 2], "texture": "#0"},
				"west": {"uv": [7.5, 5.5, 8, 6], "texture": "#0"},
				"up": {"uv": [3, 5.5, 2, 5], "texture": "#0"},
				"down": {"uv": [6, 2, 5, 2.5], "texture": "#0"}
			}
		},
		{
			"from": [9.625, 11.5, -0.125],
			"to": [11.625, 12.875, 0.25],
			"rotation": {"angle": 0, "axis": "y", "origin": [8.625, 0, 0]},
			"faces": {
				"north": {"uv": [5, 2.5, 6, 3], "texture": "#0"},
				"east": {"uv": [6.5, 7.5, 7, 8], "texture": "#0"},
				"south": {"uv": [3, 5, 4, 5.5], "texture": "#0"},
				"west": {"uv": [7, 7.5, 7.5, 8], "texture": "#0"},
				"up": {"uv": [6, 3.5, 5, 3], "texture": "#0"},
				"down": {"uv": [6, 3.5, 5, 4], "texture": "#0"}
			}
		},
		{
			"from": [10.125, 12.875, -0.125],
			"to": [12.125, 14.25, 0.25],
			"rotation": {"angle": 0, "axis": "y", "origin": [8.625, 0, 0]},
			"faces": {
				"north": {"uv": [4, 5, 5, 5.5], "texture": "#0"},
				"east": {"uv": [7.5, 7, 8, 7.5], "texture": "#0"},
				"south": {"uv": [5, 4, 6, 4.5], "texture": "#0"},
				"west": {"uv": [7.5, 7.5, 8, 8], "texture": "#0"},
				"up": {"uv": [6, 5, 5, 4.5], "texture": "#0"},
				"down": {"uv": [6, 5, 5, 5.5], "texture": "#0"}
			}
		},
		{
			"from": [10.25, 14.25, -0.125],
			"to": [12.25, 15.625, 0.25],
			"rotation": {"angle": 0, "axis": "y", "origin": [8.625, 0, 0]},
			"faces": {
				"north": {"uv": [2, 5.5, 3, 6], "texture": "#0"},
				"east": {"uv": [0, 8, 0.5, 8.5], "texture": "#0"},
				"south": {"uv": [3, 5.5, 4, 6], "texture": "#0"},
				"west": {"uv": [8, 0, 8.5, 0.5], "texture": "#0"},
				"up": {"uv": [5, 6, 4, 5.5], "texture": "#0"},
				"down": {"uv": [6, 5.5, 5, 6], "texture": "#0"}
			}
		},
		{
			"from": [10, 15.625, -0.125],
			"to": [12, 17, 0.25],
			"rotation": {"angle": 0, "axis": "y", "origin": [8.625, 0, 0]},
			"faces": {
				"north": {"uv": [6, 0, 7, 0.5], "texture": "#0"},
				"east": {"uv": [0.5, 8, 1, 8.5], "texture": "#0"},
				"south": {"uv": [6, 0.5, 7, 1], "texture": "#0"},
				"west": {"uv": [8, 0.5, 8.5, 1], "texture": "#0"},
				"up": {"uv": [7, 1.5, 6, 1], "texture": "#0"},
				"down": {"uv": [7, 1.5, 6, 2], "texture": "#0"}
			}
		},
		{
			"from": [9.375, 17, -0.125],
			"to": [11.375, 18.375, 0.25],
			"rotation": {"angle": 0, "axis": "y", "origin": [8.625, 0, 0]},
			"faces": {
				"north": {"uv": [2, 6, 3, 6.5], "texture": "#0"},
				"east": {"uv": [1, 8, 1.5, 8.5], "texture": "#0"},
				"south": {"uv": [6, 2, 7, 2.5], "texture": "#0"},
				"west": {"uv": [8, 1, 8.5, 1.5], "texture": "#0"},
				"up": {"uv": [7, 3, 6, 2.5], "texture": "#0"},
				"down": {"uv": [4, 6, 3, 6.5], "texture": "#0"}
			}
		},
		{
			"from": [8.75, 18.375, -0.125],
			"to": [10.75, 19.75, 0.25],
			"rotation": {"angle": 0, "axis": "y", "origin": [8.625, 0, 0]},
			"faces": {
				"north": {"uv": [6, 3, 7, 3.5], "texture": "#0"},
				"east": {"uv": [1.5, 8, 2, 8.5], "texture": "#0"},
				"south": {"uv": [6, 3.5, 7, 4], "texture": "#0"},
				"west": {"uv": [8, 1.5, 8.5, 2], "texture": "#0"},
				"up": {"uv": [5, 6.5, 4, 6], "texture": "#0"},
				"down": {"uv": [7, 4, 6, 4.5], "texture": "#0"}
			}
		},
		{
			"from": [7.625, 19.75, -0.125],
			"to": [9.625, 21.125, 0.25],
			"rotation": {"angle": 0, "axis": "y", "origin": [8.625, 0, 0]},
			"faces": {
				"north": {"uv": [6, 4.5, 7, 5], "texture": "#0"},
				"east": {"uv": [2, 8, 2.5, 8.5], "texture": "#0"},
				"south": {"uv": [5, 6, 6, 6.5], "texture": "#0"},
				"west": {"uv": [8, 2, 8.5, 2.5], "texture": "#0"},
				"up": {"uv": [7, 5.5, 6, 5], "texture": "#0"},
				"down": {"uv": [7, 5.5, 6, 6], "texture": "#0"}
			}
		},
		{
			"from": [6.125, 21.125, -0.125],
			"to": [8.125, 22.5, 0.25],
			"rotation": {"angle": 0, "axis": "y", "origin": [8.625, 0, 0]},
			"faces": {
				"north": {"uv": [6, 6, 7, 6.5], "texture": "#0"},
				"east": {"uv": [2.5, 8, 3, 8.5], "texture": "#0"},
				"south": {"uv": [0, 6.5, 1, 7], "texture": "#0"},
				"west": {"uv": [8, 2.5, 8.5, 3], "texture": "#0"},
				"up": {"uv": [2, 7, 1, 6.5], "texture": "#0"},
				"down": {"uv": [3, 6.5, 2, 7], "texture": "#0"}
			}
		},
		{
			"from": [5.5, 22.5, -0.125],
			"to": [7.5, 23.875, 0.25],
			"rotation": {"angle": 0, "axis": "y", "origin": [8.625, 0, 0]},
			"faces": {
				"north": {"uv": [3, 6.5, 4, 7], "texture": "#0"},
				"east": {"uv": [3, 8, 3.5, 8.5], "texture": "#0"},
				"south": {"uv": [4, 6.5, 5, 7], "texture": "#0"},
				"west": {"uv": [8, 3, 8.5, 3.5], "texture": "#0"},
				"up": {"uv": [6, 7, 5, 6.5], "texture": "#0"},
				"down": {"uv": [7, 6.5, 6, 7], "texture": "#0"}
			}
		},
		{
			"from": [5.375, 23.875, -0.125],
			"to": [7.375, 25.25, 0.25],
			"rotation": {"angle": 0, "axis": "y", "origin": [8.625, 0, 0]},
			"faces": {
				"north": {"uv": [0, 7, 1, 7.5], "texture": "#0"},
				"east": {"uv": [3.5, 8, 4, 8.5], "texture": "#0"},
				"south": {"uv": [7, 0, 8, 0.5], "texture": "#0"},
				"west": {"uv": [8, 3.5, 8.5, 4], "texture": "#0"},
				"up": {"uv": [8, 1, 7, 0.5], "texture": "#0"},
				"down": {"uv": [2, 7, 1, 7.5], "texture": "#0"}
			}
		},
		{
			"from": [5.75, 25.25, -0.125],
			"to": [7.75, 26.625, 0.25],
			"rotation": {"angle": 0, "axis": "y", "origin": [8.625, 0, 0]},
			"faces": {
				"north": {"uv": [7, 1, 8, 1.5], "texture": "#0"},
				"east": {"uv": [4, 8, 4.5, 8.5], "texture": "#0"},
				"south": {"uv": [7, 1.5, 8, 2], "texture": "#0"},
				"west": {"uv": [8, 4, 8.5, 4.5], "texture": "#0"},
				"up": {"uv": [3, 7.5, 2, 7], "texture": "#0"},
				"down": {"uv": [8, 2, 7, 2.5], "texture": "#0"}
			}
		},
		{
			"from": [6.75, 26.625, -0.125],
			"to": [8.75, 28, 0.25],
			"rotation": {"angle": 0, "axis": "y", "origin": [8.625, 0, 0]},
			"faces": {
				"north": {"uv": [7, 2.5, 8, 3], "texture": "#0"},
				"east": {"uv": [4.5, 8, 5, 8.5], "texture": "#0"},
				"south": {"uv": [3, 7, 4, 7.5], "texture": "#0"},
				"west": {"uv": [8, 4.5, 8.5, 5], "texture": "#0"},
				"up": {"uv": [8, 3.5, 7, 3], "texture": "#0"},
				"down": {"uv": [8, 3.5, 7, 4], "texture": "#0"}
			}
		},
		{
			"from": [7.5, 28, -0.125],
			"to": [9.5, 29.375, 0.25],
			"rotation": {"angle": 0, "axis": "y", "origin": [8.625, 0, 0]},
			"faces": {
				"north": {"uv": [4, 7, 5, 7.5], "texture": "#0"},
				"east": {"uv": [5, 8, 5.5, 8.5], "texture": "#0"},
				"south": {"uv": [7, 4, 8, 4.5], "texture": "#0"},
				"west": {"uv": [8, 5, 8.5, 5.5], "texture": "#0"},
				"up": {"uv": [8, 5, 7, 4.5], "texture": "#0"},
				"down": {"uv": [6, 7, 5, 7.5], "texture": "#0"}
			}
		},
		{
			"from": [8.375, 29.375, -0.125],
			"to": [10.375, 31.5, 0.25],
			"rotation": {"angle": 0, "axis": "y", "origin": [8.625, 0, 0]},
			"faces": {
				"north": {"uv": [2, 3, 3, 4], "texture": "#0"},
				"east": {"uv": [7, 5, 7.5, 6], "texture": "#0"},
				"south": {"uv": [3, 3, 4, 4], "texture": "#0"},
				"west": {"uv": [6, 7, 6.5, 8], "texture": "#0"},
				"up": {"uv": [8, 6.5, 7, 6], "texture": "#0"},
				"down": {"uv": [7.5, 7, 6.5, 7.5], "texture": "#0"}
			}
		},
		{
			"from": [9.375, 30.5, 0],
			"to": [10.875, 31.875, 0.125],
			"rotation": {"angle": 45, "axis": "z", "origin": [9.375, 30.4375, 0.0625]},
			"faces": {
				"north": {"uv": [7, 6.5, 8, 7], "texture": "#0"},
				"east": {"uv": [5.5, 8, 6, 8.5], "texture": "#0"},
				"south": {"uv": [0, 7.5, 1, 8], "texture": "#0"},
				"west": {"uv": [8, 5.5, 8.5, 6], "texture": "#0"},
				"up": {"uv": [2, 8, 1, 7.5], "texture": "#0"},
				"down": {"uv": [3, 7.5, 2, 8], "texture": "#0"}
			}
		}
	],
	"display": {
		"thirdperson_righthand": {
			"rotation": [0, -90, 1],
			"translation": [-6.25, 1, 2],
			"scale": [0.39, 0.65, 0.85]
		},
		"thirdperson_lefthand": {
			"rotation": [0, -90, 1],
			"translation": [-6.25, 1, 2],
			"scale": [0.39, 0.65, 0.85]
		},
		"firstperson_righthand": {
			"rotation": [0, -90, 1],
			"translation": [-6.25, -3.75, 2],
			"scale": [0.39, 0.65, 0.85]
		},
		"firstperson_lefthand": {
			"rotation": [0, -90, 1],
			"translation": [-6.25, -4, 2],
			"scale": [0.39, 0.65, 0.85]
		},
		"gui": {
			"rotation": [0, 0, -42],
			"translation": [-3.25, -3.25, 2],
			"scale": [0.3, 0.55, 0.68]
		}
	}
}