{
	"credit": "Made with Blockbench",
	"texture_size": [64, 64],
	"textures": {
		"1": "custom/devils_deahman",
		"particle": "custom/devils_deahman"
	},
	"elements": [
		{
			"from": [3, -8.875, 2.875],
			"to": [6.375, -0.375, 6.125],
			"rotation": {"angle": 45, "axis": "x", "origin": [4.6875, -4.625, 8]},
			"faces": {
				"north": {"uv": [6, 7.5, 6.75, 9.75], "texture": "#1"},
				"east": {"uv": [6.75, 7.5, 7.5, 9.75], "texture": "#1"},
				"south": {"uv": [7.5, 7.5, 8.25, 9.75], "texture": "#1"},
				"west": {"uv": [0, 7.75, 0.75, 10], "texture": "#1"},
				"up": {"uv": [8.5, 3, 7.75, 2.25], "texture": "#1"},
				"down": {"uv": [9.75, 5, 9, 5.75], "texture": "#1"}
			}
		},
		{
			"from": [8.875, -8.875, 9.625],
			"to": [12.25, -0.375, 12.875],
			"rotation": {"angle": -45, "axis": "x", "origin": [10.5625, -4.625, 8]},
			"faces": {
				"north": {"uv": [0.75, 7.75, 1.5, 10], "texture": "#1"},
				"east": {"uv": [1.5, 7.75, 2.25, 10], "texture": "#1"},
				"south": {"uv": [2.25, 7.75, 3, 10], "texture": "#1"},
				"west": {"uv": [3, 7.75, 3.75, 10], "texture": "#1"},
				"up": {"uv": [9.75, 6.5, 9, 5.75], "texture": "#1"},
				"down": {"uv": [10, 2.25, 9.25, 3], "texture": "#1"}
			}
		},
		{
			"name": "HEAD",
			"from": [7.55, 4.4, 8.25],
			"to": [7.7, 5.025, 8.4],
			"rotation": {"angle": 45, "axis": "z", "origin": [7.625, 4.775, 8.325]},
			"faces": {
				"north": {"uv": [9.5, 7.5, 9.75, 8.25], "texture": "#1"},
				"east": {"uv": [8.25, 9.5, 8.5, 10.25], "texture": "#1"},
				"south": {"uv": [8.5, 9.5, 8.75, 10.25], "texture": "#1"},
				"west": {"uv": [8.75, 9.5, 9, 10.25], "texture": "#1"},
				"up": {"uv": [9.75, 2.25, 9.5, 2], "texture": "#1"},
				"down": {"uv": [10, 4, 9.75, 4.25], "texture": "#1"}
			}
		},
		{
			"name": "HEAD",
			"from": [7.4, 4.9, 8.25],
			"to": [7.55, 5.425, 8.4],
			"rotation": {"angle": 0, "axis": "z", "origin": [6.875, 1.425, 6.375]},
			"faces": {
				"north": {"uv": [9, 9.5, 9.25, 10.25], "texture": "#1"},
				"east": {"uv": [9.25, 9.5, 9.5, 10.25], "texture": "#1"},
				"south": {"uv": [9.5, 9.5, 9.75, 10.25], "texture": "#1"},
				"west": {"uv": [9.75, 0, 10, 0.75], "texture": "#1"},
				"up": {"uv": [10.25, 1.75, 10, 1.5], "texture": "#1"},
				"down": {"uv": [2, 10, 1.75, 10.25], "texture": "#1"}
			}
		},
		{
			"name": "HEAD",
			"from": [7.375, 5.375, 8.25],
			"to": [7.525, 5.625, 8.4],
			"rotation": {"angle": 22.5, "axis": "z", "origin": [7.4, 5.5, 8.325]},
			"faces": {
				"north": {"uv": [10, 1.75, 10.25, 2], "texture": "#1"},
				"east": {"uv": [2, 10, 2.25, 10.25], "texture": "#1"},
				"south": {"uv": [10, 2, 10.25, 2.25], "texture": "#1"},
				"west": {"uv": [2.25, 10, 2.5, 10.25], "texture": "#1"},
				"up": {"uv": [10.25, 2.5, 10, 2.25], "texture": "#1"},
				"down": {"uv": [2.75, 10, 2.5, 10.25], "texture": "#1"}
			}
		},
		{
			"name": "HEAD",
			"from": [7.225, 5.525, 8.25],
			"to": [7.375, 6.075, 8.4],
			"rotation": {"angle": 45, "axis": "z", "origin": [7.3, 5.7, 8.325]},
			"faces": {
				"north": {"uv": [9.75, 0.75, 10, 1.5], "texture": "#1"},
				"east": {"uv": [9.75, 1.5, 10, 2.25], "texture": "#1"},
				"south": {"uv": [9.75, 3.25, 10, 4], "texture": "#1"},
				"west": {"uv": [9.75, 5, 10, 5.75], "texture": "#1"},
				"up": {"uv": [10.25, 2.75, 10, 2.5], "texture": "#1"},
				"down": {"uv": [3, 10, 2.75, 10.25], "texture": "#1"}
			}
		},
		{
			"name": "HEAD",
			"from": [6.95429, 5.79571, 8.25],
			"to": [7.10429, 6.39571, 8.4],
			"rotation": {"angle": -22.5, "axis": "z", "origin": [7.22929, 5.77071, 8.325]},
			"faces": {
				"north": {"uv": [9.75, 5.75, 10, 6.5], "texture": "#1"},
				"east": {"uv": [6, 9.75, 6.25, 10.5], "texture": "#1"},
				"south": {"uv": [6.25, 9.75, 6.5, 10.5], "texture": "#1"},
				"west": {"uv": [6.5, 9.75, 6.75, 10.5], "texture": "#1"},
				"up": {"uv": [10.25, 3, 10, 2.75], "texture": "#1"},
				"down": {"uv": [3.25, 10, 3, 10.25], "texture": "#1"}
			}
		},
		{
			"name": "HEAD",
			"from": [9.25, 4.4, 8.25],
			"to": [9.4, 5.025, 8.4],
			"rotation": {"angle": -45, "axis": "z", "origin": [9.325, 4.775, 8.325]},
			"faces": {
				"north": {"uv": [0.5, 10, 0.75, 10.75], "texture": "#1"},
				"east": {"uv": [0.75, 10, 1, 10.75], "texture": "#1"},
				"south": {"uv": [10, 0.75, 10.25, 1.5], "texture": "#1"},
				"west": {"uv": [1, 10, 1.25, 10.75], "texture": "#1"},
				"up": {"uv": [10.25, 7, 10, 6.75], "texture": "#1"},
				"down": {"uv": [10.25, 7, 10, 7.25], "texture": "#1"}
			}
		},
		{
			"name": "HEAD",
			"from": [9.4, 4.9, 8.25],
			"to": [9.55, 5.425, 8.4],
			"rotation": {"angle": 0, "axis": "z", "origin": [10.075, 1.425, 6.375]},
			"faces": {
				"north": {"uv": [9.75, 9.5, 10, 10.25], "texture": "#1"},
				"east": {"uv": [0, 10, 0.25, 10.75], "texture": "#1"},
				"south": {"uv": [10, 0, 10.25, 0.75], "texture": "#1"},
				"west": {"uv": [0.25, 10, 0.5, 10.75], "texture": "#1"},
				"up": {"uv": [10.25, 6.25, 10, 6], "texture": "#1"},
				"down": {"uv": [10.25, 6.25, 10, 6.5], "texture": "#1"}
			}
		},
		{
			"name": "HEAD",
			"from": [9.425, 5.375, 8.25],
			"to": [9.575, 5.625, 8.4],
			"rotation": {"angle": -22.5, "axis": "z", "origin": [9.55, 5.5, 8.325]},
			"faces": {
				"north": {"uv": [10, 3.75, 10.25, 4], "texture": "#1"},
				"east": {"uv": [10, 4, 10.25, 4.25], "texture": "#1"},
				"south": {"uv": [10, 5, 10.25, 5.25], "texture": "#1"},
				"west": {"uv": [10, 5.25, 10.25, 5.5], "texture": "#1"},
				"up": {"uv": [10.25, 5.75, 10, 5.5], "texture": "#1"},
				"down": {"uv": [10.25, 5.75, 10, 6], "texture": "#1"}
			}
		},
		{
			"name": "HEAD",
			"from": [9.575, 5.525, 8.25],
			"to": [9.725, 6.075, 8.4],
			"rotation": {"angle": -45, "axis": "z", "origin": [9.65, 5.7, 8.325]},
			"faces": {
				"north": {"uv": [7.5, 9.75, 7.75, 10.5], "texture": "#1"},
				"east": {"uv": [9.75, 7.5, 10, 8.25], "texture": "#1"},
				"south": {"uv": [7.75, 9.75, 8, 10.5], "texture": "#1"},
				"west": {"uv": [8, 9.75, 8.25, 10.5], "texture": "#1"},
				"up": {"uv": [3.75, 10.25, 3.5, 10], "texture": "#1"},
				"down": {"uv": [10.25, 3.5, 10, 3.75], "texture": "#1"}
			}
		},
		{
			"name": "HEAD",
			"from": [9.84571, 5.79571, 8.25],
			"to": [9.99571, 6.39571, 8.4],
			"rotation": {"angle": 22.5, "axis": "z", "origin": [9.72071, 5.77071, 8.325]},
			"faces": {
				"north": {"uv": [6.75, 9.75, 7, 10.5], "texture": "#1"},
				"east": {"uv": [9.75, 6.75, 10, 7.5], "texture": "#1"},
				"south": {"uv": [7, 9.75, 7.25, 10.5], "texture": "#1"},
				"west": {"uv": [7.25, 9.75, 7.5, 10.5], "texture": "#1"},
				"up": {"uv": [3.5, 10.25, 3.25, 10], "texture": "#1"},
				"down": {"uv": [10.25, 3.25, 10, 3.5], "texture": "#1"}
			}
		},
		{
			"name": "HEAD",
			"from": [7.65, 2.8, 7.55],
			"to": [9.325, 4.625, 9.05],
			"rotation": {"angle": 0, "axis": "z", "origin": [8.4875, 3.7125, 8.3]},
			"faces": {
				"north": {"uv": [0, 3.5, 2, 5.75], "texture": "#1"},
				"east": {"uv": [2, 3.5, 4, 5.75], "texture": "#1"},
				"south": {"uv": [4, 3.5, 6, 5.75], "texture": "#1"},
				"west": {"uv": [5, 0, 7, 2.25], "texture": "#1"},
				"up": {"uv": [2, 7.75, 0, 5.75], "texture": "#1"},
				"down": {"uv": [4, 5.75, 2, 7.75], "texture": "#1"}
			}
		},
		{
			"from": [1.625, 7.92441, 9.12289],
			"to": [2.875, 15.67441, 10.87289],
			"rotation": {"angle": -45, "axis": "x", "origin": [2.26417, 10.80616, 14.46963]},
			"faces": {
				"north": {"uv": [4.25, 9.25, 4.5, 11.25], "texture": "#1"},
				"east": {"uv": [8.25, 7.5, 8.75, 9.5], "texture": "#1"},
				"south": {"uv": [4.5, 9.25, 4.75, 11.25], "texture": "#1"},
				"west": {"uv": [8.5, 4.75, 9, 6.75], "texture": "#1"},
				"up": {"uv": [8.5, 3.5, 8.25, 3], "texture": "#1"},
				"down": {"uv": [9, 4.25, 8.75, 4.75], "texture": "#1"}
			}
		},
		{
			"from": [13, 2.05178, 5.57843],
			"to": [14.25, 9.80178, 7.32843],
			"rotation": {"angle": 45, "axis": "x", "origin": [13.625, 8.80178, 10.82843]},
			"faces": {
				"north": {"uv": [4.75, 9.25, 5, 11.25], "texture": "#1"},
				"east": {"uv": [8.75, 2.25, 9.25, 4.25], "texture": "#1"},
				"south": {"uv": [5, 9.25, 5.25, 11.25], "texture": "#1"},
				"west": {"uv": [8.75, 6.75, 9.25, 8.75], "texture": "#1"},
				"up": {"uv": [9.5, 4.25, 9.25, 3.75], "texture": "#1"},
				"down": {"uv": [9.75, 3.75, 9.5, 4.25], "texture": "#1"}
			}
		},
		{
			"from": [2.75, -0.375, 5.875],
			"to": [13, 14, 10.125],
			"rotation": {"angle": 0, "axis": "y", "origin": [0, 7.125, -1.375]},
			"faces": {
				"north": {"uv": [0, 0, 2.5, 3.5], "texture": "#1"},
				"east": {"uv": [4, 5.75, 5, 9.25], "texture": "#1"},
				"south": {"uv": [2.5, 0, 5, 3.5], "texture": "#1"},
				"west": {"uv": [5, 5.75, 6, 9.25], "texture": "#1"},
				"up": {"uv": [8.5, 5.75, 6, 4.75], "texture": "#1"},
				"down": {"uv": [8.5, 5.75, 6, 6.75], "texture": "#1"}
			}
		},
		{
			"from": [2.375, 1.125, 5.375],
			"to": [13.5, 4, 10.625],
			"rotation": {"angle": 0, "axis": "y", "origin": [0, 7.125, -1.375]},
			"faces": {
				"north": {"uv": [6, 6.75, 8.75, 7.5], "texture": "#1"},
				"east": {"uv": [8.75, 8.75, 10, 9.5], "texture": "#1"},
				"south": {"uv": [7, 0, 9.75, 0.75], "texture": "#1"},
				"west": {"uv": [9, 4.25, 10.25, 5], "texture": "#1"},
				"up": {"uv": [7.75, 3.5, 5, 2.25], "texture": "#1"},
				"down": {"uv": [8.75, 3.5, 6, 4.75], "texture": "#1"}
			}
		},
		{
			"from": [1.715, 10.06617, 7.08834],
			"to": [2.915, 11.26617, 8.28834],
			"rotation": {"angle": -45, "axis": "x", "origin": [2.26417, 10.80616, 14.46963]},
			"faces": {
				"north": {"uv": [10.25, 8.5, 10, 8.75], "rotation": 180, "texture": "#1"},
				"east": {"uv": [10, 7.5, 10.25, 7.75], "rotation": 270, "texture": "#1"},
				"south": {"uv": [10.25, 8.5, 10, 8.25], "texture": "#1"},
				"west": {"uv": [10, 8, 10.25, 8.25], "rotation": 90, "texture": "#1"},
				"up": {"uv": [10, 7.25, 10.25, 7.5], "rotation": 180, "texture": "#1"},
				"down": {"uv": [10, 7.75, 10.25, 8], "texture": "#1"}
			}
		},
		{
			"from": [2.015, 10.40535, 8.02309],
			"to": [2.495, 10.82535, 14.26309],
			"rotation": {"angle": -45, "axis": "x", "origin": [2.26417, 10.80616, 14.46963]},
			"faces": {
				"north": {"uv": [10, 8.75, 10.25, 9], "texture": "#1"},
				"east": {"uv": [9, 6.5, 10.5, 6.75], "texture": "#1"},
				"south": {"uv": [10, 9, 10.25, 9.25], "texture": "#1"},
				"west": {"uv": [9.25, 3, 10.75, 3.25], "texture": "#1"},
				"up": {"uv": [5.5, 10.75, 5.25, 9.25], "texture": "#1"},
				"down": {"uv": [5.75, 9.25, 5.5, 10.75], "texture": "#1"}
			}
		},
		{
			"from": [1.955, 7.94535, 13.54309],
			"to": [2.555, 13.22535, 14.44309],
			"rotation": {"angle": -45, "axis": "x", "origin": [2.26417, 10.80616, 14.46963]},
			"faces": {
				"north": {"uv": [8.5, 2.25, 8.75, 3.5], "texture": "#1"},
				"east": {"uv": [5.75, 9.25, 6, 10.5], "texture": "#1"},
				"south": {"uv": [9.25, 6.75, 9.5, 8], "texture": "#1"},
				"west": {"uv": [9.5, 0.75, 9.75, 2], "texture": "#1"},
				"up": {"uv": [10.25, 9.5, 10, 9.25], "texture": "#1"},
				"down": {"uv": [10.25, 9.5, 10, 9.75], "texture": "#1"}
			}
		},
		{
			"from": [1.955, 8.84535, 14.44309],
			"to": [2.555, 12.32535, 24.52309],
			"rotation": {"angle": -45, "axis": "x", "origin": [2.26417, 10.80616, 14.46963]},
			"faces": {
				"north": {"uv": [9.25, 8, 9.5, 8.75], "texture": "#1"},
				"east": {"uv": [7, 0.75, 9.5, 1.5], "texture": "#1"},
				"south": {"uv": [9.5, 6.75, 9.75, 7.5], "texture": "#1"},
				"west": {"uv": [7, 1.5, 9.5, 2.25], "texture": "#1"},
				"up": {"uv": [4, 10.25, 3.75, 7.75], "texture": "#1"},
				"down": {"uv": [4.25, 9.25, 4, 11.75], "texture": "#1"}
			}
		},
		{
			"from": [1.955, 16.52125, 20.497],
			"to": [2.555, 18.98125, 22.957],
			"rotation": {"angle": 0, "axis": "x", "origin": [2.26417, 10.80616, 14.46963]},
			"faces": {
				"north": {"uv": [9.5, 8.25, 9.75, 8.75], "texture": "#1"},
				"east": {"uv": [7.75, 3, 8.25, 3.5], "texture": "#1"},
				"south": {"uv": [9.75, 8.25, 10, 8.75], "texture": "#1"},
				"west": {"uv": [9.25, 3.25, 9.75, 3.75], "texture": "#1"},
				"up": {"uv": [1.5, 10.5, 1.25, 10], "texture": "#1"},
				"down": {"uv": [1.75, 10, 1.5, 10.5], "texture": "#1"}
			}
		}
	],
	"display": {
		"head": {
			"rotation": [0, -180, 0],
			"translation": [0, -51, 0],
			"scale": [1.6, 1.6, 1.6]
		}
	}
}