{
	"credit": "Made with Blockbench",
	"texture_size": [64, 64],
	"textures": {
		"1": "custom/devils_eye_texture",
		"2": "custom/devils_eye_string",
		"particle": "custom/devils_eye_string"
	},
	"elements": [
		{
			"name": "EYE",
			"from": [2.5, 0.75, 2],
			"to": [13.875, 12.125, 13.375],
			"faces": {
				"north": {"uv": [0, 0, 2.75, 2.75], "texture": "#1"},
				"east": {"uv": [0, 2.75, 2.75, 5.5], "texture": "#1"},
				"south": {"uv": [2.75, 0, 5.5, 2.75], "texture": "#1"},
				"west": {"uv": [2.75, 2.75, 5.5, 5.5], "texture": "#1"},
				"up": {"uv": [2.75, 8.25, 0, 5.5], "texture": "#1"},
				"down": {"uv": [8.25, 0, 5.5, 2.75], "texture": "#1"}
			}
		},
		{
			"name": "Veins",
			"from": [2.5, 2.5625, 11.9375],
			"to": [2.625, 7.9375, 22.1875],
			"rotation": {"angle": 0, "axis": "x", "origin": [0.0625, 0.5, 16.9375]},
			"faces": {
				"north": {"uv": [0, 7, 0, 16], "rotation": 90, "texture": "#2"},
				"east": {"uv": [0, 6, 16, 16], "rotation": 90, "texture": "#2"},
				"south": {"uv": [0, 8, 2, 16], "rotation": 90, "texture": "#2"},
				"west": {"uv": [0, 6, 16, 16], "rotation": 90, "texture": "#2"},
				"up": {"uv": [15, 9, 16, 16], "rotation": 90, "texture": "#2"},
				"down": {"uv": [0, 10, 0, 16], "rotation": 90, "texture": "#2"}
			}
		},
		{
			"name": "Veins",
			"from": [6.25, 6.5625, 11.9375],
			"to": [6.375, 11.9375, 22.1875],
			"rotation": {"angle": 0, "axis": "x", "origin": [0.0625, 0.5, 16.9375]},
			"faces": {
				"north": {"uv": [0, 7, 0, 16], "rotation": 90, "texture": "#2"},
				"east": {"uv": [0, 6, 16, 16], "rotation": 90, "texture": "#2"},
				"south": {"uv": [0, 8, 2, 16], "rotation": 90, "texture": "#2"},
				"west": {"uv": [0, 6, 16, 16], "rotation": 90, "texture": "#2"},
				"up": {"uv": [15, 9, 16, 16], "rotation": 90, "texture": "#2"},
				"down": {"uv": [0, 10, 0, 16], "rotation": 90, "texture": "#2"}
			}
		},
		{
			"name": "Veins",
			"from": [10, 2.4375, 11.9375],
			"to": [10.125, 7.8125, 22.1875],
			"rotation": {"angle": 0, "axis": "x", "origin": [0.0625, 0.5, 16.9375]},
			"faces": {
				"north": {"uv": [0, 7, 0, 16], "rotation": 90, "texture": "#2"},
				"east": {"uv": [0, 6, 16, 16], "rotation": 90, "texture": "#2"},
				"south": {"uv": [0, 8, 2, 16], "rotation": 90, "texture": "#2"},
				"west": {"uv": [0, 6, 16, 16], "rotation": 90, "texture": "#2"},
				"up": {"uv": [15, 9, 16, 16], "rotation": 90, "texture": "#2"},
				"down": {"uv": [0, 10, 0, 16], "rotation": 90, "texture": "#2"}
			}
		},
		{
			"name": "Veins",
			"from": [6.375, 0.3125, 11.9375],
			"to": [6.5, 5.6875, 22.1875],
			"rotation": {"angle": 0, "axis": "x", "origin": [0.0625, 0.5, 16.9375]},
			"faces": {
				"north": {"uv": [0, 7, 0, 16], "rotation": 90, "texture": "#2"},
				"east": {"uv": [0, 6, 16, 16], "rotation": 90, "texture": "#2"},
				"south": {"uv": [0, 8, 2, 16], "rotation": 90, "texture": "#2"},
				"west": {"uv": [0, 6, 16, 16], "rotation": 90, "texture": "#2"},
				"up": {"uv": [15, 9, 16, 16], "rotation": 90, "texture": "#2"},
				"down": {"uv": [0, 10, 0, 16], "rotation": 90, "texture": "#2"}
			}
		},
		{
			"name": "Veins",
			"from": [11.125, 7.3125, 11.9375],
			"to": [11.25, 12.6875, 22.1875],
			"rotation": {"angle": 0, "axis": "x", "origin": [0.0625, 0.5, 16.9375]},
			"faces": {
				"north": {"uv": [0, 7, 0, 16], "rotation": 90, "texture": "#2"},
				"east": {"uv": [0, 6, 16, 16], "rotation": 90, "texture": "#2"},
				"south": {"uv": [0, 8, 2, 16], "rotation": 90, "texture": "#2"},
				"west": {"uv": [0, 6, 16, 16], "rotation": 90, "texture": "#2"},
				"up": {"uv": [15, 9, 16, 16], "rotation": 90, "texture": "#2"},
				"down": {"uv": [0, 10, 0, 16], "rotation": 90, "texture": "#2"}
			}
		}
	],
	"display": {
		"thirdperson_righthand": {
			"translation": [0, -0.5, 0],
			"scale": [0.75, 0.75, 0.75]
		},
		"thirdperson_lefthand": {
			"translation": [0, -0.5, 0],
			"scale": [0.75, 0.75, 0.75]
		},
		"firstperson_righthand": {
			"translation": [0, -0.5, 0],
			"scale": [0.75, 0.75, 0.75]
		},
		"firstperson_lefthand": {
			"translation": [0, -0.5, 0],
			"scale": [0.75, 0.75, 0.75]
		},
		"gui": {
			"rotation": [33, 146, 0],
			"translation": [-0.75, 0.5, 0],
			"scale": [0.75, 0.75, 0.75]
		},
		"head": {
			"translation": [0, 1.5, 0.25],
			"scale": [3, 3, 3]
		}
	}
}