{
	"credit": "Made with Blockbench",
	"texture_size": [64, 64],
	"textures": {
		"1": "custom/devils_deahman",
		"particle": "custom/devils_deahman"
	},
	"elements": [
		{
			"name": "HEAD",
			"from": [6.551, 14.168, 8.805],
			"to": [7.034, 16.1805, 9.288],
			"rotation": {"angle": 45, "axis": "z", "origin": [6.7925, 15.3755, 9.0465]},
			"faces": {
				"north": {"uv": [9.5, 7.5, 9.75, 8.25], "texture": "#1"},
				"east": {"uv": [8.25, 9.5, 8.5, 10.25], "texture": "#1"},
				"south": {"uv": [8.5, 9.5, 8.75, 10.25], "texture": "#1"},
				"west": {"uv": [8.75, 9.5, 9, 10.25], "texture": "#1"},
				"up": {"uv": [9.75, 2.25, 9.5, 2], "texture": "#1"},
				"down": {"uv": [10, 4, 9.75, 4.25], "texture": "#1"}
			}
		},
		{
			"name": "HEAD",
			"from": [6.068, 15.778, 8.805],
			"to": [6.551, 17.4685, 9.288],
			"rotation": {"angle": 0, "axis": "z", "origin": [4.3775, 4.5885, 2.7675]},
			"faces": {
				"north": {"uv": [9, 9.5, 9.25, 10.25], "texture": "#1"},
				"east": {"uv": [9.25, 9.5, 9.5, 10.25], "texture": "#1"},
				"south": {"uv": [9.5, 9.5, 9.75, 10.25], "texture": "#1"},
				"west": {"uv": [9.75, 0, 10, 0.75], "texture": "#1"},
				"up": {"uv": [10.25, 1.75, 10, 1.5], "texture": "#1"},
				"down": {"uv": [2, 10, 1.75, 10.25], "texture": "#1"}
			}
		},
		{
			"name": "HEAD",
			"from": [5.9875, 17.3075, 8.805],
			"to": [6.4705, 18.1125, 9.288],
			"rotation": {"angle": 22.5, "axis": "z", "origin": [6.068, 17.71, 9.0465]},
			"faces": {
				"north": {"uv": [10, 1.75, 10.25, 2], "texture": "#1"},
				"east": {"uv": [2, 10, 2.25, 10.25], "texture": "#1"},
				"south": {"uv": [10, 2, 10.25, 2.25], "texture": "#1"},
				"west": {"uv": [2.25, 10, 2.5, 10.25], "texture": "#1"},
				"up": {"uv": [10.25, 2.5, 10, 2.25], "texture": "#1"},
				"down": {"uv": [2.75, 10, 2.5, 10.25], "texture": "#1"}
			}
		},
		{
			"name": "HEAD",
			"from": [5.5045, 17.7905, 8.805],
			"to": [5.9875, 19.5615, 9.288],
			"rotation": {"angle": 45, "axis": "z", "origin": [5.746, 18.354, 9.0465]},
			"faces": {
				"north": {"uv": [9.75, 0.75, 10, 1.5], "texture": "#1"},
				"east": {"uv": [9.75, 1.5, 10, 2.25], "texture": "#1"},
				"south": {"uv": [9.75, 3.25, 10, 4], "texture": "#1"},
				"west": {"uv": [9.75, 5, 10, 5.75], "texture": "#1"},
				"up": {"uv": [10.25, 2.75, 10, 2.5], "texture": "#1"},
				"down": {"uv": [3, 10, 2.75, 10.25], "texture": "#1"}
			}
		},
		{
			"name": "HEAD",
			"from": [4.63281, 18.66219, 8.805],
			"to": [5.11581, 20.59419, 9.288],
			"rotation": {"angle": -22.5, "axis": "z", "origin": [5.51831, 18.58169, 9.0465]},
			"faces": {
				"north": {"uv": [9.75, 5.75, 10, 6.5], "texture": "#1"},
				"east": {"uv": [6, 9.75, 6.25, 10.5], "texture": "#1"},
				"south": {"uv": [6.25, 9.75, 6.5, 10.5], "texture": "#1"},
				"west": {"uv": [6.5, 9.75, 6.75, 10.5], "texture": "#1"},
				"up": {"uv": [10.25, 3, 10, 2.75], "texture": "#1"},
				"down": {"uv": [3.25, 10, 3, 10.25], "texture": "#1"}
			}
		},
		{
			"name": "HEAD",
			"from": [12.025, 14.168, 8.805],
			"to": [12.508, 16.1805, 9.288],
			"rotation": {"angle": -45, "axis": "z", "origin": [12.2665, 15.3755, 9.0465]},
			"faces": {
				"north": {"uv": [0.5, 10, 0.75, 10.75], "texture": "#1"},
				"east": {"uv": [0.75, 10, 1, 10.75], "texture": "#1"},
				"south": {"uv": [10, 0.75, 10.25, 1.5], "texture": "#1"},
				"west": {"uv": [1, 10, 1.25, 10.75], "texture": "#1"},
				"up": {"uv": [10.25, 7, 10, 6.75], "texture": "#1"},
				"down": {"uv": [10.25, 7, 10, 7.25], "texture": "#1"}
			}
		},
		{
			"name": "HEAD",
			"from": [12.508, 15.778, 8.805],
			"to": [12.991, 17.4685, 9.288],
			"rotation": {"angle": 0, "axis": "z", "origin": [14.6815, 4.5885, 2.7675]},
			"faces": {
				"north": {"uv": [9.75, 9.5, 10, 10.25], "texture": "#1"},
				"east": {"uv": [0, 10, 0.25, 10.75], "texture": "#1"},
				"south": {"uv": [10, 0, 10.25, 0.75], "texture": "#1"},
				"west": {"uv": [0.25, 10, 0.5, 10.75], "texture": "#1"},
				"up": {"uv": [10.25, 6.25, 10, 6], "texture": "#1"},
				"down": {"uv": [10.25, 6.25, 10, 6.5], "texture": "#1"}
			}
		},
		{
			"name": "HEAD",
			"from": [12.5885, 17.3075, 8.805],
			"to": [13.0715, 18.1125, 9.288],
			"rotation": {"angle": -22.5, "axis": "z", "origin": [12.991, 17.71, 9.0465]},
			"faces": {
				"north": {"uv": [10, 3.75, 10.25, 4], "texture": "#1"},
				"east": {"uv": [10, 4, 10.25, 4.25], "texture": "#1"},
				"south": {"uv": [10, 5, 10.25, 5.25], "texture": "#1"},
				"west": {"uv": [10, 5.25, 10.25, 5.5], "texture": "#1"},
				"up": {"uv": [10.25, 5.75, 10, 5.5], "texture": "#1"},
				"down": {"uv": [10.25, 5.75, 10, 6], "texture": "#1"}
			}
		},
		{
			"name": "HEAD",
			"from": [13.0715, 17.7905, 8.805],
			"to": [13.5545, 19.5615, 9.288],
			"rotation": {"angle": -45, "axis": "z", "origin": [13.313, 18.354, 9.0465]},
			"faces": {
				"north": {"uv": [7.5, 9.75, 7.75, 10.5], "texture": "#1"},
				"east": {"uv": [9.75, 7.5, 10, 8.25], "texture": "#1"},
				"south": {"uv": [7.75, 9.75, 8, 10.5], "texture": "#1"},
				"west": {"uv": [8, 9.75, 8.25, 10.5], "texture": "#1"},
				"up": {"uv": [3.75, 10.25, 3.5, 10], "texture": "#1"},
				"down": {"uv": [10.25, 3.5, 10, 3.75], "texture": "#1"}
			}
		},
		{
			"name": "HEAD",
			"from": [13.94319, 18.66219, 8.805],
			"to": [14.42619, 20.59419, 9.288],
			"rotation": {"angle": 22.5, "axis": "z", "origin": [13.54069, 18.58169, 9.0465]},
			"faces": {
				"north": {"uv": [6.75, 9.75, 7, 10.5], "texture": "#1"},
				"east": {"uv": [9.75, 6.75, 10, 7.5], "texture": "#1"},
				"south": {"uv": [7, 9.75, 7.25, 10.5], "texture": "#1"},
				"west": {"uv": [7.25, 9.75, 7.5, 10.5], "texture": "#1"},
				"up": {"uv": [3.5, 10.25, 3.25, 10], "texture": "#1"},
				"down": {"uv": [10.25, 3.25, 10, 3.5], "texture": "#1"}
			}
		},
		{
			"name": "HEAD",
			"from": [6.873, 9.016, 6.551],
			"to": [12.2665, 14.8925, 11.381],
			"rotation": {"angle": 0, "axis": "z", "origin": [9.56975, 11.95425, 8.966]},
			"faces": {
				"north": {"uv": [0, 3.5, 2, 5.75], "texture": "#1"},
				"east": {"uv": [2, 3.5, 4, 5.75], "texture": "#1"},
				"south": {"uv": [4, 3.5, 6, 5.75], "texture": "#1"},
				"west": {"uv": [5, 0, 7, 2.25], "texture": "#1"},
				"up": {"uv": [2, 7.75, 0, 5.75], "texture": "#1"},
				"down": {"uv": [4, 5.75, 2, 7.75], "texture": "#1"}
			}
		},
		{
			"name": "BODY",
			"from": [9.7125, 10.2375, 7.8375],
			"to": [10.05, 11.0875, 8.1625],
			"rotation": {"angle": 0, "axis": "y", "origin": [8.825, 11.8375, 7.0625]},
			"faces": {
				"north": {"uv": [0.75, 7.75, 1.5, 10], "texture": "#1"},
				"east": {"uv": [1.5, 7.75, 2.25, 10], "texture": "#1"},
				"south": {"uv": [2.25, 7.75, 3, 10], "texture": "#1"},
				"west": {"uv": [3, 7.75, 3.75, 10], "texture": "#1"},
				"up": {"uv": [9.75, 6.5, 9, 5.75], "texture": "#1"},
				"down": {"uv": [10, 2.25, 9.25, 3], "texture": "#1"}
			}
		},
		{
			"name": "BODY",
			"from": [9.125, 10.2375, 7.8375],
			"to": [9.4625, 11.0875, 8.1625],
			"rotation": {"angle": 0, "axis": "y", "origin": [8.825, 11.8375, 7.0625]},
			"faces": {
				"north": {"uv": [6, 7.5, 6.75, 9.75], "texture": "#1"},
				"east": {"uv": [6.75, 7.5, 7.5, 9.75], "texture": "#1"},
				"south": {"uv": [7.5, 7.5, 8.25, 9.75], "texture": "#1"},
				"west": {"uv": [0, 7.75, 0.75, 10], "texture": "#1"},
				"up": {"uv": [8.5, 3, 7.75, 2.25], "texture": "#1"},
				"down": {"uv": [9.75, 5, 9, 5.75], "texture": "#1"}
			}
		},
		{
			"name": "BODY",
			"from": [8.9875, 11.91744, 8.11229],
			"to": [9.1125, 12.69244, 8.28729],
			"rotation": {"angle": -45, "axis": "x", "origin": [9.05142, 12.20562, 8.64696]},
			"faces": {
				"north": {"uv": [4.25, 9.25, 4.5, 11.25], "texture": "#1"},
				"east": {"uv": [8.25, 7.5, 8.75, 9.5], "texture": "#1"},
				"south": {"uv": [4.5, 9.25, 4.75, 11.25], "texture": "#1"},
				"west": {"uv": [8.5, 4.75, 9, 6.75], "texture": "#1"},
				"up": {"uv": [8.5, 3.5, 8.25, 3], "texture": "#1"},
				"down": {"uv": [9, 4.25, 8.75, 4.75], "texture": "#1"}
			}
		},
		{
			"name": "BODY",
			"from": [10.125, 11.33018, 7.75784],
			"to": [10.25, 12.10518, 7.93284],
			"rotation": {"angle": 45, "axis": "x", "origin": [10.1875, 12.00518, 8.28284]},
			"faces": {
				"north": {"uv": [4.75, 9.25, 5, 11.25], "texture": "#1"},
				"east": {"uv": [8.75, 2.25, 9.25, 4.25], "texture": "#1"},
				"south": {"uv": [5, 9.25, 5.25, 11.25], "texture": "#1"},
				"west": {"uv": [8.75, 6.75, 9.25, 8.75], "texture": "#1"},
				"up": {"uv": [9.5, 4.25, 9.25, 3.75], "texture": "#1"},
				"down": {"uv": [9.75, 3.75, 9.5, 4.25], "texture": "#1"}
			}
		},
		{
			"name": "BODY",
			"from": [9.1, 11.0875, 7.7875],
			"to": [10.125, 12.525, 8.2125],
			"rotation": {"angle": 0, "axis": "y", "origin": [8.825, 11.8375, 7.0625]},
			"faces": {
				"north": {"uv": [0, 0, 2.5, 3.5], "texture": "#1"},
				"east": {"uv": [4, 5.75, 5, 9.25], "texture": "#1"},
				"south": {"uv": [2.5, 0, 5, 3.5], "texture": "#1"},
				"west": {"uv": [5, 5.75, 6, 9.25], "texture": "#1"},
				"up": {"uv": [8.5, 5.75, 6, 4.75], "texture": "#1"},
				"down": {"uv": [8.5, 5.75, 6, 6.75], "texture": "#1"}
			}
		},
		{
			"name": "BODY",
			"from": [9.0625, 11.2375, 7.7375],
			"to": [10.175, 11.525, 8.2625],
			"rotation": {"angle": 0, "axis": "y", "origin": [8.825, 11.8375, 7.0625]},
			"faces": {
				"north": {"uv": [6, 6.75, 8.75, 7.5], "texture": "#1"},
				"east": {"uv": [8.75, 8.75, 10, 9.5], "texture": "#1"},
				"south": {"uv": [7, 0, 9.75, 0.75], "texture": "#1"},
				"west": {"uv": [9, 4.25, 10.25, 5], "texture": "#1"},
				"up": {"uv": [7.75, 3.5, 5, 2.25], "texture": "#1"},
				"down": {"uv": [8.75, 3.5, 6, 4.75], "texture": "#1"}
			}
		},
		{
			"name": "BODY",
			"from": [8.9965, 12.13162, 7.90883],
			"to": [9.1165, 12.25162, 8.02883],
			"rotation": {"angle": -45, "axis": "x", "origin": [9.05142, 12.20562, 8.64696]},
			"faces": {
				"north": {"uv": [10.25, 8.5, 10, 8.75], "rotation": 180, "texture": "#1"},
				"east": {"uv": [10, 7.5, 10.25, 7.75], "rotation": 270, "texture": "#1"},
				"south": {"uv": [10.25, 8.5, 10, 8.25], "texture": "#1"},
				"west": {"uv": [10, 8, 10.25, 8.25], "rotation": 90, "texture": "#1"},
				"up": {"uv": [10, 7.25, 10.25, 7.5], "rotation": 180, "texture": "#1"},
				"down": {"uv": [10, 7.75, 10.25, 8], "texture": "#1"}
			}
		},
		{
			"name": "BODY",
			"from": [9.0265, 12.16553, 8.00231],
			"to": [9.0745, 12.20753, 8.62631],
			"rotation": {"angle": -45, "axis": "x", "origin": [9.05142, 12.20562, 8.64696]},
			"faces": {
				"north": {"uv": [10, 8.75, 10.25, 9], "texture": "#1"},
				"east": {"uv": [9, 6.5, 10.5, 6.75], "texture": "#1"},
				"south": {"uv": [10, 9, 10.25, 9.25], "texture": "#1"},
				"west": {"uv": [9.25, 3, 10.75, 3.25], "texture": "#1"},
				"up": {"uv": [5.5, 10.75, 5.25, 9.25], "texture": "#1"},
				"down": {"uv": [5.75, 9.25, 5.5, 10.75], "texture": "#1"}
			}
		},
		{
			"name": "BODY",
			"from": [9.0205, 11.91953, 8.55431],
			"to": [9.0805, 12.44753, 8.64431],
			"rotation": {"angle": -45, "axis": "x", "origin": [9.05142, 12.20562, 8.64696]},
			"faces": {
				"north": {"uv": [8.5, 2.25, 8.75, 3.5], "texture": "#1"},
				"east": {"uv": [5.75, 9.25, 6, 10.5], "texture": "#1"},
				"south": {"uv": [9.25, 6.75, 9.5, 8], "texture": "#1"},
				"west": {"uv": [9.5, 0.75, 9.75, 2], "texture": "#1"},
				"up": {"uv": [10.25, 9.5, 10, 9.25], "texture": "#1"},
				"down": {"uv": [10.25, 9.5, 10, 9.75], "texture": "#1"}
			}
		},
		{
			"name": "BODY",
			"from": [9.0205, 12.00953, 8.64431],
			"to": [9.0805, 12.35753, 9.65231],
			"rotation": {"angle": -45, "axis": "x", "origin": [9.05142, 12.20562, 8.64696]},
			"faces": {
				"north": {"uv": [9.25, 8, 9.5, 8.75], "texture": "#1"},
				"east": {"uv": [7, 0.75, 9.5, 1.5], "texture": "#1"},
				"south": {"uv": [9.5, 6.75, 9.75, 7.5], "texture": "#1"},
				"west": {"uv": [7, 1.5, 9.5, 2.25], "texture": "#1"},
				"up": {"uv": [4, 10.25, 3.75, 7.75], "texture": "#1"},
				"down": {"uv": [4.25, 9.25, 4, 11.75], "texture": "#1"}
			}
		},
		{
			"name": "BODY",
			"from": [9.0205, 12.77712, 9.2497],
			"to": [9.0805, 13.02312, 9.4957],
			"rotation": {"angle": 0, "axis": "x", "origin": [9.05142, 12.20562, 8.64696]},
			"faces": {
				"north": {"uv": [9.5, 8.25, 9.75, 8.75], "texture": "#1"},
				"east": {"uv": [7.75, 3, 8.25, 3.5], "texture": "#1"},
				"south": {"uv": [9.75, 8.25, 10, 8.75], "texture": "#1"},
				"west": {"uv": [9.25, 3.25, 9.75, 3.75], "texture": "#1"},
				"up": {"uv": [1.5, 10.5, 1.25, 10], "texture": "#1"},
				"down": {"uv": [1.75, 10, 1.5, 10.5], "texture": "#1"}
			}
		}
	],
	"display": {
		"head": {
			"rotation": [0, -180, 0],
			"translation": [4.5, -8.75, 2.5],
			"scale": [2.65, 2.33, 2.74]
		}
	}
}