{
	"credit": "Made with Blockbench",
	"texture_size": [128, 128],
	"textures": {
		"0": "custom/fallen_angel",
		"particle": "custom/fallen_angel"
	},
	"elements": [
		{
			"from": [0, -16, 0],
			"to": [16.75, 0.625, 15.875],
			"rotation": {"angle": 0, "axis": "y", "origin": [0, -1.75, 0]},
			"faces": {
				"north": {"uv": [0, 2.125, 2.125, 4.25], "texture": "#0"},
				"east": {"uv": [0, 2.125, 2.125, 4.25], "texture": "#0"},
				"south": {"uv": [0, 2.125, 2.125, 4.25], "texture": "#0"},
				"west": {"uv": [0, 2.125, 2.125, 4.25], "texture": "#0"},
				"up": {"uv": [0, 2.125, 2.125, 4.25], "texture": "#0"},
				"down": {"uv": [0, 2.125, 2.125, 4.25], "texture": "#0"}
			}
		},
		{
			"from": [2.375, 0.5, 1.125],
			"to": [14.125, 18.125, 14],
			"rotation": {"angle": 0, "axis": "y", "origin": [0, -1.75, 0]},
			"faces": {
				"north": {"uv": [5.75, 4, 7.25, 6.25], "texture": "#0"},
				"east": {"uv": [5.75, 4, 7.25, 6.25], "texture": "#0"},
				"south": {"uv": [5.75, 4, 7.25, 6.25], "texture": "#0"},
				"west": {"uv": [5.75, 4, 7.25, 6.25], "texture": "#0"},
				"up": {"uv": [5.75, 4, 7.25, 6.25], "texture": "#0"},
				"down": {"uv": [5.75, 4, 7.25, 6.25], "texture": "#0"}
			}
		},
		{
			"from": [-9, 12.625, 5.875],
			"to": [2.375, 15.375, 9.75],
			"rotation": {"angle": 22.5, "axis": "z", "origin": [-3.3125, 16.875, 7.8125]},
			"faces": {
				"north": {"uv": [8.875, 4.875, 10.25, 5.25], "texture": "#0"},
				"east": {"uv": [8.875, 4.875, 10.25, 5.25], "texture": "#0"},
				"south": {"uv": [8.875, 4.875, 10.25, 5.25], "texture": "#0"},
				"west": {"uv": [8.875, 4.875, 10.25, 5.25], "texture": "#0"},
				"up": {"uv": [8.875, 4.875, 10.25, 5.25], "texture": "#0"},
				"down": {"uv": [8.875, 4.875, 10.25, 5.25], "texture": "#0"}
			}
		},
		{
			"from": [-11.125, 12.625, 5.875],
			"to": [-8.5, 15.375, 26.75],
			"rotation": {"angle": 22.5, "axis": "z", "origin": [-3.3125, 16.875, 7.8125]},
			"faces": {
				"north": {"uv": [9.75, 0.75, 10.125, 1.125], "texture": "#0"},
				"east": {"uv": [9.75, 0.75, 10.125, 1.125], "texture": "#0"},
				"south": {"uv": [9.75, 0.75, 10.125, 1.125], "texture": "#0"},
				"west": {"uv": [9.75, 0.75, 10.125, 1.125], "texture": "#0"},
				"up": {"uv": [9.75, 0.75, 10.125, 1.125], "texture": "#0"},
				"down": {"uv": [9.75, 0.75, 10.125, 1.125], "texture": "#0"}
			}
		},
		{
			"from": [24.5, 12.625, 5.875],
			"to": [27.125, 15.375, 26.75],
			"rotation": {"angle": -22.5, "axis": "z", "origin": [19.3125, 16.875, 7.8125]},
			"faces": {
				"north": {"uv": [9.625, 8.75, 10, 9.125], "texture": "#0"},
				"east": {"uv": [9.625, 8.75, 10, 9.125], "texture": "#0"},
				"south": {"uv": [9.625, 8.75, 10, 9.125], "texture": "#0"},
				"west": {"uv": [9.625, 8.75, 10, 9.125], "texture": "#0"},
				"up": {"uv": [9.625, 8.75, 10, 9.125], "texture": "#0"},
				"down": {"uv": [9.625, 8.75, 10, 9.125], "texture": "#0"}
			}
		},
		{
			"from": [13.625, 12.625, 5.875],
			"to": [25, 15.375, 9.75],
			"rotation": {"angle": -22.5, "axis": "z", "origin": [19.3125, 16.875, 7.8125]},
			"faces": {
				"north": {"uv": [8.875, 4.125, 10.25, 4.5], "texture": "#0"},
				"east": {"uv": [8.875, 4.125, 10.25, 4.5], "texture": "#0"},
				"south": {"uv": [8.875, 4.125, 10.25, 4.5], "texture": "#0"},
				"west": {"uv": [8.875, 4.125, 10.25, 4.5], "texture": "#0"},
				"up": {"uv": [8.875, 4.125, 10.25, 4.5], "texture": "#0"},
				"down": {"uv": [8.875, 4.125, 10.25, 4.5], "texture": "#0"}
			}
		},
		{
			"from": [4.625, 18, 5.75],
			"to": [11.25, 28.75, 14],
			"rotation": {"angle": 0, "axis": "y", "origin": [0, -1.75, 0]},
			"faces": {
				"north": {"uv": [7.25, 7.375, 8.125, 8.75], "texture": "#0"},
				"east": {"uv": [7.25, 7.375, 8.125, 8.75], "texture": "#0"},
				"south": {"uv": [7.25, 7.375, 8.125, 8.75], "texture": "#0"},
				"west": {"uv": [7.25, 7.375, 8.125, 8.75], "texture": "#0"},
				"up": {"uv": [7.25, 7.375, 8.125, 8.75], "texture": "#0"},
				"down": {"uv": [7.25, 7.375, 8.125, 8.75], "texture": "#0"}
			}
		},
		{
			"from": [3, 18, 4.625],
			"to": [4.875, 28.75, 15.25],
			"rotation": {"angle": 0, "axis": "y", "origin": [0, -1.75, 0]},
			"faces": {
				"north": {"uv": [8.125, 1.75, 8.375, 3.125], "texture": "#0"},
				"east": {"uv": [8.125, 1.75, 8.375, 3.125], "texture": "#0"},
				"south": {"uv": [8.125, 1.75, 8.375, 3.125], "texture": "#0"},
				"west": {"uv": [8.125, 1.75, 8.375, 3.125], "texture": "#0"},
				"up": {"uv": [8.125, 1.75, 8.375, 3.125], "texture": "#0"},
				"down": {"uv": [8.125, 1.75, 8.375, 3.125], "texture": "#0"}
			}
		},
		{
			"from": [11.375, 18, 4.625],
			"to": [13.25, 28.75, 15.25],
			"rotation": {"angle": 0, "axis": "y", "origin": [0, -1.75, 0]},
			"faces": {
				"north": {"uv": [2.875, 9, 3.125, 10.375], "texture": "#0"},
				"east": {"uv": [2.875, 9, 3.125, 10.375], "texture": "#0"},
				"south": {"uv": [2.875, 9, 3.125, 10.375], "texture": "#0"},
				"west": {"uv": [2.875, 9, 3.125, 10.375], "texture": "#0"},
				"up": {"uv": [2.875, 9, 3.125, 10.375], "texture": "#0"},
				"down": {"uv": [2.875, 9, 3.125, 10.375], "texture": "#0"}
			}
		},
		{
			"from": [3, 28.75, 4.625],
			"to": [13.25, 29.75, 15.25],
			"rotation": {"angle": 0, "axis": "y", "origin": [0, -1.75, 0]},
			"faces": {
				"north": {"uv": [9.625, 8.25, 10.875, 8.375], "texture": "#0"},
				"east": {"uv": [9.625, 8.25, 10.875, 8.375], "texture": "#0"},
				"south": {"uv": [9.625, 8.25, 10.875, 8.375], "texture": "#0"},
				"west": {"uv": [9.625, 8.25, 10.875, 8.375], "texture": "#0"},
				"up": {"uv": [9.625, 8.25, 10.875, 8.375], "texture": "#0"},
				"down": {"uv": [9.625, 8.25, 10.875, 8.375], "texture": "#0"}
			}
		},
		{
			"from": [12, 28.75, 10.25],
			"to": [13.5, 32, 11.625],
			"rotation": {"angle": 0, "axis": "y", "origin": [0, -1.75, 0]},
			"faces": {
				"north": {"uv": [9.625, 8.25, 10.875, 8.375], "texture": "#0"},
				"east": {"uv": [9.625, 8.25, 10.875, 8.375], "texture": "#0"},
				"south": {"uv": [9.625, 8.25, 10.875, 8.375], "texture": "#0"},
				"west": {"uv": [9.625, 8.25, 10.875, 8.375], "texture": "#0"},
				"up": {"uv": [9.625, 8.25, 10.875, 8.375], "texture": "#0"},
				"down": {"uv": [9.625, 8.25, 10.875, 8.375], "texture": "#0"}
			}
		},
		{
			"from": [2.75, 28.75, 10.25],
			"to": [4.25, 32, 11.625],
			"rotation": {"angle": 0, "axis": "y", "origin": [0, -1.75, 0]},
			"faces": {
				"north": {"uv": [9.625, 8.25, 10.875, 8.375], "texture": "#0"},
				"east": {"uv": [9.625, 8.25, 10.875, 8.375], "texture": "#0"},
				"south": {"uv": [9.625, 8.25, 10.875, 8.375], "texture": "#0"},
				"west": {"uv": [9.625, 8.25, 10.875, 8.375], "texture": "#0"},
				"up": {"uv": [9.625, 8.25, 10.875, 8.375], "texture": "#0"},
				"down": {"uv": [9.625, 8.25, 10.875, 8.375], "texture": "#0"}
			}
		},
		{
			"from": [4.875, 18, 4.625],
			"to": [11.375, 28.75, 5.875],
			"rotation": {"angle": 0, "axis": "y", "origin": [0, -1.75, 0]},
			"faces": {
				"north": {"uv": [3.5, 7.625, 4.375, 9], "texture": "#0"},
				"east": {"uv": [3.5, 7.625, 4.375, 9], "texture": "#0"},
				"south": {"uv": [3.5, 7.625, 4.375, 9], "texture": "#0"},
				"west": {"uv": [3.5, 7.625, 4.375, 9], "texture": "#0"},
				"up": {"uv": [3.5, 7.625, 4.375, 9], "texture": "#0"},
				"down": {"uv": [3.5, 7.625, 4.375, 9], "texture": "#0"}
			}
		},
		{
			"from": [4.625, 15, -2.25],
			"to": [7.125, 16.125, 1.5],
			"rotation": {"angle": -22.5, "axis": "z", "origin": [5.875, 15.5625, -0.375]},
			"faces": {
				"north": {"uv": [10.25, 9.5, 10.625, 9.625], "texture": "#0"},
				"east": {"uv": [10.25, 9.5, 10.625, 9.625], "texture": "#0"},
				"south": {"uv": [10.25, 9.5, 10.625, 9.625], "texture": "#0"},
				"west": {"uv": [10.25, 9.5, 10.625, 9.625], "texture": "#0"},
				"up": {"uv": [10.25, 9.5, 10.625, 9.625], "texture": "#0"},
				"down": {"uv": [10.25, 9.5, 10.625, 9.625], "texture": "#0"}
			}
		},
		{
			"from": [-1.5, 14.375, -2.25],
			"to": [4.75, 15.5, 1.5],
			"rotation": {"angle": -45, "axis": "z", "origin": [5.875, 15.5625, -0.375]},
			"faces": {
				"north": {"uv": [7.75, 3.125, 8.5, 3.25], "texture": "#0"},
				"east": {"uv": [7.75, 3.125, 8.5, 3.25], "texture": "#0"},
				"south": {"uv": [7.75, 3.125, 8.5, 3.25], "texture": "#0"},
				"west": {"uv": [7.75, 3.125, 8.5, 3.25], "texture": "#0"},
				"up": {"uv": [7.75, 3.125, 8.5, 3.25], "texture": "#0"},
				"down": {"uv": [7.75, 3.125, 8.5, 3.25], "texture": "#0"}
			}
		},
		{
			"from": [-5.02817, 20.64429, -2.25],
			"to": [1.22183, 21.64429, 1.5],
			"rotation": {"angle": -22.5, "axis": "z", "origin": [-1.90317, 22.45679, -0.375]},
			"faces": {
				"north": {"uv": [9.75, 1.125, 10.5, 1.25], "texture": "#0"},
				"east": {"uv": [9.75, 1.125, 10.5, 1.25], "texture": "#0"},
				"south": {"uv": [9.75, 1.125, 10.5, 1.25], "texture": "#0"},
				"west": {"uv": [9.75, 1.125, 10.5, 1.25], "texture": "#0"},
				"up": {"uv": [9.75, 1.125, 10.5, 1.25], "texture": "#0"},
				"down": {"uv": [9.75, 1.125, 10.5, 1.25], "texture": "#0"}
			}
		},
		{
			"from": [-11.18921, 21.96314, -2.25],
			"to": [-4.93921, 22.96314, 1.5],
			"rotation": {"angle": 0, "axis": "z", "origin": [-8.06421, 23.58814, -0.375]},
			"faces": {
				"north": {"uv": [9.875, 9.375, 10.625, 9.5], "texture": "#0"},
				"east": {"uv": [9.875, 9.375, 10.625, 9.5], "texture": "#0"},
				"south": {"uv": [9.875, 9.375, 10.625, 9.5], "texture": "#0"},
				"west": {"uv": [9.875, 9.375, 10.625, 9.5], "texture": "#0"},
				"up": {"uv": [9.875, 9.375, 10.625, 9.5], "texture": "#0"},
				"down": {"uv": [9.875, 9.375, 10.625, 9.5], "texture": "#0"}
			}
		},
		{
			"from": [-14.93921, 23.08814, -2.25],
			"to": [-10.68921, 24.08814, 1.5],
			"rotation": {"angle": 22.5, "axis": "z", "origin": [-8.06421, 22.46314, -0.375]},
			"faces": {
				"north": {"uv": [10.25, 4.75, 10.75, 4.875], "texture": "#0"},
				"east": {"uv": [10.25, 4.75, 10.75, 4.875], "texture": "#0"},
				"south": {"uv": [10.25, 4.75, 10.75, 4.875], "texture": "#0"},
				"west": {"uv": [10.25, 4.75, 10.75, 4.875], "texture": "#0"},
				"up": {"uv": [10.25, 4.75, 10.75, 4.875], "texture": "#0"},
				"down": {"uv": [10.25, 4.75, 10.75, 4.875], "texture": "#0"}
			}
		},
		{
			"from": [-13.44468, 3.26993, -2],
			"to": [-12.94468, 21.26993, 1.125],
			"rotation": {"angle": 0, "axis": "z", "origin": [-9.94468, 12.95743, -0.375]},
			"faces": {
				"north": {"uv": [1.875, 8.875, 2, 11.125], "texture": "#0"},
				"east": {"uv": [1.875, 8.875, 2, 11.125], "texture": "#0"},
				"south": {"uv": [1.875, 8.875, 2, 11.125], "texture": "#0"},
				"west": {"uv": [1.875, 8.875, 2, 11.125], "texture": "#0"},
				"up": {"uv": [1.875, 8.875, 2, 11.125], "texture": "#0"},
				"down": {"uv": [1.875, 8.875, 2, 11.125], "texture": "#0"}
			}
		},
		{
			"from": [-7.94468, 4.26993, -2],
			"to": [-7.44468, 22.26993, 1.125],
			"rotation": {"angle": 0, "axis": "z", "origin": [-9.94468, 12.95743, -0.375]},
			"faces": {
				"north": {"uv": [3.75, 9, 3.875, 11.25], "texture": "#0"},
				"east": {"uv": [3.75, 9, 3.875, 11.25], "texture": "#0"},
				"south": {"uv": [3.75, 9, 3.875, 11.25], "texture": "#0"},
				"west": {"uv": [3.75, 9, 3.875, 11.25], "texture": "#0"},
				"up": {"uv": [3.75, 9, 3.875, 11.25], "texture": "#0"},
				"down": {"uv": [3.75, 9, 3.875, 11.25], "texture": "#0"}
			}
		},
		{
			"from": [-3.06968, 2.76993, -2],
			"to": [-2.56968, 20.76993, 1.125],
			"rotation": {"angle": 0, "axis": "z", "origin": [-9.94468, 12.95743, -0.375]},
			"faces": {
				"north": {"uv": [4, 9, 4.125, 11.25], "texture": "#0"},
				"east": {"uv": [4, 9, 4.125, 11.25], "texture": "#0"},
				"south": {"uv": [4, 9, 4.125, 11.25], "texture": "#0"},
				"west": {"uv": [4, 9, 4.125, 11.25], "texture": "#0"},
				"up": {"uv": [4, 9, 4.125, 11.25], "texture": "#0"},
				"down": {"uv": [4, 9, 4.125, 11.25], "texture": "#0"}
			}
		},
		{
			"from": [5.30532, -2.85507, -2],
			"to": [5.80532, 15.14493, 1.125],
			"rotation": {"angle": 0, "axis": "z", "origin": [-9.94468, 12.95743, -0.375]},
			"faces": {
				"north": {"uv": [4.25, 9, 4.375, 11.25], "texture": "#0"},
				"east": {"uv": [4.25, 9, 4.375, 11.25], "texture": "#0"},
				"south": {"uv": [4.25, 9, 4.375, 11.25], "texture": "#0"},
				"west": {"uv": [4.25, 9, 4.375, 11.25], "texture": "#0"},
				"up": {"uv": [4.25, 9, 4.375, 11.25], "texture": "#0"},
				"down": {"uv": [4.25, 9, 4.375, 11.25], "texture": "#0"}
			}
		},
		{
			"from": [3.55532, 1.26993, -2],
			"to": [4.43032, 3.64493, 1.125],
			"rotation": {"angle": 0, "axis": "z", "origin": [-9.94468, 12.95743, -0.375]},
			"faces": {
				"north": {"uv": [1.75, 9.875, 1.875, 10.125], "texture": "#0"},
				"east": {"uv": [1.75, 9.875, 1.875, 10.125], "texture": "#0"},
				"south": {"uv": [1.75, 9.875, 1.875, 10.125], "texture": "#0"},
				"west": {"uv": [1.75, 9.875, 1.875, 10.125], "texture": "#0"},
				"up": {"uv": [1.75, 9.875, 1.875, 10.125], "texture": "#0"},
				"down": {"uv": [1.75, 9.875, 1.875, 10.125], "texture": "#0"}
			}
		},
		{
			"from": [4.05532, 0.39493, -2],
			"to": [5.55532, 1.51993, 1.125],
			"rotation": {"angle": 0, "axis": "z", "origin": [-9.94468, 12.95743, -0.375]},
			"faces": {
				"north": {"uv": [3.125, 10.875, 3.375, 11], "texture": "#0"},
				"east": {"uv": [3.125, 10.875, 3.375, 11], "texture": "#0"},
				"south": {"uv": [3.125, 10.875, 3.375, 11], "texture": "#0"},
				"west": {"uv": [3.125, 10.875, 3.375, 11], "texture": "#0"},
				"up": {"uv": [3.125, 10.875, 3.375, 11], "texture": "#0"},
				"down": {"uv": [3.125, 10.875, 3.375, 11], "texture": "#0"}
			}
		},
		{
			"from": [2.30532, 3.51993, -2],
			"to": [4.05532, 4.26993, 1.125],
			"rotation": {"angle": 0, "axis": "z", "origin": [-9.94468, 12.95743, -0.375]},
			"faces": {
				"north": {"uv": [10.875, 2.25, 11.125, 2.375], "texture": "#0"},
				"east": {"uv": [10.875, 2.25, 11.125, 2.375], "texture": "#0"},
				"south": {"uv": [10.875, 2.25, 11.125, 2.375], "texture": "#0"},
				"west": {"uv": [10.875, 2.25, 11.125, 2.375], "texture": "#0"},
				"up": {"uv": [10.875, 2.25, 11.125, 2.375], "texture": "#0"},
				"down": {"uv": [10.875, 2.25, 11.125, 2.375], "texture": "#0"}
			}
		},
		{
			"from": [1.05532, 4.01993, -2],
			"to": [2.80532, 4.76993, 1.125],
			"rotation": {"angle": 0, "axis": "z", "origin": [-9.94468, 12.95743, -0.375]},
			"faces": {
				"north": {"uv": [10.875, 2.5, 11.125, 2.625], "texture": "#0"},
				"east": {"uv": [10.875, 2.5, 11.125, 2.625], "texture": "#0"},
				"south": {"uv": [10.875, 2.5, 11.125, 2.625], "texture": "#0"},
				"west": {"uv": [10.875, 2.5, 11.125, 2.625], "texture": "#0"},
				"up": {"uv": [10.875, 2.5, 11.125, 2.625], "texture": "#0"},
				"down": {"uv": [10.875, 2.5, 11.125, 2.625], "texture": "#0"}
			}
		},
		{
			"from": [-0.44468, 4.26993, -2],
			"to": [1.30532, 5.01993, 1.125],
			"rotation": {"angle": 0, "axis": "z", "origin": [-9.94468, 12.95743, -0.375]},
			"faces": {
				"north": {"uv": [10.875, 2.625, 11.125, 2.75], "texture": "#0"},
				"east": {"uv": [10.875, 2.625, 11.125, 2.75], "texture": "#0"},
				"south": {"uv": [10.875, 2.625, 11.125, 2.75], "texture": "#0"},
				"west": {"uv": [10.875, 2.625, 11.125, 2.75], "texture": "#0"},
				"up": {"uv": [10.875, 2.625, 11.125, 2.75], "texture": "#0"},
				"down": {"uv": [10.875, 2.625, 11.125, 2.75], "texture": "#0"}
			}
		},
		{
			"from": [-1.19468, 2.76993, -2],
			"to": [0.55532, 4.39493, 1.125],
			"rotation": {"angle": 0, "axis": "z", "origin": [-9.94468, 12.95743, -0.375]},
			"faces": {
				"north": {"uv": [10.25, 5.5, 10.5, 5.75], "texture": "#0"},
				"east": {"uv": [10.25, 5.5, 10.5, 5.75], "texture": "#0"},
				"south": {"uv": [10.25, 5.5, 10.5, 5.75], "texture": "#0"},
				"west": {"uv": [10.25, 5.5, 10.5, 5.75], "texture": "#0"},
				"up": {"uv": [10.25, 5.5, 10.5, 5.75], "texture": "#0"},
				"down": {"uv": [10.25, 5.5, 10.5, 5.75], "texture": "#0"}
			}
		},
		{
			"from": [-2.81968, 2.14493, -2],
			"to": [-0.69468, 3.39493, 1.125],
			"rotation": {"angle": 0, "axis": "z", "origin": [-9.94468, 12.95743, -0.375]},
			"faces": {
				"north": {"uv": [10.875, 2.875, 11.125, 3], "texture": "#0"},
				"east": {"uv": [10.875, 2.875, 11.125, 3], "texture": "#0"},
				"south": {"uv": [10.875, 2.875, 11.125, 3], "texture": "#0"},
				"west": {"uv": [10.875, 2.875, 11.125, 3], "texture": "#0"},
				"up": {"uv": [10.875, 2.875, 11.125, 3], "texture": "#0"},
				"down": {"uv": [10.875, 2.875, 11.125, 3], "texture": "#0"}
			}
		},
		{
			"from": [-3.44468, 2.89493, -2],
			"to": [-2.81968, 4.14493, 1.125],
			"rotation": {"angle": 0, "axis": "z", "origin": [-9.94468, 12.95743, -0.375]},
			"faces": {
				"north": {"uv": [7, 3.625, 7.125, 3.75], "texture": "#0"},
				"east": {"uv": [7, 3.625, 7.125, 3.75], "texture": "#0"},
				"south": {"uv": [7, 3.625, 7.125, 3.75], "texture": "#0"},
				"west": {"uv": [7, 3.625, 7.125, 3.75], "texture": "#0"},
				"up": {"uv": [7, 3.625, 7.125, 3.75], "texture": "#0"},
				"down": {"uv": [7, 3.625, 7.125, 3.75], "texture": "#0"}
			}
		},
		{
			"from": [-4.06968, 4.01993, -2],
			"to": [-3.44468, 5.26993, 1.125],
			"rotation": {"angle": 0, "axis": "z", "origin": [-9.94468, 12.95743, -0.375]},
			"faces": {
				"north": {"uv": [9.75, 10, 9.875, 10.125], "texture": "#0"},
				"east": {"uv": [9.75, 10, 9.875, 10.125], "texture": "#0"},
				"south": {"uv": [9.75, 10, 9.875, 10.125], "texture": "#0"},
				"west": {"uv": [9.75, 10, 9.875, 10.125], "texture": "#0"},
				"up": {"uv": [9.75, 10, 9.875, 10.125], "texture": "#0"},
				"down": {"uv": [9.75, 10, 9.875, 10.125], "texture": "#0"}
			}
		},
		{
			"from": [-5.06968, 5.01993, -2],
			"to": [-4.06968, 6.26993, 1.125],
			"rotation": {"angle": 0, "axis": "z", "origin": [-9.94468, 12.95743, -0.375]},
			"faces": {
				"north": {"uv": [10.875, 4.75, 11, 4.875], "texture": "#0"},
				"east": {"uv": [10.875, 4.75, 11, 4.875], "texture": "#0"},
				"south": {"uv": [10.875, 4.75, 11, 4.875], "texture": "#0"},
				"west": {"uv": [10.875, 4.75, 11, 4.875], "texture": "#0"},
				"up": {"uv": [10.875, 4.75, 11, 4.875], "texture": "#0"},
				"down": {"uv": [10.875, 4.75, 11, 4.875], "texture": "#0"}
			}
		},
		{
			"from": [-5.69468, 5.89493, -2],
			"to": [-4.69468, 7.14493, 1.125],
			"rotation": {"angle": 0, "axis": "z", "origin": [-9.94468, 12.95743, -0.375]},
			"faces": {
				"north": {"uv": [10.875, 5, 11, 5.125], "texture": "#0"},
				"east": {"uv": [10.875, 5, 11, 5.125], "texture": "#0"},
				"south": {"uv": [10.875, 5, 11, 5.125], "texture": "#0"},
				"west": {"uv": [10.875, 5, 11, 5.125], "texture": "#0"},
				"up": {"uv": [10.875, 5, 11, 5.125], "texture": "#0"},
				"down": {"uv": [10.875, 5, 11, 5.125], "texture": "#0"}
			}
		},
		{
			"from": [-6.19468, 4.76993, -2],
			"to": [-5.44468, 6.01993, 1.125],
			"rotation": {"angle": 0, "axis": "z", "origin": [-9.94468, 12.95743, -0.375]},
			"faces": {
				"north": {"uv": [10.875, 5.125, 11, 5.25], "texture": "#0"},
				"east": {"uv": [10.875, 5.125, 11, 5.25], "texture": "#0"},
				"south": {"uv": [10.875, 5.125, 11, 5.25], "texture": "#0"},
				"west": {"uv": [10.875, 5.125, 11, 5.25], "texture": "#0"},
				"up": {"uv": [10.875, 5.125, 11, 5.25], "texture": "#0"},
				"down": {"uv": [10.875, 5.125, 11, 5.25], "texture": "#0"}
			}
		},
		{
			"from": [-6.94468, 4.64493, -2],
			"to": [-6.19468, 5.51993, 1.125],
			"rotation": {"angle": 0, "axis": "z", "origin": [-9.94468, 12.95743, -0.375]},
			"faces": {
				"north": {"uv": [5.375, 10.875, 5.5, 11], "texture": "#0"},
				"east": {"uv": [5.375, 10.875, 5.5, 11], "texture": "#0"},
				"south": {"uv": [5.375, 10.875, 5.5, 11], "texture": "#0"},
				"west": {"uv": [5.375, 10.875, 5.5, 11], "texture": "#0"},
				"up": {"uv": [5.375, 10.875, 5.5, 11], "texture": "#0"},
				"down": {"uv": [5.375, 10.875, 5.5, 11], "texture": "#0"}
			}
		},
		{
			"from": [-7.69468, 4.14493, -2],
			"to": [-6.94468, 5.01993, 1.125],
			"rotation": {"angle": 0, "axis": "z", "origin": [-9.94468, 12.95743, -0.375]},
			"faces": {
				"north": {"uv": [10.875, 5.625, 11, 5.75], "texture": "#0"},
				"east": {"uv": [10.875, 5.625, 11, 5.75], "texture": "#0"},
				"south": {"uv": [10.875, 5.625, 11, 5.75], "texture": "#0"},
				"west": {"uv": [10.875, 5.625, 11, 5.75], "texture": "#0"},
				"up": {"uv": [10.875, 5.625, 11, 5.75], "texture": "#0"},
				"down": {"uv": [10.875, 5.625, 11, 5.75], "texture": "#0"}
			}
		},
		{
			"from": [-8.69468, 4.26993, -2],
			"to": [-7.94468, 5.01993, 1.125],
			"rotation": {"angle": 0, "axis": "z", "origin": [-9.94468, 12.95743, -0.375]},
			"faces": {
				"north": {"uv": [5.875, 10.875, 6, 11], "texture": "#0"},
				"east": {"uv": [5.875, 10.875, 6, 11], "texture": "#0"},
				"south": {"uv": [5.875, 10.875, 6, 11], "texture": "#0"},
				"west": {"uv": [5.875, 10.875, 6, 11], "texture": "#0"},
				"up": {"uv": [5.875, 10.875, 6, 11], "texture": "#0"},
				"down": {"uv": [5.875, 10.875, 6, 11], "texture": "#0"}
			}
		},
		{
			"from": [-9.31968, 4.76993, -2],
			"to": [-8.56968, 5.51993, 1.125],
			"rotation": {"angle": 0, "axis": "z", "origin": [-9.94468, 12.95743, -0.375]},
			"faces": {
				"north": {"uv": [6, 10.875, 6.125, 11], "texture": "#0"},
				"east": {"uv": [6, 10.875, 6.125, 11], "texture": "#0"},
				"south": {"uv": [6, 10.875, 6.125, 11], "texture": "#0"},
				"west": {"uv": [6, 10.875, 6.125, 11], "texture": "#0"},
				"up": {"uv": [6, 10.875, 6.125, 11], "texture": "#0"},
				"down": {"uv": [6, 10.875, 6.125, 11], "texture": "#0"}
			}
		},
		{
			"from": [-10.06968, 5.26993, -2],
			"to": [-9.31968, 6.01993, 1.125],
			"rotation": {"angle": 0, "axis": "z", "origin": [-9.94468, 12.95743, -0.375]},
			"faces": {
				"north": {"uv": [6.125, 10.875, 6.25, 11], "texture": "#0"},
				"east": {"uv": [6.125, 10.875, 6.25, 11], "texture": "#0"},
				"south": {"uv": [6.125, 10.875, 6.25, 11], "texture": "#0"},
				"west": {"uv": [6.125, 10.875, 6.25, 11], "texture": "#0"},
				"up": {"uv": [6.125, 10.875, 6.25, 11], "texture": "#0"},
				"down": {"uv": [6.125, 10.875, 6.25, 11], "texture": "#0"}
			}
		},
		{
			"from": [-10.81968, 5.01993, -2],
			"to": [-10.06968, 5.76993, 1.125],
			"rotation": {"angle": 0, "axis": "z", "origin": [-9.94468, 12.95743, -0.375]},
			"faces": {
				"north": {"uv": [10.875, 6.25, 11, 6.375], "texture": "#0"},
				"east": {"uv": [10.875, 6.25, 11, 6.375], "texture": "#0"},
				"south": {"uv": [10.875, 6.25, 11, 6.375], "texture": "#0"},
				"west": {"uv": [10.875, 6.25, 11, 6.375], "texture": "#0"},
				"up": {"uv": [10.875, 6.25, 11, 6.375], "texture": "#0"},
				"down": {"uv": [10.875, 6.25, 11, 6.375], "texture": "#0"}
			}
		},
		{
			"from": [-11.56968, 4.64493, -2],
			"to": [-10.81968, 5.39493, 1.125],
			"rotation": {"angle": 0, "axis": "z", "origin": [-9.94468, 12.95743, -0.375]},
			"faces": {
				"north": {"uv": [10.875, 6.375, 11, 6.5], "texture": "#0"},
				"east": {"uv": [10.875, 6.375, 11, 6.5], "texture": "#0"},
				"south": {"uv": [10.875, 6.375, 11, 6.5], "texture": "#0"},
				"west": {"uv": [10.875, 6.375, 11, 6.5], "texture": "#0"},
				"up": {"uv": [10.875, 6.375, 11, 6.5], "texture": "#0"},
				"down": {"uv": [10.875, 6.375, 11, 6.5], "texture": "#0"}
			}
		},
		{
			"from": [-12.06968, 4.14493, -2],
			"to": [-11.31968, 4.89493, 1.125],
			"rotation": {"angle": 0, "axis": "z", "origin": [-9.94468, 12.95743, -0.375]},
			"faces": {
				"north": {"uv": [6.625, 10.875, 6.75, 11], "texture": "#0"},
				"east": {"uv": [6.625, 10.875, 6.75, 11], "texture": "#0"},
				"south": {"uv": [6.625, 10.875, 6.75, 11], "texture": "#0"},
				"west": {"uv": [6.625, 10.875, 6.75, 11], "texture": "#0"},
				"up": {"uv": [6.625, 10.875, 6.75, 11], "texture": "#0"},
				"down": {"uv": [6.625, 10.875, 6.75, 11], "texture": "#0"}
			}
		},
		{
			"from": [-12.56968, 3.89493, -2],
			"to": [-11.81968, 4.64493, 1.125],
			"rotation": {"angle": 0, "axis": "z", "origin": [-9.94468, 12.95743, -0.375]},
			"faces": {
				"north": {"uv": [10.875, 6.875, 11, 7], "texture": "#0"},
				"east": {"uv": [10.875, 6.875, 11, 7], "texture": "#0"},
				"south": {"uv": [10.875, 6.875, 11, 7], "texture": "#0"},
				"west": {"uv": [10.875, 6.875, 11, 7], "texture": "#0"},
				"up": {"uv": [10.875, 6.875, 11, 7], "texture": "#0"},
				"down": {"uv": [10.875, 6.875, 11, 7], "texture": "#0"}
			}
		},
		{
			"from": [-13.19468, 3.26993, -2],
			"to": [-12.44468, 4.01993, 1.125],
			"rotation": {"angle": 0, "axis": "z", "origin": [-9.94468, 12.95743, -0.375]},
			"faces": {
				"north": {"uv": [10.875, 7.375, 11, 7.5], "texture": "#0"},
				"east": {"uv": [10.875, 7.375, 11, 7.5], "texture": "#0"},
				"south": {"uv": [10.875, 7.375, 11, 7.5], "texture": "#0"},
				"west": {"uv": [10.875, 7.375, 11, 7.5], "texture": "#0"},
				"up": {"uv": [10.875, 7.375, 11, 7.5], "texture": "#0"},
				"down": {"uv": [10.875, 7.375, 11, 7.5], "texture": "#0"}
			}
		},
		{
			"from": [26.68921, 23.08814, -2.25],
			"to": [30.93921, 24.08814, 1.5],
			"rotation": {"angle": -22.5, "axis": "z", "origin": [24.06421, 22.46314, -0.375]},
			"faces": {
				"north": {"uv": [10.25, 8.875, 10.75, 9], "texture": "#0"},
				"east": {"uv": [10.25, 8.875, 10.75, 9], "texture": "#0"},
				"south": {"uv": [10.25, 8.875, 10.75, 9], "texture": "#0"},
				"west": {"uv": [10.25, 8.875, 10.75, 9], "texture": "#0"},
				"up": {"uv": [10.25, 8.875, 10.75, 9], "texture": "#0"},
				"down": {"uv": [10.25, 8.875, 10.75, 9], "texture": "#0"}
			}
		},
		{
			"from": [28.44468, 3.26993, -2],
			"to": [29.19468, 4.01993, 1.125],
			"rotation": {"angle": 0, "axis": "z", "origin": [25.94468, 12.95743, -0.375]},
			"faces": {
				"north": {"uv": [0, 11, 0.125, 11.125], "texture": "#0"},
				"east": {"uv": [0, 11, 0.125, 11.125], "texture": "#0"},
				"south": {"uv": [0, 11, 0.125, 11.125], "texture": "#0"},
				"west": {"uv": [0, 11, 0.125, 11.125], "texture": "#0"},
				"up": {"uv": [0, 11, 0.125, 11.125], "texture": "#0"},
				"down": {"uv": [0, 11, 0.125, 11.125], "texture": "#0"}
			}
		},
		{
			"from": [27.81968, 3.89493, -2],
			"to": [28.56968, 4.64493, 1.125],
			"rotation": {"angle": 0, "axis": "z", "origin": [25.94468, 12.95743, -0.375]},
			"faces": {
				"north": {"uv": [10.875, 10.75, 11, 10.875], "texture": "#0"},
				"east": {"uv": [10.875, 10.75, 11, 10.875], "texture": "#0"},
				"south": {"uv": [10.875, 10.75, 11, 10.875], "texture": "#0"},
				"west": {"uv": [10.875, 10.75, 11, 10.875], "texture": "#0"},
				"up": {"uv": [10.875, 10.75, 11, 10.875], "texture": "#0"},
				"down": {"uv": [10.875, 10.75, 11, 10.875], "texture": "#0"}
			}
		},
		{
			"from": [28.94468, 3.26993, -2],
			"to": [29.44468, 21.26993, 1.125],
			"rotation": {"angle": 0, "axis": "z", "origin": [25.94468, 12.95743, -0.375]},
			"faces": {
				"north": {"uv": [1.25, 9.375, 1.375, 11.625], "texture": "#0"},
				"east": {"uv": [1.25, 9.375, 1.375, 11.625], "texture": "#0"},
				"south": {"uv": [1.25, 9.375, 1.375, 11.625], "texture": "#0"},
				"west": {"uv": [1.25, 9.375, 1.375, 11.625], "texture": "#0"},
				"up": {"uv": [1.25, 9.375, 1.375, 11.625], "texture": "#0"},
				"down": {"uv": [1.25, 9.375, 1.375, 11.625], "texture": "#0"}
			}
		},
		{
			"from": [26.81968, 4.64493, -2],
			"to": [27.56968, 5.39493, 1.125],
			"rotation": {"angle": 0, "axis": "z", "origin": [25.94468, 12.95743, -0.375]},
			"faces": {
				"north": {"uv": [10.875, 10.625, 11, 10.75], "texture": "#0"},
				"east": {"uv": [10.875, 10.625, 11, 10.75], "texture": "#0"},
				"south": {"uv": [10.875, 10.625, 11, 10.75], "texture": "#0"},
				"west": {"uv": [10.875, 10.625, 11, 10.75], "texture": "#0"},
				"up": {"uv": [10.875, 10.625, 11, 10.75], "texture": "#0"},
				"down": {"uv": [10.875, 10.625, 11, 10.75], "texture": "#0"}
			}
		},
		{
			"from": [27.31968, 4.14493, -2],
			"to": [28.06968, 4.89493, 1.125],
			"rotation": {"angle": 0, "axis": "z", "origin": [25.94468, 12.95743, -0.375]},
			"faces": {
				"north": {"uv": [10.875, 10.5, 11, 10.625], "texture": "#0"},
				"east": {"uv": [10.875, 10.5, 11, 10.625], "texture": "#0"},
				"south": {"uv": [10.875, 10.5, 11, 10.625], "texture": "#0"},
				"west": {"uv": [10.875, 10.5, 11, 10.625], "texture": "#0"},
				"up": {"uv": [10.875, 10.5, 11, 10.625], "texture": "#0"},
				"down": {"uv": [10.875, 10.5, 11, 10.625], "texture": "#0"}
			}
		},
		{
			"from": [25.31968, 5.26993, -2],
			"to": [26.06968, 6.01993, 1.125],
			"rotation": {"angle": 0, "axis": "z", "origin": [25.94468, 12.95743, -0.375]},
			"faces": {
				"north": {"uv": [10.875, 10.375, 11, 10.5], "texture": "#0"},
				"east": {"uv": [10.875, 10.375, 11, 10.5], "texture": "#0"},
				"south": {"uv": [10.875, 10.375, 11, 10.5], "texture": "#0"},
				"west": {"uv": [10.875, 10.375, 11, 10.5], "texture": "#0"},
				"up": {"uv": [10.875, 10.375, 11, 10.5], "texture": "#0"},
				"down": {"uv": [10.875, 10.375, 11, 10.5], "texture": "#0"}
			}
		},
		{
			"from": [24.56968, 4.76993, -2],
			"to": [25.31968, 5.51993, 1.125],
			"rotation": {"angle": 0, "axis": "z", "origin": [25.94468, 12.95743, -0.375]},
			"faces": {
				"north": {"uv": [10.25, 10.875, 10.375, 11], "texture": "#0"},
				"east": {"uv": [10.25, 10.875, 10.375, 11], "texture": "#0"},
				"south": {"uv": [10.25, 10.875, 10.375, 11], "texture": "#0"},
				"west": {"uv": [10.25, 10.875, 10.375, 11], "texture": "#0"},
				"up": {"uv": [10.25, 10.875, 10.375, 11], "texture": "#0"},
				"down": {"uv": [10.25, 10.875, 10.375, 11], "texture": "#0"}
			}
		},
		{
			"from": [23.94468, 4.26993, -2],
			"to": [24.69468, 5.01993, 1.125],
			"rotation": {"angle": 0, "axis": "z", "origin": [25.94468, 12.95743, -0.375]},
			"faces": {
				"north": {"uv": [10, 10.875, 10.125, 11], "texture": "#0"},
				"east": {"uv": [10, 10.875, 10.125, 11], "texture": "#0"},
				"south": {"uv": [10, 10.875, 10.125, 11], "texture": "#0"},
				"west": {"uv": [10, 10.875, 10.125, 11], "texture": "#0"},
				"up": {"uv": [10, 10.875, 10.125, 11], "texture": "#0"},
				"down": {"uv": [10, 10.875, 10.125, 11], "texture": "#0"}
			}
		},
		{
			"from": [26.06968, 5.01993, -2],
			"to": [26.81968, 5.76993, 1.125],
			"rotation": {"angle": 0, "axis": "z", "origin": [25.94468, 12.95743, -0.375]},
			"faces": {
				"north": {"uv": [9.75, 10.875, 9.875, 11], "texture": "#0"},
				"east": {"uv": [9.75, 10.875, 9.875, 11], "texture": "#0"},
				"south": {"uv": [9.75, 10.875, 9.875, 11], "texture": "#0"},
				"west": {"uv": [9.75, 10.875, 9.875, 11], "texture": "#0"},
				"up": {"uv": [9.75, 10.875, 9.875, 11], "texture": "#0"},
				"down": {"uv": [9.75, 10.875, 9.875, 11], "texture": "#0"}
			}
		},
		{
			"from": [23.44468, 4.26993, -2],
			"to": [23.94468, 22.26993, 1.125],
			"rotation": {"angle": 0, "axis": "z", "origin": [25.94468, 12.95743, -0.375]},
			"faces": {
				"north": {"uv": [9.25, 9.25, 9.375, 11.5], "texture": "#0"},
				"east": {"uv": [9.25, 9.25, 9.375, 11.5], "texture": "#0"},
				"south": {"uv": [9.25, 9.25, 9.375, 11.5], "texture": "#0"},
				"west": {"uv": [9.25, 9.25, 9.375, 11.5], "texture": "#0"},
				"up": {"uv": [9.25, 9.25, 9.375, 11.5], "texture": "#0"},
				"down": {"uv": [9.25, 9.25, 9.375, 11.5], "texture": "#0"}
			}
		},
		{
			"from": [22.94468, 4.14493, -2],
			"to": [23.69468, 5.01993, 1.125],
			"rotation": {"angle": 0, "axis": "z", "origin": [25.94468, 12.95743, -0.375]},
			"faces": {
				"north": {"uv": [10.875, 8.875, 11, 9], "texture": "#0"},
				"east": {"uv": [10.875, 8.875, 11, 9], "texture": "#0"},
				"south": {"uv": [10.875, 8.875, 11, 9], "texture": "#0"},
				"west": {"uv": [10.875, 8.875, 11, 9], "texture": "#0"},
				"up": {"uv": [10.875, 8.875, 11, 9], "texture": "#0"},
				"down": {"uv": [10.875, 8.875, 11, 9], "texture": "#0"}
			}
		},
		{
			"from": [20.69468, 5.89493, -1.625],
			"to": [21.69468, 7.14493, 1.125],
			"rotation": {"angle": 0, "axis": "z", "origin": [25.94468, 12.95743, -0.375]},
			"faces": {
				"north": {"uv": [10.875, 8.5, 11, 8.625], "texture": "#0"},
				"east": {"uv": [10.875, 8.5, 11, 8.625], "texture": "#0"},
				"south": {"uv": [10.875, 8.5, 11, 8.625], "texture": "#0"},
				"west": {"uv": [10.875, 8.5, 11, 8.625], "texture": "#0"},
				"up": {"uv": [10.875, 8.5, 11, 8.625], "texture": "#0"},
				"down": {"uv": [10.875, 8.5, 11, 8.625], "texture": "#0"}
			}
		},
		{
			"from": [21.44468, 4.76993, -2],
			"to": [22.19468, 6.01993, 1.125],
			"rotation": {"angle": 0, "axis": "z", "origin": [25.94468, 12.95743, -0.375]},
			"faces": {
				"north": {"uv": [8.375, 10.875, 8.5, 11], "texture": "#0"},
				"east": {"uv": [8.375, 10.875, 8.5, 11], "texture": "#0"},
				"south": {"uv": [8.375, 10.875, 8.5, 11], "texture": "#0"},
				"west": {"uv": [8.375, 10.875, 8.5, 11], "texture": "#0"},
				"up": {"uv": [8.375, 10.875, 8.5, 11], "texture": "#0"},
				"down": {"uv": [8.375, 10.875, 8.5, 11], "texture": "#0"}
			}
		},
		{
			"from": [22.19468, 4.64493, -2],
			"to": [22.94468, 5.51993, 1.125],
			"rotation": {"angle": 0, "axis": "z", "origin": [25.94468, 12.95743, -0.375]},
			"faces": {
				"north": {"uv": [8.25, 10.875, 8.375, 11], "texture": "#0"},
				"east": {"uv": [8.25, 10.875, 8.375, 11], "texture": "#0"},
				"south": {"uv": [8.25, 10.875, 8.375, 11], "texture": "#0"},
				"west": {"uv": [8.25, 10.875, 8.375, 11], "texture": "#0"},
				"up": {"uv": [8.25, 10.875, 8.375, 11], "texture": "#0"},
				"down": {"uv": [8.25, 10.875, 8.375, 11], "texture": "#0"}
			}
		},
		{
			"from": [20.06968, 5.01993, -2],
			"to": [21.06968, 6.26993, 1.125],
			"rotation": {"angle": 0, "axis": "z", "origin": [25.94468, 12.95743, -0.375]},
			"faces": {
				"north": {"uv": [8.125, 10.875, 8.25, 11], "texture": "#0"},
				"east": {"uv": [8.125, 10.875, 8.25, 11], "texture": "#0"},
				"south": {"uv": [8.125, 10.875, 8.25, 11], "texture": "#0"},
				"west": {"uv": [8.125, 10.875, 8.25, 11], "texture": "#0"},
				"up": {"uv": [8.125, 10.875, 8.25, 11], "texture": "#0"},
				"down": {"uv": [8.125, 10.875, 8.25, 11], "texture": "#0"}
			}
		},
		{
			"from": [19.44468, 4.01993, -2],
			"to": [20.06968, 5.26993, 1.125],
			"rotation": {"angle": 0, "axis": "z", "origin": [25.94468, 12.95743, -0.375]},
			"faces": {
				"north": {"uv": [10.875, 7.75, 11, 7.875], "texture": "#0"},
				"east": {"uv": [10.875, 7.75, 11, 7.875], "texture": "#0"},
				"south": {"uv": [10.875, 7.75, 11, 7.875], "texture": "#0"},
				"west": {"uv": [10.875, 7.75, 11, 7.875], "texture": "#0"},
				"up": {"uv": [10.875, 7.75, 11, 7.875], "texture": "#0"},
				"down": {"uv": [10.875, 7.75, 11, 7.875], "texture": "#0"}
			}
		},
		{
			"from": [18.81968, 2.89493, -2],
			"to": [19.44468, 4.14493, 1.125],
			"rotation": {"angle": 0, "axis": "z", "origin": [25.94468, 12.95743, -0.375]},
			"faces": {
				"north": {"uv": [10.875, 7.625, 11, 7.75], "texture": "#0"},
				"east": {"uv": [10.875, 7.625, 11, 7.75], "texture": "#0"},
				"south": {"uv": [10.875, 7.625, 11, 7.75], "texture": "#0"},
				"west": {"uv": [10.875, 7.625, 11, 7.75], "texture": "#0"},
				"up": {"uv": [10.875, 7.625, 11, 7.75], "texture": "#0"},
				"down": {"uv": [10.875, 7.625, 11, 7.75], "texture": "#0"}
			}
		},
		{
			"from": [18.56968, 2.76993, -2],
			"to": [19.06968, 20.76993, 1.125],
			"rotation": {"angle": 0, "axis": "z", "origin": [25.94468, 12.95743, -0.375]},
			"faces": {
				"north": {"uv": [9, 9.25, 9.125, 11.5], "texture": "#0"},
				"east": {"uv": [9, 9.25, 9.125, 11.5], "texture": "#0"},
				"south": {"uv": [9, 9.25, 9.125, 11.5], "texture": "#0"},
				"west": {"uv": [9, 9.25, 9.125, 11.5], "texture": "#0"},
				"up": {"uv": [9, 9.25, 9.125, 11.5], "texture": "#0"},
				"down": {"uv": [9, 9.25, 9.125, 11.5], "texture": "#0"}
			}
		},
		{
			"from": [16.69468, 2.14493, -2],
			"to": [18.81968, 3.39493, 1.125],
			"rotation": {"angle": 0, "axis": "z", "origin": [25.94468, 12.95743, -0.375]},
			"faces": {
				"north": {"uv": [10.875, 4.625, 11.125, 4.75], "texture": "#0"},
				"east": {"uv": [10.875, 4.625, 11.125, 4.75], "texture": "#0"},
				"south": {"uv": [10.875, 4.625, 11.125, 4.75], "texture": "#0"},
				"west": {"uv": [10.875, 4.625, 11.125, 4.75], "texture": "#0"},
				"up": {"uv": [10.875, 4.625, 11.125, 4.75], "texture": "#0"},
				"down": {"uv": [10.875, 4.625, 11.125, 4.75], "texture": "#0"}
			}
		},
		{
			"from": [15.44468, 2.76993, -2],
			"to": [17.19468, 4.39493, 1.125],
			"rotation": {"angle": 0, "axis": "z", "origin": [25.94468, 12.95743, -0.375]},
			"faces": {
				"north": {"uv": [10.25, 8.375, 10.5, 8.625], "texture": "#0"},
				"east": {"uv": [10.25, 8.375, 10.5, 8.625], "texture": "#0"},
				"south": {"uv": [10.25, 8.375, 10.5, 8.625], "texture": "#0"},
				"west": {"uv": [10.25, 8.375, 10.5, 8.625], "texture": "#0"},
				"up": {"uv": [10.25, 8.375, 10.5, 8.625], "texture": "#0"},
				"down": {"uv": [10.25, 8.375, 10.5, 8.625], "texture": "#0"}
			}
		},
		{
			"from": [14.69468, 4.26993, -2],
			"to": [16.44468, 5.01993, 1.125],
			"rotation": {"angle": 0, "axis": "z", "origin": [25.94468, 12.95743, -0.375]},
			"faces": {
				"north": {"uv": [4.375, 10.875, 4.625, 11], "texture": "#0"},
				"east": {"uv": [4.375, 10.875, 4.625, 11], "texture": "#0"},
				"south": {"uv": [4.375, 10.875, 4.625, 11], "texture": "#0"},
				"west": {"uv": [4.375, 10.875, 4.625, 11], "texture": "#0"},
				"up": {"uv": [4.375, 10.875, 4.625, 11], "texture": "#0"},
				"down": {"uv": [4.375, 10.875, 4.625, 11], "texture": "#0"}
			}
		},
		{
			"from": [13.19468, 4.01993, -2],
			"to": [14.94468, 4.76993, 1.125],
			"rotation": {"angle": 0, "axis": "z", "origin": [25.94468, 12.95743, -0.375]},
			"faces": {
				"north": {"uv": [10.875, 4.125, 11.125, 4.25], "texture": "#0"},
				"east": {"uv": [10.875, 4.125, 11.125, 4.25], "texture": "#0"},
				"south": {"uv": [10.875, 4.125, 11.125, 4.25], "texture": "#0"},
				"west": {"uv": [10.875, 4.125, 11.125, 4.25], "texture": "#0"},
				"up": {"uv": [10.875, 4.125, 11.125, 4.25], "texture": "#0"},
				"down": {"uv": [10.875, 4.125, 11.125, 4.25], "texture": "#0"}
			}
		},
		{
			"from": [11.94468, 3.51993, -2],
			"to": [13.69468, 4.26993, 1.125],
			"rotation": {"angle": 0, "axis": "z", "origin": [25.94468, 12.95743, -0.375]},
			"faces": {
				"north": {"uv": [10.875, 3.875, 11.125, 4], "texture": "#0"},
				"east": {"uv": [10.875, 3.875, 11.125, 4], "texture": "#0"},
				"south": {"uv": [10.875, 3.875, 11.125, 4], "texture": "#0"},
				"west": {"uv": [10.875, 3.875, 11.125, 4], "texture": "#0"},
				"up": {"uv": [10.875, 3.875, 11.125, 4], "texture": "#0"},
				"down": {"uv": [10.875, 3.875, 11.125, 4], "texture": "#0"}
			}
		},
		{
			"from": [11.56968, 1.26993, -2],
			"to": [12.44468, 3.64493, 1.125],
			"rotation": {"angle": 0, "axis": "z", "origin": [25.94468, 12.95743, -0.375]},
			"faces": {
				"north": {"uv": [3.375, 10.875, 3.5, 11.125], "texture": "#0"},
				"east": {"uv": [3.375, 10.875, 3.5, 11.125], "texture": "#0"},
				"south": {"uv": [3.375, 10.875, 3.5, 11.125], "texture": "#0"},
				"west": {"uv": [3.375, 10.875, 3.5, 11.125], "texture": "#0"},
				"up": {"uv": [3.375, 10.875, 3.5, 11.125], "texture": "#0"},
				"down": {"uv": [3.375, 10.875, 3.5, 11.125], "texture": "#0"}
			}
		},
		{
			"from": [10.44468, 0.39493, -2],
			"to": [11.94468, 1.51993, 1.125],
			"rotation": {"angle": 0, "axis": "z", "origin": [25.94468, 12.95743, -0.375]},
			"faces": {
				"north": {"uv": [10.875, 3.625, 11.125, 3.75], "texture": "#0"},
				"east": {"uv": [10.875, 3.625, 11.125, 3.75], "texture": "#0"},
				"south": {"uv": [10.875, 3.625, 11.125, 3.75], "texture": "#0"},
				"west": {"uv": [10.875, 3.625, 11.125, 3.75], "texture": "#0"},
				"up": {"uv": [10.875, 3.625, 11.125, 3.75], "texture": "#0"},
				"down": {"uv": [10.875, 3.625, 11.125, 3.75], "texture": "#0"}
			}
		},
		{
			"from": [10.19468, -2.85507, -2],
			"to": [10.69468, 15.14493, 1.125],
			"rotation": {"angle": 0, "axis": "z", "origin": [25.94468, 12.95743, -0.375]},
			"faces": {
				"north": {"uv": [2.5, 9.25, 2.625, 11.5], "texture": "#0"},
				"east": {"uv": [2.5, 9.25, 2.625, 11.5], "texture": "#0"},
				"south": {"uv": [2.5, 9.25, 2.625, 11.5], "texture": "#0"},
				"west": {"uv": [2.5, 9.25, 2.625, 11.5], "texture": "#0"},
				"up": {"uv": [2.5, 9.25, 2.625, 11.5], "texture": "#0"},
				"down": {"uv": [2.5, 9.25, 2.625, 11.5], "texture": "#0"}
			}
		},
		{
			"from": [8.875, 15, -2.25],
			"to": [11.375, 16.125, 1.5],
			"rotation": {"angle": 22.5, "axis": "z", "origin": [10.125, 15.5625, -0.375]},
			"faces": {
				"north": {"uv": [10.625, 2, 11, 2.125], "texture": "#0"},
				"east": {"uv": [10.625, 2, 11, 2.125], "texture": "#0"},
				"south": {"uv": [10.625, 2, 11, 2.125], "texture": "#0"},
				"west": {"uv": [10.625, 2, 11, 2.125], "texture": "#0"},
				"up": {"uv": [10.625, 2, 11, 2.125], "texture": "#0"},
				"down": {"uv": [10.625, 2, 11, 2.125], "texture": "#0"}
			}
		},
		{
			"from": [11.25, 14.375, -2.25],
			"to": [17.5, 15.5, 1.5],
			"rotation": {"angle": 45, "axis": "z", "origin": [10.125, 15.5625, -0.375]},
			"faces": {
				"north": {"uv": [10.125, 1, 10.875, 1.125], "texture": "#0"},
				"east": {"uv": [10.125, 1, 10.875, 1.125], "texture": "#0"},
				"south": {"uv": [10.125, 1, 10.875, 1.125], "texture": "#0"},
				"west": {"uv": [10.125, 1, 10.875, 1.125], "texture": "#0"},
				"up": {"uv": [10.125, 1, 10.875, 1.125], "texture": "#0"},
				"down": {"uv": [10.125, 1, 10.875, 1.125], "texture": "#0"}
			}
		},
		{
			"from": [14.77817, 20.64429, -2.25],
			"to": [21.02817, 21.64429, 1.5],
			"rotation": {"angle": 22.5, "axis": "z", "origin": [17.90317, 22.45679, -0.375]},
			"faces": {
				"north": {"uv": [10.125, 0.75, 10.875, 0.875], "texture": "#0"},
				"east": {"uv": [10.125, 0.75, 10.875, 0.875], "texture": "#0"},
				"south": {"uv": [10.125, 0.75, 10.875, 0.875], "texture": "#0"},
				"west": {"uv": [10.125, 0.75, 10.875, 0.875], "texture": "#0"},
				"up": {"uv": [10.125, 0.75, 10.875, 0.875], "texture": "#0"},
				"down": {"uv": [10.125, 0.75, 10.875, 0.875], "texture": "#0"}
			}
		},
		{
			"from": [20.93921, 21.96314, -2.25],
			"to": [27.18921, 22.96314, 1.5],
			"rotation": {"angle": 0, "axis": "z", "origin": [24.06421, 23.58814, -0.375]},
			"faces": {
				"north": {"uv": [10, 7, 10.75, 7.125], "texture": "#0"},
				"east": {"uv": [10, 7, 10.75, 7.125], "texture": "#0"},
				"south": {"uv": [10, 7, 10.75, 7.125], "texture": "#0"},
				"west": {"uv": [10, 7, 10.75, 7.125], "texture": "#0"},
				"up": {"uv": [10, 7, 10.75, 7.125], "texture": "#0"},
				"down": {"uv": [10, 7, 10.75, 7.125], "texture": "#0"}
			}
		}
	],
	"display": {
		"thirdperson_righthand": {
			"rotation": [0, -180, 0],
			"translation": [-6.25, 0, 12]
		},
		"head": {
			"rotation": [0, -180, 0],
			"translation": [0, -11, 1.25],
			"scale": [1.44, 1.39, 1.36]
		}
	}
}