{
	"credit": "Made with Blockbench",
	"texture_size": [64, 64],
	"textures": {
		"0": "custom/fighter_helmet",
		"particle": "custom/fighter_helmet"
	},
	"elements": [
		{
			"from": [0, 7.125, 0],
			"to": [5.75, 7.625, 0.875],
			"faces": {
				"north": {"uv": [8, 11, 9.5, 11.25], "texture": "#0"},
				"east": {"uv": [4, 8.5, 4.25, 8.75], "texture": "#0"},
				"south": {"uv": [10.5, 11, 12, 11.25], "texture": "#0"},
				"west": {"uv": [4, 8.75, 4.25, 9], "texture": "#0"},
				"up": {"uv": [7.5, 11.5, 6, 11.25], "texture": "#0"},
				"down": {"uv": [9, 11.25, 7.5, 11.5], "texture": "#0"}
			}
		},
		{
			"from": [0, 10.5, 0],
			"to": [5.75, 11, 0.875],
			"faces": {
				"north": {"uv": [10.5, 11.25, 12, 11.5], "texture": "#0"},
				"east": {"uv": [8, 9, 8.25, 9.25], "texture": "#0"},
				"south": {"uv": [3.25, 11.5, 4.75, 11.75], "texture": "#0"},
				"west": {"uv": [8, 9.25, 8.25, 9.5], "texture": "#0"},
				"up": {"uv": [6.25, 11.75, 4.75, 11.5], "texture": "#0"},
				"down": {"uv": [7.75, 11.5, 6.25, 11.75], "texture": "#0"}
			}
		},
		{
			"from": [5.75, 7.125, 0],
			"to": [6.25, 11, 0.875],
			"faces": {
				"north": {"uv": [4, 7.5, 4.25, 8.5], "texture": "#0"},
				"east": {"uv": [3.25, 10.5, 3.5, 11.5], "texture": "#0"},
				"south": {"uv": [3.5, 10.5, 3.75, 11.5], "texture": "#0"},
				"west": {"uv": [3.75, 10.5, 4, 11.5], "texture": "#0"},
				"up": {"uv": [9.25, 11.5, 9, 11.25], "texture": "#0"},
				"down": {"uv": [12.25, 11, 12, 11.25], "texture": "#0"}
			}
		},
		{
			"from": [-0.5, 7.125, 0],
			"to": [0, 11, 0.875],
			"faces": {
				"north": {"uv": [10, 10.5, 10.25, 11.5], "texture": "#0"},
				"east": {"uv": [9.5, 11, 9.75, 12], "texture": "#0"},
				"south": {"uv": [9.75, 11, 10, 12], "texture": "#0"},
				"west": {"uv": [9.25, 11.25, 9.5, 12.25], "texture": "#0"},
				"up": {"uv": [11.5, 12.25, 11.25, 12], "texture": "#0"},
				"down": {"uv": [12.25, 11.25, 12, 11.5], "texture": "#0"}
			}
		},
		{
			"from": [9, 7.125, 0],
			"to": [9.5, 11, 0.875],
			"faces": {
				"north": {"uv": [5.5, 12, 5.75, 13], "texture": "#0"},
				"east": {"uv": [5.75, 12, 6, 13], "texture": "#0"},
				"south": {"uv": [6, 12, 6.25, 13], "texture": "#0"},
				"west": {"uv": [6.25, 12, 6.5, 13], "texture": "#0"},
				"up": {"uv": [12.5, 0.5, 12.25, 0.25], "texture": "#0"},
				"down": {"uv": [12.5, 0.5, 12.25, 0.75], "texture": "#0"}
			}
		},
		{
			"from": [9.5, 7.125, 0],
			"to": [15.25, 7.625, 0.875],
			"faces": {
				"north": {"uv": [6.25, 11.75, 7.75, 12], "texture": "#0"},
				"east": {"uv": [12, 12, 12.25, 12.25], "texture": "#0"},
				"south": {"uv": [7.75, 11.75, 9.25, 12], "texture": "#0"},
				"west": {"uv": [12.25, 0, 12.5, 0.25], "texture": "#0"},
				"up": {"uv": [12, 12, 10.5, 11.75], "texture": "#0"},
				"down": {"uv": [4.75, 12, 3.25, 12.25], "texture": "#0"}
			}
		},
		{
			"from": [-1.25, 0, 0.125],
			"to": [16.375, 7.125, 0.625],
			"faces": {
				"north": {"uv": [8.25, 6, 12.75, 7.75], "texture": "#0"},
				"east": {"uv": [2.75, 10.5, 3, 12.25], "texture": "#0"},
				"south": {"uv": [8.25, 7.75, 12.75, 9.5], "texture": "#0"},
				"west": {"uv": [3, 10.5, 3.25, 12.25], "texture": "#0"},
				"up": {"uv": [10.5, 9.75, 6, 9.5], "texture": "#0"},
				"down": {"uv": [10.5, 9.75, 6, 10], "texture": "#0"}
			}
		},
		{
			"from": [15.875, 0, 0.625],
			"to": [16.375, 12.375, 16.25],
			"faces": {
				"north": {"uv": [0.75, 10.5, 1, 13.5], "texture": "#0"},
				"east": {"uv": [4.25, 0, 8.25, 3], "texture": "#0"},
				"south": {"uv": [1, 10.5, 1.25, 13.5], "texture": "#0"},
				"west": {"uv": [4.25, 3, 8.25, 6], "texture": "#0"},
				"up": {"uv": [10.5, 14, 10.25, 10], "texture": "#0"},
				"down": {"uv": [0.25, 10.5, 0, 14.5], "texture": "#0"}
			}
		},
		{
			"from": [-1, 0, 0.625],
			"to": [-0.5, 12.375, 16.25],
			"faces": {
				"north": {"uv": [1.25, 10.5, 1.5, 13.5], "texture": "#0"},
				"east": {"uv": [4.25, 6, 8.25, 9], "texture": "#0"},
				"south": {"uv": [1.5, 10.5, 1.75, 13.5], "texture": "#0"},
				"west": {"uv": [0, 7.5, 4, 10.5], "texture": "#0"},
				"up": {"uv": [0.5, 14.5, 0.25, 10.5], "texture": "#0"},
				"down": {"uv": [0.75, 10.5, 0.5, 14.5], "texture": "#0"}
			}
		},
		{
			"from": [-0.5, 0, 15.625],
			"to": [15.875, 12.375, 16.25],
			"faces": {
				"north": {"uv": [8.25, 0, 12.25, 3], "texture": "#0"},
				"east": {"uv": [1.75, 10.5, 2, 13.5], "texture": "#0"},
				"south": {"uv": [8.25, 3, 12.25, 6], "texture": "#0"},
				"west": {"uv": [2, 10.5, 2.25, 13.5], "texture": "#0"},
				"up": {"uv": [10, 10.75, 6, 10.5], "texture": "#0"},
				"down": {"uv": [14.5, 9.5, 10.5, 9.75], "texture": "#0"}
			}
		},
		{
			"from": [5.875, 7.125, 0.125],
			"to": [9.375, 17.5, 0.625],
			"faces": {
				"north": {"uv": [4, 9, 5, 11.5], "texture": "#0"},
				"east": {"uv": [2.25, 10.5, 2.5, 13], "texture": "#0"},
				"south": {"uv": [5, 9, 6, 11.5], "texture": "#0"},
				"west": {"uv": [2.5, 10.5, 2.75, 13], "texture": "#0"},
				"up": {"uv": [7.5, 12.25, 6.5, 12], "texture": "#0"},
				"down": {"uv": [8.5, 12, 7.5, 12.25], "texture": "#0"}
			}
		},
		{
			"from": [-1.625, 7.125, 0.125],
			"to": [-0.5, 11, 0.625],
			"faces": {
				"north": {"uv": [8.5, 12, 8.75, 13], "texture": "#0"},
				"east": {"uv": [8.75, 12, 9, 13], "texture": "#0"},
				"south": {"uv": [9, 12, 9.25, 13], "texture": "#0"},
				"west": {"uv": [9.5, 12, 9.75, 13], "texture": "#0"},
				"up": {"uv": [12.5, 2, 12.25, 1.75], "texture": "#0"},
				"down": {"uv": [12.5, 2, 12.25, 2.25], "texture": "#0"}
			}
		},
		{
			"from": [15.75, 7.125, 0.125],
			"to": [16.875, 11, 0.625],
			"faces": {
				"north": {"uv": [9.75, 12, 10, 13], "texture": "#0"},
				"east": {"uv": [10.5, 12, 10.75, 13], "texture": "#0"},
				"south": {"uv": [10.75, 12, 11, 13], "texture": "#0"},
				"west": {"uv": [11, 12, 11.25, 13], "texture": "#0"},
				"up": {"uv": [12.5, 2.5, 12.25, 2.25], "texture": "#0"},
				"down": {"uv": [12.5, 2.5, 12.25, 2.75], "texture": "#0"}
			}
		},
		{
			"from": [9.375, 11, 0.125],
			"to": [17.5, 12.375, 0.625],
			"faces": {
				"north": {"uv": [6, 9, 8, 9.25], "texture": "#0"},
				"east": {"uv": [12.25, 0.75, 12.5, 1], "texture": "#0"},
				"south": {"uv": [6, 9.25, 8, 9.5], "texture": "#0"},
				"west": {"uv": [12.25, 1, 12.5, 1.25], "texture": "#0"},
				"up": {"uv": [12.5, 10.5, 10.5, 10.25], "texture": "#0"},
				"down": {"uv": [12.5, 10.5, 10.5, 10.75], "texture": "#0"}
			}
		},
		{
			"from": [-1, 12.375, 0.625],
			"to": [16.125, 13.75, 15.625],
			"faces": {
				"north": {"uv": [6, 10, 10.25, 10.25], "texture": "#0"},
				"east": {"uv": [10.5, 9.75, 14.25, 10], "texture": "#0"},
				"south": {"uv": [6, 10.25, 10.25, 10.5], "texture": "#0"},
				"west": {"uv": [10.5, 10, 14.25, 10.25], "texture": "#0"},
				"up": {"uv": [4.25, 3.75, 0, 0], "texture": "#0"},
				"down": {"uv": [4.25, 3.75, 0, 7.5], "texture": "#0"}
			}
		},
		{
			"from": [-2.25, 11, 0.125],
			"to": [5.875, 12.375, 0.625],
			"faces": {
				"north": {"uv": [6, 10.75, 8, 11], "texture": "#0"},
				"east": {"uv": [12.25, 1.25, 12.5, 1.5], "texture": "#0"},
				"south": {"uv": [8, 10.75, 10, 11], "texture": "#0"},
				"west": {"uv": [12.25, 1.5, 12.5, 1.75], "texture": "#0"},
				"up": {"uv": [12.5, 11, 10.5, 10.75], "texture": "#0"},
				"down": {"uv": [8, 11, 6, 11.25], "texture": "#0"}
			}
		},
		{
			"from": [9.5, 10.5, 0],
			"to": [15.25, 11, 0.875],
			"faces": {
				"north": {"uv": [7.75, 11.5, 9.25, 11.75], "texture": "#0"},
				"east": {"uv": [11.75, 12, 12, 12.25], "texture": "#0"},
				"south": {"uv": [10.5, 11.5, 12, 11.75], "texture": "#0"},
				"west": {"uv": [12, 11.75, 12.25, 12], "texture": "#0"},
				"up": {"uv": [4.75, 12, 3.25, 11.75], "texture": "#0"},
				"down": {"uv": [6.25, 11.75, 4.75, 12], "texture": "#0"}
			}
		},
		{
			"from": [15.25, 7.125, 0],
			"to": [15.75, 11, 0.875],
			"faces": {
				"north": {"uv": [10, 11.5, 10.25, 12.5], "texture": "#0"},
				"east": {"uv": [4.75, 12, 5, 13], "texture": "#0"},
				"south": {"uv": [5, 12, 5.25, 13], "texture": "#0"},
				"west": {"uv": [5.25, 12, 5.5, 13], "texture": "#0"},
				"up": {"uv": [11.75, 12.25, 11.5, 12], "texture": "#0"},
				"down": {"uv": [12.25, 11.5, 12, 11.75], "texture": "#0"}
			}
		}
	],
	"display": {
		"gui": {
			"rotation": [-8, -180, -24],
			"translation": [0.25, 1.25, 0],
			"scale": [0.61, 0.67, 0.51]
		},
		"head": {
			"translation": [0.25, 1.25, 0],
			"scale": [0.79, 0.99, 0.93]
		}
	}
}