{
	"credit": "Made with Blockbench",
	"textures": {
		"0": "custom/freeze_spikes",
		"particle": "custom/freeze_spikes"
	},
	"elements": [
		{
			"from": [-10.99287, -1.46169, -1.72755],
			"to": [-9.69417, 2.53431, -0.32895],
			"rotation": {"angle": 0, "axis": "y", "origin": [1.42063, 1.03831, -3.51255]},
			"faces": {
				"north": {"uv": [0, 0, 1.625, 5], "texture": "#0"},
				"east": {"uv": [0, 0, 1.75, 5], "texture": "#0"},
				"south": {"uv": [0, 0, 1.625, 5], "texture": "#0"},
				"west": {"uv": [0, 0, 1.75, 5], "texture": "#0"},
				"up": {"uv": [0, 0, 1.625, 1.75], "texture": "#0"},
				"down": {"uv": [0, 0, 1.625, 1.75], "texture": "#0"}
			}
		},
		{
			"from": [-10.89297, 2.53431, -1.42785],
			"to": [-9.89397, 9.02781, -0.42885],
			"rotation": {"angle": 0, "axis": "y", "origin": [1.42063, 1.03831, -3.51255]},
			"faces": {
				"north": {"uv": [0, 0, 1.25, 8.125], "texture": "#0"},
				"east": {"uv": [0, 0, 1.25, 8.125], "texture": "#0"},
				"south": {"uv": [0, 0, 1.25, 8.125], "texture": "#0"},
				"west": {"uv": [0, 0, 1.25, 8.125], "texture": "#0"},
				"up": {"uv": [0, 0, 1.25, 1.25], "texture": "#0"},
				"down": {"uv": [0, 0, 1.25, 1.25], "texture": "#0"}
			}
		},
		{
			"from": [-10.79307, 9.02781, -1.32795],
			"to": [-10.09377, 15.52131, -0.62865],
			"rotation": {"angle": 0, "axis": "y", "origin": [1.42063, 1.03831, -3.51255]},
			"faces": {
				"north": {"uv": [0, 0, 0.875, 8.125], "texture": "#0"},
				"east": {"uv": [0, 0, 0.875, 8.125], "texture": "#0"},
				"south": {"uv": [0, 0, 0.875, 8.125], "texture": "#0"},
				"west": {"uv": [0, 0, 0.875, 8.125], "texture": "#0"},
				"up": {"uv": [0, 0, 0.875, 0.875], "texture": "#0"},
				"down": {"uv": [0, 0, 0.875, 0.875], "texture": "#0"}
			}
		},
		{
			"from": [-10.59327, 15.52131, -1.12815],
			"to": [-10.29357, 22.01481, -0.82845],
			"rotation": {"angle": 0, "axis": "y", "origin": [1.42063, 1.03831, -3.51255]},
			"faces": {
				"north": {"uv": [0, 0, 0.375, 8.125], "texture": "#0"},
				"east": {"uv": [0, 0, 0.375, 8.125], "texture": "#0"},
				"south": {"uv": [0, 0, 0.375, 8.125], "texture": "#0"},
				"west": {"uv": [0, 0, 0.375, 8.125], "texture": "#0"},
				"up": {"uv": [0, 0, 0.375, 0.375], "texture": "#0"},
				"down": {"uv": [0, 0, 0.375, 0.375], "texture": "#0"}
			}
		},
		{
			"from": [-4.33287, -1.46169, -9.49755],
			"to": [-3.03417, 2.53431, -8.09895],
			"rotation": {"angle": 0, "axis": "y", "origin": [1.42063, 1.03831, -3.51255]},
			"faces": {
				"north": {"uv": [0, 0, 1.625, 5], "texture": "#0"},
				"east": {"uv": [0, 0, 1.75, 5], "texture": "#0"},
				"south": {"uv": [0, 0, 1.625, 5], "texture": "#0"},
				"west": {"uv": [0, 0, 1.75, 5], "texture": "#0"},
				"up": {"uv": [0, 0, 1.625, 1.75], "texture": "#0"},
				"down": {"uv": [0, 0, 1.625, 1.75], "texture": "#0"}
			}
		},
		{
			"from": [-4.23297, 2.53431, -9.19785],
			"to": [-3.23397, 9.02781, -8.19885],
			"rotation": {"angle": 0, "axis": "y", "origin": [1.42063, 1.03831, -3.51255]},
			"faces": {
				"north": {"uv": [0, 0, 1.25, 8.125], "texture": "#0"},
				"east": {"uv": [0, 0, 1.25, 8.125], "texture": "#0"},
				"south": {"uv": [0, 0, 1.25, 8.125], "texture": "#0"},
				"west": {"uv": [0, 0, 1.25, 8.125], "texture": "#0"},
				"up": {"uv": [0, 0, 1.25, 1.25], "texture": "#0"},
				"down": {"uv": [0, 0, 1.25, 1.25], "texture": "#0"}
			}
		},
		{
			"from": [-4.13307, 9.02781, -9.09795],
			"to": [-3.43377, 15.52131, -8.39865],
			"rotation": {"angle": 0, "axis": "y", "origin": [1.42063, 1.03831, -3.51255]},
			"faces": {
				"north": {"uv": [0, 0, 0.875, 8.125], "texture": "#0"},
				"east": {"uv": [0, 0, 0.875, 8.125], "texture": "#0"},
				"south": {"uv": [0, 0, 0.875, 8.125], "texture": "#0"},
				"west": {"uv": [0, 0, 0.875, 8.125], "texture": "#0"},
				"up": {"uv": [0, 0, 0.875, 0.875], "texture": "#0"},
				"down": {"uv": [0, 0, 0.875, 0.875], "texture": "#0"}
			}
		},
		{
			"from": [-3.93327, 15.52131, -8.89815],
			"to": [-3.63357, 22.01481, -8.59845],
			"rotation": {"angle": 0, "axis": "y", "origin": [1.42063, 1.03831, -3.51255]},
			"faces": {
				"north": {"uv": [0, 0, 0.375, 8.125], "texture": "#0"},
				"east": {"uv": [0, 0, 0.375, 8.125], "texture": "#0"},
				"south": {"uv": [0, 0, 0.375, 8.125], "texture": "#0"},
				"west": {"uv": [0, 0, 0.375, 8.125], "texture": "#0"},
				"up": {"uv": [0, 0, 0.375, 0.375], "texture": "#0"},
				"down": {"uv": [0, 0, 0.375, 0.375], "texture": "#0"}
			}
		},
		{
			"from": [18.66263, -1.46169, -9.49755],
			"to": [19.96133, 2.53431, -8.09895],
			"rotation": {"angle": 0, "axis": "y", "origin": [14.20783, 1.03831, -3.51255]},
			"faces": {
				"north": {"uv": [1.625, 0, 0, 5], "texture": "#0"},
				"east": {"uv": [1.75, 0, 0, 5], "texture": "#0"},
				"south": {"uv": [1.625, 0, 0, 5], "texture": "#0"},
				"west": {"uv": [1.75, 0, 0, 5], "texture": "#0"},
				"up": {"uv": [1.625, 0, 0, 1.75], "texture": "#0"},
				"down": {"uv": [1.625, 0, 0, 1.75], "texture": "#0"}
			}
		},
		{
			"from": [18.86243, 2.53431, -9.19785],
			"to": [19.86143, 9.02781, -8.19885],
			"rotation": {"angle": 0, "axis": "y", "origin": [14.20783, 1.03831, -3.51255]},
			"faces": {
				"north": {"uv": [1.25, 0, 0, 8.125], "texture": "#0"},
				"east": {"uv": [1.25, 0, 0, 8.125], "texture": "#0"},
				"south": {"uv": [1.25, 0, 0, 8.125], "texture": "#0"},
				"west": {"uv": [1.25, 0, 0, 8.125], "texture": "#0"},
				"up": {"uv": [1.25, 0, 0, 1.25], "texture": "#0"},
				"down": {"uv": [1.25, 0, 0, 1.25], "texture": "#0"}
			}
		},
		{
			"from": [19.06223, 9.02781, -9.09795],
			"to": [19.76153, 15.52131, -8.39865],
			"rotation": {"angle": 0, "axis": "y", "origin": [14.20783, 1.03831, -3.51255]},
			"faces": {
				"north": {"uv": [0.875, 0, 0, 8.125], "texture": "#0"},
				"east": {"uv": [0.875, 0, 0, 8.125], "texture": "#0"},
				"south": {"uv": [0.875, 0, 0, 8.125], "texture": "#0"},
				"west": {"uv": [0.875, 0, 0, 8.125], "texture": "#0"},
				"up": {"uv": [0.875, 0, 0, 0.875], "texture": "#0"},
				"down": {"uv": [0.875, 0, 0, 0.875], "texture": "#0"}
			}
		},
		{
			"from": [19.26203, 15.52131, -8.89815],
			"to": [19.56173, 22.01481, -8.59845],
			"rotation": {"angle": 0, "axis": "y", "origin": [14.20783, 1.03831, -3.51255]},
			"faces": {
				"north": {"uv": [0.375, 0, 0, 8.125], "texture": "#0"},
				"east": {"uv": [0.375, 0, 0, 8.125], "texture": "#0"},
				"south": {"uv": [0.375, 0, 0, 8.125], "texture": "#0"},
				"west": {"uv": [0.375, 0, 0, 8.125], "texture": "#0"},
				"up": {"uv": [0.375, 0, 0, 0.375], "texture": "#0"},
				"down": {"uv": [0.375, 0, 0, 0.375], "texture": "#0"}
			}
		},
		{
			"from": [25.32263, -1.46169, -3.02255],
			"to": [26.62133, 2.53431, -1.62395],
			"rotation": {"angle": 0, "axis": "y", "origin": [14.20783, 1.03831, -3.51255]},
			"faces": {
				"north": {"uv": [1.625, 0, 0, 5], "texture": "#0"},
				"east": {"uv": [1.75, 0, 0, 5], "texture": "#0"},
				"south": {"uv": [1.625, 0, 0, 5], "texture": "#0"},
				"west": {"uv": [1.75, 0, 0, 5], "texture": "#0"},
				"up": {"uv": [1.625, 0, 0, 1.75], "texture": "#0"},
				"down": {"uv": [1.625, 0, 0, 1.75], "texture": "#0"}
			}
		},
		{
			"from": [25.52243, 2.53431, -2.72285],
			"to": [26.52143, 9.02781, -1.72385],
			"rotation": {"angle": 0, "axis": "y", "origin": [14.20783, 1.03831, -3.51255]},
			"faces": {
				"north": {"uv": [1.25, 0, 0, 8.125], "texture": "#0"},
				"east": {"uv": [1.25, 0, 0, 8.125], "texture": "#0"},
				"south": {"uv": [1.25, 0, 0, 8.125], "texture": "#0"},
				"west": {"uv": [1.25, 0, 0, 8.125], "texture": "#0"},
				"up": {"uv": [1.25, 0, 0, 1.25], "texture": "#0"},
				"down": {"uv": [1.25, 0, 0, 1.25], "texture": "#0"}
			}
		},
		{
			"from": [25.72223, 9.02781, -2.62295],
			"to": [26.42153, 15.52131, -1.92365],
			"rotation": {"angle": 0, "axis": "y", "origin": [14.20783, 1.03831, -3.51255]},
			"faces": {
				"north": {"uv": [0.875, 0, 0, 8.125], "texture": "#0"},
				"east": {"uv": [0.875, 0, 0, 8.125], "texture": "#0"},
				"south": {"uv": [0.875, 0, 0, 8.125], "texture": "#0"},
				"west": {"uv": [0.875, 0, 0, 8.125], "texture": "#0"},
				"up": {"uv": [0.875, 0, 0, 0.875], "texture": "#0"},
				"down": {"uv": [0.875, 0, 0, 0.875], "texture": "#0"}
			}
		},
		{
			"from": [25.92203, 15.52131, -2.42315],
			"to": [26.22173, 22.01481, -2.12345],
			"rotation": {"angle": 0, "axis": "y", "origin": [14.20783, 1.03831, -3.51255]},
			"faces": {
				"north": {"uv": [0.375, 0, 0, 8.125], "texture": "#0"},
				"east": {"uv": [0.375, 0, 0, 8.125], "texture": "#0"},
				"south": {"uv": [0.375, 0, 0, 8.125], "texture": "#0"},
				"west": {"uv": [0.375, 0, 0, 8.125], "texture": "#0"},
				"up": {"uv": [0.375, 0, 0, 0.375], "texture": "#0"},
				"down": {"uv": [0.375, 0, 0, 0.375], "texture": "#0"}
			}
		},
		{
			"from": [18.66263, -1.46169, 25.57105],
			"to": [19.96133, 2.53431, 26.96965],
			"rotation": {"angle": 0, "axis": "y", "origin": [14.20783, 1.03831, 9.27465]},
			"faces": {
				"north": {"uv": [0, 0, 1.625, 5], "texture": "#0"},
				"east": {"uv": [0, 0, 1.75, 5], "texture": "#0"},
				"south": {"uv": [0, 0, 1.625, 5], "texture": "#0"},
				"west": {"uv": [0, 0, 1.75, 5], "texture": "#0"},
				"up": {"uv": [1.625, 1.75, 0, 0], "texture": "#0"},
				"down": {"uv": [1.625, 1.75, 0, 0], "texture": "#0"}
			}
		},
		{
			"from": [18.86243, 2.53431, 25.67095],
			"to": [19.86143, 9.02781, 26.66995],
			"rotation": {"angle": 0, "axis": "y", "origin": [14.20783, 1.03831, 9.27465]},
			"faces": {
				"north": {"uv": [0, 0, 1.25, 8.125], "texture": "#0"},
				"east": {"uv": [0, 0, 1.25, 8.125], "texture": "#0"},
				"south": {"uv": [0, 0, 1.25, 8.125], "texture": "#0"},
				"west": {"uv": [0, 0, 1.25, 8.125], "texture": "#0"},
				"up": {"uv": [1.25, 1.25, 0, 0], "texture": "#0"},
				"down": {"uv": [1.25, 1.25, 0, 0], "texture": "#0"}
			}
		},
		{
			"from": [19.06223, 9.02781, 25.87075],
			"to": [19.76153, 15.52131, 26.57005],
			"rotation": {"angle": 0, "axis": "y", "origin": [14.20783, 1.03831, 9.27465]},
			"faces": {
				"north": {"uv": [0, 0, 0.875, 8.125], "texture": "#0"},
				"east": {"uv": [0, 0, 0.875, 8.125], "texture": "#0"},
				"south": {"uv": [0, 0, 0.875, 8.125], "texture": "#0"},
				"west": {"uv": [0, 0, 0.875, 8.125], "texture": "#0"},
				"up": {"uv": [0.875, 0.875, 0, 0], "texture": "#0"},
				"down": {"uv": [0.875, 0.875, 0, 0], "texture": "#0"}
			}
		},
		{
			"from": [19.26203, 15.52131, 26.07055],
			"to": [19.56173, 22.01481, 26.37025],
			"rotation": {"angle": 0, "axis": "y", "origin": [14.20783, 1.03831, 9.27465]},
			"faces": {
				"north": {"uv": [0, 0, 0.375, 8.125], "texture": "#0"},
				"east": {"uv": [0, 0, 0.375, 8.125], "texture": "#0"},
				"south": {"uv": [0, 0, 0.375, 8.125], "texture": "#0"},
				"west": {"uv": [0, 0, 0.375, 8.125], "texture": "#0"},
				"up": {"uv": [0.375, 0.375, 0, 0], "texture": "#0"},
				"down": {"uv": [0.375, 0.375, 0, 0], "texture": "#0"}
			}
		},
		{
			"from": [25.32263, -1.46169, 14.84105],
			"to": [26.62133, 2.53431, 16.23965],
			"rotation": {"angle": 0, "axis": "y", "origin": [14.20783, 1.03831, 9.27465]},
			"faces": {
				"north": {"uv": [0, 0, 1.625, 5], "texture": "#0"},
				"east": {"uv": [0, 0, 1.75, 5], "texture": "#0"},
				"south": {"uv": [0, 0, 1.625, 5], "texture": "#0"},
				"west": {"uv": [0, 0, 1.75, 5], "texture": "#0"},
				"up": {"uv": [1.625, 1.75, 0, 0], "texture": "#0"},
				"down": {"uv": [1.625, 1.75, 0, 0], "texture": "#0"}
			}
		},
		{
			"from": [25.52243, 2.53431, 14.94095],
			"to": [26.52143, 9.02781, 15.93995],
			"rotation": {"angle": 0, "axis": "y", "origin": [14.20783, 1.03831, 9.27465]},
			"faces": {
				"north": {"uv": [0, 0, 1.25, 8.125], "texture": "#0"},
				"east": {"uv": [0, 0, 1.25, 8.125], "texture": "#0"},
				"south": {"uv": [0, 0, 1.25, 8.125], "texture": "#0"},
				"west": {"uv": [0, 0, 1.25, 8.125], "texture": "#0"},
				"up": {"uv": [1.25, 1.25, 0, 0], "texture": "#0"},
				"down": {"uv": [1.25, 1.25, 0, 0], "texture": "#0"}
			}
		},
		{
			"from": [25.72223, 9.02781, 15.14075],
			"to": [26.42153, 15.52131, 15.84005],
			"rotation": {"angle": 0, "axis": "y", "origin": [14.20783, 1.03831, 9.27465]},
			"faces": {
				"north": {"uv": [0, 0, 0.875, 8.125], "texture": "#0"},
				"east": {"uv": [0, 0, 0.875, 8.125], "texture": "#0"},
				"south": {"uv": [0, 0, 0.875, 8.125], "texture": "#0"},
				"west": {"uv": [0, 0, 0.875, 8.125], "texture": "#0"},
				"up": {"uv": [0.875, 0.875, 0, 0], "texture": "#0"},
				"down": {"uv": [0.875, 0.875, 0, 0], "texture": "#0"}
			}
		},
		{
			"from": [25.92203, 15.52131, 15.34055],
			"to": [26.22173, 22.01481, 15.64025],
			"rotation": {"angle": 0, "axis": "y", "origin": [14.20783, 1.03831, 9.27465]},
			"faces": {
				"north": {"uv": [0, 0, 0.375, 8.125], "texture": "#0"},
				"east": {"uv": [0, 0, 0.375, 8.125], "texture": "#0"},
				"south": {"uv": [0, 0, 0.375, 8.125], "texture": "#0"},
				"west": {"uv": [0, 0, 0.375, 8.125], "texture": "#0"},
				"up": {"uv": [0.375, 0.375, 0, 0], "texture": "#0"},
				"down": {"uv": [0.375, 0.375, 0, 0], "texture": "#0"}
			}
		},
		{
			"from": [-4.33287, -1.46169, 25.94105],
			"to": [-3.03417, 2.53431, 27.33965],
			"rotation": {"angle": 0, "axis": "y", "origin": [1.42063, 1.03831, 9.27465]},
			"faces": {
				"north": {"uv": [1.625, 0, 0, 5], "texture": "#0"},
				"east": {"uv": [1.75, 0, 0, 5], "texture": "#0"},
				"south": {"uv": [1.625, 0, 0, 5], "texture": "#0"},
				"west": {"uv": [1.75, 0, 0, 5], "texture": "#0"},
				"up": {"uv": [0, 1.75, 1.625, 0], "texture": "#0"},
				"down": {"uv": [0, 1.75, 1.625, 0], "texture": "#0"}
			}
		},
		{
			"from": [-4.23297, 2.53431, 26.04095],
			"to": [-3.23397, 9.02781, 27.03995],
			"rotation": {"angle": 0, "axis": "y", "origin": [1.42063, 1.03831, 9.27465]},
			"faces": {
				"north": {"uv": [1.25, 0, 0, 8.125], "texture": "#0"},
				"east": {"uv": [1.25, 0, 0, 8.125], "texture": "#0"},
				"south": {"uv": [1.25, 0, 0, 8.125], "texture": "#0"},
				"west": {"uv": [1.25, 0, 0, 8.125], "texture": "#0"},
				"up": {"uv": [0, 1.25, 1.25, 0], "texture": "#0"},
				"down": {"uv": [0, 1.25, 1.25, 0], "texture": "#0"}
			}
		},
		{
			"from": [-4.13307, 9.02781, 26.24075],
			"to": [-3.43377, 15.52131, 26.94005],
			"rotation": {"angle": 0, "axis": "y", "origin": [1.42063, 1.03831, 9.27465]},
			"faces": {
				"north": {"uv": [0.875, 0, 0, 8.125], "texture": "#0"},
				"east": {"uv": [0.875, 0, 0, 8.125], "texture": "#0"},
				"south": {"uv": [0.875, 0, 0, 8.125], "texture": "#0"},
				"west": {"uv": [0.875, 0, 0, 8.125], "texture": "#0"},
				"up": {"uv": [0, 0.875, 0.875, 0], "texture": "#0"},
				"down": {"uv": [0, 0.875, 0.875, 0], "texture": "#0"}
			}
		},
		{
			"from": [-3.93327, 15.52131, 26.44055],
			"to": [-3.63357, 22.01481, 26.74025],
			"rotation": {"angle": 0, "axis": "y", "origin": [1.42063, 1.03831, 9.27465]},
			"faces": {
				"north": {"uv": [0.375, 0, 0, 8.125], "texture": "#0"},
				"east": {"uv": [0.375, 0, 0, 8.125], "texture": "#0"},
				"south": {"uv": [0.375, 0, 0, 8.125], "texture": "#0"},
				"west": {"uv": [0.375, 0, 0, 8.125], "texture": "#0"},
				"up": {"uv": [0, 0.375, 0.375, 0], "texture": "#0"},
				"down": {"uv": [0, 0.375, 0.375, 0], "texture": "#0"}
			}
		},
		{
			"from": [7.50713, -1.46169, 29.82605],
			"to": [8.80583, 2.53431, 31.22465],
			"rotation": {"angle": 0, "axis": "y", "origin": [1.42063, 1.03831, 9.27465]},
			"faces": {
				"north": {"uv": [1.625, 0, 0, 5], "texture": "#0"},
				"east": {"uv": [1.75, 0, 0, 5], "texture": "#0"},
				"south": {"uv": [1.625, 0, 0, 5], "texture": "#0"},
				"west": {"uv": [1.75, 0, 0, 5], "texture": "#0"},
				"up": {"uv": [0, 1.75, 1.625, 0], "texture": "#0"},
				"down": {"uv": [0, 1.75, 1.625, 0], "texture": "#0"}
			}
		},
		{
			"from": [7.70693, 9.02781, 30.12575],
			"to": [8.40623, 15.52131, 30.82505],
			"rotation": {"angle": 0, "axis": "y", "origin": [1.42063, 1.03831, 9.27465]},
			"faces": {
				"north": {"uv": [0.875, 0, 0, 8.125], "texture": "#0"},
				"east": {"uv": [0.875, 0, 0, 8.125], "texture": "#0"},
				"south": {"uv": [0.875, 0, 0, 8.125], "texture": "#0"},
				"west": {"uv": [0.875, 0, 0, 8.125], "texture": "#0"},
				"up": {"uv": [0, 0.875, 0.875, 0], "texture": "#0"},
				"down": {"uv": [0, 0.875, 0.875, 0], "texture": "#0"}
			}
		},
		{
			"from": [7.60703, 2.53431, 29.92595],
			"to": [8.60603, 9.02781, 30.92495],
			"rotation": {"angle": 0, "axis": "y", "origin": [1.42063, 1.03831, 9.27465]},
			"faces": {
				"north": {"uv": [1.25, 0, 0, 8.125], "texture": "#0"},
				"east": {"uv": [1.25, 0, 0, 8.125], "texture": "#0"},
				"south": {"uv": [1.25, 0, 0, 8.125], "texture": "#0"},
				"west": {"uv": [1.25, 0, 0, 8.125], "texture": "#0"},
				"up": {"uv": [0, 1.25, 1.25, 0], "texture": "#0"},
				"down": {"uv": [0, 1.25, 1.25, 0], "texture": "#0"}
			}
		},
		{
			"from": [7.90673, 15.52131, 30.32555],
			"to": [8.20643, 22.01481, 30.62525],
			"rotation": {"angle": 0, "axis": "y", "origin": [1.42063, 1.03831, 9.27465]},
			"faces": {
				"north": {"uv": [0.375, 0, 0, 8.125], "texture": "#0"},
				"east": {"uv": [0.375, 0, 0, 8.125], "texture": "#0"},
				"south": {"uv": [0.375, 0, 0, 8.125], "texture": "#0"},
				"west": {"uv": [0.375, 0, 0, 8.125], "texture": "#0"},
				"up": {"uv": [0, 0.375, 0.375, 0], "texture": "#0"},
				"down": {"uv": [0, 0.375, 0.375, 0], "texture": "#0"}
			}
		},
		{
			"from": [7.50713, -1.46169, -15.12895],
			"to": [8.80583, 2.53431, -13.73035],
			"rotation": {"angle": 0, "axis": "y", "origin": [1.42063, 1.03831, 9.27465]},
			"faces": {
				"north": {"uv": [1.625, 0, 0, 5], "texture": "#0"},
				"east": {"uv": [1.75, 0, 0, 5], "texture": "#0"},
				"south": {"uv": [1.625, 0, 0, 5], "texture": "#0"},
				"west": {"uv": [1.75, 0, 0, 5], "texture": "#0"},
				"up": {"uv": [0, 1.75, 1.625, 0], "texture": "#0"},
				"down": {"uv": [0, 1.75, 1.625, 0], "texture": "#0"}
			}
		},
		{
			"from": [7.70693, 9.02781, -14.82925],
			"to": [8.40623, 15.52131, -14.12995],
			"rotation": {"angle": 0, "axis": "y", "origin": [1.42063, 1.03831, 9.27465]},
			"faces": {
				"north": {"uv": [0.875, 0, 0, 8.125], "texture": "#0"},
				"east": {"uv": [0.875, 0, 0, 8.125], "texture": "#0"},
				"south": {"uv": [0.875, 0, 0, 8.125], "texture": "#0"},
				"west": {"uv": [0.875, 0, 0, 8.125], "texture": "#0"},
				"up": {"uv": [0, 0.875, 0.875, 0], "texture": "#0"},
				"down": {"uv": [0, 0.875, 0.875, 0], "texture": "#0"}
			}
		},
		{
			"from": [7.60703, 2.53431, -15.02905],
			"to": [8.60603, 9.02781, -14.03005],
			"rotation": {"angle": 0, "axis": "y", "origin": [1.42063, 1.03831, 9.27465]},
			"faces": {
				"north": {"uv": [1.25, 0, 0, 8.125], "texture": "#0"},
				"east": {"uv": [1.25, 0, 0, 8.125], "texture": "#0"},
				"south": {"uv": [1.25, 0, 0, 8.125], "texture": "#0"},
				"west": {"uv": [1.25, 0, 0, 8.125], "texture": "#0"},
				"up": {"uv": [0, 1.25, 1.25, 0], "texture": "#0"},
				"down": {"uv": [0, 1.25, 1.25, 0], "texture": "#0"}
			}
		},
		{
			"from": [7.90673, 15.52131, -14.62945],
			"to": [8.20643, 22.01481, -14.32975],
			"rotation": {"angle": 0, "axis": "y", "origin": [1.42063, 1.03831, 9.27465]},
			"faces": {
				"north": {"uv": [0.375, 0, 0, 8.125], "texture": "#0"},
				"east": {"uv": [0.375, 0, 0, 8.125], "texture": "#0"},
				"south": {"uv": [0.375, 0, 0, 8.125], "texture": "#0"},
				"west": {"uv": [0.375, 0, 0, 8.125], "texture": "#0"},
				"up": {"uv": [0, 0.375, 0.375, 0], "texture": "#0"},
				"down": {"uv": [0, 0.375, 0.375, 0], "texture": "#0"}
			}
		},
		{
			"from": [-14.50787, -1.46169, 6.51605],
			"to": [-13.20917, 2.53431, 7.91465],
			"rotation": {"angle": 0, "axis": "y", "origin": [1.42063, 1.03831, 9.27465]},
			"faces": {
				"north": {"uv": [1.625, 0, 0, 5], "texture": "#0"},
				"east": {"uv": [1.75, 0, 0, 5], "texture": "#0"},
				"south": {"uv": [1.625, 0, 0, 5], "texture": "#0"},
				"west": {"uv": [1.75, 0, 0, 5], "texture": "#0"},
				"up": {"uv": [0, 1.75, 1.625, 0], "texture": "#0"},
				"down": {"uv": [0, 1.75, 1.625, 0], "texture": "#0"}
			}
		},
		{
			"from": [-14.30807, 9.02781, 6.81575],
			"to": [-13.60877, 15.52131, 7.51505],
			"rotation": {"angle": 0, "axis": "y", "origin": [1.42063, 1.03831, 9.27465]},
			"faces": {
				"north": {"uv": [0.875, 0, 0, 8.125], "texture": "#0"},
				"east": {"uv": [0.875, 0, 0, 8.125], "texture": "#0"},
				"south": {"uv": [0.875, 0, 0, 8.125], "texture": "#0"},
				"west": {"uv": [0.875, 0, 0, 8.125], "texture": "#0"},
				"up": {"uv": [0, 0.875, 0.875, 0], "texture": "#0"},
				"down": {"uv": [0, 0.875, 0.875, 0], "texture": "#0"}
			}
		},
		{
			"from": [-14.40797, 2.53431, 6.61595],
			"to": [-13.40897, 9.02781, 7.61495],
			"rotation": {"angle": 0, "axis": "y", "origin": [1.42063, 1.03831, 9.27465]},
			"faces": {
				"north": {"uv": [1.25, 0, 0, 8.125], "texture": "#0"},
				"east": {"uv": [1.25, 0, 0, 8.125], "texture": "#0"},
				"south": {"uv": [1.25, 0, 0, 8.125], "texture": "#0"},
				"west": {"uv": [1.25, 0, 0, 8.125], "texture": "#0"},
				"up": {"uv": [0, 1.25, 1.25, 0], "texture": "#0"},
				"down": {"uv": [0, 1.25, 1.25, 0], "texture": "#0"}
			}
		},
		{
			"from": [-14.10827, 15.52131, 7.01555],
			"to": [-13.80857, 22.01481, 7.31525],
			"rotation": {"angle": 0, "axis": "y", "origin": [1.42063, 1.03831, 9.27465]},
			"faces": {
				"north": {"uv": [0.375, 0, 0, 8.125], "texture": "#0"},
				"east": {"uv": [0.375, 0, 0, 8.125], "texture": "#0"},
				"south": {"uv": [0.375, 0, 0, 8.125], "texture": "#0"},
				"west": {"uv": [0.375, 0, 0, 8.125], "texture": "#0"},
				"up": {"uv": [0, 0.375, 0.375, 0], "texture": "#0"},
				"down": {"uv": [0, 0.375, 0.375, 0], "texture": "#0"}
			}
		},
		{
			"from": [30.63213, -1.46169, 5.77605],
			"to": [31.93083, 2.53431, 7.17465],
			"rotation": {"angle": 0, "axis": "y", "origin": [1.42063, 1.03831, 9.27465]},
			"faces": {
				"north": {"uv": [6, 0, 7, 3], "texture": "#0"},
				"east": {"uv": [6, 3, 7, 6], "texture": "#0"},
				"south": {"uv": [6, 6, 7, 9], "texture": "#0"},
				"west": {"uv": [7, 0, 8, 3], "texture": "#0"},
				"up": {"uv": [9, 1, 8, 0], "texture": "#0"},
				"down": {"uv": [2, 8, 1, 9], "texture": "#0"}
			}
		},
		{
			"from": [30.83193, 9.02781, 6.07575],
			"to": [31.53123, 15.52131, 6.77505],
			"rotation": {"angle": 0, "axis": "y", "origin": [1.42063, 1.03831, 9.27465]},
			"faces": {
				"north": {"uv": [3, 4, 4, 8], "texture": "#0"},
				"east": {"uv": [4, 4, 5, 8], "texture": "#0"},
				"south": {"uv": [5, 0, 6, 4], "texture": "#0"},
				"west": {"uv": [5, 4, 6, 8], "texture": "#0"},
				"up": {"uv": [8, 8, 7, 7], "texture": "#0"},
				"down": {"uv": [1, 8, 0, 9], "texture": "#0"}
			}
		},
		{
			"from": [30.73203, 2.53431, 5.87595],
			"to": [31.73103, 9.02781, 6.87495],
			"rotation": {"angle": 0, "axis": "y", "origin": [1.42063, 1.03831, 9.27465]},
			"faces": {
				"north": {"uv": [0, 4, 1, 8], "texture": "#0"},
				"east": {"uv": [4, 0, 5, 4], "texture": "#0"},
				"south": {"uv": [1, 4, 2, 8], "texture": "#0"},
				"west": {"uv": [2, 4, 3, 8], "texture": "#0"},
				"up": {"uv": [8, 6, 7, 5], "texture": "#0"},
				"down": {"uv": [8, 6, 7, 7], "texture": "#0"}
			}
		},
		{
			"from": [31.03173, 15.52131, 6.27555],
			"to": [31.33143, 22.01481, 6.57525],
			"rotation": {"angle": 0, "axis": "y", "origin": [1.42063, 1.03831, 9.27465]},
			"faces": {
				"north": {"uv": [0, 0, 1, 4], "texture": "#0"},
				"east": {"uv": [1, 0, 2, 4], "texture": "#0"},
				"south": {"uv": [2, 0, 3, 4], "texture": "#0"},
				"west": {"uv": [3, 0, 4, 4], "texture": "#0"},
				"up": {"uv": [8, 4, 7, 3], "texture": "#0"},
				"down": {"uv": [8, 4, 7, 5], "texture": "#0"}
			}
		},
		{
			"from": [-10.99287, -1.46169, 15.21105],
			"to": [-9.69417, 2.53431, 16.60965],
			"rotation": {"angle": 0, "axis": "y", "origin": [1.42063, 1.03831, 9.27465]},
			"faces": {
				"north": {"uv": [1.625, 0, 0, 5], "texture": "#0"},
				"east": {"uv": [1.75, 0, 0, 5], "texture": "#0"},
				"south": {"uv": [1.625, 0, 0, 5], "texture": "#0"},
				"west": {"uv": [1.75, 0, 0, 5], "texture": "#0"},
				"up": {"uv": [0, 1.75, 1.625, 0], "texture": "#0"},
				"down": {"uv": [0, 1.75, 1.625, 0], "texture": "#0"}
			}
		},
		{
			"from": [-10.89297, 2.53431, 15.31095],
			"to": [-9.89397, 9.02781, 16.30995],
			"rotation": {"angle": 0, "axis": "y", "origin": [1.42063, 1.03831, 9.27465]},
			"faces": {
				"north": {"uv": [1.25, 0, 0, 8.125], "texture": "#0"},
				"east": {"uv": [1.25, 0, 0, 8.125], "texture": "#0"},
				"south": {"uv": [1.25, 0, 0, 8.125], "texture": "#0"},
				"west": {"uv": [1.25, 0, 0, 8.125], "texture": "#0"},
				"up": {"uv": [0, 1.25, 1.25, 0], "texture": "#0"},
				"down": {"uv": [0, 1.25, 1.25, 0], "texture": "#0"}
			}
		},
		{
			"from": [-10.79307, 9.02781, 15.51075],
			"to": [-10.09377, 15.52131, 16.21005],
			"rotation": {"angle": 0, "axis": "y", "origin": [1.42063, 1.03831, 9.27465]},
			"faces": {
				"north": {"uv": [0.875, 0, 0, 8.125], "texture": "#0"},
				"east": {"uv": [0.875, 0, 0, 8.125], "texture": "#0"},
				"south": {"uv": [0.875, 0, 0, 8.125], "texture": "#0"},
				"west": {"uv": [0.875, 0, 0, 8.125], "texture": "#0"},
				"up": {"uv": [0, 0.875, 0.875, 0], "texture": "#0"},
				"down": {"uv": [0, 0.875, 0.875, 0], "texture": "#0"}
			}
		},
		{
			"from": [-10.59327, 15.52131, 15.71055],
			"to": [-10.29357, 22.01481, 16.01025],
			"rotation": {"angle": 0, "axis": "y", "origin": [1.42063, 1.03831, 9.27465]},
			"faces": {
				"north": {"uv": [0.375, 0, 0, 8.125], "texture": "#0"},
				"east": {"uv": [0.375, 0, 0, 8.125], "texture": "#0"},
				"south": {"uv": [0.375, 0, 0, 8.125], "texture": "#0"},
				"west": {"uv": [0.375, 0, 0, 8.125], "texture": "#0"},
				"up": {"uv": [0, 0.375, 0.375, 0], "texture": "#0"},
				"down": {"uv": [0, 0.375, 0.375, 0], "texture": "#0"}
			}
		}
	],
	"display": {
		"thirdperson_righthand": {
			"rotation": [90, 0, 0],
			"translation": [-6.25, 1.5, -5.75],
			"scale": [1, 2.05, 1]
		},
		"thirdperson_lefthand": {
			"rotation": [90, 0, 0],
			"translation": [-6.25, 1.5, -5.75],
			"scale": [1, 2.05, 1]
		},
		"head": {
			"translation": [0, -26.75, 0],
			"scale": [1.7, 1.73, 1.7]
		}
	}
}