{
	"parent": "item/generated",
	"textures": {
		"layer0": "item/golden_hoe"
	},
	
	"overrides": [
		{"predicate": {"custom_model_data":1}, "model": "item/devils_eye"},
		{"predicate": {"custom_model_data":2}, "model": "item/devils_eye_vex"},
		{"predicate": {"custom_model_data":3}, "model": "item/hell_worm"},
		{"predicate": {"custom_model_data":4}, "model": "item/warrior_model"},
		{"predicate": {"custom_model_data":5}, "model": "item/mage_model"},
		{"predicate": {"custom_model_data":6}, "model": "item/rouge_model"},
		{"predicate": {"custom_model_data":7}, "model": "item/werewolf_model"},
		{"predicate": {"custom_model_data":8}, "model": "item/infosign"},
		{"predicate": {"custom_model_data":9}, "model": "item/rulesign"},
		{"predicate": {"custom_model_data":10}, "model": "item/portal"},
		{"predicate": {"custom_model_data":11}, "model": "item/warrior_golden_helmet"},
		{"predicate": {"custom_model_data":12}, "model": "item/bomb"},
		{"predicate": {"custom_model_data":13}, "model": "item/kiwaki"},
		{"predicate": {"custom_model_data":14}, "model": "item/mastitel"},
		{"predicate": {"custom_model_data":15}, "model": "item/histmy"},
		{"predicate": {"custom_model_data":16}, "model": "item/martym"},
		{"predicate": {"custom_model_data":17}, "model": "item/hazard_crystal_a"},
		{"predicate": {"custom_model_data":18}, "model": "item/hazard_crystal_b"},
		{"predicate": {"custom_model_data":19}, "model": "item/hazard_crystal_c"},
		{"predicate": {"custom_model_data":20}, "model": "item/devils_deahman_body_idle"},
		{"predicate": {"custom_model_data":21}, "model": "item/devils_deahman_body_walk1"},
		{"predicate": {"custom_model_data":22}, "model": "item/devils_deahman_body_walk2"},
		{"predicate": {"custom_model_data":23}, "model": "item/devils_deahman_head"},
		{"predicate": {"custom_model_data":24}, "model": "item/freeze_spikes"},
		{"predicate": {"custom_model_data":25}, "model": "item/storm_shield"},
		{"predicate": {"custom_model_data":26}, "model": "item/meteor"},
		{"predicate": {"custom_model_data":27}, "model": "item/rouges_bandana"},
		{"predicate": {"custom_model_data":28}, "model": "item/boar"},
		{"predicate": {"custom_model_data":29}, "model": "item/boar_walk1"},
		{"predicate": {"custom_model_data":30}, "model": "item/boar_walk2"},
		{"predicate": {"custom_model_data":31}, "model": "item/fallen_angel"},
		{"predicate": {"custom_model_data":32}, "model": "item/hoodie2"},
		{"predicate": {"custom_model_data":33}, "model": "item/fighter_helmet"}
	]
}