{
	"credit": "Made with Blockbench",
	"texture_size": [64, 64],
	"textures": {
		"0": "custom/hammer",
		"particle": "custom/hammer"
	},
	"elements": [
		{
			"from": [5.5, 0, 7.25],
			"to": [7.5, 21.75, 9.375],
			"faces": {
				"north": {"uv": [0, 6.5, 0.5, 12], "texture": "#0"},
				"east": {"uv": [6.5, 0, 7, 5.5], "texture": "#0"},
				"south": {"uv": [0.5, 6.5, 1, 12], "texture": "#0"},
				"west": {"uv": [1, 6.5, 1.5, 12], "texture": "#0"},
				"up": {"uv": [7.5, 0.5, 7, 0], "texture": "#0"},
				"down": {"uv": [7.5, 0.5, 7, 1], "texture": "#0"}
			}
		},
		{
			"from": [-0.125, 13.125, 5.75],
			"to": [12.5, 20.5, 10.625],
			"faces": {
				"north": {"uv": [0, 0, 3.25, 1.75], "texture": "#0"},
				"east": {"uv": [1.5, 6.5, 2.75, 8.25], "texture": "#0"},
				"south": {"uv": [0, 1.75, 3.25, 3.5], "texture": "#0"},
				"west": {"uv": [2.75, 6.5, 4, 8.25], "texture": "#0"},
				"up": {"uv": [3.25, 6.5, 0, 5.25], "texture": "#0"},
				"down": {"uv": [6.5, 5.25, 3.25, 6.5], "texture": "#0"}
			}
		},
		{
			"from": [0.125, 13.375, 5.5],
			"to": [12.125, 20.25, 5.75],
			"faces": {
				"north": {"uv": [3.25, 0, 6.25, 1.75], "texture": "#0"},
				"east": {"uv": [6, 3.5, 6.25, 5.25], "texture": "#0"},
				"south": {"uv": [3.25, 1.75, 6.25, 3.5], "texture": "#0"},
				"west": {"uv": [6.25, 0, 6.5, 1.75], "texture": "#0"},
				"up": {"uv": [7, 6.75, 4, 6.5], "texture": "#0"},
				"down": {"uv": [9.5, 5.5, 6.5, 5.75], "texture": "#0"}
			}
		},
		{
			"from": [0.125, 13.375, 10.625],
			"to": [12.125, 20.25, 10.875],
			"faces": {
				"north": {"uv": [0, 3.5, 3, 5.25], "texture": "#0"},
				"east": {"uv": [6.25, 1.75, 6.5, 3.5], "texture": "#0"},
				"south": {"uv": [3, 3.5, 6, 5.25], "texture": "#0"},
				"west": {"uv": [6.25, 3.5, 6.5, 5.25], "texture": "#0"},
				"up": {"uv": [9.5, 6, 6.5, 5.75], "texture": "#0"},
				"down": {"uv": [9.5, 6, 6.5, 6.25], "texture": "#0"}
			}
		},
		{
			"from": [5, 1.5, 6.625],
			"to": [8, 2.75, 10],
			"faces": {
				"north": {"uv": [6.5, 6.25, 7.25, 6.5], "texture": "#0"},
				"east": {"uv": [7, 1, 7.75, 1.25], "texture": "#0"},
				"south": {"uv": [7, 1.25, 7.75, 1.5], "texture": "#0"},
				"west": {"uv": [7, 1.5, 7.75, 1.75], "texture": "#0"},
				"up": {"uv": [4.75, 7.5, 4, 6.75], "texture": "#0"},
				"down": {"uv": [5.5, 6.75, 4.75, 7.5], "texture": "#0"}
			}
		},
		{
			"from": [5, 19.75, 6.625],
			"to": [8, 21, 10],
			"faces": {
				"north": {"uv": [7, 1.75, 7.75, 2], "texture": "#0"},
				"east": {"uv": [7, 2, 7.75, 2.25], "texture": "#0"},
				"south": {"uv": [7, 2.25, 7.75, 2.5], "texture": "#0"},
				"west": {"uv": [7, 2.5, 7.75, 2.75], "texture": "#0"},
				"up": {"uv": [6.25, 7.5, 5.5, 6.75], "texture": "#0"},
				"down": {"uv": [7, 6.75, 6.25, 7.5], "texture": "#0"}
			}
		}
	],
	"display": {
		"thirdperson_righthand": {
			"rotation": [0, 90, 0],
			"translation": [-0.5, 1.5, 0.5],
			"scale": [1, 1.3, 1.13]
		},
		"thirdperson_lefthand": {
			"rotation": [0, 90, 0],
			"translation": [-0.5, 1.5, 3.25],
			"scale": [1, 1.3, 1.13]
		},
		"firstperson_righthand": {
			"rotation": [0, 90, 0],
			"translation": [-0.5, 1.5, 0.5],
			"scale": [1, 1.3, 1.13]
		},
		"firstperson_lefthand": {
			"rotation": [0, 90, 0],
			"translation": [1.5, 1.5, 0.5],
			"scale": [1, 1.3, 1.13]
		},
		"gui": {
			"rotation": [-1, 9, -56],
			"translation": [-1.5, -2.5, 0.5],
			"scale": [0.83, 0.86, 0.82]
		}
	}
}