{
	"credit": "Made with Blockbench",
	"texture_size": [64, 64],
	"textures": {
		"0": "custom/hazard_crystal_c",
		"particle": "custom/hazard_crystal_c"
	},
	"elements": [
		{
			"from": [7.375, 0, 6.5],
			"to": [8, 30.125, 7],
			"faces": {
				"north": {"uv": [5.75, 6.5, 6, 14], "texture": "#0"},
				"east": {"uv": [0, 8.5, 0.25, 16], "texture": "#0"},
				"south": {"uv": [0.25, 8.5, 0.5, 16], "texture": "#0"},
				"west": {"uv": [0.5, 8.5, 0.75, 16], "texture": "#0"},
				"up": {"uv": [5.25, 3.25, 5, 3], "texture": "#0"},
				"down": {"uv": [5.25, 3.25, 5, 3.5], "texture": "#0"}
			}
		},
		{
			"from": [6.875, 1.75, 5.75],
			"to": [8.5, 28.5, 7.75],
			"faces": {
				"north": {"uv": [5.25, 6.5, 5.75, 13.25], "texture": "#0"},
				"east": {"uv": [7, 5.75, 7.5, 12.5], "texture": "#0"},
				"south": {"uv": [7.5, 5.75, 8, 12.5], "texture": "#0"},
				"west": {"uv": [8, 5.75, 8.5, 12.5], "texture": "#0"},
				"up": {"uv": [5.5, 2.5, 5, 2], "texture": "#0"},
				"down": {"uv": [5.5, 2.5, 5, 3], "texture": "#0"}
			}
		},
		{
			"from": [5.875, 5.75, 4.875],
			"to": [9.375, 25.875, 8.5],
			"faces": {
				"north": {"uv": [6, 0, 7, 5], "texture": "#0"},
				"east": {"uv": [6, 5, 7, 10], "texture": "#0"},
				"south": {"uv": [1.5, 6.5, 2.5, 11.5], "texture": "#0"},
				"west": {"uv": [2.5, 6.5, 3.5, 11.5], "texture": "#0"},
				"up": {"uv": [6, 1, 5, 0], "texture": "#0"},
				"down": {"uv": [6, 1, 5, 2], "texture": "#0"}
			}
		},
		{
			"from": [4.375, 7.5, 3.375],
			"to": [11.375, 24.125, 9.625],
			"faces": {
				"north": {"uv": [0, 0, 1.75, 4.25], "texture": "#0"},
				"east": {"uv": [3.5, 0, 5, 4.25], "texture": "#0"},
				"south": {"uv": [1.75, 0, 3.5, 4.25], "texture": "#0"},
				"west": {"uv": [0, 4.25, 1.5, 8.5], "texture": "#0"},
				"up": {"uv": [10.25, 7.25, 8.5, 5.75], "texture": "#0"},
				"down": {"uv": [10.25, 7.25, 8.5, 8.75], "texture": "#0"}
			}
		},
		{
			"from": [3.625, 11, 2.75],
			"to": [12.25, 20.25, 10.125],
			"faces": {
				"north": {"uv": [1.5, 4.25, 3.75, 6.5], "texture": "#0"},
				"east": {"uv": [3.5, 6.5, 5.25, 8.75], "texture": "#0"},
				"south": {"uv": [3.75, 4.25, 6, 6.5], "texture": "#0"},
				"west": {"uv": [7, 0, 8.75, 2.25], "texture": "#0"},
				"up": {"uv": [9.25, 4, 7, 2.25], "texture": "#0"},
				"down": {"uv": [9.25, 4, 7, 5.75], "texture": "#0"}
			}
		}
	]
}