{
	"credit": "Made with Blockbench",
	"texture_size": [32, 32],
	"textures": {
		"0": "custom/hell_worm",
		"particle": "custom/hell_worm"
	},
	"elements": [
		{
			"from": [4.75, 0, 7.875],
			"to": [8.625, 1.375, 11.875],
			"faces": {
				"north": {"uv": [7, 5, 9, 5.5], "texture": "#0"},
				"east": {"uv": [7, 5.5, 9, 6], "texture": "#0"},
				"south": {"uv": [7, 6, 9, 6.5], "texture": "#0"},
				"west": {"uv": [7, 6.5, 9, 7], "texture": "#0"},
				"up": {"uv": [2, 5, 0, 3], "texture": "#0"},
				"down": {"uv": [4, 3, 2, 5], "texture": "#0"}
			}
		},
		{
			"from": [4.125, 0, 5.25],
			"to": [8.125, 1.75, 10.75],
			"faces": {
				"north": {"uv": [0, 7, 2, 8], "texture": "#0"},
				"east": {"uv": [5.5, 0, 8.5, 1], "texture": "#0"},
				"south": {"uv": [2, 7, 4, 8], "texture": "#0"},
				"west": {"uv": [5.5, 1, 8.5, 2], "texture": "#0"},
				"up": {"uv": [2, 3, 0, 0], "texture": "#0"},
				"down": {"uv": [4, 0, 2, 3], "texture": "#0"}
			}
		},
		{
			"from": [4.5, 0, 2],
			"to": [7.75, 2.125, 7.25],
			"faces": {
				"north": {"uv": [4, 7, 5.5, 8], "texture": "#0"},
				"east": {"uv": [5.5, 2, 8, 3], "texture": "#0"},
				"south": {"uv": [7, 4, 8.5, 5], "texture": "#0"},
				"west": {"uv": [5.5, 3, 8, 4], "texture": "#0"},
				"up": {"uv": [5.5, 2.5, 4, 0], "texture": "#0"},
				"down": {"uv": [5.5, 2.5, 4, 5], "texture": "#0"}
			}
		},
		{
			"from": [6.875, 0, 0],
			"to": [7.5, 0.625, 2],
			"faces": {
				"north": {"uv": [5, 9, 5.5, 9.5], "texture": "#0"},
				"east": {"uv": [7, 8, 8.5, 8.5], "texture": "#0"},
				"south": {"uv": [9, 5, 9.5, 5.5], "texture": "#0"},
				"west": {"uv": [0, 8.5, 1.5, 9], "texture": "#0"},
				"up": {"uv": [9, 1.5, 8.5, 0], "texture": "#0"},
				"down": {"uv": [2, 8.5, 1.5, 10], "texture": "#0"}
			}
		},
		{
			"from": [4.875, 0, 0],
			"to": [5.5, 0.625, 2],
			"faces": {
				"north": {"uv": [5.5, 9, 6, 9.5], "texture": "#0"},
				"east": {"uv": [8.5, 1.5, 10, 2], "texture": "#0"},
				"south": {"uv": [9, 5.5, 9.5, 6], "texture": "#0"},
				"west": {"uv": [2, 8.5, 3.5, 9], "texture": "#0"},
				"up": {"uv": [4, 10, 3.5, 8.5], "texture": "#0"},
				"down": {"uv": [4.5, 8.5, 4, 10], "texture": "#0"}
			}
		},
		{
			"from": [5.875, 1.75, 3],
			"to": [6.5, 2.375, 5.5],
			"faces": {
				"north": {"uv": [9, 6, 9.5, 6.5], "texture": "#0"},
				"east": {"uv": [8.5, 4, 10, 4.5], "texture": "#0"},
				"south": {"uv": [9, 6.5, 9.5, 7], "texture": "#0"},
				"west": {"uv": [4.5, 8.5, 6, 9], "texture": "#0"},
				"up": {"uv": [6.5, 10, 6, 8.5], "texture": "#0"},
				"down": {"uv": [7, 8.5, 6.5, 10], "texture": "#0"}
			}
		},
		{
			"from": [5.875, 1.375, 7.5],
			"to": [6.5, 2, 10],
			"faces": {
				"north": {"uv": [7, 9, 7.5, 9.5], "texture": "#0"},
				"east": {"uv": [8.5, 4.5, 10, 5], "texture": "#0"},
				"south": {"uv": [9, 7, 9.5, 7.5], "texture": "#0"},
				"west": {"uv": [7, 8.5, 8.5, 9], "texture": "#0"},
				"up": {"uv": [9, 9.5, 8.5, 8], "texture": "#0"},
				"down": {"uv": [0.5, 9, 0, 10.5], "texture": "#0"}
			}
		},
		{
			"from": [5.5, 1, 15.375],
			"to": [6.125, 1.625, 17.875],
			"faces": {
				"north": {"uv": [7.5, 9, 8, 9.5], "texture": "#0"},
				"east": {"uv": [9, 0, 10.5, 0.5], "texture": "#0"},
				"south": {"uv": [9, 7.5, 9.5, 8], "texture": "#0"},
				"west": {"uv": [9, 0.5, 10.5, 1], "texture": "#0"},
				"up": {"uv": [1, 10.5, 0.5, 9], "texture": "#0"},
				"down": {"uv": [1.5, 9, 1, 10.5], "texture": "#0"}
			}
		},
		{
			"from": [6.125, 0.875, 12.875],
			"to": [6.75, 1.5, 14.125],
			"faces": {
				"north": {"uv": [5.5, 4, 6, 4.5], "texture": "#0"},
				"east": {"uv": [5.5, 4.5, 6, 5], "texture": "#0"},
				"south": {"uv": [5.5, 7, 6, 7.5], "texture": "#0"},
				"west": {"uv": [5.5, 7.5, 6, 8], "texture": "#0"},
				"up": {"uv": [3.5, 9.5, 3, 9], "texture": "#0"},
				"down": {"uv": [5, 9, 4.5, 9.5], "texture": "#0"}
			}
		},
		{
			"from": [4.25, 0, 10.15],
			"to": [7.625, 1.125, 14.15],
			"faces": {
				"north": {"uv": [8, 3, 9.5, 3.5], "texture": "#0"},
				"east": {"uv": [7, 7, 9, 7.5], "texture": "#0"},
				"south": {"uv": [8, 3.5, 9.5, 4], "texture": "#0"},
				"west": {"uv": [7, 7.5, 9, 8], "texture": "#0"},
				"up": {"uv": [1.5, 7, 0, 5], "texture": "#0"},
				"down": {"uv": [3, 5, 1.5, 7], "texture": "#0"}
			}
		},
		{
			"from": [5.125, 0, 12.4],
			"to": [8, 1.25, 16.4],
			"faces": {
				"north": {"uv": [4, 8, 5.5, 8.5], "texture": "#0"},
				"east": {"uv": [0, 8, 2, 8.5], "texture": "#0"},
				"south": {"uv": [5.5, 8, 7, 8.5], "texture": "#0"},
				"west": {"uv": [2, 8, 4, 8.5], "texture": "#0"},
				"up": {"uv": [4.5, 7, 3, 5], "texture": "#0"},
				"down": {"uv": [6, 5, 4.5, 7], "texture": "#0"}
			}
		},
		{
			"from": [4.625, 0, 14.4],
			"to": [6.875, 1.375, 18.775],
			"faces": {
				"north": {"uv": [9, 1, 10, 1.5], "texture": "#0"},
				"east": {"uv": [8, 2, 10, 2.5], "texture": "#0"},
				"south": {"uv": [2, 9, 3, 9.5], "texture": "#0"},
				"west": {"uv": [8, 2.5, 10, 3], "texture": "#0"},
				"up": {"uv": [7, 6, 6, 4], "texture": "#0"},
				"down": {"uv": [7, 6, 6, 8], "texture": "#0"}
			}
		}
	],
	"display": {
		"thirdperson_righthand": {
			"rotation": [0, 90, 55],
			"translation": [0, 4, 2.5],
			"scale": [0.85, 0.85, 0.85]
		},
		"thirdperson_lefthand": {
			"rotation": [0, -90, -55],
			"translation": [0, 4, 2.5],
			"scale": [0.85, 0.85, 0.85]
		},
		"firstperson_righthand": {
			"rotation": [0, 90, 25],
			"translation": [0, 6.6, 0.8],
			"scale": [0.68, 0.68, 0.68]
		},
		"firstperson_lefthand": {
			"rotation": [0, 98, -25],
			"translation": [0, 6.85, 0.8],
			"scale": [0.68, 0.68, 0.68]
		},
		"gui": {
			"rotation": [33, 65, 0],
			"translation": [-0.25, 7.5, 0]
		},
		"head": {
			"translation": [4.25, -23, -1.5],
			"scale": [2.28, 2.33, 2.42]
		}
	}
}