{
	"credit": "Made with Blockbench",
	"textures": {
		"1": "custom/histmy",
		"particle": "custom/histmy"
	},
	"elements": [
		{
			"name": "body",
			"from": [4, 11.5, 6],
			"to": [12, 23.5, 10],
			"rotation": {"angle": 0, "axis": "y", "origin": [0, 7.75, 0]},
			"faces": {
				"north": {"uv": [5, 5, 7, 7.98], "texture": "#1"},
				"east": {"uv": [4, 5, 5, 8], "texture": "#1"},
				"south": {"uv": [8, 5, 10, 8], "texture": "#1"},
				"west": {"uv": [7, 5, 8, 7.98], "texture": "#1"},
				"up": {"uv": [7, 5, 5, 4], "texture": "#1"},
				"down": {"uv": [9, 4, 7, 5], "texture": "#1"}
			}
		},
		{
			"name": "head",
			"from": [4, 23.5, 2.75],
			"to": [12, 31.5, 10.75],
			"rotation": {"angle": -45, "axis": "x", "origin": [8, 27.5, 8]},
			"faces": {
				"north": {"uv": [2, 2, 4, 4], "texture": "#1"},
				"east": {"uv": [0, 2, 2, 4], "texture": "#1"},
				"south": {"uv": [6, 2, 8, 4], "texture": "#1"},
				"west": {"uv": [4, 2, 6, 4], "texture": "#1"},
				"up": {"uv": [4, 2, 2, 0], "texture": "#1"},
				"down": {"uv": [6, 0, 4, 2], "texture": "#1"}
			}
		},
		{
			"name": "head_2nd_layer",
			"from": [3.5, 23, 2.25],
			"to": [12.5, 32, 11.25],
			"rotation": {"angle": -45, "axis": "x", "origin": [8, 27.5, 8]},
			"faces": {
				"north": {"uv": [10, 2, 12, 4], "texture": "#1"},
				"east": {"uv": [8, 2, 10, 4], "texture": "#1"},
				"south": {"uv": [14, 2, 16, 4], "texture": "#1"},
				"west": {"uv": [12, 2, 14, 4], "texture": "#1"},
				"up": {"uv": [12, 2, 10, 0], "texture": "#1"},
				"down": {"uv": [14, 0, 12, 2], "texture": "#1"}
			}
		},
		{
			"name": "body_2nd_layer",
			"from": [4, 11.02, 5.5],
			"to": [12, 24.03, 10.5],
			"rotation": {"angle": 0, "axis": "y", "origin": [0, 7.75, 0]},
			"faces": {
				"north": {"uv": [5, 9, 7, 12], "texture": "#1"},
				"east": {"uv": [4, 9, 5, 12], "texture": "#1"},
				"south": {"uv": [8, 9, 10, 12], "texture": "#1"},
				"west": {"uv": [7, 9, 8, 12], "texture": "#1"},
				"up": {"uv": [7, 9, 5, 8], "texture": "#1"},
				"down": {"uv": [9, 8, 7, 9], "texture": "#1"}
			}
		},
		{
			"name": "right_arm",
			"from": [11.2475, 23.2525, 6],
			"to": [23.2475, 27.2525, 10],
			"rotation": {"angle": 22.5, "axis": "z", "origin": [13.9975, 25.25, 8]},
			"faces": {
				"north": {"uv": [11, 5, 12, 8], "rotation": 90, "texture": "#1"},
				"east": {"uv": [13, 4, 12, 5], "rotation": 270, "texture": "#1"},
				"south": {"uv": [13, 5, 14, 8], "rotation": 270, "texture": "#1"},
				"west": {"uv": [12, 5, 11, 4], "rotation": 270, "texture": "#1"},
				"up": {"uv": [10, 5, 11, 8], "rotation": 270, "texture": "#1"},
				"down": {"uv": [12, 5, 13, 8], "rotation": 270, "texture": "#1"}
			}
		},
		{
			"name": "right_arm_2nd_layer",
			"from": [10.7475, 22.7525, 5.5],
			"to": [23.7475, 27.7425, 10.5],
			"rotation": {"angle": 22.5, "axis": "z", "origin": [13.9975, 25.25, 8]},
			"faces": {
				"north": {"uv": [11, 9, 12, 12], "rotation": 90, "texture": "#1"},
				"east": {"uv": [13, 8, 12, 9], "rotation": 270, "texture": "#1"},
				"south": {"uv": [13, 9, 14, 12], "rotation": 270, "texture": "#1"},
				"west": {"uv": [12, 9, 11, 8], "rotation": 270, "texture": "#1"},
				"up": {"uv": [10, 9, 11, 12], "rotation": 270, "texture": "#1"},
				"down": {"uv": [12, 9, 13, 12], "rotation": 270, "texture": "#1"}
			}
		},
		{
			"name": "left_arm",
			"from": [1.75, 21.125, 3.625],
			"to": [13.75, 25.125, 7.625],
			"rotation": {"angle": 22.5, "axis": "y", "origin": [1.125, 17.5, 8]},
			"faces": {
				"north": {"uv": [10, 13, 11, 16], "rotation": 90, "texture": "#1"},
				"east": {"uv": [11, 12, 10, 13], "rotation": 180, "texture": "#1"},
				"south": {"uv": [8, 13, 9, 16], "rotation": 270, "texture": "#1"},
				"west": {"uv": [10, 13, 9, 12], "texture": "#1"},
				"up": {"uv": [9, 13, 10, 16], "rotation": 270, "texture": "#1"},
				"down": {"uv": [11, 13, 12, 16], "rotation": 270, "texture": "#1"}
			}
		},
		{
			"name": "left_arm_2nd_layer",
			"from": [1.25, 20.625, 3.125],
			"to": [14.25, 25.625, 8.125],
			"rotation": {"angle": 22.5, "axis": "y", "origin": [1.125, 17.5, 8]},
			"faces": {
				"north": {"uv": [14, 13, 15, 16], "rotation": 90, "texture": "#1"},
				"east": {"uv": [15, 12, 14, 13], "rotation": 180, "texture": "#1"},
				"south": {"uv": [12, 13, 13, 16], "rotation": 270, "texture": "#1"},
				"west": {"uv": [14, 13, 13, 12], "texture": "#1"},
				"up": {"uv": [13, 13, 14, 16], "rotation": 270, "texture": "#1"},
				"down": {"uv": [15, 13, 16, 16], "rotation": 270, "texture": "#1"}
			}
		},
		{
			"name": "right_leg",
			"from": [8, -0.25, 5.625],
			"to": [12, 11.75, 9.625],
			"rotation": {"angle": 0, "axis": "x", "origin": [8, 5.5, 8]},
			"faces": {
				"north": {"uv": [1, 5, 2, 8], "texture": "#1"},
				"east": {"uv": [0, 5, 1, 8], "texture": "#1"},
				"south": {"uv": [3, 5, 4, 8], "texture": "#1"},
				"west": {"uv": [2, 5, 3, 8], "texture": "#1"},
				"up": {"uv": [2, 5, 1, 4], "texture": "#1"},
				"down": {"uv": [3, 4, 2, 5], "texture": "#1"}
			}
		},
		{
			"name": "right_leg_2nd_layer",
			"from": [7.5, -0.75, 5.125],
			"to": [12.5, 12.25, 10.125],
			"rotation": {"angle": 0, "axis": "x", "origin": [8, 5.5, 8]},
			"faces": {
				"north": {"uv": [1, 9, 2, 12], "texture": "#1"},
				"east": {"uv": [0, 9, 1, 12], "texture": "#1"},
				"south": {"uv": [3, 9, 4, 12], "texture": "#1"},
				"west": {"uv": [2, 9, 3, 12], "texture": "#1"},
				"up": {"uv": [2, 9, 1, 8], "texture": "#1"},
				"down": {"uv": [3, 8, 2, 9], "texture": "#1"}
			}
		},
		{
			"name": "left_leg",
			"from": [4, 7.625, -4.25],
			"to": [8, 11.625, 7.75],
			"rotation": {"angle": 22.5, "axis": "y", "origin": [8, 5.5, 8]},
			"faces": {
				"north": {"uv": [7, 12, 6, 13], "rotation": 180, "texture": "#1"},
				"east": {"uv": [4, 13, 5, 16], "rotation": 270, "texture": "#1"},
				"south": {"uv": [6, 13, 5, 12], "texture": "#1"},
				"west": {"uv": [6, 13, 7, 16], "rotation": 90, "texture": "#1"},
				"up": {"uv": [5, 13, 6, 16], "rotation": 180, "texture": "#1"},
				"down": {"uv": [7, 13, 8, 16], "texture": "#1"}
			}
		},
		{
			"name": "left_leg_2nd_layer",
			"from": [3.5, 7.125, -4.75],
			"to": [8.5, 12.125, 8.25],
			"rotation": {"angle": 22.5, "axis": "y", "origin": [8, 5.5, 8]},
			"faces": {
				"north": {"uv": [3, 12, 2, 13], "rotation": 180, "texture": "#1"},
				"east": {"uv": [0, 13, 1, 16], "rotation": 270, "texture": "#1"},
				"south": {"uv": [2, 12, 1, 11], "texture": "#1"},
				"west": {"uv": [2, 13, 3, 16], "rotation": 90, "texture": "#1"},
				"up": {"uv": [1, 13, 2, 16], "rotation": 180, "texture": "#1"},
				"down": {"uv": [3, 13, 4, 16], "texture": "#1"}
			}
		}
	],
	"display": {
		"head": {
			"translation": [0, -29, 0],
			"scale": [1.6, 1.6, 1.6]
		}
	},
	"groups": [
		{
			"name": "steve",
			"origin": [8, 8, 8],
			"color": 0,
			"children": [0, 1, 2, 3, 4, 5, 6, 7, 8, 9, 10, 11]
		}
	]
}