{
	"credit": "Made with Blockbench",
	"texture_size": [128, 128],
	"textures": {
		"0": "custom/cape",
		"particle": "custom/cape"
	},
	"elements": [
		{
			"from": [-1.875, 0, 0],
			"to": [0, 16, 15.875],
			"faces": {
				"north": {"uv": [4.125, 6, 4.375, 8], "texture": "#0"},
				"east": {"uv": [0, 4, 2, 6], "texture": "#0"},
				"south": {"uv": [6, 4.25, 6.25, 6.25], "texture": "#0"},
				"west": {"uv": [2, 4, 4, 6], "texture": "#0"},
				"up": {"uv": [4.625, 8, 4.375, 6], "texture": "#0"},
				"down": {"uv": [4.875, 6, 4.625, 8], "texture": "#0"}
			}
		},
		{
			"from": [-0.375, 16, 0],
			"to": [16.5, 17.75, 15.875],
			"faces": {
				"north": {"uv": [4.25, 3.75, 6.375, 4], "texture": "#0"},
				"east": {"uv": [0, 6.25, 2, 6.5], "texture": "#0"},
				"south": {"uv": [0, 6, 2.125, 6.25], "texture": "#0"},
				"west": {"uv": [6.25, 0, 8.25, 0.25], "texture": "#0"},
				"up": {"uv": [2.125, 2, 0, 0], "texture": "#0"},
				"down": {"uv": [2.125, 2, 0, 4], "texture": "#0"}
			}
		},
		{
			"from": [-0.375, 0, 14.75],
			"to": [16.5, 16, 16],
			"faces": {
				"north": {"uv": [2.125, 0, 4.25, 2], "texture": "#0"},
				"east": {"uv": [5.875, 6, 6, 8], "texture": "#0"},
				"south": {"uv": [2.125, 2, 4.25, 4], "texture": "#0"},
				"west": {"uv": [6.25, 0.5, 6.375, 2.5], "texture": "#0"},
				"up": {"uv": [8.375, 0.375, 6.25, 0.25], "texture": "#0"},
				"down": {"uv": [8.375, 0.375, 6.25, 0.5], "texture": "#0"}
			}
		},
		{
			"from": [13.375, 9, 0.875],
			"to": [16.125, 16, 3.25],
			"faces": {
				"north": {"uv": [4.25, 2, 6.25, 2.875], "texture": "#0"},
				"east": {"uv": [2, 6.25, 2.25, 7.125], "texture": "#0"},
				"south": {"uv": [4.25, 2.875, 6.25, 3.75], "texture": "#0"},
				"west": {"uv": [2.25, 6.25, 2.5, 7.125], "texture": "#0"},
				"up": {"uv": [4.125, 6.25, 2.125, 6], "texture": "#0"},
				"down": {"uv": [8, 4, 6, 4.25], "texture": "#0"}
			}
		},
		{
			"from": [0, 9, 0.875],
			"to": [2.75, 16, 3.25],
			"faces": {
				"north": {"uv": [4.25, 2, 6.25, 2.875], "texture": "#0"},
				"east": {"uv": [2, 6.25, 2.25, 7.125], "texture": "#0"},
				"south": {"uv": [4.25, 2.875, 6.25, 3.75], "texture": "#0"},
				"west": {"uv": [2.25, 6.25, 2.5, 7.125], "texture": "#0"},
				"up": {"uv": [4.125, 6.25, 2.125, 6], "texture": "#0"},
				"down": {"uv": [8, 4, 6, 4.25], "texture": "#0"}
			}
		},
		{
			"from": [2.75, 15.25, 0.875],
			"to": [13.375, 16, 3.25],
			"faces": {
				"north": {"uv": [4.25, 2, 6.25, 2.875], "texture": "#0"},
				"east": {"uv": [2, 6.25, 2.25, 7.125], "texture": "#0"},
				"south": {"uv": [4.25, 2.875, 6.25, 3.75], "texture": "#0"},
				"west": {"uv": [2.25, 6.25, 2.5, 7.125], "texture": "#0"},
				"up": {"uv": [4.125, 6.25, 2.125, 6], "texture": "#0"},
				"down": {"uv": [8, 4, 6, 4.25], "texture": "#0"}
			}
		},
		{
			"from": [16.125, 0, 0],
			"to": [18, 16, 15.875],
			"faces": {
				"north": {"uv": [4.875, 6, 5.125, 8], "texture": "#0"},
				"east": {"uv": [4, 4, 6, 6], "texture": "#0"},
				"south": {"uv": [5.125, 6, 5.375, 8], "texture": "#0"},
				"west": {"uv": [4.25, 0, 6.25, 2], "texture": "#0"},
				"up": {"uv": [5.625, 8, 5.375, 6], "texture": "#0"},
				"down": {"uv": [5.875, 6, 5.625, 8], "texture": "#0"}
			}
		}
	],
	"display": {
		"gui": {
			"rotation": [15, 164, 23],
			"translation": [0.5, 0, 0],
			"scale": [0.49, 0.52, 0.48]
		},
		"head": {
			"scale": [0.74, 0.81, 1]
		}
	}
}