{
	"credit": "Made with Blockbench",
	"texture_size": [64, 64],
	"textures": {
		"0": "custom/hoodie",
		"particle": "custom/hoodie"
	},
	"elements": [
		{
			"from": [16, 3.25, 0.5],
			"to": [17, 7.375, 14.875],
			"faces": {
				"north": {"uv": [6.25, 11.5, 6.5, 12.5], "texture": "#0"},
				"east": {"uv": [0, 2, 3.5, 3], "texture": "#0"},
				"south": {"uv": [2.5, 11.75, 2.75, 12.75], "texture": "#0"},
				"west": {"uv": [0, 3, 3.5, 4], "texture": "#0"},
				"up": {"uv": [5.75, 11.25, 5.5, 7.75], "texture": "#0"},
				"down": {"uv": [6, 7.75, 5.75, 11.25], "texture": "#0"}
			}
		},
		{
			"from": [15.375, 7.375, 0.5],
			"to": [16.375, 9.375, 15.125],
			"faces": {
				"north": {"uv": [1.5, 12, 1.75, 12.5], "texture": "#0"},
				"east": {"uv": [4, 1.5, 7.75, 2], "texture": "#0"},
				"south": {"uv": [1.75, 12, 2, 12.5], "texture": "#0"},
				"west": {"uv": [5.75, 4, 9.5, 4.5], "texture": "#0"},
				"up": {"uv": [3.25, 11.5, 3, 7.75], "texture": "#0"},
				"down": {"uv": [3.5, 7.75, 3.25, 11.5], "texture": "#0"}
			}
		},
		{
			"from": [-1.375, 1.375, -0.375],
			"to": [0.625, 3.375, 3.125],
			"faces": {
				"north": {"uv": [5.75, 11.75, 6.25, 12.25], "texture": "#0"},
				"east": {"uv": [7, 2, 10.75, 2.5], "texture": "#0"},
				"south": {"uv": [6.5, 11.75, 7, 12.25], "texture": "#0"},
				"west": {"uv": [7, 2.5, 10.75, 3], "texture": "#0"},
				"up": {"uv": [1.5, 11, 1, 7.25], "texture": "#0"},
				"down": {"uv": [2, 7.25, 1.5, 11], "texture": "#0"}
			}
		},
		{
			"from": [15.5, 1.5, -0.375],
			"to": [17.5, 3.5, 3.125],
			"faces": {
				"north": {"uv": [5.75, 11.75, 6.25, 12.25], "texture": "#0"},
				"east": {"uv": [7, 2, 10.75, 2.5], "texture": "#0"},
				"south": {"uv": [6.5, 11.75, 7, 12.25], "texture": "#0"},
				"west": {"uv": [7, 2.5, 10.75, 3], "texture": "#0"},
				"up": {"uv": [1.5, 11, 1, 7.25], "texture": "#0"},
				"down": {"uv": [2, 7.25, 1.5, 11], "texture": "#0"}
			}
		},
		{
			"from": [15, 9.375, 0.5],
			"to": [15.75, 12.625, 15.375],
			"faces": {
				"north": {"uv": [11, 11.75, 11.25, 12.5], "texture": "#0"},
				"east": {"uv": [4, 0, 7.75, 0.75], "texture": "#0"},
				"south": {"uv": [11.25, 11.75, 11.5, 12.5], "texture": "#0"},
				"west": {"uv": [4, 0.75, 7.75, 1.5], "texture": "#0"},
				"up": {"uv": [2.25, 11.25, 2, 7.5], "texture": "#0"},
				"down": {"uv": [2.5, 7.5, 2.25, 11.25], "texture": "#0"}
			}
		},
		{
			"from": [14, 12.625, 0.5],
			"to": [15.375, 13.5, 15.25],
			"faces": {
				"north": {"uv": [12, 12, 12.25, 12.25], "texture": "#0"},
				"east": {"uv": [2.5, 7.5, 6.25, 7.75], "texture": "#0"},
				"south": {"uv": [4.75, 12.25, 5, 12.5], "texture": "#0"},
				"west": {"uv": [6.25, 7.5, 10, 7.75], "texture": "#0"},
				"up": {"uv": [2.75, 11.5, 2.5, 7.75], "texture": "#0"},
				"down": {"uv": [3, 7.75, 2.75, 11.5], "texture": "#0"}
			}
		},
		{
			"from": [13.5, 12.875, 0.5],
			"to": [14.625, 13.625, 1],
			"faces": {
				"north": {"uv": [12, 12, 12.25, 12.25], "texture": "#0"},
				"east": {"uv": [2.5, 7.5, 6.25, 7.75], "texture": "#0"},
				"south": {"uv": [4.75, 12.25, 5, 12.5], "texture": "#0"},
				"west": {"uv": [6.25, 7.5, 10, 7.75], "texture": "#0"},
				"up": {"uv": [2.75, 11.5, 2.5, 7.75], "texture": "#0"},
				"down": {"uv": [3, 7.75, 2.75, 11.5], "texture": "#0"}
			}
		},
		{
			"from": [13.5, 13, 0.875],
			"to": [14.5, 13.625, 14.875],
			"faces": {
				"north": {"uv": [5, 12.25, 5.25, 12.5], "texture": "#0"},
				"east": {"uv": [7.75, 1.5, 11.25, 1.75], "texture": "#0"},
				"south": {"uv": [5.25, 12.25, 5.5, 12.5], "texture": "#0"},
				"west": {"uv": [7.75, 1.75, 11.25, 2], "texture": "#0"},
				"up": {"uv": [6.25, 11.25, 6, 7.75], "texture": "#0"},
				"down": {"uv": [6.5, 7.75, 6.25, 11.25], "texture": "#0"}
			}
		},
		{
			"from": [6.25, 7.625, 1.5],
			"to": [9.75, 14.375, 2.875],
			"faces": {
				"north": {"uv": [5, 12.25, 5.25, 12.5], "texture": "#0"},
				"east": {"uv": [7.75, 1.5, 11.25, 1.75], "texture": "#0"},
				"south": {"uv": [5.25, 12.25, 5.5, 12.5], "texture": "#0"},
				"west": {"uv": [7.75, 1.75, 11.25, 2], "texture": "#0"},
				"up": {"uv": [6.25, 11.25, 6, 7.75], "texture": "#0"},
				"down": {"uv": [6.5, 7.75, 6.25, 11.25], "texture": "#0"}
			}
		},
		{
			"from": [3.625, 12.25, 1.625],
			"to": [11.625, 14.125, 2.875],
			"faces": {
				"north": {"uv": [5, 12.25, 5.25, 12.5], "texture": "#0"},
				"east": {"uv": [7.75, 1.5, 11.25, 1.75], "texture": "#0"},
				"south": {"uv": [5.25, 12.25, 5.5, 12.5], "texture": "#0"},
				"west": {"uv": [7.75, 1.75, 11.25, 2], "texture": "#0"},
				"up": {"uv": [6.25, 11.25, 6, 7.75], "texture": "#0"},
				"down": {"uv": [6.5, 7.75, 6.25, 11.25], "texture": "#0"}
			}
		},
		{
			"from": [2.75, 12.25, 2],
			"to": [13.125, 13.875, 2.875],
			"faces": {
				"north": {"uv": [5, 12.25, 5.25, 12.5], "texture": "#0"},
				"east": {"uv": [7.75, 1.5, 11.25, 1.75], "texture": "#0"},
				"south": {"uv": [5.25, 12.25, 5.5, 12.5], "texture": "#0"},
				"west": {"uv": [7.75, 1.75, 11.25, 2], "texture": "#0"},
				"up": {"uv": [6.25, 11.25, 6, 7.75], "texture": "#0"},
				"down": {"uv": [6.5, 7.75, 6.25, 11.25], "texture": "#0"}
			}
		},
		{
			"from": [1.125, 12.25, 2.125],
			"to": [15.125, 13.375, 2.875],
			"faces": {
				"north": {"uv": [5, 12.25, 5.25, 12.5], "texture": "#0"},
				"east": {"uv": [7.75, 1.5, 11.25, 1.75], "texture": "#0"},
				"south": {"uv": [5.25, 12.25, 5.5, 12.5], "texture": "#0"},
				"west": {"uv": [7.75, 1.75, 11.25, 2], "texture": "#0"},
				"up": {"uv": [6.25, 11.25, 6, 7.75], "texture": "#0"},
				"down": {"uv": [6.5, 7.75, 6.25, 11.25], "texture": "#0"}
			}
		},
		{
			"from": [3.625, 12.25, 1.625],
			"to": [11.625, 14.125, 2.875],
			"faces": {
				"north": {"uv": [5, 12.25, 5.25, 12.5], "texture": "#0"},
				"east": {"uv": [7.75, 1.5, 11.25, 1.75], "texture": "#0"},
				"south": {"uv": [5.25, 12.25, 5.5, 12.5], "texture": "#0"},
				"west": {"uv": [7.75, 1.75, 11.25, 2], "texture": "#0"},
				"up": {"uv": [6.25, 11.25, 6, 7.75], "texture": "#0"},
				"down": {"uv": [6.5, 7.75, 6.25, 11.25], "texture": "#0"}
			}
		},
		{
			"from": [13.125, 13.375, 0.5],
			"to": [13.625, 13.75, 14.75],
			"faces": {
				"north": {"uv": [5.5, 12.25, 5.75, 12.5], "texture": "#0"},
				"east": {"uv": [6.5, 7.75, 10, 8], "texture": "#0"},
				"south": {"uv": [5.75, 12.25, 6, 12.5], "texture": "#0"},
				"west": {"uv": [6.5, 8, 10, 8.25], "texture": "#0"},
				"up": {"uv": [6.75, 11.75, 6.5, 8.25], "texture": "#0"},
				"down": {"uv": [7, 8.25, 6.75, 11.75], "texture": "#0"}
			}
		},
		{
			"from": [12, 13.625, 0.5],
			"to": [13.25, 14, 14.375],
			"faces": {
				"north": {"uv": [12, 9, 12.25, 9.25], "texture": "#0"},
				"east": {"uv": [7.75, 1, 11.25, 1.25], "texture": "#0"},
				"south": {"uv": [12, 11.75, 12.25, 12], "texture": "#0"},
				"west": {"uv": [7.75, 1.25, 11.25, 1.5], "texture": "#0"},
				"up": {"uv": [5.25, 11.25, 5, 7.75], "texture": "#0"},
				"down": {"uv": [5.5, 7.75, 5.25, 11.25], "texture": "#0"}
			}
		},
		{
			"from": [11.375, 13.75, 0.5],
			"to": [12.375, 14.25, 14],
			"faces": {
				"north": {"uv": [6, 12.25, 6.25, 12.5], "texture": "#0"},
				"east": {"uv": [7, 8.25, 10.5, 8.5], "texture": "#0"},
				"south": {"uv": [6.5, 12.25, 6.75, 12.5], "texture": "#0"},
				"west": {"uv": [7, 8.5, 10.5, 8.75], "texture": "#0"},
				"up": {"uv": [7.25, 12.25, 7, 8.75], "texture": "#0"},
				"down": {"uv": [7.5, 8.75, 7.25, 12.25], "texture": "#0"}
			}
		},
		{
			"from": [10.875, 14, 0.5],
			"to": [11.625, 14.25, 13.75],
			"faces": {
				"north": {"uv": [6.75, 12.25, 7, 12.5], "texture": "#0"},
				"east": {"uv": [9.5, 5.25, 12.75, 5.5], "texture": "#0"},
				"south": {"uv": [7, 12.25, 7.25, 12.5], "texture": "#0"},
				"west": {"uv": [9.5, 6.25, 12.75, 6.5], "texture": "#0"},
				"up": {"uv": [10.25, 12.5, 10, 9.25], "texture": "#0"},
				"down": {"uv": [10.5, 9.25, 10.25, 12.5], "texture": "#0"}
			}
		},
		{
			"from": [9.75, 14.125, 0.5],
			"to": [11, 14.375, 13.375],
			"faces": {
				"north": {"uv": [7.25, 12.25, 7.5, 12.5], "texture": "#0"},
				"east": {"uv": [9.5, 6.5, 12.75, 6.75], "texture": "#0"},
				"south": {"uv": [12.25, 9, 12.5, 9.25], "texture": "#0"},
				"west": {"uv": [9.5, 6.75, 12.75, 7], "texture": "#0"},
				"up": {"uv": [10.75, 12.5, 10.5, 9.25], "texture": "#0"},
				"down": {"uv": [11, 9.25, 10.75, 12.5], "texture": "#0"}
			}
		},
		{
			"from": [-1, 3.25, 0.5],
			"to": [0, 7.375, 14.875],
			"rotation": {"angle": 0, "axis": "y", "origin": [16, 0, 0]},
			"faces": {
				"north": {"uv": [2.75, 11.75, 3, 12.75], "texture": "#0"},
				"east": {"uv": [3.5, 2, 7, 3], "texture": "#0"},
				"south": {"uv": [3, 11.75, 3.25, 12.75], "texture": "#0"},
				"west": {"uv": [3.5, 3, 7, 4], "texture": "#0"},
				"up": {"uv": [9.75, 12.75, 9.5, 9.25], "texture": "#0"},
				"down": {"uv": [10, 9.25, 9.75, 12.75], "texture": "#0"}
			}
		},
		{
			"from": [0.25, 9.375, 0.5],
			"to": [1, 12.625, 15.375],
			"rotation": {"angle": 0, "axis": "y", "origin": [16, 0, 0]},
			"faces": {
				"north": {"uv": [11.5, 11.75, 11.75, 12.5], "texture": "#0"},
				"east": {"uv": [2, 4, 5.75, 4.75], "texture": "#0"},
				"south": {"uv": [11.75, 11.75, 12, 12.5], "texture": "#0"},
				"west": {"uv": [2, 4.75, 5.75, 5.5], "texture": "#0"},
				"up": {"uv": [4.75, 11.5, 4.5, 7.75], "texture": "#0"},
				"down": {"uv": [5, 7.75, 4.75, 11.5], "texture": "#0"}
			}
		},
		{
			"from": [0.625, 12.625, 0.5],
			"to": [2, 13.5, 15.25],
			"rotation": {"angle": 0, "axis": "y", "origin": [16, 0, 0]},
			"faces": {
				"north": {"uv": [4.75, 12.5, 5, 12.75], "texture": "#0"},
				"east": {"uv": [7.75, 0, 11.5, 0.25], "texture": "#0"},
				"south": {"uv": [5, 12.5, 5.25, 12.75], "texture": "#0"},
				"west": {"uv": [7.75, 0.25, 11.5, 0.5], "texture": "#0"},
				"up": {"uv": [4.25, 11.5, 4, 7.75], "texture": "#0"},
				"down": {"uv": [4.5, 7.75, 4.25, 11.5], "texture": "#0"}
			}
		},
		{
			"from": [-0.375, 7.375, 0.5],
			"to": [0.625, 9.375, 15.125],
			"rotation": {"angle": 0, "axis": "y", "origin": [16, 0, 0]},
			"faces": {
				"north": {"uv": [2, 12, 2.25, 12.5], "texture": "#0"},
				"east": {"uv": [5.75, 4.5, 9.5, 5], "texture": "#0"},
				"south": {"uv": [2.25, 12, 2.5, 12.5], "texture": "#0"},
				"west": {"uv": [5.75, 5, 9.5, 5.5], "texture": "#0"},
				"up": {"uv": [3.75, 11.5, 3.5, 7.75], "texture": "#0"},
				"down": {"uv": [4, 7.75, 3.75, 11.5], "texture": "#0"}
			}
		},
		{
			"from": [1.5, 13.25, 0.5],
			"to": [2.5, 13.875, 14.875],
			"rotation": {"angle": 0, "axis": "y", "origin": [16, 0, 0]},
			"faces": {
				"north": {"uv": [4.25, 12.5, 4.5, 12.75], "texture": "#0"},
				"east": {"uv": [9.25, 3.25, 12.75, 3.5], "texture": "#0"},
				"south": {"uv": [4.5, 12.5, 4.75, 12.75], "texture": "#0"},
				"west": {"uv": [9.25, 3.5, 12.75, 3.75], "texture": "#0"},
				"up": {"uv": [9.25, 12.75, 9, 9.25], "texture": "#0"},
				"down": {"uv": [9.5, 9.25, 9.25, 12.75], "texture": "#0"}
			}
		},
		{
			"from": [2.375, 13.375, 0.5],
			"to": [2.875, 13.75, 14.75],
			"rotation": {"angle": 0, "axis": "y", "origin": [16, 0, 0]},
			"faces": {
				"north": {"uv": [3.75, 12.5, 4, 12.75], "texture": "#0"},
				"east": {"uv": [8.5, 9, 12, 9.25], "texture": "#0"},
				"south": {"uv": [4, 12.5, 4.25, 12.75], "texture": "#0"},
				"west": {"uv": [9.25, 3, 12.75, 3.25], "texture": "#0"},
				"up": {"uv": [8.75, 12.75, 8.5, 9.25], "texture": "#0"},
				"down": {"uv": [9, 9.25, 8.75, 12.75], "texture": "#0"}
			}
		},
		{
			"from": [2.75, 13.625, 0.5],
			"to": [4, 14, 14.375],
			"rotation": {"angle": 0, "axis": "y", "origin": [16, 0, 0]},
			"faces": {
				"north": {"uv": [2, 12.5, 2.25, 12.75], "texture": "#0"},
				"east": {"uv": [9, 5.75, 12.5, 6], "texture": "#0"},
				"south": {"uv": [2.25, 12.5, 2.5, 12.75], "texture": "#0"},
				"west": {"uv": [9, 6, 12.5, 6.25], "texture": "#0"},
				"up": {"uv": [8.25, 12.5, 8, 9], "texture": "#0"},
				"down": {"uv": [8.5, 9, 8.25, 12.5], "texture": "#0"}
			}
		},
		{
			"from": [3.625, 13.75, 0.5],
			"to": [4.625, 14.25, 14],
			"rotation": {"angle": 0, "axis": "y", "origin": [16, 0, 0]},
			"faces": {
				"north": {"uv": [1.5, 12.5, 1.75, 12.75], "texture": "#0"},
				"east": {"uv": [7.5, 8.75, 11, 9], "texture": "#0"},
				"south": {"uv": [1.75, 12.5, 2, 12.75], "texture": "#0"},
				"west": {"uv": [9, 5.5, 12.5, 5.75], "texture": "#0"},
				"up": {"uv": [7.75, 12.5, 7.5, 9], "texture": "#0"},
				"down": {"uv": [8, 9, 7.75, 12.5], "texture": "#0"}
			}
		},
		{
			"from": [4.375, 14, 0.5],
			"to": [5.125, 14.25, 13.75],
			"rotation": {"angle": 0, "axis": "y", "origin": [16, 0, 0]},
			"faces": {
				"north": {"uv": [12.25, 12, 12.5, 12.25], "texture": "#0"},
				"east": {"uv": [10, 7.5, 13.25, 7.75], "texture": "#0"},
				"south": {"uv": [12.25, 12.25, 12.5, 12.5], "texture": "#0"},
				"west": {"uv": [10, 7.75, 13.25, 8], "texture": "#0"},
				"up": {"uv": [0.75, 14.25, 0.5, 11], "texture": "#0"},
				"down": {"uv": [1, 11, 0.75, 14.25], "texture": "#0"}
			}
		},
		{
			"from": [4.375, 13.875, 13.625],
			"to": [11.375, 14.25, 14],
			"rotation": {"angle": 0, "axis": "y", "origin": [16, 0, 0]},
			"faces": {
				"north": {"uv": [11, 11.25, 12.75, 11.5], "texture": "#0"},
				"east": {"uv": [12.5, 5.5, 12.75, 5.75], "texture": "#0"},
				"south": {"uv": [11.5, 0, 13.25, 0.25], "texture": "#0"},
				"west": {"uv": [5.75, 12.5, 6, 12.75], "texture": "#0"},
				"up": {"uv": [13.25, 0.5, 11.5, 0.25], "texture": "#0"},
				"down": {"uv": [13.25, 0.5, 11.5, 0.75], "texture": "#0"}
			}
		},
		{
			"from": [1.875, 12.625, 14.5],
			"to": [14.125, 13.625, 15.625],
			"rotation": {"angle": 0, "axis": "y", "origin": [16, 0, 0]},
			"faces": {
				"north": {"uv": [10.5, 8.5, 13.5, 8.75], "texture": "#0"},
				"east": {"uv": [7.5, 12.5, 7.75, 12.75], "texture": "#0"},
				"south": {"uv": [10.75, 2, 13.75, 2.25], "texture": "#0"},
				"west": {"uv": [7.75, 12.5, 8, 12.75], "texture": "#0"},
				"up": {"uv": [13.75, 2.5, 10.75, 2.25], "texture": "#0"},
				"down": {"uv": [13.75, 2.5, 10.75, 2.75], "texture": "#0"}
			}
		},
		{
			"from": [1.875, 12.625, 14.5],
			"to": [14.125, 13.75, 14.875],
			"rotation": {"angle": 0, "axis": "y", "origin": [16, 0, 0]},
			"faces": {
				"north": {"uv": [10.5, 8.5, 13.5, 8.75], "texture": "#0"},
				"east": {"uv": [7.5, 12.5, 7.75, 12.75], "texture": "#0"},
				"south": {"uv": [10.75, 2, 13.75, 2.25], "texture": "#0"},
				"west": {"uv": [7.75, 12.5, 8, 12.75], "texture": "#0"},
				"up": {"uv": [13.75, 2.5, 10.75, 2.25], "texture": "#0"},
				"down": {"uv": [13.75, 2.5, 10.75, 2.75], "texture": "#0"}
			}
		},
		{
			"from": [4.125, 12.875, 14.125],
			"to": [12.875, 14, 14.5],
			"rotation": {"angle": 0, "axis": "y", "origin": [16, 0, 0]},
			"faces": {
				"north": {"uv": [10.5, 8.5, 13.5, 8.75], "texture": "#0"},
				"east": {"uv": [7.5, 12.5, 7.75, 12.75], "texture": "#0"},
				"south": {"uv": [10.75, 2, 13.75, 2.25], "texture": "#0"},
				"west": {"uv": [7.75, 12.5, 8, 12.75], "texture": "#0"},
				"up": {"uv": [13.75, 2.5, 10.75, 2.25], "texture": "#0"},
				"down": {"uv": [13.75, 2.5, 10.75, 2.75], "texture": "#0"}
			}
		},
		{
			"from": [1, 12.375, 15.375],
			"to": [15.25, 13.375, 15.75],
			"rotation": {"angle": 0, "axis": "y", "origin": [16, 0, 0]},
			"faces": {
				"north": {"uv": [9.25, 3.75, 12.75, 4], "texture": "#0"},
				"east": {"uv": [8, 12.5, 8.25, 12.75], "texture": "#0"},
				"south": {"uv": [9.5, 4, 13, 4.25], "texture": "#0"},
				"west": {"uv": [8.25, 12.5, 8.5, 12.75], "texture": "#0"},
				"up": {"uv": [13, 4.5, 9.5, 4.25], "texture": "#0"},
				"down": {"uv": [13, 4.5, 9.5, 4.75], "texture": "#0"}
			}
		},
		{
			"from": [1, 9.375, 15.375],
			"to": [15.25, 12.375, 15.625],
			"rotation": {"angle": 0, "axis": "y", "origin": [16, 0, 0]},
			"faces": {
				"north": {"uv": [2, 5.5, 5.5, 6.25], "texture": "#0"},
				"east": {"uv": [1, 12, 1.25, 12.75], "texture": "#0"},
				"south": {"uv": [5.5, 5.5, 9, 6.25], "texture": "#0"},
				"west": {"uv": [1.25, 12, 1.5, 12.75], "texture": "#0"},
				"up": {"uv": [13, 5, 9.5, 4.75], "texture": "#0"},
				"down": {"uv": [13, 5, 9.5, 5.25], "texture": "#0"}
			}
		},
		{
			"from": [0.5, 7.25, 14.5],
			"to": [15.25, 9.375, 15.5],
			"rotation": {"angle": 0, "axis": "y", "origin": [16, 0, 0]},
			"faces": {
				"north": {"uv": [2, 6.25, 5.75, 6.75], "texture": "#0"},
				"east": {"uv": [3.75, 12, 4, 12.5], "texture": "#0"},
				"south": {"uv": [5.75, 6.25, 9.5, 6.75], "texture": "#0"},
				"west": {"uv": [4, 12, 4.25, 12.5], "texture": "#0"},
				"up": {"uv": [11.5, 0.75, 7.75, 0.5], "texture": "#0"},
				"down": {"uv": [11.5, 0.75, 7.75, 1], "texture": "#0"}
			}
		},
		{
			"from": [0, 3.25, 14.5],
			"to": [16, 7.5, 15.125],
			"rotation": {"angle": 0, "axis": "y", "origin": [16, 0, 0]},
			"faces": {
				"north": {"uv": [0, 0, 4, 1], "texture": "#0"},
				"east": {"uv": [3.25, 11.75, 3.5, 12.75], "texture": "#0"},
				"south": {"uv": [0, 1, 4, 2], "texture": "#0"},
				"west": {"uv": [3.5, 11.75, 3.75, 12.75], "texture": "#0"},
				"up": {"uv": [6, 7.5, 2, 7.25], "texture": "#0"},
				"down": {"uv": [10, 7.25, 6, 7.5], "texture": "#0"}
			}
		},
		{
			"from": [3.375, 1.375, 14.5],
			"to": [12.375, 3.375, 15.125],
			"rotation": {"angle": 0, "axis": "y", "origin": [16, 0, 0]},
			"faces": {
				"north": {"uv": [7, 3, 9.25, 3.5], "texture": "#0"},
				"east": {"uv": [4.25, 12, 4.5, 12.5], "texture": "#0"},
				"south": {"uv": [7, 3.5, 9.25, 4], "texture": "#0"},
				"west": {"uv": [4.5, 12, 4.75, 12.5], "texture": "#0"},
				"up": {"uv": [13.5, 1.75, 11.25, 1.5], "texture": "#0"},
				"down": {"uv": [13.5, 1.75, 11.25, 2], "texture": "#0"}
			}
		},
		{
			"from": [5, 14.125, 0.5],
			"to": [6.25, 14.375, 13.375],
			"rotation": {"angle": 0, "axis": "y", "origin": [16, 0, 0]},
			"faces": {
				"north": {"uv": [12.25, 11.75, 12.5, 12], "texture": "#0"},
				"east": {"uv": [9.5, 7, 12.75, 7.25], "texture": "#0"},
				"south": {"uv": [12, 12.25, 12.25, 12.5], "texture": "#0"},
				"west": {"uv": [10, 7.25, 13.25, 7.5], "texture": "#0"},
				"up": {"uv": [0.25, 14.25, 0, 11], "texture": "#0"},
				"down": {"uv": [0.5, 11, 0.25, 14.25], "texture": "#0"}
			}
		},
		{
			"from": [6.125, 14.25, 0.5],
			"to": [9.875, 14.5, 13.375],
			"rotation": {"angle": 0, "axis": "y", "origin": [16, 0, 0]},
			"faces": {
				"north": {"uv": [1, 11, 2, 11.25], "texture": "#0"},
				"east": {"uv": [10, 8, 13.25, 8.25], "texture": "#0"},
				"south": {"uv": [3.75, 11.75, 4.75, 12], "texture": "#0"},
				"west": {"uv": [10.5, 8.25, 13.75, 8.5], "texture": "#0"},
				"up": {"uv": [1, 7.25, 0, 4], "texture": "#0"},
				"down": {"uv": [2, 4, 1, 7.25], "texture": "#0"}
			}
		},
		{
			"from": [5, 14.125, 13.375],
			"to": [10.875, 14.5, 13.625],
			"rotation": {"angle": 0, "axis": "y", "origin": [16, 0, 0]},
			"faces": {
				"north": {"uv": [1, 11.25, 2.5, 11.5], "texture": "#0"},
				"east": {"uv": [5.25, 12.5, 5.5, 12.75], "texture": "#0"},
				"south": {"uv": [5, 11.25, 6.5, 11.5], "texture": "#0"},
				"west": {"uv": [5.5, 12.5, 5.75, 12.75], "texture": "#0"},
				"up": {"uv": [12.5, 11.75, 11, 11.5], "texture": "#0"},
				"down": {"uv": [2.5, 11.75, 1, 12], "texture": "#0"}
			}
		}
	],
	"display": {
		"thirdperson_righthand": {
			"rotation": [75, 45, 0],
			"translation": [0, 2.5, 0],
			"scale": [0.375, 0.375, 0.375]
		},
		"thirdperson_lefthand": {
			"rotation": [75, 45, 0],
			"translation": [0, 2.5, 0],
			"scale": [0.375, 0.375, 0.375]
		},
		"firstperson_righthand": {
			"rotation": [0, 45, 0],
			"scale": [0.4, 0.4, 0.4]
		},
		"firstperson_lefthand": {
			"rotation": [0, 225, 0],
			"scale": [0.4, 0.4, 0.4]
		},
		"ground": {
			"translation": [0, 3, 0],
			"scale": [0.25, 0.25, 0.25]
		},
		"gui": {
			"rotation": [30, 225, 0],
			"scale": [0.625, 0.625, 0.625]
		},
		"head": {
			"translation": [0, 1, 0],
			"scale": [0.86, 1.19, 1]
		},
		"fixed": {
			"scale": [0.5, 0.5, 0.5]
		}
	}
}