{
	"credit": "Made with Blockbench",
	"textures": {
		"0": "custom/infosign",
		"particle": "custom/infosign"
	},
	"elements": [
		{
			"from": [-11.625, 0, -0.125],
			"to": [20.375, 32, 0],
			"faces": {
				"north": {"uv": [0, 0, 16, 16], "texture": "#0"},
				"east": {"uv": [0, 0, 0.125, 16], "texture": "#missing"},
				"south": {"uv": [0, 0, 16, 16], "texture": "#missing"},
				"west": {"uv": [0, 0, 0.125, 16], "texture": "#missing"},
				"up": {"uv": [0, 0, 16, 0.125], "texture": "#missing"},
				"down": {"uv": [0, 0, 16, 0.125], "texture": "#missing"}
			}
		}
	],
	"display": {
		"head": {
			"translation": [10.5, 0, 0],
			"scale": [3.05, 1.99, 0.37]
		}
	}
}