{
	"credit": "Made with Blockbench",
	"texture_size": [32, 32],
	"textures": {
		"0": "custom/iron_dagger",
		"particle": "custom/iron_dagger"
	},
	"elements": [
		{
			"from": [6.25, -3.8125, 6.8125],
			"to": [8.25, -1.8125, 8.5625],
			"rotation": {"angle": 45, "axis": "z", "origin": [0.5, 1.0625, 1]},
			"faces": {
				"north": {"uv": [7, 0, 8, 1], "texture": "#0"},
				"east": {"uv": [7, 1, 8, 2], "texture": "#0"},
				"south": {"uv": [7, 2.5, 8, 3.5], "texture": "#0"},
				"west": {"uv": [7, 3.5, 8, 4.5], "texture": "#0"},
				"up": {"uv": [8, 5.5, 7, 4.5], "texture": "#0"},
				"down": {"uv": [8, 6, 7, 7], "texture": "#0"}
			}
		},
		{
			"from": [7.375, 3.4375, 7.0625],
			"to": [8.625, 7.6875, 8.3125],
			"rotation": {"angle": 0, "axis": "z", "origin": [0.5, 1.0625, 1]},
			"faces": {
				"north": {"uv": [7, 7, 7.5, 9], "texture": "#0"},
				"east": {"uv": [7.5, 7, 8, 9], "texture": "#0"},
				"south": {"uv": [8, 0, 8.5, 2], "texture": "#0"},
				"west": {"uv": [8, 2.5, 8.5, 4.5], "texture": "#0"},
				"up": {"uv": [10.5, 8.5, 10, 8], "texture": "#0"},
				"down": {"uv": [10, 10, 9.5, 10.5], "texture": "#0"}
			}
		},
		{
			"from": [6.25, 8.8125, 7.4375],
			"to": [9.625, 21.6875, 7.9375],
			"rotation": {"angle": 0, "axis": "z", "origin": [0.5, 1.0625, 1]},
			"faces": {
				"north": {"uv": [0, 0, 1.5, 6.5], "texture": "#0"},
				"east": {"uv": [4, 5.5, 4.5, 12], "texture": "#0"},
				"south": {"uv": [1.5, 0, 3, 6.5], "texture": "#0"},
				"west": {"uv": [4.5, 5.5, 5, 12], "texture": "#0"},
				"up": {"uv": [10.5, 5, 9, 4.5], "texture": "#0"},
				"down": {"uv": [10.5, 5, 9, 5.5], "texture": "#0"}
			}
		},
		{
			"from": [6.875, 8.8125, 7.3125],
			"to": [8.875, 15.9375, 7.4375],
			"rotation": {"angle": 0, "axis": "z", "origin": [0.5, 1.0625, 1]},
			"faces": {
				"north": {"uv": [3, 2, 4, 5.5], "texture": "#0"},
				"east": {"uv": [5, 6, 5.5, 9.5], "texture": "#0"},
				"south": {"uv": [4, 2, 5, 5.5], "texture": "#0"},
				"west": {"uv": [5.5, 6, 6, 9.5], "texture": "#0"},
				"up": {"uv": [10.5, 7.5, 9.5, 7], "texture": "#0"},
				"down": {"uv": [10.5, 7.5, 9.5, 8], "texture": "#0"}
			}
		},
		{
			"from": [7.375, 8.8125, 7.1875],
			"to": [8.5, 14.8125, 7.3125],
			"rotation": {"angle": 0, "axis": "z", "origin": [0.5, 1.0625, 1]},
			"faces": {
				"north": {"uv": [6, 2.5, 6.5, 5.5], "texture": "#0"},
				"east": {"uv": [0.5, 6.5, 1, 9.5], "texture": "#0"},
				"south": {"uv": [1, 6.5, 1.5, 9.5], "texture": "#0"},
				"west": {"uv": [1.5, 6.5, 2, 9.5], "texture": "#0"},
				"up": {"uv": [11, 3.5, 10.5, 3], "texture": "#0"},
				"down": {"uv": [11, 3.5, 10.5, 4], "texture": "#0"}
			}
		},
		{
			"from": [7.375, 15.9375, 7.3125],
			"to": [8.375, 19.4375, 7.4375],
			"rotation": {"angle": 0, "axis": "z", "origin": [0.5, 1.0625, 1]},
			"faces": {
				"north": {"uv": [8, 7, 8.5, 9], "texture": "#0"},
				"east": {"uv": [8.5, 0, 9, 2], "texture": "#0"},
				"south": {"uv": [8.5, 2.5, 9, 4.5], "texture": "#0"},
				"west": {"uv": [8.5, 7, 9, 9], "texture": "#0"},
				"up": {"uv": [3, 11, 2.5, 10.5], "texture": "#0"},
				"down": {"uv": [11, 2.5, 10.5, 3], "texture": "#0"}
			}
		},
		{
			"from": [7.5, 8.8125, 8.0625],
			"to": [8.625, 14.8125, 8.1875],
			"rotation": {"angle": 0, "axis": "z", "origin": [0.5, 1.0625, 15]},
			"faces": {
				"north": {"uv": [2, 6.5, 2.5, 9.5], "texture": "#0"},
				"east": {"uv": [2.5, 6.5, 3, 9.5], "texture": "#0"},
				"south": {"uv": [6.5, 2.5, 7, 5.5], "texture": "#0"},
				"west": {"uv": [6.5, 6, 7, 9], "texture": "#0"},
				"up": {"uv": [5.5, 11, 5, 10.5], "texture": "#0"},
				"down": {"uv": [11, 5, 10.5, 5.5], "texture": "#0"}
			}
		},
		{
			"from": [7, 8.8125, 7.9375],
			"to": [9, 15.9375, 8.0625],
			"rotation": {"angle": 0, "axis": "z", "origin": [0.5, 1.0625, 15]},
			"faces": {
				"north": {"uv": [5, 2, 6, 5.5], "texture": "#0"},
				"east": {"uv": [6, 6, 6.5, 9.5], "texture": "#0"},
				"south": {"uv": [3, 5.5, 4, 9], "texture": "#0"},
				"west": {"uv": [0, 6.5, 0.5, 10], "texture": "#0"},
				"up": {"uv": [9, 10, 8, 9.5], "texture": "#0"},
				"down": {"uv": [10.5, 8.5, 9.5, 9], "texture": "#0"}
			}
		},
		{
			"from": [7.5, 15.9375, 7.9375],
			"to": [8.5, 19.4375, 8.0625],
			"rotation": {"angle": 0, "axis": "z", "origin": [0.5, 1.0625, 15]},
			"faces": {
				"north": {"uv": [9, 0, 9.5, 2], "texture": "#0"},
				"east": {"uv": [9, 2.5, 9.5, 4.5], "texture": "#0"},
				"south": {"uv": [3, 9, 3.5, 11], "texture": "#0"},
				"west": {"uv": [3.5, 9, 4, 11], "texture": "#0"},
				"up": {"uv": [11, 4.5, 10.5, 4], "texture": "#0"},
				"down": {"uv": [11, 4.5, 10.5, 5], "texture": "#0"}
			}
		},
		{
			"from": [9.75, 19.1875, 7.5625],
			"to": [12.125, 21.5625, 7.8125],
			"rotation": {"angle": 45, "axis": "z", "origin": [7.9375, 17.375, 7.6875]},
			"faces": {
				"north": {"uv": [8, 4.5, 9, 5.5], "texture": "#0"},
				"east": {"uv": [5, 9.5, 5.5, 10.5], "texture": "#0"},
				"south": {"uv": [8, 6, 9, 7], "texture": "#0"},
				"west": {"uv": [5.5, 9.5, 6, 10.5], "texture": "#0"},
				"up": {"uv": [10.5, 4.5, 9.5, 4], "texture": "#0"},
				"down": {"uv": [7, 9.5, 6, 10], "texture": "#0"}
			}
		},
		{
			"from": [3.875, 7.6875, 6.9375],
			"to": [12.25, 8.9375, 8.4375],
			"rotation": {"angle": 0, "axis": "z", "origin": [0.5, 1.0625, 1]},
			"faces": {
				"north": {"uv": [5, 5.5, 9, 6], "texture": "#0"},
				"east": {"uv": [9, 5.5, 10, 6], "texture": "#0"},
				"south": {"uv": [6, 2, 10, 2.5], "texture": "#0"},
				"west": {"uv": [9, 6, 10, 6.5], "texture": "#0"},
				"up": {"uv": [7, 1, 3, 0], "texture": "#0"},
				"down": {"uv": [7, 1, 3, 2], "texture": "#0"}
			}
		},
		{
			"from": [11, 8.9375, 6.9375],
			"to": [12, 9.8125, 8.4375],
			"rotation": {"angle": 0, "axis": "z", "origin": [0.5, 1.0625, 1]},
			"faces": {
				"north": {"uv": [10, 9.5, 10.5, 10], "texture": "#0"},
				"east": {"uv": [6.5, 9, 7.5, 9.5], "texture": "#0"},
				"south": {"uv": [10, 10, 10.5, 10.5], "texture": "#0"},
				"west": {"uv": [9, 6.5, 10, 7], "texture": "#0"},
				"up": {"uv": [9.5, 8, 9, 7], "texture": "#0"},
				"down": {"uv": [8, 9, 7.5, 10], "texture": "#0"}
			}
		},
		{
			"from": [11.625, 9.8125, 6.9375],
			"to": [12, 10.4375, 8.4375],
			"rotation": {"angle": 0, "axis": "z", "origin": [0.5, 1.0625, 1]},
			"faces": {
				"north": {"uv": [0.5, 10.5, 1, 11], "texture": "#0"},
				"east": {"uv": [8, 9, 9, 9.5], "texture": "#0"},
				"south": {"uv": [1, 10.5, 1.5, 11], "texture": "#0"},
				"west": {"uv": [9, 8, 10, 8.5], "texture": "#0"},
				"up": {"uv": [9.5, 9.5, 9, 8.5], "texture": "#0"},
				"down": {"uv": [10, 0, 9.5, 1], "texture": "#0"}
			}
		},
		{
			"from": [4.125, 8.9375, 6.9375],
			"to": [5.125, 9.8125, 8.4375],
			"rotation": {"angle": 0, "axis": "z", "origin": [15.5, 1.0625, 1]},
			"faces": {
				"north": {"uv": [10.5, 1.5, 11, 2], "texture": "#0"},
				"east": {"uv": [9.5, 1.5, 10.5, 2], "texture": "#0"},
				"south": {"uv": [2, 10.5, 2.5, 11], "texture": "#0"},
				"west": {"uv": [9.5, 2.5, 10.5, 3], "texture": "#0"},
				"up": {"uv": [3, 10.5, 2.5, 9.5], "texture": "#0"},
				"down": {"uv": [10, 3, 9.5, 4], "texture": "#0"}
			}
		},
		{
			"from": [4.125, 9.8125, 6.9375],
			"to": [4.5, 10.4375, 8.4375],
			"rotation": {"angle": 0, "axis": "z", "origin": [15.5, 1.0625, 1]},
			"faces": {
				"north": {"uv": [10.5, 1, 11, 1.5], "texture": "#0"},
				"east": {"uv": [0.5, 9.5, 1.5, 10], "texture": "#0"},
				"south": {"uv": [1.5, 10.5, 2, 11], "texture": "#0"},
				"west": {"uv": [9.5, 1, 10.5, 1.5], "texture": "#0"},
				"up": {"uv": [2, 10.5, 1.5, 9.5], "texture": "#0"},
				"down": {"uv": [2.5, 9.5, 2, 10.5], "texture": "#0"}
			}
		},
		{
			"from": [11, 6.8125, 6.9375],
			"to": [12, 7.6875, 8.4375],
			"rotation": {"angle": 0, "axis": "z", "origin": [0.5, 14.9375, 1]},
			"faces": {
				"north": {"uv": [10.5, 7.5, 11, 8], "texture": "#0"},
				"east": {"uv": [10, 6.5, 11, 7], "texture": "#0"},
				"south": {"uv": [8, 10.5, 8.5, 11], "texture": "#0"},
				"west": {"uv": [7.5, 10, 8.5, 10.5], "texture": "#0"},
				"up": {"uv": [9, 11, 8.5, 10], "texture": "#0"},
				"down": {"uv": [9.5, 10, 9, 11], "texture": "#0"}
			}
		},
		{
			"from": [11.625, 6.1875, 6.9375],
			"to": [12, 6.8125, 8.4375],
			"rotation": {"angle": 0, "axis": "z", "origin": [0.5, 14.9375, 1]},
			"faces": {
				"north": {"uv": [10.5, 7, 11, 7.5], "texture": "#0"},
				"east": {"uv": [10, 0.5, 11, 1], "texture": "#0"},
				"south": {"uv": [7.5, 10.5, 8, 11], "texture": "#0"},
				"west": {"uv": [10, 2, 11, 2.5], "texture": "#0"},
				"up": {"uv": [6.5, 11, 6, 10], "texture": "#0"},
				"down": {"uv": [7, 10, 6.5, 11], "texture": "#0"}
			}
		},
		{
			"from": [4.125, 6.8125, 6.9375],
			"to": [5.125, 7.6875, 8.4375],
			"rotation": {"angle": 0, "axis": "z", "origin": [15.5, 14.9375, 1]},
			"faces": {
				"north": {"uv": [10.5, 6, 11, 6.5], "texture": "#0"},
				"east": {"uv": [10, 0, 11, 0.5], "texture": "#0"},
				"south": {"uv": [7, 10.5, 7.5, 11], "texture": "#0"},
				"west": {"uv": [0.5, 10, 1.5, 10.5], "texture": "#0"},
				"up": {"uv": [10.5, 4, 10, 3], "texture": "#0"},
				"down": {"uv": [10.5, 5.5, 10, 6.5], "texture": "#0"}
			}
		},
		{
			"from": [4.125, 6.1875, 6.9375],
			"to": [4.5, 6.8125, 8.4375],
			"rotation": {"angle": 0, "axis": "z", "origin": [15.5, 14.9375, 1]},
			"faces": {
				"north": {"uv": [5.5, 10.5, 6, 11], "texture": "#0"},
				"east": {"uv": [9, 9.5, 10, 10], "texture": "#0"},
				"south": {"uv": [10.5, 5.5, 11, 6], "texture": "#0"},
				"west": {"uv": [9.5, 9, 10.5, 9.5], "texture": "#0"},
				"up": {"uv": [7.5, 10.5, 7, 9.5], "texture": "#0"},
				"down": {"uv": [0.5, 10, 0, 11], "texture": "#0"}
			}
		}
	],
	"display": {
		"thirdperson_righthand": {
			"rotation": [57, -90, 55],
			"translation": [0, 0.25, 1.75],
			"scale": [0.34, 0.38, 0.85]
		},
		"thirdperson_lefthand": {
			"rotation": [57, -90, 55],
			"translation": [0, 0.25, 1.75],
			"scale": [0.34, 0.38, 0.85]
		},
		"firstperson_righthand": {
			"rotation": [57, -90, 55],
			"translation": [0, 2.25, 1.75],
			"scale": [0.34, 0.38, 0.85]
		},
		"firstperson_lefthand": {
			"rotation": [57, -90, 55],
			"translation": [0, 2, 1.75],
			"scale": [0.34, 0.38, 0.85]
		},
		"gui": {
			"rotation": [0, 0, -39],
			"translation": [-1, -1.75, 1.75],
			"scale": [0.64, 0.58, 0.92]
		}
	}
}