{
	"parent": "item/generated",
	"textures": {
		"layer0": "item/iron_sword"
	},
	
	"overrides": [
		{"predicate": {"custom_model_data":1}, "model": "item/cobra"},
		{"predicate": {"custom_model_data":2}, "model": "item/warrior_sword"},
		{"predicate": {"custom_model_data":3}, "model": "item/brass_knucks"},
		{"predicate": {"custom_model_data":4}, "model": "item/blyss_dagger"},
		{"predicate": {"custom_model_data":5}, "model": "item/wand"},
		{"predicate": {"custom_model_data":6}, "model": "item/mega_staff"}
	]
}