{
	"credit": "Made with Blockbench",
	"textures": {
		"4": "custom/kiwakia",
		"particle": "custom/kiwakia"
	},
	"elements": [
		{
			"name": "body",
			"from": [4, 11.5, 6],
			"to": [12, 23.5, 10],
			"rotation": {"angle": 0, "axis": "y", "origin": [0, 7.75, 0]},
			"faces": {
				"north": {"uv": [5, 5, 7, 7.98], "texture": "#4"},
				"east": {"uv": [4, 5, 5, 8], "texture": "#4"},
				"south": {"uv": [8, 5, 10, 8], "texture": "#4"},
				"west": {"uv": [7, 5, 8, 7.98], "texture": "#4"},
				"up": {"uv": [7, 5, 5, 4], "texture": "#4"},
				"down": {"uv": [9, 4, 7, 5], "texture": "#4"}
			}
		},
		{
			"name": "head",
			"from": [4, 23.5, 4.625],
			"to": [12, 31.5, 12.625],
			"rotation": {"angle": 0, "axis": "x", "origin": [8, 27.5, 8]},
			"faces": {
				"north": {"uv": [2, 2, 4, 4], "texture": "#4"},
				"east": {"uv": [0, 2, 2, 4], "texture": "#4"},
				"south": {"uv": [6, 2, 8, 4], "texture": "#4"},
				"west": {"uv": [4, 2, 6, 4], "texture": "#4"},
				"up": {"uv": [4, 2, 2, 0], "texture": "#4"},
				"down": {"uv": [6, 0, 4, 2], "texture": "#4"}
			}
		},
		{
			"name": "head_2nd_layer",
			"from": [3.5, 23, 4.125],
			"to": [12.5, 32, 13.125],
			"rotation": {"angle": 0, "axis": "x", "origin": [8, 27.5, 8]},
			"faces": {
				"north": {"uv": [10, 2, 12, 4], "texture": "#4"},
				"east": {"uv": [8, 2, 10, 4], "texture": "#4"},
				"south": {"uv": [14, 2, 16, 4], "texture": "#4"},
				"west": {"uv": [12, 2, 14, 4], "texture": "#4"},
				"up": {"uv": [12, 2, 10, 0], "texture": "#4"},
				"down": {"uv": [14, 0, 12, 2], "texture": "#4"}
			}
		},
		{
			"name": "body_2nd_layer",
			"from": [4, 11.02, 5.5],
			"to": [12, 24.03, 10.5],
			"rotation": {"angle": 0, "axis": "y", "origin": [0, 7.75, 0]},
			"faces": {
				"north": {"uv": [5, 9, 7, 12], "texture": "#4"},
				"east": {"uv": [4, 9, 5, 12], "texture": "#4"},
				"south": {"uv": [8, 9, 10, 12], "texture": "#4"},
				"west": {"uv": [7, 9, 8, 12], "texture": "#4"},
				"up": {"uv": [7, 9, 5, 8], "texture": "#4"},
				"down": {"uv": [9, 8, 7, 9], "texture": "#4"}
			}
		},
		{
			"name": "right_arm",
			"from": [11.9975, 18.1275, 6],
			"to": [23.9975, 22.1275, 10],
			"rotation": {"angle": 0, "axis": "z", "origin": [13.9975, 25.25, 8]},
			"faces": {
				"north": {"uv": [11, 5, 12, 8], "rotation": 90, "texture": "#4"},
				"east": {"uv": [13, 4, 12, 5], "rotation": 270, "texture": "#4"},
				"south": {"uv": [13, 5, 14, 8], "rotation": 270, "texture": "#4"},
				"west": {"uv": [12, 5, 11, 4], "rotation": 270, "texture": "#4"},
				"up": {"uv": [10, 5, 11, 8], "rotation": 270, "texture": "#4"},
				"down": {"uv": [12, 5, 13, 8], "rotation": 270, "texture": "#4"}
			}
		},
		{
			"name": "right_arm_2nd_layer",
			"from": [14.4975, 21.3775, 5.5],
			"to": [27.4975, 26.3675, 10.5],
			"rotation": {"angle": 0, "axis": "z", "origin": [13.9975, 25.25, 8]},
			"faces": {
				"north": {"uv": [11, 9, 12, 12], "rotation": 90, "texture": "#4"},
				"east": {"uv": [13, 8, 12, 9], "rotation": 270, "texture": "#4"},
				"south": {"uv": [13, 9, 14, 12], "rotation": 270, "texture": "#4"},
				"west": {"uv": [12, 9, 11, 8], "rotation": 270, "texture": "#4"},
				"up": {"uv": [10, 9, 11, 12], "rotation": 270, "texture": "#4"},
				"down": {"uv": [12, 9, 13, 12], "rotation": 270, "texture": "#4"}
			}
		},
		{
			"name": "left_arm",
			"from": [-1.5, 11.125, 6.5],
			"to": [2.5, 23.125, 10.5],
			"rotation": {"angle": -22.5, "axis": "z", "origin": [2.5, 17.125, 8.5]},
			"faces": {
				"north": {"uv": [9, 13, 10, 16], "texture": "#4"},
				"east": {"uv": [8, 13, 9, 16], "texture": "#4"},
				"south": {"uv": [11, 13, 12, 16], "texture": "#4"},
				"west": {"uv": [10, 13, 11, 16], "texture": "#4"},
				"up": {"uv": [10, 13, 9, 12], "texture": "#4"},
				"down": {"uv": [11, 12, 10, 13], "texture": "#4"}
			}
		},
		{
			"name": "left_arm_2nd_layer",
			"from": [-8.5, 17.5, 6],
			"to": [4.5, 22.5, 11],
			"rotation": {"angle": 0, "axis": "z", "origin": [2.5, 17.125, 8.5]},
			"faces": {
				"north": {"uv": [11.25, 5, 12.25, 8], "rotation": 270, "texture": "#4"},
				"east": {"uv": [12, 5, 11, 4], "rotation": 270, "texture": "#4"},
				"south": {"uv": [12, 5, 13, 8], "rotation": 90, "texture": "#4"},
				"west": {"uv": [13, 4, 12, 5], "rotation": 270, "texture": "#4"},
				"up": {"uv": [10.75, 5, 11.75, 8], "rotation": 90, "texture": "#4"},
				"down": {"uv": [11.25, 5, 12.25, 8], "rotation": 90, "texture": "#4"}
			}
		},
		{
			"name": "right_leg",
			"from": [8, 8.125, 9.375],
			"to": [12, 12.125, 21.375],
			"rotation": {"angle": -22.5, "axis": "x", "origin": [8, 5.5, 8]},
			"faces": {
				"north": {"uv": [2, 5, 1, 4], "rotation": 180, "texture": "#4"},
				"east": {"uv": [0, 5, 1, 8], "rotation": 90, "texture": "#4"},
				"south": {"uv": [3, 4, 2, 5], "texture": "#4"},
				"west": {"uv": [2, 5, 3, 8], "rotation": 270, "texture": "#4"},
				"up": {"uv": [3, 5, 4, 8], "texture": "#4"},
				"down": {"uv": [1, 5, 2, 8], "rotation": 180, "texture": "#4"}
			}
		},
		{
			"name": "right_leg_2nd_layer",
			"from": [7.5, 7.625, 8.875],
			"to": [12.5, 12.625, 21.875],
			"rotation": {"angle": -22.5, "axis": "x", "origin": [8, 5.5, 8]},
			"faces": {
				"north": {"uv": [2, 9, 1, 8], "rotation": 180, "texture": "#4"},
				"east": {"uv": [0, 9, 1, 12], "rotation": 90, "texture": "#4"},
				"south": {"uv": [3, 8, 2, 9], "texture": "#4"},
				"west": {"uv": [2, 9, 3, 12], "rotation": 270, "texture": "#4"},
				"up": {"uv": [3, 9, 4, 12], "texture": "#4"},
				"down": {"uv": [1, 9, 2, 12], "rotation": 180, "texture": "#4"}
			}
		},
		{
			"name": "left_leg",
			"from": [3.75, 7.375, -6.125],
			"to": [7.75, 11.375, 5.875],
			"rotation": {"angle": 22.5, "axis": "x", "origin": [8, 5.5, 8]},
			"faces": {
				"north": {"uv": [3, 4, 2, 5], "rotation": 180, "texture": "#4"},
				"east": {"uv": [2.75, 5, 3.75, 8], "rotation": 270, "texture": "#4"},
				"south": {"uv": [2, 5, 1, 4], "texture": "#4"},
				"west": {"uv": [0, 5, 1, 8], "rotation": 90, "texture": "#4"},
				"up": {"uv": [1.5, 5, 2.5, 8], "rotation": 180, "texture": "#4"},
				"down": {"uv": [2, 5, 3, 8], "texture": "#4"}
			}
		},
		{
			"name": "left_leg_2nd_layer",
			"from": [3.25, -0.875, 5.5],
			"to": [8.25, 12.125, 10.5],
			"rotation": {"angle": 0, "axis": "x", "origin": [8, 5.5, 8]},
			"faces": {
				"north": {"uv": [1, 13, 2, 16], "texture": "#4"},
				"east": {"uv": [0, 13, 1, 16], "texture": "#4"},
				"south": {"uv": [3, 13, 4, 16], "texture": "#4"},
				"west": {"uv": [2, 13, 3, 16], "texture": "#4"},
				"up": {"uv": [2, 12, 1, 11], "texture": "#4"},
				"down": {"uv": [3, 12, 2, 13], "texture": "#4"}
			}
		}
	],
	"display": {
		"head": {
			"translation": [0, -29, 0],
			"scale": [1.6, 1.6, 1.6]
		}
	},
	"groups": [
		{
			"name": "steve",
			"origin": [8, 8, 8],
			"color": 0,
			"children": [0, 1, 2, 3, 4, 5, 6, 7, 8, 9, 10, 11]
		}
	]
}