{
	"credit": "Made with Blockbench",
	"texture_size": [32, 32],
	"textures": {
		"0": "custom/mage_staff",
		"particle": "custom/mage_staff"
	},
	"elements": [
		{
			"from": [6.875, -10, 7],
			"to": [7.5, 15, 7.625],
			"faces": {
				"north": {"uv": [0, 0, 0.5, 12.5], "texture": "#0"},
				"east": {"uv": [0.5, 0, 1, 12.5], "texture": "#0"},
				"south": {"uv": [1, 0, 1.5, 12.5], "texture": "#0"},
				"west": {"uv": [1.5, 0, 2, 12.5], "texture": "#0"},
				"up": {"uv": [4.5, 4.5, 4, 4], "texture": "#0"},
				"down": {"uv": [5, 0, 4.5, 0.5], "texture": "#0"}
			}
		},
		{
			"from": [6.875, 16.5, 7],
			"to": [7.5, 21.875, 7.625],
			"faces": {
				"north": {"uv": [2, 0, 2.5, 2.5], "texture": "#0"},
				"east": {"uv": [2.5, 0, 3, 2.5], "texture": "#0"},
				"south": {"uv": [2, 2.5, 2.5, 5], "texture": "#0"},
				"west": {"uv": [2.5, 2.5, 3, 5], "texture": "#0"},
				"up": {"uv": [5, 1, 4.5, 0.5], "texture": "#0"},
				"down": {"uv": [5, 1, 4.5, 1.5], "texture": "#0"}
			}
		},
		{
			"from": [6.75, 17.125, 6.875],
			"to": [7.625, 21.25, 7.75],
			"faces": {
				"north": {"uv": [3, 0, 3.5, 2], "texture": "#0"},
				"east": {"uv": [3, 2, 3.5, 4], "texture": "#0"},
				"south": {"uv": [3.5, 0, 4, 2], "texture": "#0"},
				"west": {"uv": [3.5, 2, 4, 4], "texture": "#0"},
				"up": {"uv": [5, 2, 4.5, 1.5], "texture": "#0"},
				"down": {"uv": [5, 2, 4.5, 2.5], "texture": "#0"}
			}
		},
		{
			"from": [6.5, 17.375, 6.625],
			"to": [7.875, 20.875, 8],
			"faces": {
				"north": {"uv": [4, 0, 4.5, 2], "texture": "#0"},
				"east": {"uv": [4, 2, 4.5, 4], "texture": "#0"},
				"south": {"uv": [3, 4, 3.5, 6], "texture": "#0"},
				"west": {"uv": [3.5, 4, 4, 6], "texture": "#0"},
				"up": {"uv": [5, 3, 4.5, 2.5], "texture": "#0"},
				"down": {"uv": [5, 3, 4.5, 3.5], "texture": "#0"}
			}
		},
		{
			"from": [5.875, 19.25, 6],
			"to": [8.375, 19.75, 6.125],
			"faces": {
				"north": {"uv": [0, 6.5, 0.5, 8.5], "texture": "#0"},
				"east": {"uv": [0, 6.5, 0.5, 8.5], "texture": "#0"},
				"south": {"uv": [0, 6.5, 0.5, 8.5], "texture": "#0"},
				"west": {"uv": [0, 6.5, 0.5, 8.5], "texture": "#0"},
				"up": {"uv": [0, 6.5, 0.5, 8.5], "texture": "#0"},
				"down": {"uv": [0, 6.5, 0.5, 8.5], "texture": "#0"}
			}
		},
		{
			"from": [8.25, 19.25, 6.125],
			"to": [8.375, 19.75, 8.625],
			"faces": {
				"north": {"uv": [0, 6.5, 0.5, 8.5], "texture": "#0"},
				"east": {"uv": [0, 6.5, 0.5, 8.5], "texture": "#0"},
				"south": {"uv": [0, 6.5, 0.5, 8.5], "texture": "#0"},
				"west": {"uv": [0, 6.5, 0.5, 8.5], "texture": "#0"},
				"up": {"uv": [0, 6.5, 0.5, 8.5], "texture": "#0"},
				"down": {"uv": [0, 6.5, 0.5, 8.5], "texture": "#0"}
			}
		},
		{
			"from": [5.875, 19.25, 6.125],
			"to": [6, 19.75, 8.625],
			"faces": {
				"north": {"uv": [0, 6.5, 0.5, 8.5], "texture": "#0"},
				"east": {"uv": [0, 6.5, 0.5, 8.5], "texture": "#0"},
				"south": {"uv": [0, 6.5, 0.5, 8.5], "texture": "#0"},
				"west": {"uv": [0, 6.5, 0.5, 8.5], "texture": "#0"},
				"up": {"uv": [0, 6.5, 0.5, 8.5], "texture": "#0"},
				"down": {"uv": [0, 6.5, 0.5, 8.5], "texture": "#0"}
			}
		},
		{
			"from": [5.875, 19.25, 8.625],
			"to": [8.375, 19.75, 8.75],
			"faces": {
				"north": {"uv": [0, 6.5, 0.5, 8.5], "texture": "#0"},
				"east": {"uv": [0, 6.5, 0.5, 8.5], "texture": "#0"},
				"south": {"uv": [0, 6.5, 0.5, 8.5], "texture": "#0"},
				"west": {"uv": [0, 6.5, 0.5, 8.5], "texture": "#0"},
				"up": {"uv": [0, 6.5, 0.5, 8.5], "texture": "#0"},
				"down": {"uv": [0, 6.5, 0.5, 8.5], "texture": "#0"}
			}
		}
	],
	"display": {
		"thirdperson_righthand": {
			"translation": [0, 7.5, 3]
		},
		"thirdperson_lefthand": {
			"translation": [0, 6.5, 2.75]
		},
		"firstperson_righthand": {
			"translation": [0, 6.5, 2.75]
		},
		"firstperson_lefthand": {
			"translation": [0, 6.5, 2.75]
		},
		"gui": {
			"rotation": [0, 0, -37],
			"translation": [1, 1, 2.75],
			"scale": [0.53, 0.53, 0.55]
		}
	}
}