{
	"credit": "Made with Blockbench",
	"texture_size": [32, 32],
	"textures": {
		"0": "custom/storm_shield",
		"1": "custom/ultimate_staff",
		"particle": "custom/storm_shield"
	},
	"elements": [
		{
			"from": [0, 21.875, -1.5],
			"to": [1, 22.5, 3.25],
			"faces": {
				"north": {"uv": [9.5, 9.5, 10, 10], "texture": "#1"},
				"east": {"uv": [2, 0, 4.5, 0.5], "texture": "#1"},
				"south": {"uv": [10, 0, 10.5, 0.5], "texture": "#1"},
				"west": {"uv": [2, 0.5, 4.5, 1], "texture": "#1"},
				"up": {"uv": [2.5, 3.5, 2, 1], "texture": "#1"},
				"down": {"uv": [3, 1, 2.5, 3.5], "texture": "#1"}
			}
		},
		{
			"from": [0, 22.5, 2.25],
			"to": [1, 23.125, 4.75],
			"faces": {
				"north": {"uv": [10, 10, 10.5, 10.5], "texture": "#1"},
				"east": {"uv": [8.5, 2.5, 10, 3], "texture": "#1"},
				"south": {"uv": [10.5, 0, 11, 0.5], "texture": "#1"},
				"west": {"uv": [3, 8.5, 4.5, 9], "texture": "#1"},
				"up": {"uv": [9, 4.5, 8.5, 3], "texture": "#1"},
				"down": {"uv": [9, 4.5, 8.5, 6], "texture": "#1"}
			}
		},
		{
			"from": [0, 23.125, 3.875],
			"to": [1, 25.5, 5.25],
			"faces": {
				"north": {"uv": [9, 8, 9.5, 9], "texture": "#1"},
				"east": {"uv": [8.5, 9, 9, 10], "texture": "#1"},
				"south": {"uv": [9, 9, 9.5, 10], "texture": "#1"},
				"west": {"uv": [9.5, 0, 10, 1], "texture": "#1"},
				"up": {"uv": [11, 1, 10.5, 0.5], "texture": "#1"},
				"down": {"uv": [11, 1, 10.5, 1.5], "texture": "#1"}
			}
		},
		{
			"from": [0, 25.375, 4.625],
			"to": [1, 28.125, 5.375],
			"faces": {
				"north": {"uv": [8.5, 6, 9, 7.5], "texture": "#1"},
				"east": {"uv": [8.5, 7.5, 9, 9], "texture": "#1"},
				"south": {"uv": [9, 0, 9.5, 1.5], "texture": "#1"},
				"west": {"uv": [3, 9, 3.5, 10.5], "texture": "#1"},
				"up": {"uv": [11, 2, 10.5, 1.5], "texture": "#1"},
				"down": {"uv": [11, 2, 10.5, 2.5], "texture": "#1"}
			}
		},
		{
			"from": [0, 27.625, 4.125],
			"to": [1, 30.5, 4.75],
			"faces": {
				"north": {"uv": [9, 3, 9.5, 4.5], "texture": "#1"},
				"east": {"uv": [3.5, 9, 4, 10.5], "texture": "#1"},
				"south": {"uv": [4, 9, 4.5, 10.5], "texture": "#1"},
				"west": {"uv": [9, 4.5, 9.5, 6], "texture": "#1"},
				"up": {"uv": [11, 3, 10.5, 2.5], "texture": "#1"},
				"down": {"uv": [3.5, 10.5, 3, 11], "texture": "#1"}
			}
		},
		{
			"from": [0, 29.75, 2.25],
			"to": [1, 30.875, 4.125],
			"faces": {
				"north": {"uv": [10.5, 3, 11, 3.5], "texture": "#1"},
				"east": {"uv": [9.5, 1, 10.5, 1.5], "texture": "#1"},
				"south": {"uv": [3.5, 10.5, 4, 11], "texture": "#1"},
				"west": {"uv": [9.5, 3, 10.5, 3.5], "texture": "#1"},
				"up": {"uv": [10, 4.5, 9.5, 3.5], "texture": "#1"},
				"down": {"uv": [10, 4.5, 9.5, 5.5], "texture": "#1"}
			}
		},
		{
			"from": [0, 22.5, -2.5],
			"to": [1, 23.125, -0.5],
			"faces": {
				"north": {"uv": [9.5, 10, 10, 10.5], "texture": "#1"},
				"east": {"uv": [9, 1.5, 10, 2], "texture": "#1"},
				"south": {"uv": [10, 9.5, 10.5, 10], "texture": "#1"},
				"west": {"uv": [9, 2, 10, 2.5], "texture": "#1"},
				"up": {"uv": [9.5, 7, 9, 6], "texture": "#1"},
				"down": {"uv": [9.5, 7, 9, 8], "texture": "#1"}
			}
		},
		{
			"from": [0, 22.875, -2.875],
			"to": [1, 24.875, -2.25],
			"faces": {
				"north": {"uv": [9.5, 5.5, 10, 6.5], "texture": "#1"},
				"east": {"uv": [9.5, 6.5, 10, 7.5], "texture": "#1"},
				"south": {"uv": [9.5, 7.5, 10, 8.5], "texture": "#1"},
				"west": {"uv": [9.5, 8.5, 10, 9.5], "texture": "#1"},
				"up": {"uv": [11, 4, 10.5, 3.5], "texture": "#1"},
				"down": {"uv": [4.5, 10.5, 4, 11], "texture": "#1"}
			}
		},
		{
			"from": [0, 24.75, -2.5],
			"to": [1, 25.5, -1.5],
			"faces": {
				"north": {"uv": [10.5, 4, 11, 4.5], "texture": "#1"},
				"east": {"uv": [4.5, 10.5, 5, 11], "texture": "#1"},
				"south": {"uv": [10.5, 4.5, 11, 5], "texture": "#1"},
				"west": {"uv": [5, 10.5, 5.5, 11], "texture": "#1"},
				"up": {"uv": [11, 5.5, 10.5, 5], "texture": "#1"},
				"down": {"uv": [6, 10.5, 5.5, 11], "texture": "#1"}
			}
		},
		{
			"from": [-1.5, 24.75, -0.875],
			"to": [2.625, 29, 2.875],
			"faces": {
				"north": {"uv": [0, 0, 3.75, 4.25], "texture": "#0"},
				"east": {"uv": [0, 0, 3.75, 4.25], "texture": "#0"},
				"south": {"uv": [0, 0, 3.75, 4.25], "texture": "#0"},
				"west": {"uv": [0, 0, 3.75, 4.25], "texture": "#0"},
				"up": {"uv": [0, 0, 3.75, 4.25], "texture": "#0"},
				"down": {"uv": [0, 0, 3.75, 4.25], "texture": "#0"}
			}
		},
		{
			"from": [0, -16, 0],
			"to": [1, 21.875, 1.125],
			"faces": {
				"north": {"uv": [0, 0, 0.5, 16], "texture": "#1"},
				"east": {"uv": [0.5, 0, 1, 16], "texture": "#1"},
				"south": {"uv": [1, 0, 1.5, 16], "texture": "#1"},
				"west": {"uv": [1.5, 0, 2, 16], "texture": "#1"},
				"up": {"uv": [9.5, 10.5, 9, 10], "texture": "#1"},
				"down": {"uv": [10.5, 9, 10, 9.5], "texture": "#1"}
			}
		},
		{
			"from": [0, 15.625, 1.5],
			"to": [1, 20.5, 2.625],
			"faces": {
				"north": {"uv": [3, 1, 3.5, 3.5], "texture": "#1"},
				"east": {"uv": [3.5, 1, 4, 3.5], "texture": "#1"},
				"south": {"uv": [2, 3.5, 2.5, 6], "texture": "#1"},
				"west": {"uv": [2.5, 3.5, 3, 6], "texture": "#1"},
				"up": {"uv": [10.5, 1, 10, 0.5], "texture": "#1"},
				"down": {"uv": [10.5, 1.5, 10, 2], "texture": "#1"}
			}
		},
		{
			"from": [-2.375, 13.125, 0],
			"to": [-1.375, 18, 1.125],
			"faces": {
				"north": {"uv": [3, 3.5, 3.5, 6], "texture": "#1"},
				"east": {"uv": [3.5, 3.5, 4, 6], "texture": "#1"},
				"south": {"uv": [4, 1, 4.5, 3.5], "texture": "#1"},
				"west": {"uv": [4, 3.5, 4.5, 6], "texture": "#1"},
				"up": {"uv": [10.5, 2.5, 10, 2], "texture": "#1"},
				"down": {"uv": [10.5, 2.5, 10, 3], "texture": "#1"}
			}
		},
		{
			"from": [0.125, 12.25, -1.5],
			"to": [1.125, 17.125, -0.375],
			"rotation": {"angle": 0, "axis": "y", "origin": [16, 0, 16]},
			"faces": {
				"north": {"uv": [4.5, 5, 5, 7.5], "texture": "#1"},
				"east": {"uv": [5, 5, 5.5, 7.5], "texture": "#1"},
				"south": {"uv": [5.5, 0, 6, 2.5], "texture": "#1"},
				"west": {"uv": [5.5, 2.5, 6, 5], "texture": "#1"},
				"up": {"uv": [5, 10.5, 4.5, 10], "texture": "#1"},
				"down": {"uv": [10.5, 4.5, 10, 5], "texture": "#1"}
			}
		},
		{
			"from": [2.5, 9.75, 0],
			"to": [3.5, 14.625, 1.125],
			"rotation": {"angle": 0, "axis": "y", "origin": [16, 0, 16]},
			"faces": {
				"north": {"uv": [4.5, 0, 5, 2.5], "texture": "#1"},
				"east": {"uv": [4.5, 2.5, 5, 5], "texture": "#1"},
				"south": {"uv": [5, 0, 5.5, 2.5], "texture": "#1"},
				"west": {"uv": [5, 2.5, 5.5, 5], "texture": "#1"},
				"up": {"uv": [10.5, 4, 10, 3.5], "texture": "#1"},
				"down": {"uv": [10.5, 4, 10, 4.5], "texture": "#1"}
			}
		},
		{
			"from": [2.5, 1.75, 0],
			"to": [3.5, 6.625, 1.125],
			"rotation": {"angle": 0, "axis": "y", "origin": [16, 0, 16]},
			"faces": {
				"north": {"uv": [7, 0, 7.5, 2.5], "texture": "#1"},
				"east": {"uv": [7, 2.5, 7.5, 5], "texture": "#1"},
				"south": {"uv": [7, 5, 7.5, 7.5], "texture": "#1"},
				"west": {"uv": [7.5, 0, 8, 2.5], "texture": "#1"},
				"up": {"uv": [7, 10.5, 6.5, 10], "texture": "#1"},
				"down": {"uv": [10.5, 6.5, 10, 7], "texture": "#1"}
			}
		},
		{
			"from": [-2.375, 5.125, 0],
			"to": [-1.375, 10, 1.125],
			"faces": {
				"north": {"uv": [6, 5, 6.5, 7.5], "texture": "#1"},
				"east": {"uv": [6.5, 0, 7, 2.5], "texture": "#1"},
				"south": {"uv": [6.5, 2.5, 7, 5], "texture": "#1"},
				"west": {"uv": [6.5, 5, 7, 7.5], "texture": "#1"},
				"up": {"uv": [6.5, 10.5, 6, 10], "texture": "#1"},
				"down": {"uv": [10.5, 6, 10, 6.5], "texture": "#1"}
			}
		},
		{
			"from": [0.125, 4.25, -1.5],
			"to": [1.125, 9.125, -0.375],
			"rotation": {"angle": 0, "axis": "y", "origin": [16, 0, 16]},
			"faces": {
				"north": {"uv": [6, 2.5, 6.5, 5], "texture": "#1"},
				"east": {"uv": [3, 6, 3.5, 8.5], "texture": "#1"},
				"south": {"uv": [3.5, 6, 4, 8.5], "texture": "#1"},
				"west": {"uv": [4, 6, 4.5, 8.5], "texture": "#1"},
				"up": {"uv": [6, 10.5, 5.5, 10], "texture": "#1"},
				"down": {"uv": [10.5, 5.5, 10, 6], "texture": "#1"}
			}
		},
		{
			"from": [0, 7.625, 1.5],
			"to": [1, 12.5, 2.625],
			"faces": {
				"north": {"uv": [5.5, 5, 6, 7.5], "texture": "#1"},
				"east": {"uv": [6, 0, 6.5, 2.5], "texture": "#1"},
				"south": {"uv": [2, 6, 2.5, 8.5], "texture": "#1"},
				"west": {"uv": [2.5, 6, 3, 8.5], "texture": "#1"},
				"up": {"uv": [5.5, 10.5, 5, 10], "texture": "#1"},
				"down": {"uv": [10.5, 5, 10, 5.5], "texture": "#1"}
			}
		},
		{
			"from": [2.5, -7.125, 0],
			"to": [3.5, -2.25, 1.125],
			"rotation": {"angle": 0, "axis": "y", "origin": [16, 0, 16]},
			"faces": {
				"north": {"uv": [8, 7.5, 8.5, 10], "texture": "#1"},
				"east": {"uv": [8.5, 0, 9, 2.5], "texture": "#1"},
				"south": {"uv": [2, 8.5, 2.5, 11], "texture": "#1"},
				"west": {"uv": [2.5, 8.5, 3, 11], "texture": "#1"},
				"up": {"uv": [9, 10.5, 8.5, 10], "texture": "#1"},
				"down": {"uv": [10.5, 8.5, 10, 9], "texture": "#1"}
			}
		},
		{
			"from": [-2.375, -3.75, 0],
			"to": [-1.375, 1.125, 1.125],
			"faces": {
				"north": {"uv": [7.5, 7.5, 8, 10], "texture": "#1"},
				"east": {"uv": [8, 0, 8.5, 2.5], "texture": "#1"},
				"south": {"uv": [8, 2.5, 8.5, 5], "texture": "#1"},
				"west": {"uv": [8, 5, 8.5, 7.5], "texture": "#1"},
				"up": {"uv": [8.5, 10.5, 8, 10], "texture": "#1"},
				"down": {"uv": [10.5, 8, 10, 8.5], "texture": "#1"}
			}
		},
		{
			"from": [0.125, -4.625, -1.5],
			"to": [1.125, 0.25, -0.375],
			"rotation": {"angle": 0, "axis": "y", "origin": [16, 0, 16]},
			"faces": {
				"north": {"uv": [5.5, 7.5, 6, 10], "texture": "#1"},
				"east": {"uv": [6, 7.5, 6.5, 10], "texture": "#1"},
				"south": {"uv": [6.5, 7.5, 7, 10], "texture": "#1"},
				"west": {"uv": [7, 7.5, 7.5, 10], "texture": "#1"},
				"up": {"uv": [8, 10.5, 7.5, 10], "texture": "#1"},
				"down": {"uv": [10.5, 7.5, 10, 8], "texture": "#1"}
			}
		},
		{
			"from": [0, -1.25, 1.5],
			"to": [1, 3.625, 2.625],
			"faces": {
				"north": {"uv": [7.5, 2.5, 8, 5], "texture": "#1"},
				"east": {"uv": [4.5, 7.5, 5, 10], "texture": "#1"},
				"south": {"uv": [5, 7.5, 5.5, 10], "texture": "#1"},
				"west": {"uv": [7.5, 5, 8, 7.5], "texture": "#1"},
				"up": {"uv": [7.5, 10.5, 7, 10], "texture": "#1"},
				"down": {"uv": [10.5, 7, 10, 7.5], "texture": "#1"}
			}
		}
	],
	"display": {
		"thirdperson_righthand": {
			"translation": [9.25, 4.75, 11.25]
		},
		"thirdperson_lefthand": {
			"translation": [-7.25, 4.75, 11.25]
		},
		"firstperson_righthand": {
			"translation": [9.25, 4.75, 11.25]
		},
		"gui": {
			"rotation": [0, 158, 60],
			"translation": [0.25, 2.75, 11.25],
			"scale": [0.45, 0.54, 0.59]
		}
	}
}