{
	"credit": "Made with Blockbench",
	"texture_size": [32, 32],
	"textures": {
		"0": "custom/meteor",
		"particle": "custom/meteor"
	},
	"elements": [
		{
			"from": [8, 2.5, 1.75],
			"to": [12.75, 9.25, 11.125],
			"faces": {
				"north": {"uv": [9, 11, 11.5, 14.5], "texture": "#0"},
				"east": {"uv": [8.5, 4, 13, 7.5], "texture": "#0"},
				"south": {"uv": [11.5, 11, 14, 14.5], "texture": "#0"},
				"west": {"uv": [8.5, 7.5, 13, 11], "texture": "#0"},
				"up": {"uv": [6.5, 13.5, 4, 9], "texture": "#0"},
				"down": {"uv": [9, 11, 6.5, 15.5], "texture": "#0"}
			}
		},
		{
			"from": [0.125, 0, 0],
			"to": [8, 7.5, 9.25],
			"faces": {
				"north": {"uv": [0, 8, 4, 12], "texture": "#0"},
				"east": {"uv": [0, 0, 4.5, 4], "texture": "#0"},
				"south": {"uv": [8.5, 0, 12.5, 4], "texture": "#0"},
				"west": {"uv": [0, 4, 4.5, 8], "texture": "#0"},
				"up": {"uv": [8.5, 4.5, 4.5, 0], "texture": "#0"},
				"down": {"uv": [8.5, 4.5, 4.5, 9], "texture": "#0"}
			}
		}
	],
	"display": {
		"head": {
			"translation": [0, -11, 7.75],
			"scale": [4, 4, 4]
		}
	}
}