{
	"credit": "Made with Blockbench",
	"textures": {
		"2": "custom/portal",
		"3": "custom/vex",
		"particle": "custom/portal"
	},
	"elements": [
		{
			"from": [-16, -16, -0.125],
			"to": [32, 32, 0],
			"faces": {
				"north": {"uv": [1.375, 1.375, 14.5, 14.75], "texture": "#2"},
				"east": {"uv": [0, 0, 0.125, 16], "texture": "#3"},
				"south": {"uv": [0, 0, 16, 16], "texture": "#3"},
				"west": {"uv": [0, 0, 0.125, 16], "texture": "#3"},
				"up": {"uv": [0, 0, 16, 0.125], "texture": "#3"},
				"down": {"uv": [0, 0, 16, 0.125], "texture": "#3"}
			}
		}
	],
	"display": {
		"thirdperson_righthand": {
			"rotation": [90, 0, 0],
			"translation": [-5.25, -10.25, 11.25],
			"scale": [2, 2, 1]
		},
		"head": {
			"translation": [10.5, 0, 0],
			"scale": [3.05, 1.99, 0.37]
		}
	}
}