{
	"credit": "Made with Blockbench",
	"texture_size": [64, 64],
	"textures": {
		"0": "custom/rouges_bandana",
		"particle": "custom/rouges_bandana"
	},
	"elements": [
		{
			"from": [0, 0, 0],
			"to": [16, 5.875, 16],
			"faces": {
				"north": {"uv": [4, 4, 0, 0], "texture": "#0"},
				"east": {"uv": [4, 4, 0, 0], "texture": "#0"},
				"south": {"uv": [4, 4, 0, 0], "texture": "#0"},
				"west": {"uv": [4, 4, 0, 0], "texture": "#0"},
				"up": {"uv": [4, 4, 0, 0], "texture": "#0"},
				"down": {"uv": [4, 4, 0, 0], "texture": "#0"}
			}
		},
		{
			"from": [0.125, 6.5, 4.5],
			"to": [0.625, 12.5, 15.75],
			"rotation": {"angle": 45, "axis": "x", "origin": [8, 8.8125, 8]},
			"faces": {
				"north": {"uv": [0.25, 10.75, 0, 8], "texture": "#0"},
				"east": {"uv": [0.25, 10.75, 0, 8], "texture": "#0"},
				"south": {"uv": [0.25, 10.75, 0, 8], "texture": "#0"},
				"west": {"uv": [0.25, 10.75, 0, 8], "texture": "#0"},
				"up": {"uv": [0.25, 10.75, 0, 8], "texture": "#0"},
				"down": {"uv": [0.25, 10.75, 0, 8], "texture": "#0"}
			}
		},
		{
			"from": [-0.125, 6.5, 0.25],
			"to": [0.625, 12.375, 11.625],
			"rotation": {"angle": -45, "axis": "x", "origin": [8, 8.8125, 8]},
			"faces": {
				"north": {"uv": [0.5, 10.75, 0.25, 8], "texture": "#0"},
				"east": {"uv": [0.5, 10.75, 0.25, 8], "texture": "#0"},
				"south": {"uv": [0.5, 10.75, 0.25, 8], "texture": "#0"},
				"west": {"uv": [0.5, 10.75, 0.25, 8], "texture": "#0"},
				"up": {"uv": [0.5, 10.75, 0.25, 8], "texture": "#0"},
				"down": {"uv": [0.5, 10.75, 0.25, 8], "texture": "#0"}
			}
		},
		{
			"from": [17.125, 2, 8.75],
			"to": [17.625, 2.125, 12.625],
			"rotation": {"angle": 22.5, "axis": "x", "origin": [17.375, 2.8125, 9.3125]},
			"faces": {
				"north": {"uv": [8.25, 3.75, 8, 2.75], "texture": "#0"},
				"east": {"uv": [8.25, 3.75, 8, 2.75], "texture": "#0"},
				"south": {"uv": [8.25, 3.75, 8, 2.75], "texture": "#0"},
				"west": {"uv": [8.25, 3.75, 8, 2.75], "texture": "#0"},
				"up": {"uv": [8.25, 3.75, 8, 2.75], "texture": "#0"},
				"down": {"uv": [8.25, 3.75, 8, 2.75], "texture": "#0"}
			}
		},
		{
			"from": [17.125, 2.5, 4.125],
			"to": [17.625, 2.625, 8],
			"rotation": {"angle": 0, "axis": "x", "origin": [17.375, 2.8125, 9.3125]},
			"faces": {
				"north": {"uv": [8.5, 1, 8.25, 0], "texture": "#0"},
				"east": {"uv": [8.5, 1, 8.25, 0], "texture": "#0"},
				"south": {"uv": [8.5, 1, 8.25, 0], "texture": "#0"},
				"west": {"uv": [8.5, 1, 8.25, 0], "texture": "#0"},
				"up": {"uv": [8.5, 1, 8.25, 0], "texture": "#0"},
				"down": {"uv": [8.5, 1, 8.25, 0], "texture": "#0"}
			}
		},
		{
			"from": [16, 1.5, 7],
			"to": [17.25, 3.125, 8.75],
			"faces": {
				"north": {"uv": [2.25, 8.75, 2, 8.25], "texture": "#0"},
				"east": {"uv": [2.25, 8.75, 2, 8.25], "texture": "#0"},
				"south": {"uv": [2.25, 8.75, 2, 8.25], "texture": "#0"},
				"west": {"uv": [2.25, 8.75, 2, 8.25], "texture": "#0"},
				"up": {"uv": [2.25, 8.75, 2, 8.25], "texture": "#0"},
				"down": {"uv": [2.25, 8.75, 2, 8.25], "texture": "#0"}
			}
		}
	],
	"display": {
		"head": {
			"rotation": [0, -90, 0],
			"translation": [0, -2.75, 0],
			"scale": [0.86, 0.59, 0.82]
		}
	}
}