{
	"credit": "Made with Blockbench",
	"texture_size": [128, 128],
	"textures": {
		"0": "custom/the_erasor",
		"particle": "custom/the_erasor"
	},
	"elements": [
		{
			"from": [7.375, -16, 5],
			"to": [10, 32, 7.125],
			"faces": {
				"north": {"uv": [3, 4.375, 3.375, 10.375], "texture": "#0"},
				"east": {"uv": [3.75, 4.375, 4, 10.375], "texture": "#0"},
				"south": {"uv": [3.375, 4.375, 3.75, 10.375], "texture": "#0"},
				"west": {"uv": [4, 4.375, 4.25, 10.375], "texture": "#0"},
				"up": {"uv": [3, 4.875, 2.625, 4.625], "texture": "#0"},
				"down": {"uv": [3, 4.875, 2.625, 5.125], "texture": "#0"}
			}
		},
		{
			"from": [6.625, 18.5, 4.125],
			"to": [10.75, 20, 8.25],
			"faces": {
				"north": {"uv": [5.375, 5.5, 5.875, 5.75], "texture": "#0"},
				"east": {"uv": [2.125, 5.625, 2.625, 5.875], "texture": "#0"},
				"south": {"uv": [4.25, 5.625, 4.75, 5.875], "texture": "#0"},
				"west": {"uv": [4.75, 5.625, 5.25, 5.875], "texture": "#0"},
				"up": {"uv": [2.625, 5.125, 2.125, 4.625], "texture": "#0"},
				"down": {"uv": [2.625, 5.125, 2.125, 5.625], "texture": "#0"}
			}
		},
		{
			"from": [6.625, 29.875, 4.125],
			"to": [10.75, 31.375, 8.25],
			"faces": {
				"north": {"uv": [5.75, 0, 6.25, 0.25], "texture": "#0"},
				"east": {"uv": [5.75, 0.25, 6.25, 0.5], "texture": "#0"},
				"south": {"uv": [5.75, 0.5, 6.25, 0.75], "texture": "#0"},
				"west": {"uv": [5.75, 0.75, 6.25, 1], "texture": "#0"},
				"up": {"uv": [6, 1.625, 5.5, 1.125], "texture": "#0"},
				"down": {"uv": [6, 1.625, 5.5, 2.125], "texture": "#0"}
			}
		},
		{
			"from": [-2.625, 20.125, 1.625],
			"to": [19.5, 29.875, 10.125],
			"faces": {
				"north": {"uv": [0, 0, 2.75, 1.25], "texture": "#0"},
				"east": {"uv": [4.25, 4.375, 5.375, 5.625], "texture": "#0"},
				"south": {"uv": [0, 1.25, 2.75, 2.5], "texture": "#0"},
				"west": {"uv": [0, 4.625, 1.125, 5.875], "texture": "#0"},
				"up": {"uv": [5.5, 2.25, 2.75, 1.125], "texture": "#0"},
				"down": {"uv": [5.75, 2.25, 3, 3.375], "texture": "#0"}
			}
		},
		{
			"from": [-3.5, 20.625, 2.125],
			"to": [20, 29.375, 9.625],
			"faces": {
				"north": {"uv": [0, 2.5, 3, 3.625], "texture": "#0"},
				"east": {"uv": [1.125, 4.625, 2.125, 5.75], "texture": "#0"},
				"south": {"uv": [2.75, 0, 5.75, 1.125], "texture": "#0"},
				"west": {"uv": [5.375, 4.375, 6.375, 5.5], "texture": "#0"},
				"up": {"uv": [6, 4.375, 3, 3.375], "texture": "#0"},
				"down": {"uv": [3, 3.625, 0, 4.625], "texture": "#0"}
			}
		}
	],
	"display": {
		"thirdperson_righthand": {
			"rotation": [0, -90, -7],
			"translation": [-1.75, 7, 3],
			"scale": [0.85, 0.85, 0.85]
		},
		"thirdperson_lefthand": {
			"rotation": [0, -90, -7],
			"translation": [-1.75, 7, 3],
			"scale": [0.85, 0.85, 0.85]
		},
		"firstperson_righthand": {
			"rotation": [0, -90, -7],
			"translation": [-1.75, 7, 3],
			"scale": [0.85, 0.85, 0.85]
		},
		"firstperson_lefthand": {
			"rotation": [0, -90, -7],
			"translation": [-1.75, 7, 3],
			"scale": [0.85, 0.85, 0.85]
		},
		"gui": {
			"rotation": [-5, -180, 42],
			"translation": [0.25, -0.25, 3],
			"scale": [0.35, 0.45, 0.85]
		}
	}
}