{
	"credit": "Made with Blockbench",
	"texture_size": [32, 32],
	"textures": {
		"0": "custom/wand",
		"particle": "custom/wand"
	},
	"elements": [
		{
			"from": [0, 0, 0],
			"to": [1.625, 30.25, 1.875],
			"faces": {
				"north": {"uv": [0, 0, 1, 15], "texture": "#0"},
				"east": {"uv": [1, 0, 2, 15], "texture": "#0"},
				"south": {"uv": [2, 0, 3, 15], "texture": "#0"},
				"west": {"uv": [3, 0, 4, 15], "texture": "#0"},
				"up": {"uv": [8, 4, 7, 3], "texture": "#0"},
				"down": {"uv": [8, 4, 7, 5], "texture": "#0"}
			}
		},
		{
			"from": [-0.5, 7.875, -0.5],
			"to": [2.125, 10.375, 2.375],
			"faces": {
				"north": {"uv": [5.5, 3, 7, 4.5], "texture": "#0"},
				"east": {"uv": [5.5, 4.5, 7, 6], "texture": "#0"},
				"south": {"uv": [4, 6, 5.5, 7.5], "texture": "#0"},
				"west": {"uv": [5.5, 6, 7, 7.5], "texture": "#0"},
				"up": {"uv": [8.5, 1.5, 7, 0], "texture": "#0"},
				"down": {"uv": [8.5, 1.5, 7, 3], "texture": "#0"}
			}
		},
		{
			"from": [-0.5, 4.375, -0.5],
			"to": [2.125, 6.875, 2.375],
			"faces": {
				"north": {"uv": [4, 0, 5.5, 1.5], "texture": "#0"},
				"east": {"uv": [4, 1.5, 5.5, 3], "texture": "#0"},
				"south": {"uv": [4, 3, 5.5, 4.5], "texture": "#0"},
				"west": {"uv": [4, 4.5, 5.5, 6], "texture": "#0"},
				"up": {"uv": [7, 1.5, 5.5, 0], "texture": "#0"},
				"down": {"uv": [7, 1.5, 5.5, 3], "texture": "#0"}
			}
		}
	],
	"display": {
		"thirdperson_righthand": {
			"translation": [4.5, 1.25, 6.25],
			"scale": [0.55, 0.55, 0.55]
		},
		"thirdperson_lefthand": {
			"translation": [-3.5, 1.25, 6.25],
			"scale": [0.55, 0.55, 0.55]
		},
		"firstperson_righthand": {
			"translation": [4.5, 1.25, 6.25],
			"scale": [0.55, 0.55, 0.55]
		},
		"firstperson_lefthand": {
			"translation": [5.75, -3.25, -3.25],
			"scale": [0.55, 0.55, 0.55]
		},
		"ground": {
			"translation": [0, 2, 0],
			"scale": [0.5, 0.5, 0.5]
		},
		"gui": {
			"rotation": [0, 0, -43],
			"translation": [0.75, -4.75, 6.25],
			"scale": [0.55, 0.55, 0.55]
		},
		"head": {
			"rotation": [0, 180, 0],
			"translation": [0, 13, 7]
		},
		"fixed": {
			"rotation": [0, 180, 0]
		}
	}
}