{
	"credit": "Made with Blockbench",
	"texture_size": [64, 64],
	"textures": {
		"0": "custom/warrior_gold_sword",
		"particle": "custom/warrior_gold_sword"
	},
	"elements": [
		{
			"from": [8.625, -3.125, 6.5],
			"to": [11.375, -0.375, 8.5],
			"rotation": {"angle": 45, "axis": "z", "origin": [7.625, -4, 7.5]},
			"faces": {
				"north": {"uv": [0, 5.75, 0.75, 6.5], "texture": "#0"},
				"east": {"uv": [5.75, 1, 6.25, 1.75], "texture": "#0"},
				"south": {"uv": [5.75, 0, 6.5, 0.75], "texture": "#0"},
				"west": {"uv": [1.25, 5.75, 1.75, 6.5], "texture": "#0"},
				"up": {"uv": [4.75, 6.25, 4, 5.75], "texture": "#0"},
				"down": {"uv": [5.5, 5.75, 4.75, 6.25], "texture": "#0"}
			}
		},
		{
			"from": [6.375, -0.375, 7],
			"to": [9.125, 7.875, 8],
			"rotation": {"angle": 0, "axis": "z", "origin": [7.625, -4, 7.5]},
			"faces": {
				"north": {"uv": [1.75, 4.75, 2.5, 6.75], "texture": "#0"},
				"east": {"uv": [0.75, 5.75, 1, 7.75], "texture": "#0"},
				"south": {"uv": [5, 0, 5.75, 2], "texture": "#0"},
				"west": {"uv": [1, 5.75, 1.25, 7.75], "texture": "#0"},
				"up": {"uv": [6.75, 5.75, 6, 5.5], "texture": "#0"},
				"down": {"uv": [6.75, 5.75, 6, 6], "texture": "#0"}
			}
		},
		{
			"from": [3.125, 9, 7],
			"to": [8.5, 27.625, 8],
			"rotation": {"angle": 0, "axis": "z", "origin": [4.375, -4, 7.5]},
			"faces": {
				"north": {"uv": [0, 0, 1.25, 4.75], "texture": "#0"},
				"east": {"uv": [3, 5, 3.25, 9.75], "texture": "#0"},
				"south": {"uv": [1.25, 0, 2.5, 4.75], "texture": "#0"},
				"west": {"uv": [3.25, 5, 3.5, 9.75], "texture": "#0"},
				"up": {"uv": [7, 2, 5.75, 1.75], "texture": "#0"},
				"down": {"uv": [7, 4.75, 5.75, 5], "texture": "#0"}
			}
		},
		{
			"from": [7.5, 29.375, 7.25],
			"to": [12.875, 32, 7.75],
			"rotation": {"angle": 0, "axis": "z", "origin": [4.375, -4, 7.5]},
			"faces": {
				"north": {"uv": [5, 2, 6.25, 2.75], "texture": "#0"},
				"east": {"uv": [6.25, 2, 6.5, 2.75], "texture": "#0"},
				"south": {"uv": [5, 2.75, 6.25, 3.5], "texture": "#0"},
				"west": {"uv": [6.25, 2.75, 6.5, 3.5], "texture": "#0"},
				"up": {"uv": [7, 5.25, 5.75, 5], "texture": "#0"},
				"down": {"uv": [7, 5.25, 5.75, 5.5], "texture": "#0"}
			}
		},
		{
			"from": [10.25, 9.125, 7.5],
			"to": [12.875, 29.375, 7.625],
			"rotation": {"angle": 0, "axis": "z", "origin": [4.375, -4, 7.5]},
			"faces": {
				"north": {"uv": [2.5, 0, 3.25, 5], "texture": "#0"},
				"east": {"uv": [2.5, 5, 2.75, 10], "texture": "#0"},
				"south": {"uv": [3.25, 0, 4, 5], "texture": "#0"},
				"west": {"uv": [2.75, 5, 3, 10], "texture": "#0"},
				"up": {"uv": [4.75, 6.5, 4, 6.25], "texture": "#0"},
				"down": {"uv": [5.5, 6.25, 4.75, 6.5], "texture": "#0"}
			}
		},
		{
			"from": [8.375, 9, 7],
			"to": [10.375, 27.625, 8],
			"rotation": {"angle": 0, "axis": "z", "origin": [4.375, -4, 7.5]},
			"faces": {
				"north": {"uv": [4, 0, 4.5, 4.75], "texture": "#0"},
				"east": {"uv": [3.5, 5, 3.75, 9.75], "texture": "#0"},
				"south": {"uv": [4.5, 0, 5, 4.75], "texture": "#0"},
				"west": {"uv": [3.75, 5, 4, 9.75], "texture": "#0"},
				"up": {"uv": [7, 0.75, 6.5, 0.5], "texture": "#0"},
				"down": {"uv": [7, 2.5, 6.5, 2.75], "texture": "#0"}
			}
		},
		{
			"from": [4.5, 25.375, 7.125],
			"to": [11, 29.125, 7.875],
			"rotation": {"angle": 45, "axis": "z", "origin": [5.8125, 26.5625, 7.5]},
			"faces": {
				"north": {"uv": [0, 4.75, 1.75, 5.75], "texture": "#0"},
				"east": {"uv": [5.5, 5.75, 5.75, 6.75], "texture": "#0"},
				"south": {"uv": [4, 4.75, 5.75, 5.75], "texture": "#0"},
				"west": {"uv": [5.75, 5.5, 6, 6.5], "texture": "#0"},
				"up": {"uv": [6.75, 4.75, 5, 4.5], "texture": "#0"},
				"down": {"uv": [7.5, 0.75, 5.75, 1], "texture": "#0"}
			}
		},
		{
			"from": [1.25, 7.875, 7],
			"to": [13.25, 9, 8],
			"rotation": {"angle": 0, "axis": "z", "origin": [4.375, -4, 7.5]},
			"faces": {
				"north": {"uv": [5, 3.5, 8, 3.75], "texture": "#0"},
				"east": {"uv": [6.5, 2.75, 6.75, 3], "texture": "#0"},
				"south": {"uv": [5, 3.75, 8, 4], "texture": "#0"},
				"west": {"uv": [6.5, 3, 6.75, 3.25], "texture": "#0"},
				"up": {"uv": [8, 4.25, 5, 4], "texture": "#0"},
				"down": {"uv": [8, 4.25, 5, 4.5], "texture": "#0"}
			}
		},
		{
			"from": [13.25, 8.5, 7],
			"to": [15.75, 9.625, 8],
			"rotation": {"angle": 0, "axis": "z", "origin": [4.375, -4, 7.5]},
			"faces": {
				"north": {"uv": [6, 6, 6.75, 6.25], "texture": "#0"},
				"east": {"uv": [6.5, 3.25, 6.75, 3.5], "texture": "#0"},
				"south": {"uv": [6.25, 1, 7, 1.25], "texture": "#0"},
				"west": {"uv": [4, 6.5, 4.25, 6.75], "texture": "#0"},
				"up": {"uv": [7, 1.5, 6.25, 1.25], "texture": "#0"},
				"down": {"uv": [7, 1.5, 6.25, 1.75], "texture": "#0"}
			}
		},
		{
			"from": [15.75, 9.375, 7],
			"to": [17.375, 10.75, 8],
			"rotation": {"angle": 0, "axis": "z", "origin": [4.375, -4, 7.5]},
			"faces": {
				"north": {"uv": [6, 6.25, 6.5, 6.5], "texture": "#0"},
				"east": {"uv": [4.25, 6.5, 4.5, 6.75], "texture": "#0"},
				"south": {"uv": [0, 6.5, 0.5, 6.75], "texture": "#0"},
				"west": {"uv": [4.5, 6.5, 4.75, 6.75], "texture": "#0"},
				"up": {"uv": [7, 0.25, 6.5, 0], "texture": "#0"},
				"down": {"uv": [7, 0.25, 6.5, 0.5], "texture": "#0"}
			}
		},
		{
			"from": [17.125, 10.75, 7],
			"to": [18.25, 13, 8],
			"rotation": {"angle": 0, "axis": "z", "origin": [4.375, -4, 7.5]},
			"faces": {
				"north": {"uv": [0.5, 6.5, 0.75, 7], "texture": "#0"},
				"east": {"uv": [1.25, 6.5, 1.5, 7], "texture": "#0"},
				"south": {"uv": [1.5, 6.5, 1.75, 7], "texture": "#0"},
				"west": {"uv": [6.5, 2, 6.75, 2.5], "texture": "#0"},
				"up": {"uv": [5, 6.75, 4.75, 6.5], "texture": "#0"},
				"down": {"uv": [5.25, 6.5, 5, 6.75], "texture": "#0"}
			}
		}
	],
	"display": {
		"thirdperson_righthand": {
			"rotation": [0, 90, -1],
			"translation": [0, 0, 1.75],
			"scale": [0.3, 0.6, 0.85]
		},
		"thirdperson_lefthand": {
			"rotation": [0, -90, -1],
			"translation": [0, 0, 1.75],
			"scale": [0.3, 0.6, 0.85]
		},
		"firstperson_righthand": {
			"rotation": [0, 90, -1],
			"translation": [0, 0, 1.75],
			"scale": [0.3, 0.6, 0.85]
		},
		"firstperson_lefthand": {
			"rotation": [0, -93, -1],
			"translation": [0, 0, 1.75],
			"scale": [0.3, 0.6, 0.85]
		},
		"gui": {
			"rotation": [0, -180, 42],
			"translation": [-1.75, -3.25, 1.75],
			"scale": [0.28, 0.56, 0.78]
		}
	}
}