{
	"credit": "Made with Blockbench",
	"texture_size": [32, 32],
	"textures": {
		"0": "custom/warrior_sword",
		"particle": "custom/warrior_sword"
	},
	"elements": [
		{
			"from": [2, 0, 7.5],
			"to": [2.5, 6.375, 8.125],
			"rotation": {"angle": 0, "axis": "y", "origin": [2, 0, 7.5]},
			"faces": {
				"north": {"uv": [4, 0, 4.5, 3], "texture": "#0"},
				"east": {"uv": [4, 4, 4.5, 7], "texture": "#0"},
				"south": {"uv": [4.5, 0, 5, 3], "texture": "#0"},
				"west": {"uv": [4.5, 4, 5, 7], "texture": "#0"},
				"up": {"uv": [7.5, 8.5, 7, 8], "texture": "#0"},
				"down": {"uv": [8.5, 7, 8, 7.5], "texture": "#0"}
			}
		},
		{
			"from": [1.875, 7.25, 6.375],
			"to": [2.375, 13.625, 9.125],
			"rotation": {"angle": 0, "axis": "y", "origin": [1.875, 0, 7.5]},
			"faces": {
				"north": {"uv": [5, 0, 5.5, 3], "texture": "#0"},
				"east": {"uv": [0, 0, 1.5, 3], "texture": "#0"},
				"south": {"uv": [5, 4, 5.5, 7], "texture": "#0"},
				"west": {"uv": [1.5, 0, 3, 3], "texture": "#0"},
				"up": {"uv": [5, 8.5, 4.5, 7], "texture": "#0"},
				"down": {"uv": [5.5, 7, 5, 8.5], "texture": "#0"}
			}
		},
		{
			"from": [1.875, 13.625, 6.625],
			"to": [2.375, 20, 8.875],
			"rotation": {"angle": 0, "axis": "y", "origin": [1.875, 0, 7.5]},
			"faces": {
				"north": {"uv": [5.5, 0, 6, 3], "texture": "#0"},
				"east": {"uv": [0, 3, 1, 6], "texture": "#0"},
				"south": {"uv": [5.5, 4, 6, 7], "texture": "#0"},
				"west": {"uv": [3, 0, 4, 3], "texture": "#0"},
				"up": {"uv": [4, 9, 3.5, 8], "texture": "#0"},
				"down": {"uv": [8.5, 3.5, 8, 4.5], "texture": "#0"}
			}
		},
		{
			"from": [1.875, 25.625, 6.5],
			"to": [2.375, 26.625, 7.5],
			"rotation": {"angle": 45, "axis": "x", "origin": [2.125, 25.4375, 7.6875]},
			"faces": {
				"north": {"uv": [9.5, 5.5, 10, 6], "texture": "#0"},
				"east": {"uv": [6, 9.5, 6.5, 10], "texture": "#0"},
				"south": {"uv": [9.5, 6, 10, 6.5], "texture": "#0"},
				"west": {"uv": [6.5, 9.5, 7, 10], "texture": "#0"},
				"up": {"uv": [10, 7, 9.5, 6.5], "texture": "#0"},
				"down": {"uv": [7.5, 9.5, 7, 10], "texture": "#0"}
			}
		},
		{
			"from": [1.875, 20, 7],
			"to": [2.375, 26.375, 8.375],
			"rotation": {"angle": 0, "axis": "y", "origin": [1.875, 0, 7.5]},
			"faces": {
				"north": {"uv": [0, 6, 0.5, 9], "texture": "#0"},
				"east": {"uv": [6, 0, 6.5, 3], "texture": "#0"},
				"south": {"uv": [0.5, 6, 1, 9], "texture": "#0"},
				"west": {"uv": [1, 6, 1.5, 9], "texture": "#0"},
				"up": {"uv": [10, 7.5, 9.5, 7], "texture": "#0"},
				"down": {"uv": [8, 9.5, 7.5, 10], "texture": "#0"}
			}
		},
		{
			"from": [1.75, 7.25, 6.875],
			"to": [2.5, 13.625, 8.375],
			"rotation": {"angle": 0, "axis": "y", "origin": [1.875, 0, 7.5]},
			"faces": {
				"north": {"uv": [7, 3, 7.5, 6], "texture": "#0"},
				"east": {"uv": [1, 3, 2, 6], "texture": "#0"},
				"south": {"uv": [4, 7, 4.5, 10], "texture": "#0"},
				"west": {"uv": [2, 3, 3, 6], "texture": "#0"},
				"up": {"uv": [8.5, 5.5, 8, 4.5], "texture": "#0"},
				"down": {"uv": [6, 8, 5.5, 9], "texture": "#0"}
			}
		},
		{
			"from": [1.75, 13.625, 7.125],
			"to": [2.5, 20, 8.125],
			"rotation": {"angle": 0, "axis": "y", "origin": [1.875, 0, 7.5]},
			"faces": {
				"north": {"uv": [6.5, 0, 7, 3], "texture": "#0"},
				"east": {"uv": [6.5, 3, 7, 6], "texture": "#0"},
				"south": {"uv": [6.5, 6, 7, 9], "texture": "#0"},
				"west": {"uv": [7, 0, 7.5, 3], "texture": "#0"},
				"up": {"uv": [10, 8.5, 9.5, 8], "texture": "#0"},
				"down": {"uv": [9, 9.5, 8.5, 10], "texture": "#0"}
			}
		},
		{
			"from": [1.75, 20, 7.5],
			"to": [2.5, 26.375, 7.625],
			"rotation": {"angle": 0, "axis": "y", "origin": [1.875, 0, 7.5]},
			"faces": {
				"north": {"uv": [1.5, 6, 2, 9], "texture": "#0"},
				"east": {"uv": [2, 6, 2.5, 9], "texture": "#0"},
				"south": {"uv": [2.5, 6, 3, 9], "texture": "#0"},
				"west": {"uv": [6, 4, 6.5, 7], "texture": "#0"},
				"up": {"uv": [10, 8, 9.5, 7.5], "texture": "#0"},
				"down": {"uv": [8.5, 9.5, 8, 10], "texture": "#0"}
			}
		},
		{
			"from": [1.625, 5.875, 4.25],
			"to": [2.75, 7.25, 11.375],
			"rotation": {"angle": 0, "axis": "y", "origin": [2, 0, 7.5]},
			"faces": {
				"north": {"uv": [6, 8, 6.5, 8.5], "texture": "#0"},
				"east": {"uv": [3, 3, 6.5, 3.5], "texture": "#0"},
				"south": {"uv": [8, 6.5, 8.5, 7], "texture": "#0"},
				"west": {"uv": [3, 3.5, 6.5, 4], "texture": "#0"},
				"up": {"uv": [3.5, 7.5, 3, 4], "texture": "#0"},
				"down": {"uv": [4, 4, 3.5, 7.5], "texture": "#0"}
			}
		},
		{
			"from": [1.625, 5.375, 3.75],
			"to": [2.75, 5.875, 6.125],
			"rotation": {"angle": 0, "axis": "y", "origin": [2, 0, 7.5]},
			"faces": {
				"north": {"uv": [8.5, 0, 9, 0.5], "texture": "#0"},
				"east": {"uv": [7.5, 0, 8.5, 0.5], "texture": "#0"},
				"south": {"uv": [8.5, 0.5, 9, 1], "texture": "#0"},
				"west": {"uv": [7.5, 0.5, 8.5, 1], "texture": "#0"},
				"up": {"uv": [8, 2, 7.5, 1], "texture": "#0"},
				"down": {"uv": [8, 2, 7.5, 3], "texture": "#0"}
			}
		},
		{
			"from": [1.625, 4.625, 3.5],
			"to": [2.75, 5.375, 4.625],
			"rotation": {"angle": 0, "axis": "y", "origin": [2, 0, 7.5]},
			"faces": {
				"north": {"uv": [8.5, 2, 9, 2.5], "texture": "#0"},
				"east": {"uv": [8.5, 2.5, 9, 3], "texture": "#0"},
				"south": {"uv": [8.5, 3, 9, 3.5], "texture": "#0"},
				"west": {"uv": [8.5, 3.5, 9, 4], "texture": "#0"},
				"up": {"uv": [9, 4.5, 8.5, 4], "texture": "#0"},
				"down": {"uv": [5, 8.5, 4.5, 9], "texture": "#0"}
			}
		},
		{
			"from": [1.625, 3.875, 3.125],
			"to": [2.75, 4.625, 3.75],
			"rotation": {"angle": 0, "axis": "y", "origin": [2, 0, 7.5]},
			"faces": {
				"north": {"uv": [8.5, 4.5, 9, 5], "texture": "#0"},
				"east": {"uv": [5, 8.5, 5.5, 9], "texture": "#0"},
				"south": {"uv": [8.5, 5, 9, 5.5], "texture": "#0"},
				"west": {"uv": [8.5, 5.5, 9, 6], "texture": "#0"},
				"up": {"uv": [6.5, 9, 6, 8.5], "texture": "#0"},
				"down": {"uv": [9, 6, 8.5, 6.5], "texture": "#0"}
			}
		},
		{
			"from": [1.625, 3.125, 3],
			"to": [2.75, 3.875, 3.25],
			"rotation": {"angle": 0, "axis": "y", "origin": [2, 0, 7.5]},
			"faces": {
				"north": {"uv": [8.5, 6.5, 9, 7], "texture": "#0"},
				"east": {"uv": [7, 8.5, 7.5, 9], "texture": "#0"},
				"south": {"uv": [8.5, 7, 9, 7.5], "texture": "#0"},
				"west": {"uv": [7.5, 8.5, 8, 9], "texture": "#0"},
				"up": {"uv": [9, 8, 8.5, 7.5], "texture": "#0"},
				"down": {"uv": [8.5, 8.5, 8, 9], "texture": "#0"}
			}
		},
		{
			"from": [1.625, 3.125, 12.375],
			"to": [2.75, 3.875, 12.625],
			"rotation": {"angle": 0, "axis": "y", "origin": [2, 0, 23.5]},
			"faces": {
				"north": {"uv": [3, 9, 3.5, 9.5], "texture": "#0"},
				"east": {"uv": [9, 3, 9.5, 3.5], "texture": "#0"},
				"south": {"uv": [3.5, 9, 4, 9.5], "texture": "#0"},
				"west": {"uv": [9, 3.5, 9.5, 4], "texture": "#0"},
				"up": {"uv": [9.5, 4.5, 9, 4], "texture": "#0"},
				"down": {"uv": [5, 9, 4.5, 9.5], "texture": "#0"}
			}
		},
		{
			"from": [1.625, 5.375, 9.5],
			"to": [2.75, 5.875, 11.875],
			"rotation": {"angle": 0, "axis": "y", "origin": [2, 0, 23.5]},
			"faces": {
				"north": {"uv": [2.5, 9, 3, 9.5], "texture": "#0"},
				"east": {"uv": [3, 7.5, 4, 8], "texture": "#0"},
				"south": {"uv": [9, 2.5, 9.5, 3], "texture": "#0"},
				"west": {"uv": [7.5, 3, 8.5, 3.5], "texture": "#0"},
				"up": {"uv": [8, 4.5, 7.5, 3.5], "texture": "#0"},
				"down": {"uv": [8, 4.5, 7.5, 5.5], "texture": "#0"}
			}
		},
		{
			"from": [1.625, 4.625, 11],
			"to": [2.75, 5.375, 12.125],
			"rotation": {"angle": 0, "axis": "y", "origin": [2, 0, 23.5]},
			"faces": {
				"north": {"uv": [1, 9, 1.5, 9.5], "texture": "#0"},
				"east": {"uv": [9, 1, 9.5, 1.5], "texture": "#0"},
				"south": {"uv": [1.5, 9, 2, 9.5], "texture": "#0"},
				"west": {"uv": [9, 1.5, 9.5, 2], "texture": "#0"},
				"up": {"uv": [2.5, 9.5, 2, 9], "texture": "#0"},
				"down": {"uv": [9.5, 2, 9, 2.5], "texture": "#0"}
			}
		},
		{
			"from": [1.625, 3.875, 11.875],
			"to": [2.75, 4.625, 12.5],
			"rotation": {"angle": 0, "axis": "y", "origin": [2, 0, 23.5]},
			"faces": {
				"north": {"uv": [8.5, 8, 9, 8.5], "texture": "#0"},
				"east": {"uv": [8.5, 8.5, 9, 9], "texture": "#0"},
				"south": {"uv": [0, 9, 0.5, 9.5], "texture": "#0"},
				"west": {"uv": [9, 0, 9.5, 0.5], "texture": "#0"},
				"up": {"uv": [1, 9.5, 0.5, 9], "texture": "#0"},
				"down": {"uv": [9.5, 0.5, 9, 1], "texture": "#0"}
			}
		},
		{
			"from": [1.625, 9.25, 12.375],
			"to": [2.75, 10, 12.625],
			"rotation": {"angle": 0, "axis": "y", "origin": [2, 16, 23.5]},
			"faces": {
				"north": {"uv": [9, 8, 9.5, 8.5], "texture": "#0"},
				"east": {"uv": [8.5, 9, 9, 9.5], "texture": "#0"},
				"south": {"uv": [9, 8.5, 9.5, 9], "texture": "#0"},
				"west": {"uv": [9, 9, 9.5, 9.5], "texture": "#0"},
				"up": {"uv": [0.5, 10, 0, 9.5], "texture": "#0"},
				"down": {"uv": [10, 0, 9.5, 0.5], "texture": "#0"}
			}
		},
		{
			"from": [1.625, 7.25, 9.5],
			"to": [2.75, 7.75, 11.875],
			"rotation": {"angle": 0, "axis": "y", "origin": [2, 16, 23.5]},
			"faces": {
				"north": {"uv": [9, 7.5, 9.5, 8], "texture": "#0"},
				"east": {"uv": [7.5, 5.5, 8.5, 6], "texture": "#0"},
				"south": {"uv": [8, 9, 8.5, 9.5], "texture": "#0"},
				"west": {"uv": [7.5, 6, 8.5, 6.5], "texture": "#0"},
				"up": {"uv": [8, 7.5, 7.5, 6.5], "texture": "#0"},
				"down": {"uv": [8, 7.5, 7.5, 8.5], "texture": "#0"}
			}
		},
		{
			"from": [1.625, 7.75, 11],
			"to": [2.75, 8.5, 12.125],
			"rotation": {"angle": 0, "axis": "y", "origin": [2, 16, 23.5]},
			"faces": {
				"north": {"uv": [9, 6, 9.5, 6.5], "texture": "#0"},
				"east": {"uv": [6.5, 9, 7, 9.5], "texture": "#0"},
				"south": {"uv": [9, 6.5, 9.5, 7], "texture": "#0"},
				"west": {"uv": [7, 9, 7.5, 9.5], "texture": "#0"},
				"up": {"uv": [9.5, 7.5, 9, 7], "texture": "#0"},
				"down": {"uv": [8, 9, 7.5, 9.5], "texture": "#0"}
			}
		},
		{
			"from": [1.625, 8.5, 11.875],
			"to": [2.75, 9.25, 12.5],
			"rotation": {"angle": 0, "axis": "y", "origin": [2, 16, 23.5]},
			"faces": {
				"north": {"uv": [9, 4.5, 9.5, 5], "texture": "#0"},
				"east": {"uv": [5, 9, 5.5, 9.5], "texture": "#0"},
				"south": {"uv": [9, 5, 9.5, 5.5], "texture": "#0"},
				"west": {"uv": [5.5, 9, 6, 9.5], "texture": "#0"},
				"up": {"uv": [9.5, 6, 9, 5.5], "texture": "#0"},
				"down": {"uv": [6.5, 9, 6, 9.5], "texture": "#0"}
			}
		},
		{
			"from": [1.625, 9.25, 3],
			"to": [2.75, 10, 3.25],
			"rotation": {"angle": 0, "axis": "y", "origin": [2, 16, 7.5]},
			"faces": {
				"north": {"uv": [9.5, 4, 10, 4.5], "texture": "#0"},
				"east": {"uv": [4.5, 9.5, 5, 10], "texture": "#0"},
				"south": {"uv": [9.5, 4.5, 10, 5], "texture": "#0"},
				"west": {"uv": [5, 9.5, 5.5, 10], "texture": "#0"},
				"up": {"uv": [10, 5.5, 9.5, 5], "texture": "#0"},
				"down": {"uv": [6, 9.5, 5.5, 10], "texture": "#0"}
			}
		},
		{
			"from": [1.625, 7.25, 3.75],
			"to": [2.75, 7.75, 6.125],
			"rotation": {"angle": 0, "axis": "y", "origin": [2, 16, 7.5]},
			"faces": {
				"north": {"uv": [3.5, 9.5, 4, 10], "texture": "#0"},
				"east": {"uv": [8, 1, 9, 1.5], "texture": "#0"},
				"south": {"uv": [9.5, 3.5, 10, 4], "texture": "#0"},
				"west": {"uv": [8, 1.5, 9, 2], "texture": "#0"},
				"up": {"uv": [8.5, 3, 8, 2], "texture": "#0"},
				"down": {"uv": [3.5, 8, 3, 9], "texture": "#0"}
			}
		},
		{
			"from": [1.625, 7.75, 3.5],
			"to": [2.75, 8.5, 4.625],
			"rotation": {"angle": 0, "axis": "y", "origin": [2, 16, 7.5]},
			"faces": {
				"north": {"uv": [2, 9.5, 2.5, 10], "texture": "#0"},
				"east": {"uv": [9.5, 2, 10, 2.5], "texture": "#0"},
				"south": {"uv": [2.5, 9.5, 3, 10], "texture": "#0"},
				"west": {"uv": [9.5, 2.5, 10, 3], "texture": "#0"},
				"up": {"uv": [3.5, 10, 3, 9.5], "texture": "#0"},
				"down": {"uv": [10, 3, 9.5, 3.5], "texture": "#0"}
			}
		},
		{
			"from": [1.625, 8.5, 3.125],
			"to": [2.75, 9.25, 3.75],
			"rotation": {"angle": 0, "axis": "y", "origin": [2, 16, 7.5]},
			"faces": {
				"north": {"uv": [0.5, 9.5, 1, 10], "texture": "#0"},
				"east": {"uv": [9.5, 0.5, 10, 1], "texture": "#0"},
				"south": {"uv": [1, 9.5, 1.5, 10], "texture": "#0"},
				"west": {"uv": [9.5, 1, 10, 1.5], "texture": "#0"},
				"up": {"uv": [2, 10, 1.5, 9.5], "texture": "#0"},
				"down": {"uv": [10, 1.5, 9.5, 2], "texture": "#0"}
			}
		},
		{
			"from": [1.625, -0.875, 7.125],
			"to": [2.875, 0.75, 8.5],
			"rotation": {"angle": 0, "axis": "y", "origin": [2, 0, 7.5]},
			"faces": {
				"north": {"uv": [5.5, 7, 6, 8], "texture": "#0"},
				"east": {"uv": [6, 7, 6.5, 8], "texture": "#0"},
				"south": {"uv": [7, 6, 7.5, 7], "texture": "#0"},
				"west": {"uv": [7, 7, 7.5, 8], "texture": "#0"},
				"up": {"uv": [8.5, 8, 8, 7.5], "texture": "#0"},
				"down": {"uv": [8.5, 8, 8, 8.5], "texture": "#0"}
			}
		}
	],
	"display": {
		"thirdperson_righthand": {
			"translation": [6.25, 2.75, 3.25],
			"scale": [1, 0.93, 0.78]
		},
		"thirdperson_lefthand": {
			"translation": [-5.75, 2.75, 3.25],
			"scale": [1, 0.93, 0.78]
		},
		"firstperson_righthand": {
			"rotation": [-4, 14, 0],
			"translation": [3.25, 2.5, 1.5],
			"scale": [0.96, 0.54, 0.42]
		},
		"firstperson_lefthand": {
			"translation": [-7.5, 2.5, 3.25],
			"scale": [0.96, 0.54, 0.42]
		},
		"gui": {
			"rotation": [-78, 138, 65],
			"translation": [-3.5, -3, 3.25],
			"scale": [0.96, 0.74, 0.78]
		}
	}
}