{
	"credit": "Made with Blockbench",
	"texture_size": [128, 128],
	"textures": {
		"0": "custom/warriors_golden_helmet",
		"particle": "custom/warriors_golden_helmet"
	},
	"elements": [
		{
			"from": [4, 0, -1],
			"to": [4.5, 9.75, 1.25],
			"faces": {
				"north": {"uv": [6, 6.875, 6.125, 8.125], "texture": "#0"},
				"east": {"uv": [1, 6.625, 1.25, 7.875], "texture": "#0"},
				"south": {"uv": [6.125, 6.875, 6.25, 8.125], "texture": "#0"},
				"west": {"uv": [1.25, 6.625, 1.5, 7.875], "texture": "#0"},
				"up": {"uv": [6, 7.75, 5.875, 7.5], "texture": "#0"},
				"down": {"uv": [7.625, 6, 7.5, 6.25], "texture": "#0"}
			}
		},
		{
			"from": [12.25, 0, -1],
			"to": [12.75, 9.75, 1.25],
			"faces": {
				"north": {"uv": [6.25, 6.875, 6.375, 8.125], "texture": "#0"},
				"east": {"uv": [1.5, 6.625, 1.75, 7.875], "texture": "#0"},
				"south": {"uv": [6.375, 6.875, 6.5, 8.125], "texture": "#0"},
				"west": {"uv": [1.75, 6.625, 2, 7.875], "texture": "#0"},
				"up": {"uv": [7.625, 6.5, 7.5, 6.25], "texture": "#0"},
				"down": {"uv": [6.625, 7.5, 6.5, 7.75], "texture": "#0"}
			}
		},
		{
			"from": [12.75, 0, -0.25],
			"to": [18.625, 9.25, 0.5],
			"faces": {
				"north": {"uv": [4.75, 5.75, 5.5, 6.875], "texture": "#0"},
				"east": {"uv": [2.5, 7.125, 2.625, 8.25], "texture": "#0"},
				"south": {"uv": [5.5, 5.75, 6.25, 6.875], "texture": "#0"},
				"west": {"uv": [6.875, 7.125, 7, 8.25], "texture": "#0"},
				"up": {"uv": [7.75, 2.125, 7, 2], "texture": "#0"},
				"down": {"uv": [7.75, 2.125, 7, 2.25], "texture": "#0"}
			}
		},
		{
			"from": [17.5, 0, 0.5],
			"to": [18.625, 18.125, 16.375],
			"faces": {
				"north": {"uv": [4.625, 6.375, 4.75, 8.625], "texture": "#0"},
				"east": {"uv": [2.25, 0, 4.25, 2.25], "texture": "#0"},
				"south": {"uv": [6.75, 5.125, 6.875, 7.375], "texture": "#0"},
				"west": {"uv": [2.25, 2.25, 4.25, 4.5], "texture": "#0"},
				"up": {"uv": [7, 7.125, 6.875, 5.125], "texture": "#0"},
				"down": {"uv": [5.375, 6.875, 5.25, 8.875], "texture": "#0"}
			}
		},
		{
			"from": [-1.875, 0, 0.5],
			"to": [-0.75, 18.125, 16.375],
			"faces": {
				"north": {"uv": [4.75, 6.875, 4.875, 9.125], "texture": "#0"},
				"east": {"uv": [4.25, 0, 6.25, 2.25], "texture": "#0"},
				"south": {"uv": [4.875, 6.875, 5, 9.125], "texture": "#0"},
				"west": {"uv": [4.25, 2.25, 6.25, 4.5], "texture": "#0"},
				"up": {"uv": [5.5, 8.875, 5.375, 6.875], "texture": "#0"},
				"down": {"uv": [5.625, 6.875, 5.5, 8.875], "texture": "#0"}
			}
		},
		{
			"from": [-0.75, 18, 0.5],
			"to": [17.75, 18.75, 15.5],
			"faces": {
				"north": {"uv": [6.625, 4.875, 9, 5], "texture": "#0"},
				"east": {"uv": [6.75, 3.25, 8.625, 3.375], "texture": "#0"},
				"south": {"uv": [6.625, 5, 9, 5.125], "texture": "#0"},
				"west": {"uv": [6.75, 3.375, 8.625, 3.5], "texture": "#0"},
				"up": {"uv": [2.375, 6.375, 0, 4.5], "texture": "#0"},
				"down": {"uv": [4.75, 4.5, 2.375, 6.375], "texture": "#0"}
			}
		},
		{
			"from": [7.375, 18.75, 2.375],
			"to": [9.5, 19.75, 13.625],
			"faces": {
				"north": {"uv": [7.625, 1.375, 7.875, 1.5], "texture": "#0"},
				"east": {"uv": [7, 0.5, 8.375, 0.625], "texture": "#0"},
				"south": {"uv": [7.625, 1.5, 7.875, 1.625], "texture": "#0"},
				"west": {"uv": [7, 0.625, 8.375, 0.75], "texture": "#0"},
				"up": {"uv": [4.625, 7.75, 4.375, 6.375], "texture": "#0"},
				"down": {"uv": [6.625, 4.375, 6.375, 5.75], "texture": "#0"}
			}
		},
		{
			"from": [8, 21.875, 4.625],
			"to": [9, 22.5, 9.375],
			"rotation": {"angle": -45, "axis": "x", "origin": [8.4375, 20.25, 8]},
			"faces": {
				"north": {"uv": [6.25, 4.375, 6.375, 4.5], "texture": "#0"},
				"east": {"uv": [0, 7.5, 0.625, 7.625], "texture": "#0"},
				"south": {"uv": [0.5, 7.625, 0.625, 7.75], "texture": "#0"},
				"west": {"uv": [7.5, 0.75, 8.125, 0.875], "texture": "#0"},
				"up": {"uv": [0.75, 8.125, 0.625, 7.5], "texture": "#0"},
				"down": {"uv": [0.875, 7.5, 0.75, 8.125], "texture": "#0"}
			}
		},
		{
			"from": [7.75, 22.125, 4.625],
			"to": [9.5, 27.25, 17.25],
			"rotation": {"angle": 0, "axis": "x", "origin": [8.4375, 20.25, 8]},
			"faces": {
				"north": {"uv": [3.375, 7, 3.625, 7.625], "texture": "#0"},
				"east": {"uv": [4.75, 4.5, 6.375, 5.125], "texture": "#0"},
				"south": {"uv": [3.625, 7, 3.875, 7.625], "texture": "#0"},
				"west": {"uv": [4.75, 5.125, 6.375, 5.75], "texture": "#0"},
				"up": {"uv": [2.875, 8, 2.625, 6.375], "texture": "#0"},
				"down": {"uv": [3.125, 6.375, 2.875, 8], "texture": "#0"}
			}
		},
		{
			"from": [7.625, 24.375, 15.75],
			"to": [9.625, 29.5, 20.5],
			"rotation": {"angle": 22.5, "axis": "x", "origin": [8.625, 24.6875, 10.9375]},
			"faces": {
				"north": {"uv": [3.875, 7, 4.125, 7.625], "texture": "#0"},
				"east": {"uv": [3.125, 6.375, 3.75, 7], "texture": "#0"},
				"south": {"uv": [4.125, 7, 4.375, 7.625], "texture": "#0"},
				"west": {"uv": [3.75, 6.375, 4.375, 7], "texture": "#0"},
				"up": {"uv": [7.25, 5.75, 7, 5.125], "texture": "#0"},
				"down": {"uv": [7.25, 5.75, 7, 6.375], "texture": "#0"}
			}
		},
		{
			"from": [7.5, 28.25, 17.5],
			"to": [9.75, 32, 22.25],
			"rotation": {"angle": 45, "axis": "x", "origin": [8.625, 24.6875, 10.9375]},
			"faces": {
				"north": {"uv": [7.125, 3.5, 7.375, 4], "texture": "#0"},
				"east": {"uv": [2, 6.625, 2.625, 7.125], "texture": "#0"},
				"south": {"uv": [7.25, 4.375, 7.5, 4.875], "texture": "#0"},
				"west": {"uv": [6.625, 4.375, 7.25, 4.875], "texture": "#0"},
				"up": {"uv": [7.25, 7, 7, 6.375], "texture": "#0"},
				"down": {"uv": [7.25, 7, 7, 7.625], "texture": "#0"}
			}
		},
		{
			"from": [7.375, 13.375, 19],
			"to": [9.875, 18.125, 21],
			"rotation": {"angle": -22.5, "axis": "x", "origin": [8.625, 24.6875, 10.9375]},
			"faces": {
				"north": {"uv": [6.75, 3.5, 7.125, 4.125], "texture": "#0"},
				"east": {"uv": [2, 7.125, 2.25, 7.75], "texture": "#0"},
				"south": {"uv": [5.625, 6.875, 6, 7.5], "texture": "#0"},
				"west": {"uv": [2.25, 7.125, 2.5, 7.75], "texture": "#0"},
				"up": {"uv": [7.75, 3.75, 7.375, 3.5], "texture": "#0"},
				"down": {"uv": [7.75, 3.75, 7.375, 4], "texture": "#0"}
			}
		},
		{
			"from": [8, 17.875, 8],
			"to": [9, 18.5, 13.375],
			"rotation": {"angle": -45, "axis": "x", "origin": [8.4375, 20.25, 8]},
			"faces": {
				"north": {"uv": [7.625, 1.625, 7.75, 1.75], "texture": "#0"},
				"east": {"uv": [7.5, 0.875, 8.125, 1], "texture": "#0"},
				"south": {"uv": [3.125, 7.625, 3.25, 7.75], "texture": "#0"},
				"west": {"uv": [7.5, 1, 8.125, 1.125], "texture": "#0"},
				"up": {"uv": [1, 8.125, 0.875, 7.5], "texture": "#0"},
				"down": {"uv": [7.625, 1.125, 7.5, 1.75], "texture": "#0"}
			}
		},
		{
			"from": [-0.75, 0, 15.5],
			"to": [17.5, 18.125, 16.375],
			"faces": {
				"north": {"uv": [0, 0, 2.25, 2.25], "texture": "#0"},
				"east": {"uv": [5, 6.875, 5.125, 9.125], "texture": "#0"},
				"south": {"uv": [0, 2.25, 2.25, 4.5], "texture": "#0"},
				"west": {"uv": [5.125, 6.875, 5.25, 9.125], "texture": "#0"},
				"up": {"uv": [9, 3.125, 6.75, 3], "texture": "#0"},
				"down": {"uv": [9, 3.125, 6.75, 3.25], "texture": "#0"}
			}
		},
		{
			"from": [-1.875, 0, -0.25],
			"to": [4, 9.25, 0.5],
			"faces": {
				"north": {"uv": [6.25, 0, 7, 1.125], "texture": "#0"},
				"east": {"uv": [7.25, 6.25, 7.375, 7.375], "texture": "#0"},
				"south": {"uv": [6.25, 1.125, 7, 2.25], "texture": "#0"},
				"west": {"uv": [7.375, 0.75, 7.5, 1.875], "texture": "#0"},
				"up": {"uv": [7.875, 4.125, 7.125, 4], "texture": "#0"},
				"down": {"uv": [8, 1.875, 7.25, 2], "texture": "#0"}
			}
		},
		{
			"from": [15, 9.25, -0.25],
			"to": [18.625, 18.125, 0.5],
			"faces": {
				"north": {"uv": [6.25, 3, 6.75, 4.125], "texture": "#0"},
				"east": {"uv": [7.25, 0.75, 7.375, 1.875], "texture": "#0"},
				"south": {"uv": [6.25, 5.75, 6.75, 6.875], "texture": "#0"},
				"west": {"uv": [7.25, 5.125, 7.375, 6.25], "texture": "#0"},
				"up": {"uv": [8, 1.875, 7.5, 1.75], "texture": "#0"},
				"down": {"uv": [8, 5.625, 7.5, 5.75], "texture": "#0"}
			}
		},
		{
			"from": [-1.875, 9.25, -0.25],
			"to": [1.75, 18.125, 0.5],
			"faces": {
				"north": {"uv": [0, 6.375, 0.5, 7.5], "texture": "#0"},
				"east": {"uv": [7.375, 5.125, 7.5, 6.25], "texture": "#0"},
				"south": {"uv": [0.5, 6.375, 1, 7.5], "texture": "#0"},
				"west": {"uv": [7.375, 6.25, 7.5, 7.375], "texture": "#0"},
				"up": {"uv": [8, 5.875, 7.5, 5.75], "texture": "#0"},
				"down": {"uv": [8, 5.875, 7.5, 6], "texture": "#0"}
			}
		},
		{
			"from": [1.75, 15, -0.25],
			"to": [15, 18.125, 0.5],
			"faces": {
				"north": {"uv": [6.25, 2.25, 7.875, 2.625], "texture": "#0"},
				"east": {"uv": [5.625, 7.5, 5.75, 7.875], "texture": "#0"},
				"south": {"uv": [6.25, 2.625, 7.875, 3], "texture": "#0"},
				"west": {"uv": [5.75, 7.5, 5.875, 7.875], "texture": "#0"},
				"up": {"uv": [8.625, 0.375, 7, 0.25], "texture": "#0"},
				"down": {"uv": [8.625, 0.375, 7, 0.5], "texture": "#0"}
			}
		},
		{
			"from": [12.75, 9.25, -1],
			"to": [15, 9.75, 1.25],
			"faces": {
				"north": {"uv": [7.5, 6.5, 7.75, 6.625], "texture": "#0"},
				"east": {"uv": [7.5, 6.625, 7.75, 6.75], "texture": "#0"},
				"south": {"uv": [7.5, 6.75, 7.75, 6.875], "texture": "#0"},
				"west": {"uv": [7.5, 6.875, 7.75, 7], "texture": "#0"},
				"up": {"uv": [7.75, 4.625, 7.5, 4.375], "texture": "#0"},
				"down": {"uv": [7.75, 4.625, 7.5, 4.875], "texture": "#0"}
			}
		},
		{
			"from": [1.75, 9.25, -1],
			"to": [4, 9.75, 1.25],
			"faces": {
				"north": {"uv": [7.5, 7.25, 7.75, 7.375], "texture": "#0"},
				"east": {"uv": [7.5, 7.375, 7.75, 7.5], "texture": "#0"},
				"south": {"uv": [7.5, 7.5, 7.75, 7.625], "texture": "#0"},
				"west": {"uv": [0, 7.625, 0.25, 7.75], "texture": "#0"},
				"up": {"uv": [7.75, 5.375, 7.5, 5.125], "texture": "#0"},
				"down": {"uv": [7.75, 5.375, 7.5, 5.625], "texture": "#0"}
			}
		},
		{
			"from": [1.75, 14.625, -1],
			"to": [15, 15.125, 1.25],
			"faces": {
				"north": {"uv": [7, 0, 8.625, 0.125], "texture": "#0"},
				"east": {"uv": [7.625, 1.125, 7.875, 1.25], "texture": "#0"},
				"south": {"uv": [7, 0.125, 8.625, 0.25], "texture": "#0"},
				"west": {"uv": [7.625, 1.25, 7.875, 1.375], "texture": "#0"},
				"up": {"uv": [7.875, 4.375, 6.25, 4.125], "texture": "#0"},
				"down": {"uv": [2.625, 6.375, 1, 6.625], "texture": "#0"}
			}
		},
		{
			"from": [14.625, 9.75, -1],
			"to": [15, 14.625, 1.25],
			"faces": {
				"north": {"uv": [6.625, 5.125, 6.75, 5.75], "texture": "#0"},
				"east": {"uv": [6.5, 6.875, 6.75, 7.5], "texture": "#0"},
				"south": {"uv": [6.75, 7.375, 6.875, 8], "texture": "#0"},
				"west": {"uv": [7, 0.75, 7.25, 1.375], "texture": "#0"},
				"up": {"uv": [6.75, 7.75, 6.625, 7.5], "texture": "#0"},
				"down": {"uv": [7.625, 7, 7.5, 7.25], "texture": "#0"}
			}
		},
		{
			"from": [1.75, 9.75, -1],
			"to": [2.125, 14.625, 1.25],
			"faces": {
				"north": {"uv": [7.25, 7.375, 7.375, 8], "texture": "#0"},
				"east": {"uv": [7, 1.375, 7.25, 2], "texture": "#0"},
				"south": {"uv": [7.375, 7.375, 7.5, 8], "texture": "#0"},
				"west": {"uv": [3.125, 7, 3.375, 7.625], "texture": "#0"},
				"up": {"uv": [0.375, 7.875, 0.25, 7.625], "texture": "#0"},
				"down": {"uv": [0.5, 7.625, 0.375, 7.875], "texture": "#0"}
			}
		}
	],
	"display": {
		"thirdperson_righthand": {
			"rotation": [75, 45, 0],
			"translation": [0, 2.5, 0],
			"scale": [0.375, 0.375, 0.375]
		},
		"thirdperson_lefthand": {
			"rotation": [75, 45, 0],
			"translation": [0, 2.5, 0],
			"scale": [0.375, 0.375, 0.375]
		},
		"firstperson_righthand": {
			"rotation": [0, 45, 0],
			"scale": [0.4, 0.4, 0.4]
		},
		"firstperson_lefthand": {
			"rotation": [0, 225, 0],
			"scale": [0.4, 0.4, 0.4]
		},
		"ground": {
			"translation": [0, 3, 0],
			"scale": [0.25, 0.25, 0.25]
		},
		"gui": {
			"rotation": [30, 225, 0],
			"translation": [0.5, -0.75, 0],
			"scale": [0.37, 0.38, 0.37]
		},
		"head": {
			"translation": [0, -1.25, 0],
			"scale": [0.67, 0.76, 0.91]
		},
		"fixed": {
			"scale": [0.5, 0.5, 0.5]
		}
	}
}