{
	"credit": "Made with Blockbench",
	"texture_size": [64, 64],
	"textures": {
		"0": "custom/wizards_hat",
		"particle": "custom/wizards_hat"
	},
	"elements": [
		{
			"from": [0, 0, 0],
			"to": [16.125, 0.875, 15.875],
			"faces": {
				"north": {"uv": [8, 0, 12, 0.25], "texture": "#0"},
				"east": {"uv": [8, 0.25, 12, 0.5], "texture": "#0"},
				"south": {"uv": [8, 0.5, 12, 0.75], "texture": "#0"},
				"west": {"uv": [8, 0.75, 12, 1], "texture": "#0"},
				"up": {"uv": [4, 4, 0, 0], "texture": "#0"},
				"down": {"uv": [4, 4, 0, 8], "texture": "#0"}
			}
		},
		{
			"name": "Spike",
			"from": [4.125, 1.5, 1.375],
			"to": [12.5, 7.25, 2.25],
			"rotation": {"angle": 22.5, "axis": "x", "origin": [0, 0, 0]},
			"faces": {
				"north": {"uv": [4, 0, 6, 1.5], "texture": "#0"},
				"east": {"uv": [3.25, 8, 3.5, 9.5], "texture": "#0"},
				"south": {"uv": [4, 1.5, 6, 3], "texture": "#0"},
				"west": {"uv": [3.5, 8, 3.75, 9.5], "texture": "#0"},
				"up": {"uv": [10, 1.25, 8, 1], "texture": "#0"},
				"down": {"uv": [3.25, 8, 1.25, 8.25], "texture": "#0"}
			}
		},
		{
			"name": "Spike",
			"from": [5.75, 7.125, 1.375],
			"to": [10.5, 11.875, 2.25],
			"rotation": {"angle": 22.5, "axis": "x", "origin": [0, 0, 0]},
			"faces": {
				"north": {"uv": [6, 4.5, 7.25, 5.75], "texture": "#0"},
				"east": {"uv": [2.25, 8.25, 2.5, 9.5], "texture": "#0"},
				"south": {"uv": [6, 5.75, 7.25, 7], "texture": "#0"},
				"west": {"uv": [2.5, 8.25, 2.75, 9.5], "texture": "#0"},
				"up": {"uv": [9.25, 4, 8, 3.75], "texture": "#0"},
				"down": {"uv": [9.25, 4, 8, 4.25], "texture": "#0"}
			}
		},
		{
			"name": "Spike",
			"from": [7.625, 11.875, 1.375],
			"to": [9, 14, 2.25],
			"rotation": {"angle": 22.5, "axis": "x", "origin": [0, 0, 0]},
			"faces": {
				"north": {"uv": [9, 1.75, 9.25, 2.25], "texture": "#0"},
				"east": {"uv": [0.5, 9.25, 0.75, 9.75], "texture": "#0"},
				"south": {"uv": [0.75, 9.25, 1, 9.75], "texture": "#0"},
				"west": {"uv": [1, 9.25, 1.25, 9.75], "texture": "#0"},
				"up": {"uv": [10, 7.25, 9.75, 7], "texture": "#0"},
				"down": {"uv": [10, 7.25, 9.75, 7.5], "texture": "#0"}
			}
		},
		{
			"name": "Spike",
			"from": [7.625, 14, 2],
			"to": [9, 16.375, 3.125],
			"rotation": {"angle": 22.5, "axis": "x", "origin": [0, 0, 0]},
			"faces": {
				"north": {"uv": [9.75, 4.5, 10, 5], "texture": "#0"},
				"east": {"uv": [4.75, 9.75, 5, 10.25], "texture": "#0"},
				"south": {"uv": [9.75, 5, 10, 5.5], "texture": "#0"},
				"west": {"uv": [9.75, 5.5, 10, 6], "texture": "#0"},
				"up": {"uv": [10.5, 2.75, 10.25, 2.5], "texture": "#0"},
				"down": {"uv": [3, 10.25, 2.75, 10.5], "texture": "#0"}
			}
		},
		{
			"name": "Spike",
			"from": [8.125, 14.05751, 7.77582],
			"to": [8.5, 14.68251, 9.90082],
			"rotation": {"angle": -22.5, "axis": "x", "origin": [8.3125, 15.24501, 9.08832]},
			"faces": {
				"north": {"uv": [10.25, 2.75, 10.5, 3], "texture": "#0"},
				"east": {"uv": [6, 9.75, 6.5, 10], "texture": "#0"},
				"south": {"uv": [3, 10.25, 3.25, 10.5], "texture": "#0"},
				"west": {"uv": [9.75, 6, 10.25, 6.25], "texture": "#0"},
				"up": {"uv": [6.75, 10.25, 6.5, 9.75], "texture": "#0"},
				"down": {"uv": [7, 9.75, 6.75, 10.25], "texture": "#0"}
			}
		},
		{
			"name": "Spike",
			"from": [8.25, 13.84164, 10.46794],
			"to": [8.375, 14.21664, 11.84294],
			"rotation": {"angle": 45, "axis": "x", "origin": [8.3125, 15.15414, 11.15544]},
			"faces": {
				"north": {"uv": [10.25, 3, 10.5, 3.25], "texture": "#0"},
				"east": {"uv": [3.25, 10.25, 3.5, 10.5], "texture": "#0"},
				"south": {"uv": [10.25, 3.25, 10.5, 3.5], "texture": "#0"},
				"west": {"uv": [3.5, 10.25, 3.75, 10.5], "texture": "#0"},
				"up": {"uv": [10.5, 3.75, 10.25, 3.5], "texture": "#0"},
				"down": {"uv": [4, 10.25, 3.75, 10.5], "texture": "#0"}
			}
		},
		{
			"name": "Spike",
			"from": [7.25, 12, 13.625],
			"to": [9.375, 14, 14.5],
			"rotation": {"angle": -22.5, "axis": "x", "origin": [0, 0, 16]},
			"faces": {
				"north": {"uv": [8, 8.25, 8.5, 8.75], "texture": "#0"},
				"east": {"uv": [9.25, 1.75, 9.5, 2.25], "texture": "#0"},
				"south": {"uv": [8.5, 1.75, 9, 2.25], "texture": "#0"},
				"west": {"uv": [9.25, 2.25, 9.5, 2.75], "texture": "#0"},
				"up": {"uv": [8.75, 3.75, 8.25, 3.5], "texture": "#0"},
				"down": {"uv": [9.25, 3.5, 8.75, 3.75], "texture": "#0"}
			}
		},
		{
			"name": "Spike",
			"from": [4.125, 1.625, 13.625],
			"to": [12.5, 7.375, 14.5],
			"rotation": {"angle": -22.5, "axis": "x", "origin": [0, 0, 16]},
			"faces": {
				"north": {"uv": [4, 3, 6, 4.5], "texture": "#0"},
				"east": {"uv": [3.75, 8, 4, 9.5], "texture": "#0"},
				"south": {"uv": [4, 4.5, 6, 6], "texture": "#0"},
				"west": {"uv": [1.25, 8.25, 1.5, 9.75], "texture": "#0"},
				"up": {"uv": [10, 1.5, 8, 1.25], "texture": "#0"},
				"down": {"uv": [10, 1.5, 8, 1.75], "texture": "#0"}
			}
		},
		{
			"name": "Spike",
			"from": [5.75, 7.25, 13.625],
			"to": [10.5, 12, 14.5],
			"rotation": {"angle": -22.5, "axis": "x", "origin": [0, 0, 16]},
			"faces": {
				"north": {"uv": [6, 7, 7.25, 8.25], "texture": "#0"},
				"east": {"uv": [2.75, 8.25, 3, 9.5], "texture": "#0"},
				"south": {"uv": [7.25, 4.5, 8.5, 5.75], "texture": "#0"},
				"west": {"uv": [3, 8.25, 3.25, 9.5], "texture": "#0"},
				"up": {"uv": [9.25, 4.5, 8, 4.25], "texture": "#0"},
				"down": {"uv": [9.5, 3.25, 8.25, 3.5], "texture": "#0"}
			}
		},
		{
			"name": "Spike",
			"from": [1.5, 11.75, 7.25],
			"to": [2.375, 14.125, 8.625],
			"rotation": {"angle": -22.5, "axis": "z", "origin": [0, 0, 16]},
			"faces": {
				"north": {"uv": [9.25, 2.75, 9.5, 3.25], "texture": "#0"},
				"east": {"uv": [9.25, 3.5, 9.5, 4], "texture": "#0"},
				"south": {"uv": [4, 9.25, 4.25, 9.75], "texture": "#0"},
				"west": {"uv": [9.25, 4, 9.5, 4.5], "texture": "#0"},
				"up": {"uv": [10, 7.75, 9.75, 7.5], "texture": "#0"},
				"down": {"uv": [10, 7.75, 9.75, 8], "texture": "#0"}
			}
		},
		{
			"name": "Spike",
			"from": [1.5, 1.375, 3.75],
			"to": [2.375, 7.125, 12.125],
			"rotation": {"angle": -22.5, "axis": "z", "origin": [0, 0, 16]},
			"faces": {
				"north": {"uv": [1.5, 8.25, 1.75, 9.75], "texture": "#0"},
				"east": {"uv": [6, 0, 8, 1.5], "texture": "#0"},
				"south": {"uv": [1.75, 8.25, 2, 9.75], "texture": "#0"},
				"west": {"uv": [6, 1.5, 8, 3], "texture": "#0"},
				"up": {"uv": [5.5, 9.5, 5.25, 7.5], "texture": "#0"},
				"down": {"uv": [5.75, 7.5, 5.5, 9.5], "texture": "#0"}
			}
		},
		{
			"name": "Spike",
			"from": [1.90479, 0.875, 3.99045],
			"to": [2.77979, 3.75, 4.61545],
			"rotation": {"angle": 45, "axis": "y", "origin": [2.34229, 2.75, 1.99045]},
			"faces": {
				"north": {"uv": [8, 8.75, 8.25, 9.5], "texture": "#0"},
				"east": {"uv": [8.25, 8.75, 8.5, 9.5], "texture": "#0"},
				"south": {"uv": [9, 5, 9.25, 5.75], "texture": "#0"},
				"west": {"uv": [9, 5.75, 9.25, 6.5], "texture": "#0"},
				"up": {"uv": [9, 10, 8.75, 9.75], "texture": "#0"},
				"down": {"uv": [10, 8.75, 9.75, 9], "texture": "#0"}
			}
		},
		{
			"name": "Spike",
			"from": [1.65479, 4.375, 5.61545],
			"to": [3.02979, 6.125, 6.49045],
			"rotation": {"angle": 45, "axis": "y", "origin": [2.34229, 2.75, 1.99045]},
			"faces": {
				"north": {"uv": [9.5, 4, 9.75, 4.5], "texture": "#0"},
				"east": {"uv": [9.5, 4.5, 9.75, 5], "texture": "#0"},
				"south": {"uv": [5, 9.5, 5.25, 10], "texture": "#0"},
				"west": {"uv": [9.5, 5, 9.75, 5.5], "texture": "#0"},
				"up": {"uv": [2, 10.25, 1.75, 10], "texture": "#0"},
				"down": {"uv": [2.5, 10, 2.25, 10.25], "texture": "#0"}
			}
		},
		{
			"name": "Spike",
			"from": [1.27979, 0.875, 3.86545],
			"to": [3.15479, 2.5, 4.49045],
			"rotation": {"angle": 45, "axis": "y", "origin": [2.34229, 2.75, 1.99045]},
			"faces": {
				"north": {"uv": [8.5, 8.5, 9, 9], "texture": "#0"},
				"east": {"uv": [9.25, 6.5, 9.5, 7], "texture": "#0"},
				"south": {"uv": [8.75, 2.25, 9.25, 2.75], "texture": "#0"},
				"west": {"uv": [9.25, 7, 9.5, 7.5], "texture": "#0"},
				"up": {"uv": [9.75, 7.75, 9.25, 7.5], "texture": "#0"},
				"down": {"uv": [9.75, 7.75, 9.25, 8], "texture": "#0"}
			}
		},
		{
			"name": "Spike",
			"from": [1.27979, 6.375, 6.86545],
			"to": [3.15479, 7.75, 7.36545],
			"rotation": {"angle": 45, "axis": "y", "origin": [2.34229, 2.75, 1.99045]},
			"faces": {
				"north": {"uv": [9.5, 2.5, 10, 2.75], "texture": "#0"},
				"east": {"uv": [0, 10, 0.25, 10.25], "texture": "#0"},
				"south": {"uv": [9.5, 2.75, 10, 3], "texture": "#0"},
				"west": {"uv": [0.25, 10, 0.5, 10.25], "texture": "#0"},
				"up": {"uv": [3.5, 9.75, 3, 9.5], "texture": "#0"},
				"down": {"uv": [10, 3, 9.5, 3.25], "texture": "#0"}
			}
		},
		{
			"name": "Spike",
			"from": [1.65479, 6.5, 6.24045],
			"to": [2.77979, 7.75, 6.61545],
			"rotation": {"angle": 45, "axis": "y", "origin": [2.34229, 2.75, 1.99045]},
			"faces": {
				"north": {"uv": [0.5, 10, 0.75, 10.25], "texture": "#0"},
				"east": {"uv": [0.75, 10, 1, 10.25], "texture": "#0"},
				"south": {"uv": [1, 10, 1.25, 10.25], "texture": "#0"},
				"west": {"uv": [10, 1, 10.25, 1.25], "texture": "#0"},
				"up": {"uv": [1.5, 10.25, 1.25, 10], "texture": "#0"},
				"down": {"uv": [10.25, 1.25, 10, 1.5], "texture": "#0"}
			}
		},
		{
			"name": "Spike",
			"from": [1.52979, 6, 6.11545],
			"to": [3.02979, 7, 7.24045],
			"rotation": {"angle": 45, "axis": "y", "origin": [2.34229, 2.75, 1.99045]},
			"faces": {
				"north": {"uv": [9.5, 3.25, 10, 3.5], "texture": "#0"},
				"east": {"uv": [1.5, 10, 1.75, 10.25], "texture": "#0"},
				"south": {"uv": [3.5, 9.5, 4, 9.75], "texture": "#0"},
				"west": {"uv": [10, 1.5, 10.25, 1.75], "texture": "#0"},
				"up": {"uv": [10, 3.75, 9.5, 3.5], "texture": "#0"},
				"down": {"uv": [10, 3.75, 9.5, 4], "texture": "#0"}
			}
		},
		{
			"name": "Spike",
			"from": [13.47021, 6.5, 6.11545],
			"to": [14.59521, 8.125, 6.49045],
			"rotation": {"angle": -45, "axis": "y", "origin": [13.65771, 2.75, 1.99045]},
			"faces": {
				"north": {"uv": [7, 9.5, 7.25, 10], "texture": "#0"},
				"east": {"uv": [9.5, 7, 9.75, 7.5], "texture": "#0"},
				"south": {"uv": [7.25, 9.5, 7.5, 10], "texture": "#0"},
				"west": {"uv": [7.5, 9.5, 7.75, 10], "texture": "#0"},
				"up": {"uv": [10.25, 3.5, 10, 3.25], "texture": "#0"},
				"down": {"uv": [10.25, 3.5, 10, 3.75], "texture": "#0"}
			}
		},
		{
			"name": "Spike",
			"from": [13.22021, 6, 5.99045],
			"to": [14.72021, 7, 7.11545],
			"rotation": {"angle": -45, "axis": "y", "origin": [13.65771, 2.75, 1.99045]},
			"faces": {
				"north": {"uv": [6, 9.5, 6.5, 9.75], "texture": "#0"},
				"east": {"uv": [10, 2.75, 10.25, 3], "texture": "#0"},
				"south": {"uv": [6.5, 9.5, 7, 9.75], "texture": "#0"},
				"west": {"uv": [10, 3, 10.25, 3.25], "texture": "#0"},
				"up": {"uv": [10, 6.75, 9.5, 6.5], "texture": "#0"},
				"down": {"uv": [10, 6.75, 9.5, 7], "texture": "#0"}
			}
		},
		{
			"name": "Spike",
			"from": [13.22021, 4.375, 5.49045],
			"to": [14.59521, 6.125, 6.36545],
			"rotation": {"angle": -45, "axis": "y", "origin": [13.65771, 2.75, 1.99045]},
			"faces": {
				"north": {"uv": [5.25, 9.5, 5.5, 10], "texture": "#0"},
				"east": {"uv": [5.5, 9.5, 5.75, 10], "texture": "#0"},
				"south": {"uv": [9.5, 5.5, 9.75, 6], "texture": "#0"},
				"west": {"uv": [5.75, 9.5, 6, 10], "texture": "#0"},
				"up": {"uv": [10.25, 2.5, 10, 2.25], "texture": "#0"},
				"down": {"uv": [10.25, 2.5, 10, 2.75], "texture": "#0"}
			}
		},
		{
			"name": "Spike",
			"from": [13.47021, 6, 8.50955],
			"to": [14.97021, 7, 9.63455],
			"rotation": {"angle": 45, "axis": "y", "origin": [13.65771, 2.75, 14.00955]},
			"faces": {
				"north": {"uv": [0.5, 9.75, 1, 10], "texture": "#0"},
				"east": {"uv": [10, 4.75, 10.25, 5], "texture": "#0"},
				"south": {"uv": [1, 9.75, 1.5, 10], "texture": "#0"},
				"west": {"uv": [5, 10, 5.25, 10.25], "texture": "#0"},
				"up": {"uv": [2, 10, 1.5, 9.75], "texture": "#0"},
				"down": {"uv": [10.25, 1.75, 9.75, 2], "texture": "#0"}
			}
		},
		{
			"name": "Spike",
			"from": [13.47021, 4.375, 9.25955],
			"to": [14.84521, 6.125, 10.13455],
			"rotation": {"angle": 45, "axis": "y", "origin": [13.65771, 2.75, 14.00955]},
			"faces": {
				"north": {"uv": [9.5, 8.5, 9.75, 9], "texture": "#0"},
				"east": {"uv": [9, 9.5, 9.25, 10], "texture": "#0"},
				"south": {"uv": [9.25, 9.5, 9.5, 10], "texture": "#0"},
				"west": {"uv": [9.5, 9.5, 9.75, 10], "texture": "#0"},
				"up": {"uv": [4.75, 10.25, 4.5, 10], "texture": "#0"},
				"down": {"uv": [10.25, 4.5, 10, 4.75], "texture": "#0"}
			}
		},
		{
			"name": "Spike",
			"from": [13.72021, 6.5, 9.13455],
			"to": [14.84521, 8.75, 9.50955],
			"rotation": {"angle": 45, "axis": "y", "origin": [13.65771, 2.75, 14.00955]},
			"faces": {
				"north": {"uv": [7.75, 9.5, 8, 10], "texture": "#0"},
				"east": {"uv": [8, 9.5, 8.25, 10], "texture": "#0"},
				"south": {"uv": [9.5, 8, 9.75, 8.5], "texture": "#0"},
				"west": {"uv": [8.25, 9.5, 8.5, 10], "texture": "#0"},
				"up": {"uv": [10.25, 4, 10, 3.75], "texture": "#0"},
				"down": {"uv": [4.5, 10, 4.25, 10.25], "texture": "#0"}
			}
		},
		{
			"name": "Spike",
			"from": [1.27979, 6, 8.38455],
			"to": [2.77979, 7, 9.50955],
			"rotation": {"angle": -45, "axis": "y", "origin": [2.34229, 2.75, 14.00955]},
			"faces": {
				"north": {"uv": [9.75, 2, 10.25, 2.25], "texture": "#0"},
				"east": {"uv": [10, 5.5, 10.25, 5.75], "texture": "#0"},
				"south": {"uv": [9.75, 4, 10.25, 4.25], "texture": "#0"},
				"west": {"uv": [5.75, 10, 6, 10.25], "texture": "#0"},
				"up": {"uv": [4.75, 10, 4.25, 9.75], "texture": "#0"},
				"down": {"uv": [10.25, 4.25, 9.75, 4.5], "texture": "#0"}
			}
		},
		{
			"name": "Spike",
			"from": [1.40479, 4.375, 9.13455],
			"to": [2.77979, 6.125, 10.00955],
			"rotation": {"angle": -45, "axis": "y", "origin": [2.34229, 2.75, 14.00955]},
			"faces": {
				"north": {"uv": [3.25, 9.75, 3.5, 10.25], "texture": "#0"},
				"east": {"uv": [3.5, 9.75, 3.75, 10.25], "texture": "#0"},
				"south": {"uv": [3.75, 9.75, 4, 10.25], "texture": "#0"},
				"west": {"uv": [4, 9.75, 4.25, 10.25], "texture": "#0"},
				"up": {"uv": [10.25, 5.5, 10, 5.25], "texture": "#0"},
				"down": {"uv": [5.75, 10, 5.5, 10.25], "texture": "#0"}
			}
		},
		{
			"name": "Spike",
			"from": [1.40479, 6.5, 9.00955],
			"to": [2.52979, 8.125, 9.38455],
			"rotation": {"angle": -45, "axis": "y", "origin": [2.34229, 2.75, 14.00955]},
			"faces": {
				"north": {"uv": [2, 9.75, 2.25, 10.25], "texture": "#0"},
				"east": {"uv": [2.5, 9.75, 2.75, 10.25], "texture": "#0"},
				"south": {"uv": [2.75, 9.75, 3, 10.25], "texture": "#0"},
				"west": {"uv": [3, 9.75, 3.25, 10.25], "texture": "#0"},
				"up": {"uv": [10.25, 5.25, 10, 5], "texture": "#0"},
				"down": {"uv": [5.5, 10, 5.25, 10.25], "texture": "#0"}
			}
		},
		{
			"name": "Spike",
			"from": [13.22021, 0.875, 3.49045],
			"to": [15.09521, 2.5, 4.11545],
			"rotation": {"angle": -45, "axis": "y", "origin": [13.65771, 2.75, 1.99045]},
			"faces": {
				"north": {"uv": [8.5, 7.5, 9, 8], "texture": "#0"},
				"east": {"uv": [9.25, 5, 9.5, 5.5], "texture": "#0"},
				"south": {"uv": [8.5, 8, 9, 8.5], "texture": "#0"},
				"west": {"uv": [9.25, 5.5, 9.5, 6], "texture": "#0"},
				"up": {"uv": [9.75, 6.25, 9.25, 6], "texture": "#0"},
				"down": {"uv": [9.75, 6.25, 9.25, 6.5], "texture": "#0"}
			}
		},
		{
			"name": "Spike",
			"from": [13.59521, 0.875, 4.24045],
			"to": [14.47021, 4.5, 4.36545],
			"rotation": {"angle": -45, "axis": "y", "origin": [13.65771, 2.75, 1.99045]},
			"faces": {
				"north": {"uv": [8.5, 2.25, 8.75, 3.25], "texture": "#0"},
				"east": {"uv": [8.5, 4.5, 8.75, 5.5], "texture": "#0"},
				"south": {"uv": [8.5, 5.5, 8.75, 6.5], "texture": "#0"},
				"west": {"uv": [8.5, 6.5, 8.75, 7.5], "texture": "#0"},
				"up": {"uv": [8.75, 10, 8.5, 9.75], "texture": "#0"},
				"down": {"uv": [10, 8.5, 9.75, 8.75], "texture": "#0"}
			}
		},
		{
			"name": "Spike",
			"from": [13.59521, 0.875, 3.61545],
			"to": [14.47021, 3.75, 4.24045],
			"rotation": {"angle": -45, "axis": "y", "origin": [13.65771, 2.75, 1.99045]},
			"faces": {
				"north": {"uv": [5, 8.75, 5.25, 9.5], "texture": "#0"},
				"east": {"uv": [8.75, 5, 9, 5.75], "texture": "#0"},
				"south": {"uv": [8.75, 5.75, 9, 6.5], "texture": "#0"},
				"west": {"uv": [8.75, 6.5, 9, 7.25], "texture": "#0"},
				"up": {"uv": [9, 7.5, 8.75, 7.25], "texture": "#0"},
				"down": {"uv": [10, 6.25, 9.75, 6.5], "texture": "#0"}
			}
		},
		{
			"name": "Spike",
			"from": [13.72021, 0.875, 11.75955],
			"to": [14.59521, 3.75, 12.38455],
			"rotation": {"angle": 45, "axis": "y", "origin": [13.65771, 2.75, 14.00955]},
			"faces": {
				"north": {"uv": [9, 6.5, 9.25, 7.25], "texture": "#0"},
				"east": {"uv": [9, 7.25, 9.25, 8], "texture": "#0"},
				"south": {"uv": [9, 8, 9.25, 8.75], "texture": "#0"},
				"west": {"uv": [8.5, 9, 8.75, 9.75], "texture": "#0"},
				"up": {"uv": [10, 9.25, 9.75, 9], "texture": "#0"},
				"down": {"uv": [10, 9.25, 9.75, 9.5], "texture": "#0"}
			}
		},
		{
			"name": "Spike",
			"from": [13.34521, 0.875, 11.88455],
			"to": [15.22021, 2.5, 12.50955],
			"rotation": {"angle": 45, "axis": "y", "origin": [13.65771, 2.75, 14.00955]},
			"faces": {
				"north": {"uv": [8.75, 2.75, 9.25, 3.25], "texture": "#0"},
				"east": {"uv": [9.25, 8, 9.5, 8.5], "texture": "#0"},
				"south": {"uv": [4, 8.75, 4.5, 9.25], "texture": "#0"},
				"west": {"uv": [9.25, 8.5, 9.5, 9], "texture": "#0"},
				"up": {"uv": [9.75, 9.25, 9.25, 9], "texture": "#0"},
				"down": {"uv": [9.75, 9.25, 9.25, 9.5], "texture": "#0"}
			}
		},
		{
			"name": "Spike",
			"from": [1.90479, 0.875, 11.25955],
			"to": [2.77979, 3.75, 11.88455],
			"rotation": {"angle": -45, "axis": "y", "origin": [2.34229, 2.75, 14.00955]},
			"faces": {
				"north": {"uv": [8.75, 9, 9, 9.75], "texture": "#0"},
				"east": {"uv": [9, 8.75, 9.25, 9.5], "texture": "#0"},
				"south": {"uv": [0, 9.25, 0.25, 10], "texture": "#0"},
				"west": {"uv": [0.25, 9.25, 0.5, 10], "texture": "#0"},
				"up": {"uv": [10, 9.75, 9.75, 9.5], "texture": "#0"},
				"down": {"uv": [10, 9.75, 9.75, 10], "texture": "#0"}
			}
		},
		{
			"name": "Spike",
			"from": [1.27979, 0.875, 11.38455],
			"to": [3.15479, 2.5, 12.00955],
			"rotation": {"angle": -45, "axis": "y", "origin": [2.34229, 2.75, 14.00955]},
			"faces": {
				"north": {"uv": [4.5, 8.75, 5, 9.25], "texture": "#0"},
				"east": {"uv": [9.5, 1.75, 9.75, 2.25], "texture": "#0"},
				"south": {"uv": [8.75, 4.5, 9.25, 5], "texture": "#0"},
				"west": {"uv": [2.25, 9.5, 2.5, 10], "texture": "#0"},
				"up": {"uv": [10, 2.5, 9.5, 2.25], "texture": "#0"},
				"down": {"uv": [3, 9.5, 2.5, 9.75], "texture": "#0"}
			}
		},
		{
			"name": "Spike",
			"from": [1.5, 7, 5.375],
			"to": [2.375, 11.75, 10.125],
			"rotation": {"angle": -22.5, "axis": "z", "origin": [0, 0, 16]},
			"faces": {
				"north": {"uv": [6, 8.25, 6.25, 9.5], "texture": "#0"},
				"east": {"uv": [7.25, 5.75, 8.5, 7], "texture": "#0"},
				"south": {"uv": [6.25, 8.25, 6.5, 9.5], "texture": "#0"},
				"west": {"uv": [7.25, 7, 8.5, 8.25], "texture": "#0"},
				"up": {"uv": [6.75, 9.5, 6.5, 8.25], "texture": "#0"},
				"down": {"uv": [7, 8.25, 6.75, 9.5], "texture": "#0"}
			}
		},
		{
			"name": "Spike",
			"from": [14.25, 11.5, 7.25],
			"to": [15.125, 13.75, 8.625],
			"rotation": {"angle": 22.5, "axis": "z", "origin": [16, 0, 16]},
			"faces": {
				"north": {"uv": [4.25, 9.25, 4.5, 9.75], "texture": "#0"},
				"east": {"uv": [4.5, 9.25, 4.75, 9.75], "texture": "#0"},
				"south": {"uv": [9.25, 4.5, 9.5, 5], "texture": "#0"},
				"west": {"uv": [4.75, 9.25, 5, 9.75], "texture": "#0"},
				"up": {"uv": [10, 8.25, 9.75, 8], "texture": "#0"},
				"down": {"uv": [10, 8.25, 9.75, 8.5], "texture": "#0"}
			}
		},
		{
			"name": "Spike",
			"from": [10.125, 10.25, 4.875],
			"to": [11.375, 11.375, 5.875],
			"rotation": {"angle": 45, "axis": "y", "origin": [14.6875, 12.5, 8.5625]},
			"faces": {
				"north": {"uv": [10, 5.75, 10.25, 6], "texture": "#0"},
				"east": {"uv": [6, 10, 6.25, 10.25], "texture": "#0"},
				"south": {"uv": [6.25, 10, 6.5, 10.25], "texture": "#0"},
				"west": {"uv": [10, 6.25, 10.25, 6.5], "texture": "#0"},
				"up": {"uv": [10.25, 6.75, 10, 6.5], "texture": "#0"},
				"down": {"uv": [10.25, 6.75, 10, 7], "texture": "#0"}
			}
		},
		{
			"name": "Spike",
			"from": [10.25, 11.375, 4.875],
			"to": [11.375, 12, 5.5],
			"rotation": {"angle": 45, "axis": "y", "origin": [14.6875, 12.5, 8.5625]},
			"faces": {
				"north": {"uv": [7, 10, 7.25, 10.25], "texture": "#0"},
				"east": {"uv": [10, 7, 10.25, 7.25], "texture": "#0"},
				"south": {"uv": [7.25, 10, 7.5, 10.25], "texture": "#0"},
				"west": {"uv": [10, 7.25, 10.25, 7.5], "texture": "#0"},
				"up": {"uv": [7.75, 10.25, 7.5, 10], "texture": "#0"},
				"down": {"uv": [10.25, 7.5, 10, 7.75], "texture": "#0"}
			}
		},
		{
			"name": "Spike",
			"from": [5, 11.375, 4.125],
			"to": [6.125, 12, 4.75],
			"rotation": {"angle": -45, "axis": "y", "origin": [1.3125, 12.5, 8.5625]},
			"faces": {
				"north": {"uv": [8.5, 10, 8.75, 10.25], "texture": "#0"},
				"east": {"uv": [10, 8.5, 10.25, 8.75], "texture": "#0"},
				"south": {"uv": [8.75, 10, 9, 10.25], "texture": "#0"},
				"west": {"uv": [10, 8.75, 10.25, 9], "texture": "#0"},
				"up": {"uv": [9.25, 10.25, 9, 10], "texture": "#0"},
				"down": {"uv": [10.25, 9, 10, 9.25], "texture": "#0"}
			}
		},
		{
			"name": "Spike",
			"from": [5, 10.25, 4.125],
			"to": [6.25, 11.375, 5.125],
			"rotation": {"angle": -45, "axis": "y", "origin": [1.3125, 12.5, 8.5625]},
			"faces": {
				"north": {"uv": [7.75, 10, 8, 10.25], "texture": "#0"},
				"east": {"uv": [10, 7.75, 10.25, 8], "texture": "#0"},
				"south": {"uv": [8, 10, 8.25, 10.25], "texture": "#0"},
				"west": {"uv": [10, 8, 10.25, 8.25], "texture": "#0"},
				"up": {"uv": [8.5, 10.25, 8.25, 10], "texture": "#0"},
				"down": {"uv": [10.25, 8.25, 10, 8.5], "texture": "#0"}
			}
		},
		{
			"name": "Spike",
			"from": [5.375, 11.375, 11.375],
			"to": [6.5, 12, 12],
			"rotation": {"angle": 45, "axis": "y", "origin": [1.3125, 12.5, 7.4375]},
			"faces": {
				"north": {"uv": [10, 10, 10.25, 10.25], "texture": "#0"},
				"east": {"uv": [0, 10.25, 0.25, 10.5], "texture": "#0"},
				"south": {"uv": [0.25, 10.25, 0.5, 10.5], "texture": "#0"},
				"west": {"uv": [0.5, 10.25, 0.75, 10.5], "texture": "#0"},
				"up": {"uv": [1, 10.5, 0.75, 10.25], "texture": "#0"},
				"down": {"uv": [1.25, 10.25, 1, 10.5], "texture": "#0"}
			}
		},
		{
			"name": "Spike",
			"from": [5.375, 10.25, 11],
			"to": [6.625, 11.375, 12],
			"rotation": {"angle": 45, "axis": "y", "origin": [1.3125, 12.5, 7.4375]},
			"faces": {
				"north": {"uv": [9.25, 10, 9.5, 10.25], "texture": "#0"},
				"east": {"uv": [10, 9.25, 10.25, 9.5], "texture": "#0"},
				"south": {"uv": [9.5, 10, 9.75, 10.25], "texture": "#0"},
				"west": {"uv": [10, 9.5, 10.25, 9.75], "texture": "#0"},
				"up": {"uv": [10, 10.25, 9.75, 10], "texture": "#0"},
				"down": {"uv": [10.25, 9.75, 10, 10], "texture": "#0"}
			}
		},
		{
			"name": "Spike",
			"from": [10, 11.375, 10.625],
			"to": [11.125, 12, 11.25],
			"rotation": {"angle": -45, "axis": "y", "origin": [14.6875, 12.5, 7.4375]},
			"faces": {
				"north": {"uv": [10.25, 1.75, 10.5, 2], "texture": "#0"},
				"east": {"uv": [2, 10.25, 2.25, 10.5], "texture": "#0"},
				"south": {"uv": [10.25, 2, 10.5, 2.25], "texture": "#0"},
				"west": {"uv": [2.25, 10.25, 2.5, 10.5], "texture": "#0"},
				"up": {"uv": [10.5, 2.5, 10.25, 2.25], "texture": "#0"},
				"down": {"uv": [2.75, 10.25, 2.5, 10.5], "texture": "#0"}
			}
		},
		{
			"name": "Spike",
			"from": [9.875, 10.25, 10.25],
			"to": [11.125, 11.375, 11.25],
			"rotation": {"angle": -45, "axis": "y", "origin": [14.6875, 12.5, 7.4375]},
			"faces": {
				"north": {"uv": [10.25, 1, 10.5, 1.25], "texture": "#0"},
				"east": {"uv": [1.25, 10.25, 1.5, 10.5], "texture": "#0"},
				"south": {"uv": [10.25, 1.25, 10.5, 1.5], "texture": "#0"},
				"west": {"uv": [1.5, 10.25, 1.75, 10.5], "texture": "#0"},
				"up": {"uv": [10.5, 1.75, 10.25, 1.5], "texture": "#0"},
				"down": {"uv": [2, 10.25, 1.75, 10.5], "texture": "#0"}
			}
		},
		{
			"name": "Spike",
			"from": [14.25, 1.125, 3.75],
			"to": [15.125, 6.875, 12.125],
			"rotation": {"angle": 22.5, "axis": "z", "origin": [16, 0, 16]},
			"faces": {
				"north": {"uv": [8.25, 1.75, 8.5, 3.25], "texture": "#0"},
				"east": {"uv": [6, 3, 8, 4.5], "texture": "#0"},
				"south": {"uv": [2, 8.25, 2.25, 9.75], "texture": "#0"},
				"west": {"uv": [4, 6, 6, 7.5], "texture": "#0"},
				"up": {"uv": [6, 9.5, 5.75, 7.5], "texture": "#0"},
				"down": {"uv": [8.25, 1.75, 8, 3.75], "texture": "#0"}
			}
		},
		{
			"name": "Spike",
			"from": [14.25, 6.75, 5.375],
			"to": [15.125, 11.5, 10.125],
			"rotation": {"angle": 22.5, "axis": "z", "origin": [16, 0, 16]},
			"faces": {
				"north": {"uv": [7, 8.25, 7.25, 9.5], "texture": "#0"},
				"east": {"uv": [4, 7.5, 5.25, 8.75], "texture": "#0"},
				"south": {"uv": [7.25, 8.25, 7.5, 9.5], "texture": "#0"},
				"west": {"uv": [0, 8, 1.25, 9.25], "texture": "#0"},
				"up": {"uv": [7.75, 9.5, 7.5, 8.25], "texture": "#0"},
				"down": {"uv": [8, 8.25, 7.75, 9.5], "texture": "#0"}
			}
		}
	],
	"display": {
		"thirdperson_righthand": {
			"rotation": [75, 45, 0],
			"translation": [0, 2.5, 0],
			"scale": [0.375, 0.375, 0.375]
		},
		"thirdperson_lefthand": {
			"rotation": [75, 45, 0],
			"translation": [0, 2.5, 0],
			"scale": [0.375, 0.375, 0.375]
		},
		"firstperson_righthand": {
			"rotation": [0, 45, 0],
			"scale": [0.4, 0.4, 0.4]
		},
		"firstperson_lefthand": {
			"rotation": [0, 225, 0],
			"scale": [0.4, 0.4, 0.4]
		},
		"ground": {
			"translation": [0, 3, 0],
			"scale": [0.25, 0.25, 0.25]
		},
		"gui": {
			"rotation": [30, 225, 0],
			"scale": [0.625, 0.625, 0.625]
		},
		"head": {
			"translation": [0, 16.5, 0],
			"scale": [1, 1.39, 1]
		},
		"fixed": {
			"scale": [0.5, 0.5, 0.5]
		}
	}
}