{
	"credit": "Made with Blockbench",
	"texture_size": [64, 64],
	"textures": {
		"0": "custom/wooden_sword_texture",
		"particle": "custom/wooden_sword_texture"
	},
	"elements": [
		{
			"from": [9.625, 0, 5.125],
			"to": [12.125, 7.25, 7.375],
			"rotation": {"angle": 0, "axis": "y", "origin": [9.625, 0, 5.125]},
			"faces": {
				"north": {"uv": [5.25, 4.5, 6, 6.25], "texture": "#0"},
				"east": {"uv": [5.75, 6.25, 6.25, 8], "texture": "#0"},
				"south": {"uv": [6, 4.5, 6.75, 6.25], "texture": "#0"},
				"west": {"uv": [6.25, 6.25, 6.75, 8], "texture": "#0"},
				"up": {"uv": [8.5, 4, 7.75, 3.5], "texture": "#0"},
				"down": {"uv": [8.5, 4, 7.75, 4.5], "texture": "#0"}
			}
		},
		{
			"from": [6.875, 8.75, 5.75],
			"to": [14.75, 28.625, 6.75],
			"rotation": {"angle": 0, "axis": "y", "origin": [9.625, 0, 5.125]},
			"faces": {
				"north": {"uv": [0, 0, 2, 5], "texture": "#0"},
				"east": {"uv": [5.25, 6.25, 5.5, 11.25], "texture": "#0"},
				"south": {"uv": [2, 0, 4, 5], "texture": "#0"},
				"west": {"uv": [5.5, 6.25, 5.75, 11.25], "texture": "#0"},
				"up": {"uv": [9.5, 3.25, 7.5, 3], "texture": "#0"},
				"down": {"uv": [9.5, 3.25, 7.5, 3.5], "texture": "#0"}
			}
		},
		{
			"from": [8.25, 8.75, 5.375],
			"to": [13.375, 19.125, 5.75],
			"rotation": {"angle": 0, "axis": "y", "origin": [9.625, 0, 5.125]},
			"faces": {
				"north": {"uv": [4, 2, 5.25, 4.5], "texture": "#0"},
				"east": {"uv": [5, 7, 5.25, 9.5], "texture": "#0"},
				"south": {"uv": [4, 4.5, 5.25, 7], "texture": "#0"},
				"west": {"uv": [7.25, 3, 7.5, 5.5], "texture": "#0"},
				"up": {"uv": [2, 8.25, 0.75, 8], "texture": "#0"},
				"down": {"uv": [9.25, 4.5, 8, 4.75], "texture": "#0"}
			}
		},
		{
			"from": [10, 19.125, 5.375],
			"to": [11.75, 25.25, 5.75],
			"rotation": {"angle": 0, "axis": "y", "origin": [9.625, 0, 5.125]},
			"faces": {
				"north": {"uv": [6.75, 4.75, 7.25, 6.25], "texture": "#0"},
				"east": {"uv": [6.75, 7.75, 7, 9.25], "texture": "#0"},
				"south": {"uv": [6.75, 6.25, 7.25, 7.75], "texture": "#0"},
				"west": {"uv": [7, 7.75, 7.25, 9.25], "texture": "#0"},
				"up": {"uv": [8.5, 5.5, 8, 5.25], "texture": "#0"},
				"down": {"uv": [8.5, 5.5, 8, 5.75], "texture": "#0"}
			}
		},
		{
			"from": [9.75, 8.625, 5],
			"to": [12, 15.125, 5.375],
			"rotation": {"angle": 0, "axis": "y", "origin": [9.625, 0, 5.125]},
			"faces": {
				"north": {"uv": [2.5, 6.5, 3, 8.25], "texture": "#0"},
				"east": {"uv": [2.25, 7.5, 2.5, 9.25], "texture": "#0"},
				"south": {"uv": [3, 6.5, 3.5, 8.25], "texture": "#0"},
				"west": {"uv": [7.5, 3.5, 7.75, 5.25], "texture": "#0"},
				"up": {"uv": [6.25, 8.25, 5.75, 8], "texture": "#0"},
				"down": {"uv": [8.5, 5.75, 8, 6], "texture": "#0"}
			}
		},
		{
			"from": [9.75, 8.625, 7.25],
			"to": [12, 15.125, 7.625],
			"rotation": {"angle": 0, "axis": "y", "origin": [9.625, 0, 21.125]},
			"faces": {
				"north": {"uv": [3.5, 6.5, 4, 8.25], "texture": "#0"},
				"east": {"uv": [7.5, 5.25, 7.75, 7], "texture": "#0"},
				"south": {"uv": [6.75, 3, 7.25, 4.75], "texture": "#0"},
				"west": {"uv": [7.5, 7, 7.75, 8.75], "texture": "#0"},
				"up": {"uv": [8.5, 6.5, 8, 6.25], "texture": "#0"},
				"down": {"uv": [8.5, 6.5, 8, 6.75], "texture": "#0"}
			}
		},
		{
			"from": [8.25, 8.75, 6.875],
			"to": [13.375, 19.125, 7.25],
			"rotation": {"angle": 0, "axis": "y", "origin": [9.625, 0, 21.125]},
			"faces": {
				"north": {"uv": [0, 5, 1.25, 7.5], "texture": "#0"},
				"east": {"uv": [7.25, 5.5, 7.5, 8], "texture": "#0"},
				"south": {"uv": [1.25, 5, 2.5, 7.5], "texture": "#0"},
				"west": {"uv": [0, 7.5, 0.25, 10], "texture": "#0"},
				"up": {"uv": [9.25, 5, 8, 4.75], "texture": "#0"},
				"down": {"uv": [9.25, 5, 8, 5.25], "texture": "#0"}
			}
		},
		{
			"from": [10, 19.125, 6.875],
			"to": [11.75, 25.25, 7.25],
			"rotation": {"angle": 0, "axis": "y", "origin": [9.625, 0, 21.125]},
			"faces": {
				"north": {"uv": [4, 7, 4.5, 8.5], "texture": "#0"},
				"east": {"uv": [0.25, 8, 0.5, 9.5], "texture": "#0"},
				"south": {"uv": [4.5, 7, 5, 8.5], "texture": "#0"},
				"west": {"uv": [0.5, 8, 0.75, 9.5], "texture": "#0"},
				"up": {"uv": [8.5, 6.25, 8, 6], "texture": "#0"},
				"down": {"uv": [6.75, 8, 6.25, 8.25], "texture": "#0"}
			}
		},
		{
			"from": [15.125, 22.875, 5.875],
			"to": [20.625, 28.5, 6.625],
			"rotation": {"angle": 45, "axis": "z", "origin": [10.8125, 18.6875, 6.25]},
			"faces": {
				"north": {"uv": [2.5, 5, 4, 6.5], "texture": "#0"},
				"east": {"uv": [7.75, 4.5, 8, 6], "texture": "#0"},
				"south": {"uv": [5.25, 3, 6.75, 4.5], "texture": "#0"},
				"west": {"uv": [7.75, 6, 8, 7.5], "texture": "#0"},
				"up": {"uv": [9.25, 7.75, 7.75, 7.5], "texture": "#0"},
				"down": {"uv": [9.25, 7.75, 7.75, 8], "texture": "#0"}
			}
		},
		{
			"from": [2, 7.25, 4.375],
			"to": [20.125, 8.75, 8.125],
			"rotation": {"angle": 0, "axis": "y", "origin": [9.625, 0, 5.125]},
			"faces": {
				"north": {"uv": [5.25, 2, 9.75, 2.5], "texture": "#0"},
				"east": {"uv": [0.25, 7.5, 1.25, 8], "texture": "#0"},
				"south": {"uv": [5.25, 2.5, 9.75, 3], "texture": "#0"},
				"west": {"uv": [1.25, 7.5, 2.25, 8], "texture": "#0"},
				"up": {"uv": [8.5, 1, 4, 0], "texture": "#0"},
				"down": {"uv": [8.5, 1, 4, 2], "texture": "#0"}
			}
		}
	],
	"display": {
		"thirdperson_righthand": {
			"rotation": [0, -90, -1],
			"translation": [-1.5, 0.75, 0.75],
			"scale": [0.3, 0.61, 0.85]
		},
		"thirdperson_lefthand": {
			"rotation": [0, -90, -1],
			"translation": [-1.5, 0.75, 2.75],
			"scale": [0.3, 0.61, 0.85]
		},
		"firstperson_righthand": {
			"rotation": [0, -90, -1],
			"translation": [-0.25, 0.75, 0.75],
			"scale": [0.3, 0.61, 0.85]
		},
		"firstperson_lefthand": {
			"rotation": [0, -90, -1],
			"translation": [0, 0.75, 0.75],
			"scale": [0.3, 0.61, 0.85]
		},
		"gui": {
			"rotation": [0, 21, -39],
			"translation": [-2, -2.25, 0.75],
			"scale": [0.3, 0.49, 0.51]
		},
		"head": {
			"translation": [-2.75, 0, 2]
		}
	}
}