{
 "parent": "minecraft:block/light_gray_concrete",
 "overrides": [
 {"predicate": {"custom_model_data":1}, "model": "item/light_gray_concrete_stairs"},
 {"predicate": {"custom_model_data":2}, "model": "item/light_gray_concrete_stairs2"},
 {"predicate": {"custom_model_data":3}, "model": "item/light_gray_concrete_stairs3"},
 {"predicate": {"custom_model_data":4}, "model": "item/light_gray_concrete_stairs4"},
 {"predicate": {"custom_model_data":5}, "model": "item/light_gray_concrete_stairs5"}
 ]
}