{
	"credit": "Made with Blockbench",
	"texture_size": [64, 64],
	"textures": {
		"1": "modelengine:entity/medusa_bow"
	},
	"elements": [
		{
			"from": [6.38528, 6.21831, 5.78381],
			"to": [6.98528, 7.41831, 9.98381],
			"rotation": {"angle": 0, "axis": "y", "origin": [-5.0705, 6.85888, 11.63181]},
			"faces": {
				"north": {"uv": [2, 6, 2.25, 6.5], "texture": "#1"},
				"east": {"uv": [6.5, 4, 8.25, 4.5], "texture": "#1"},
				"south": {"uv": [2, 6.5, 2.25, 7], "texture": "#1"},
				"west": {"uv": [2, 7, 3.75, 7.5], "texture": "#1"},
				"up": {"uv": [6.75, 9, 6.5, 7.25], "texture": "#1"},
				"down": {"uv": [7, 7.25, 6.75, 9], "texture": "#1"}
			}
		},
		{
			"from": [7.58528, 3.21831, 4.58381],
			"to": [9.38528, 8.01831, 11.18381],
			"rotation": {"angle": 0, "axis": "y", "origin": [-5.0705, 6.85888, 11.63181]},
			"faces": {
				"north": {"uv": [1.5, 4, 2.25, 6], "texture": "#1"},
				"east": {"uv": [0, 0, 2.75, 2], "texture": "#1"},
				"south": {"uv": [2.25, 5, 3, 7], "texture": "#1"},
				"west": {"uv": [0, 2, 2.75, 4], "texture": "#1"},
				"up": {"uv": [0.75, 6.75, 0, 4], "texture": "#1"},
				"down": {"uv": [1.5, 4, 0.75, 6.75], "texture": "#1"}
			}
		},
		{
			"from": [5.78528, 5.61831, 1.58381],
			"to": [7.58528, 8.01831, 5.78381],
			"rotation": {"angle": 0, "axis": "y", "origin": [-5.0705, 6.85888, 11.63181]},
			"faces": {
				"north": {"uv": [4.25, 7.25, 5, 8.25], "texture": "#1"},
				"east": {"uv": [4.5, 4.5, 6.25, 5.5], "texture": "#1"},
				"south": {"uv": [5, 7.25, 5.75, 8.25], "texture": "#1"},
				"west": {"uv": [4.75, 0, 6.5, 1], "texture": "#1"},
				"up": {"uv": [5.25, 7.25, 4.5, 5.5], "texture": "#1"},
				"down": {"uv": [6, 5.5, 5.25, 7.25], "texture": "#1"}
			}
		},
		{
			"from": [5.78528, 6.09311, -2.06668],
			"to": [7.58528, 8.49311, 2.73332],
			"rotation": {"angle": 22.5, "axis": "x", "origin": [7.2295, 8.7452, 0.96506]},
			"faces": {
				"north": {"uv": [5.75, 7.25, 6.5, 8.25], "texture": "#1"},
				"east": {"uv": [4.5, 2.5, 6.5, 3.5], "texture": "#1"},
				"south": {"uv": [7.5, 0, 8.25, 1], "texture": "#1"},
				"west": {"uv": [4.5, 3.5, 6.5, 4.5], "texture": "#1"},
				"up": {"uv": [3.75, 7, 3, 5], "texture": "#1"},
				"down": {"uv": [4.5, 5, 3.75, 7], "texture": "#1"}
			}
		},
		{
			"from": [5.78528, 3.81831, 2.78381],
			"to": [7.58528, 5.61831, 4.58381],
			"rotation": {"angle": 0, "axis": "y", "origin": [-5.0705, 6.85888, 11.63181]},
			"faces": {
				"north": {"uv": [7.5, 1, 8.25, 1.75], "texture": "#1"},
				"east": {"uv": [7.5, 1.75, 8.25, 2.5], "texture": "#1"},
				"south": {"uv": [2, 7.5, 2.75, 8.25], "texture": "#1"},
				"west": {"uv": [7.5, 2.5, 8.25, 3.25], "texture": "#1"},
				"up": {"uv": [3.5, 8.25, 2.75, 7.5], "texture": "#1"},
				"down": {"uv": [8.25, 3.25, 7.5, 4], "texture": "#1"}
			}
		},
		{
			"from": [6.08528, 8.24734, -4.03649],
			"to": [7.28528, 10.04734, 0.16351],
			"rotation": {"angle": 45, "axis": "x", "origin": [7.2295, 11.48987, -2.29987]},
			"faces": {
				"north": {"uv": [7.5, 7, 8, 7.75], "texture": "#1"},
				"east": {"uv": [6, 5.5, 7.75, 6.25], "texture": "#1"},
				"south": {"uv": [0, 7.75, 0.5, 8.5], "texture": "#1"},
				"west": {"uv": [6.25, 4.5, 8, 5.25], "texture": "#1"},
				"up": {"uv": [4.25, 8.75, 3.75, 7], "texture": "#1"},
				"down": {"uv": [7.5, 6.25, 7, 8], "texture": "#1"}
			}
		},
		{
			"from": [5.48528, 7.64734, -6.43649],
			"to": [7.88528, 10.04734, -4.03649],
			"rotation": {"angle": 45, "axis": "x", "origin": [7.2295, 11.48987, -2.29987]},
			"faces": {
				"north": {"uv": [6, 6.25, 7, 7.25], "texture": "#1"},
				"east": {"uv": [6.5, 0, 7.5, 1], "texture": "#1"},
				"south": {"uv": [6.5, 1, 7.5, 2], "texture": "#1"},
				"west": {"uv": [6.5, 2, 7.5, 3], "texture": "#1"},
				"up": {"uv": [7.5, 4, 6.5, 3], "texture": "#1"},
				"down": {"uv": [1, 6.75, 0, 7.75], "texture": "#1"}
			}
		},
		{
			"from": [6.68528, 11.4493, -6.34787],
			"to": [6.68528, 12.0493, 21.25213],
			"rotation": {"angle": 0, "axis": "y", "origin": [7.2295, 11.48987, -2.29987]},
			"faces": {
				"north": {"uv": [4, 12.5, 4, 12.75], "texture": "#1"},
				"east": {"uv": [0, 9, 11.5, 9.25], "texture": "#1"},
				"south": {"uv": [0.25, 10, 0.25, 10.25], "texture": "#1"},
				"west": {"uv": [0, 9, 11.5, 9.25], "texture": "#1"},
				"up": {"uv": [14, 13.5, 14, 2], "texture": "#1"},
				"down": {"uv": [13.5, 3.75, 13.75, 15.25], "texture": "#1"}
			}
		},
		{
			"from": [5.78528, 5.61831, 9.98381],
			"to": [7.58528, 8.01831, 14.18381],
			"rotation": {"angle": 0, "axis": "y", "origin": [-5.0705, 6.85888, 8.63181]},
			"faces": {
				"north": {"uv": [5.75, 7.25, 5, 8.25], "texture": "#1"},
				"east": {"uv": [6.25, 4.5, 4.5, 5.5], "texture": "#1"},
				"south": {"uv": [5, 7.25, 4.25, 8.25], "texture": "#1"},
				"west": {"uv": [6.5, 0, 4.75, 1], "texture": "#1"},
				"up": {"uv": [5.25, 5.5, 4.5, 7.25], "texture": "#1"},
				"down": {"uv": [6, 7.25, 5.25, 5.5], "texture": "#1"}
			}
		},
		{
			"from": [5.78528, 7.81366, 13.37654],
			"to": [7.58528, 10.21366, 18.17654],
			"rotation": {"angle": -22.5, "axis": "x", "origin": [7.2295, 8.7452, 19.29855]},
			"faces": {
				"north": {"uv": [8.25, 0, 7.5, 1], "texture": "#1"},
				"east": {"uv": [6.5, 2.5, 4.5, 3.5], "texture": "#1"},
				"south": {"uv": [6.5, 7.25, 5.75, 8.25], "texture": "#1"},
				"west": {"uv": [6.5, 3.5, 4.5, 4.5], "texture": "#1"},
				"up": {"uv": [3.75, 5, 3, 7], "texture": "#1"},
				"down": {"uv": [4.5, 7, 3.75, 5], "texture": "#1"}
			}
		},
		{
			"from": [5.78528, 3.81831, 11.18381],
			"to": [7.58528, 5.61831, 12.98381],
			"rotation": {"angle": 0, "axis": "y", "origin": [-5.0705, 6.85888, 8.63181]},
			"faces": {
				"north": {"uv": [2.75, 7.5, 2, 8.25], "texture": "#1"},
				"east": {"uv": [8.25, 1.75, 7.5, 2.5], "texture": "#1"},
				"south": {"uv": [8.25, 1, 7.5, 1.75], "texture": "#1"},
				"west": {"uv": [8.25, 2.5, 7.5, 3.25], "texture": "#1"},
				"up": {"uv": [3.5, 7.5, 2.75, 8.25], "texture": "#1"},
				"down": {"uv": [8.25, 4, 7.5, 3.25], "texture": "#1"}
			}
		},
		{
			"from": [6.08528, 11.4265, 16.92096],
			"to": [7.28528, 13.2265, 21.12096],
			"rotation": {"angle": -45, "axis": "x", "origin": [7.2295, 11.48987, 22.56349]},
			"faces": {
				"north": {"uv": [0.5, 7.75, 0, 8.5], "texture": "#1"},
				"east": {"uv": [7.75, 5.5, 6, 6.25], "texture": "#1"},
				"south": {"uv": [8, 7, 7.5, 7.75], "texture": "#1"},
				"west": {"uv": [8, 4.5, 6.25, 5.25], "texture": "#1"},
				"up": {"uv": [4.25, 7, 3.75, 8.75], "texture": "#1"},
				"down": {"uv": [7.5, 8, 7, 6.25], "texture": "#1"}
			}
		},
		{
			"from": [5.48528, 10.8265, 21.12096],
			"to": [7.88528, 13.2265, 23.52096],
			"rotation": {"angle": -45, "axis": "x", "origin": [7.2295, 11.48987, 22.56349]},
			"faces": {
				"north": {"uv": [7.5, 1, 6.5, 2], "texture": "#1"},
				"east": {"uv": [7.5, 0, 6.5, 1], "texture": "#1"},
				"south": {"uv": [7, 6.25, 6, 7.25], "texture": "#1"},
				"west": {"uv": [7.5, 2, 6.5, 3], "texture": "#1"},
				"up": {"uv": [7.5, 3, 6.5, 4], "texture": "#1"},
				"down": {"uv": [1, 7.75, 0, 6.75], "texture": "#1"}
			}
		}
	],
	"display": {
		"thirdperson_righthand": {
			"rotation": [106, 0, 16],
			"translation": [1, -2, 3]
		},
		"thirdperson_lefthand": {
			"rotation": [106, 0, 14],
			"translation": [0.75, -2, 3],
			"scale": [-1, 1, 1]
		},
		"firstperson_righthand": {
			"rotation": [86, -24, 19],
			"translation": [1, -1.25, -1.5]
		},
		"firstperson_lefthand": {
			"rotation": [86, -24, 19],
			"translation": [-3.25, -1.25, -1.5]
		},
		"ground": {
			"rotation": [-140, 0, 0],
			"translation": [0, 11.5, 0]
		},
		"gui": {
			"rotation": [61, 43, 86],
			"translation": [1.5, 1.25, 0],
			"scale": [0.6, 0.6, 0.6]
		},
		"fixed": {
			"rotation": [90, 0, -90],
			"translation": [0, 0, -2.25],
			"scale": [1.5, 1.5, 1.5]
		}
	},
	"groups": [
		{
			"name": "bow",
			"origin": [-1.17625, 8.1472, 0.07952],
			"color": 0,
			"children": [0, 1, 2, 3, 4, 5, 6, 7, 8, 9, 10, 11, 12]
		}
	]
}