{
	"credit": "Made with Blockbench",
	"textures": {
		"0": "custom/stone",
		"particle": "custom/stone"
	},
	"elements": [
		{
			"from": [1.25, 0, -0.75],
			"to": [8.875, 0.625, 6.25],
			"faces": {
				"north": {"uv": [0, 0, 7.625, 0.625], "texture": "#0"},
				"east": {"uv": [0, 0, 7, 0.625], "texture": "#0"},
				"south": {"uv": [0, 0, 7.625, 0.625], "texture": "#0"},
				"west": {"uv": [0, 0, 7, 0.625], "texture": "#0"},
				"up": {"uv": [0, 0, 7.625, 7], "texture": "#0"},
				"down": {"uv": [0, 0, 7.625, 7], "texture": "#0"}
			}
		},
		{
			"from": [4.25, 0, 8.625],
			"to": [7.75, 0.25, 14.25],
			"faces": {
				"north": {"uv": [0, 0, 3.5, 0.25], "texture": "#0"},
				"east": {"uv": [0, 0, 5.625, 0.25], "texture": "#0"},
				"south": {"uv": [0, 0, 3.5, 0.25], "texture": "#0"},
				"west": {"uv": [0, 0, 5.625, 0.25], "texture": "#0"},
				"up": {"uv": [0, 0, 3.5, 5.625], "texture": "#0"},
				"down": {"uv": [0, 0, 3.5, 5.625], "texture": "#0"}
			}
		},
		{
			"from": [10.75, 0, 5.75],
			"to": [13.625, 1.75, 9.875],
			"faces": {
				"north": {"uv": [0, 0, 2.875, 1.75], "texture": "#0"},
				"east": {"uv": [0, 0, 4.125, 1.75], "texture": "#0"},
				"south": {"uv": [0, 0, 2.875, 1.75], "texture": "#0"},
				"west": {"uv": [0, 0, 4.125, 1.75], "texture": "#0"},
				"up": {"uv": [0, 0, 2.875, 4.125], "texture": "#0"},
				"down": {"uv": [0, 0, 2.875, 4.125], "texture": "#0"}
			}
		}
	]
}