{"textures":{"1":"modelengine:entity/medusa_head"},"elements":[{"from":[5.428571,8.5091715,4.528534],"to":[10.571428,11.937743,9.6713915],"rotation":{"angle":0.0,"axis":"y","origin":[5.428571,6.794886,4.528534]},"faces":{"east":{"uv":[6.0,0.0,8.25,1.5],"rotation":0,"texture":"#1","tintindex":0},"south":{"uv":[6.5,5.0,8.75,6.5],"rotation":0,"texture":"#1","tintindex":0},"north":{"uv":[4.25,5.5,6.5,7.0],"rotation":0,"texture":"#1","tintindex":0},"west":{"uv":[6.5,6.5,8.75,8.0],"rotation":0,"texture":"#1","tintindex":0},"up":{"uv":[4.25,7.75,2.0,5.5],"rotation":0,"texture":"#1","tintindex":0},"down":{"uv":[7.75,2.75,5.5,5.0],"rotation":0,"texture":"#1","tintindex":0}}},{"from":[5.428571,11.937743,3.9571052],"to":[10.0,13.080601,10.24282],"rotation":{"angle":0.0,"axis":"y","origin":[5.428571,10.223457,4.528534]},"faces":{"east":{"uv":[8.25,1.0,11.0,1.5],"rotation":0,"texture":"#1","tintindex":0},"south":{"uv":[9.5,2.5,11.5,3.0],"rotation":0,"texture":"#1","tintindex":0},"north":{"uv":[9.5,2.0,11.5,2.5],"rotation":0,"texture":"#1","tintindex":0},"west":{"uv":[9.5,1.5,12.25,2.0],"rotation":0,"texture":"#1","tintindex":0},"up":{"uv":[6.0,2.75,4.0,0.0],"rotation":0,"texture":"#1","tintindex":0},"down":{"uv":[2.0,5.5,0.0,8.25],"rotation":0,"texture":"#1","tintindex":0}}},{"from":[5.428571,5.0806,9.099962],"to":[10.0,12.509172,10.814248],"rotation":{"angle":0.0,"axis":"y","origin":[5.428571,10.223457,4.528534]},"faces":{"east":{"uv":[2.0,7.75,2.75,11.0],"rotation":0,"texture":"#1","tintindex":0},"south":{"uv":[2.0,0.0,4.0,3.25],"rotation":0,"texture":"#1","tintindex":0},"north":{"uv":[0.0,0.0,2.0,3.25],"rotation":0,"texture":"#1","tintindex":0},"west":{"uv":[2.75,7.75,3.5,11.0],"rotation":0,"texture":"#1","tintindex":0},"up":{"uv":[5.5,9.25,3.5,8.5],"rotation":0,"texture":"#1","tintindex":0},"down":{"uv":[10.75,4.5,8.75,5.25],"rotation":0,"texture":"#1","tintindex":0}}},{"from":[10.0,10.794886,4.528534],"to":[11.142858,12.509172,10.24282],"rotation":{"angle":0.0,"axis":"y","origin":[5.428571,10.223457,5.099962]},"faces":{"east":{"uv":[7.75,3.0,10.25,3.75],"rotation":0,"texture":"#1","tintindex":0},"south":{"uv":[3.5,7.75,4.0,8.5],"rotation":0,"texture":"#1","tintindex":0},"north":{"uv":[6.0,7.0,6.5,7.75],"rotation":0,"texture":"#1","tintindex":0},"west":{"uv":[7.75,3.75,10.25,4.5],"rotation":0,"texture":"#1","tintindex":0},"up":{"uv":[1.5,12.25,1.0,9.75],"rotation":0,"texture":"#1","tintindex":0},"down":{"uv":[2.0,9.75,1.5,12.25],"rotation":0,"texture":"#1","tintindex":0}}},{"from":[8.857143,5.6520286,7.957105],"to":[11.142858,10.794886,10.24282],"rotation":{"angle":0.0,"axis":"y","origin":[5.428571,10.223457,5.099962]},"faces":{"east":{"uv":[7.0,8.0,8.0,10.25],"rotation":0,"texture":"#1","tintindex":0},"south":{"uv":[8.0,8.0,9.0,10.25],"rotation":0,"texture":"#1","tintindex":0},"north":{"uv":[6.0,8.0,7.0,10.25],"rotation":0,"texture":"#1","tintindex":0},"west":{"uv":[0.0,8.25,1.0,10.5],"rotation":0,"texture":"#1","tintindex":0},"up":{"uv":[11.0,1.0,10.0,0.0],"rotation":0,"texture":"#1","tintindex":0},"down":{"uv":[11.0,7.25,10.0,8.25],"rotation":0,"texture":"#1","tintindex":0}}},{"from":[4.285714,7.937743,3.9571052],"to":[5.428571,13.080601,10.24282],"rotation":{"angle":0.0,"axis":"y","origin":[5.428571,10.223457,4.528534]},"faces":{"east":{"uv":[0.0,3.25,2.75,5.5],"rotation":0,"texture":"#1","tintindex":0},"south":{"uv":[9.5,9.75,10.0,12.0],"rotation":0,"texture":"#1","tintindex":0},"north":{"uv":[9.0,9.75,9.5,12.0],"rotation":0,"texture":"#1","tintindex":0},"west":{"uv":[2.75,3.25,5.5,5.5],"rotation":0,"texture":"#1","tintindex":0},"up":{"uv":[6.0,11.25,5.5,8.5],"rotation":0,"texture":"#1","tintindex":0},"down":{"uv":[5.5,9.25,5.0,12.0],"rotation":0,"texture":"#1","tintindex":0}}},{"from":[4.285714,5.6520286,6.814248],"to":[6.5714283,7.937743,10.24282],"rotation":{"angle":0.0,"axis":"y","origin":[5.428571,10.223457,4.528534]},"faces":{"east":{"uv":[8.75,5.25,10.25,6.25],"rotation":0,"texture":"#1","tintindex":0},"south":{"uv":[10.25,3.0,11.25,4.0],"rotation":0,"texture":"#1","tintindex":0},"north":{"uv":[10.0,9.75,11.0,10.75],"rotation":0,"texture":"#1","tintindex":0},"west":{"uv":[8.75,6.25,10.25,7.25],"rotation":0,"texture":"#1","tintindex":0},"up":{"uv":[2.0,9.75,1.0,8.25],"rotation":0,"texture":"#1","tintindex":0},"down":{"uv":[10.0,7.25,9.0,8.75],"rotation":0,"texture":"#1","tintindex":0}}},{"from":[10.240425,9.080601,6.880089],"to":[10.811853,10.794886,8.022946],"rotation":{"angle":22.5,"axis":"y","origin":[10.526139,9.937743,7.4515176]},"faces":{"east":{"uv":[3.5,10.25,4.0,11.0],"rotation":0,"texture":"#1","tintindex":0},"south":{"uv":[8.75,7.25,9.0,8.0],"rotation":0,"texture":"#1","tintindex":0},"north":{"uv":[4.0,7.75,4.25,8.5],"rotation":0,"texture":"#1","tintindex":0},"west":{"uv":[4.0,10.25,4.5,11.0],"rotation":0,"texture":"#1","tintindex":0},"up":{"uv":[4.25,3.25,4.0,2.75],"rotation":0,"texture":"#1","tintindex":0},"down":{"uv":[4.5,2.75,4.25,3.25],"rotation":0,"texture":"#1","tintindex":0}}},{"from":[7.428571,8.575012,4.19753],"to":[8.571428,10.289298,4.7689586],"rotation":{"angle":22.5,"axis":"x","origin":[8.0,9.146441,4.4832444]},"faces":{"east":{"uv":[6.0,10.25,6.25,11.0],"rotation":0,"texture":"#1","tintindex":0},"south":{"uv":[10.25,5.25,10.75,6.0],"rotation":0,"texture":"#1","tintindex":0},"north":{"uv":[4.5,10.25,5.0,11.0],"rotation":0,"texture":"#1","tintindex":0},"west":{"uv":[10.25,6.0,10.5,6.75],"rotation":0,"texture":"#1","tintindex":0},"up":{"uv":[5.0,3.0,4.5,2.75],"rotation":0,"texture":"#1","tintindex":0},"down":{"uv":[5.0,3.0,4.5,3.25],"rotation":0,"texture":"#1","tintindex":0}}},{"from":[6.0,6.857143,4.8571424],"to":[10.0,9.142858,8.285714],"rotation":{"angle":-22.5,"axis":"x","origin":[8.0,8.0,6.285714]},"faces":{"east":{"uv":[9.0,8.75,10.5,9.75],"rotation":0,"texture":"#1","tintindex":0},"south":{"uv":[8.25,0.0,10.0,1.0],"rotation":0,"texture":"#1","tintindex":0},"north":{"uv":[6.0,1.5,7.75,2.5],"rotation":0,"texture":"#1","tintindex":0},"west":{"uv":[3.5,9.25,5.0,10.25],"rotation":0,"texture":"#1","tintindex":0},"up":{"uv":[6.0,8.5,4.25,7.0],"rotation":0,"texture":"#1","tintindex":0},"down":{"uv":[9.5,1.5,7.75,3.0],"rotation":0,"texture":"#1","tintindex":0}}}],"display":{"head":{"translation":[0.0,-6.4,0.0],"scale":[4.0,4.0,4.0]}}}