{"textures":{"0":"modelengine:entity/capybara"},"elements":[{"from":[8.0,8.0,8.285714],"to":[8.571428,9.142858,9.428572],"rotation":{"angle":-22.5,"axis":"x","origin":[8.0,8.0,8.285714]},"faces":{"east":{"uv":[8.5,3.5,9.0,4.0],"rotation":0,"texture":"#0","tintindex":0},"south":{"uv":[9.75,3.5,10.0,4.0],"rotation":0,"texture":"#0","tintindex":0},"north":{"uv":[9.0,3.5,9.25,4.0],"rotation":0,"texture":"#0","tintindex":0},"west":{"uv":[9.25,3.5,9.75,4.0],"rotation":0,"texture":"#0","tintindex":0},"up":{"uv":[9.25,3.5,9.0,3.0],"rotation":0,"texture":"#0","tintindex":0},"down":{"uv":[9.5,3.0,9.25,3.5],"rotation":0,"texture":"#0","tintindex":0}}}],"display":{"head":{"translation":[0.0,-6.4,0.0],"scale":[4.0,4.0,4.0]}}}