{"credit":"DSprl","textures":{"0":"item/p2"},"elements":[{"from":[3,0,4],"to":[13,10,14],"faces":{"north":{"uv":[16,0,0,7.875],"texture":"#0"},"east":{"uv":[11,0,16,3],"texture":"#0"},"south":{"uv":[11,0,16,3],"texture":"#0"},"west":{"uv":[11,0,16,3],"texture":"#0"},"up":{"uv":[11,0,16,3],"texture":"#0"}}},{"from":[2,10,11],"to":[4.5,13,12],"rotation":{"angle":22.5,"axis":"z","origin":[5.4,15.75,11.25]},"faces":{"north":{"uv":[4,9,7,10],"texture":"#0"},"east":{"uv":[1,1,2,3.375],"texture":"#0"},"south":{"uv":[1,4,2,5],"texture":"#0"},"west":{"uv":[1,1,2,2],"texture":"#0"},"up":{"uv":[1,1,2,2],"texture":"#0"}}},{"from":[2.1,13,10.8],"to":[4.6,16,11.8],"rotation":{"angle":22.5,"axis":"z","origin":[5.4,15.75,11.25]},"faces":{"north":{"uv":[4,9,7,10],"texture":"#0"},"east":{"uv":[1,1,2,3.375],"texture":"#0"},"south":{"uv":[1,4,2,5],"texture":"#0"},"west":{"uv":[1,1,2,2],"texture":"#0"},"up":{"uv":[1,1,2,2],"texture":"#0"},"down":{"uv":[0,0,2.5,1],"texture":"#missing"}}},{"from":[2.2,16,10.6],"to":[4.7,19,11.6],"rotation":{"angle":22.5,"axis":"z","origin":[5.4,15.75,11.25]},"faces":{"north":{"uv":[4,9,7,10],"texture":"#0"},"east":{"uv":[1,1,2,3.375],"texture":"#0"},"south":{"uv":[1,4,2,5],"texture":"#0"},"west":{"uv":[1,1,2,2],"texture":"#0"},"up":{"uv":[1,1,2,2],"texture":"#0"},"down":{"uv":[0,0,2.5,1],"texture":"#missing"}}},{"from":[2.3,19,10.5],"to":[4.8,21,11.5],"rotation":{"angle":22.5,"axis":"z","origin":[5.4,15.75,11.25]},"faces":{"north":{"uv":[4,9,7,10],"texture":"#0"},"east":{"uv":[1,1,2,3.375],"texture":"#0"},"south":{"uv":[1,4,2,5],"texture":"#0"},"west":{"uv":[1,1,2,2],"texture":"#0"},"up":{"uv":[1,1,2,2],"texture":"#0"},"down":{"uv":[0,0,2.5,1],"texture":"#missing"}}},{"from":[9.5,10,11.42597],"to":[12,12,12.42597],"rotation":{"angle":0,"axis":"x","origin":[4.75,14.38582,10.92597]},"faces":{"north":{"uv":[4,9,7,10],"texture":"#0"},"east":{"uv":[1,1,2,3.375],"texture":"#0"},"south":{"uv":[1,4,2,5],"texture":"#0"},"west":{"uv":[1,1,2,2],"texture":"#0"},"up":{"uv":[1,1,2,2],"texture":"#0"}}},{"from":[9.5,11.58582,10.52597],"to":[12,13.58582,11.52597],"rotation":{"angle":-22.5,"axis":"x","origin":[4.75,14.38582,10.92597]},"faces":{"north":{"uv":[4,9,7,10],"texture":"#0"},"east":{"uv":[1,1,2,3.375],"texture":"#0"},"south":{"uv":[1,4,2,5],"texture":"#0"},"west":{"uv":[1,1,2,2],"texture":"#0"},"up":{"uv":[1,1,2,2],"texture":"#0"},"down":{"uv":[0,0,2.5,1],"texture":"#missing"}}},{"from":[9.5,13.58582,10.32597],"to":[12,15.58582,11.32597],"rotation":{"angle":-22.5,"axis":"x","origin":[4.75,14.38582,10.92597]},"faces":{"north":{"uv":[4,9,7,10],"texture":"#0"},"east":{"uv":[1,1,2,3.375],"texture":"#0"},"south":{"uv":[1,4,2,5],"texture":"#0"},"west":{"uv":[1,1,2,2],"texture":"#0"},"up":{"uv":[1,1,2,2],"texture":"#0"},"down":{"uv":[0,0,2.5,1],"texture":"#missing"}}},{"from":[9.5,15.55746,8.37792],"to":[12,18.55746,9.37792],"rotation":{"angle":-45,"axis":"x","origin":[4.75,17.15746,9.77792]},"faces":{"north":{"uv":[4,9,7,10],"texture":"#0"},"east":{"uv":[1,1,2,3.375],"texture":"#0"},"south":{"uv":[1,4,2,5],"texture":"#0"},"west":{"uv":[1,1,2,2],"texture":"#0"},"up":{"uv":[1,1,2,2],"texture":"#0"},"down":{"uv":[0,0,2.5,1],"texture":"#missing"}}},{"from":[9.5,17.00096,6.52021],"to":[12,19.00096,7.52021],"rotation":{"angle":-45,"axis":"x","origin":[10.75,18.50096,7.02021]},"faces":{"north":{"uv":[4,9,7,10],"texture":"#0"},"east":{"uv":[1,1,2,3.375],"texture":"#0"},"south":{"uv":[1,4,2,5],"texture":"#0"},"west":{"uv":[1,1,2,2],"texture":"#0"},"up":{"uv":[1,1,2,2],"texture":"#0"},"down":{"uv":[0,0,2.5,1],"texture":"#missing"}}},{"from":[10.2,19.00096,6.52021],"to":[11.2,20.00096,7.52021],"rotation":{"angle":-45,"axis":"x","origin":[10.75,18.50096,7.02021]},"faces":{"north":{"uv":[1,1,2,2],"texture":"#0"},"east":{"uv":[1,1,2,3.375],"texture":"#0"},"south":{"uv":[1,4,2,5],"texture":"#0"},"west":{"uv":[1,1,2,2],"texture":"#0"},"up":{"uv":[1,1,2,2],"texture":"#0"}}},{"from":[0.9,20.00096,10.52021],"to":[1.9,21.00096,11.52021],"rotation":{"angle":22.5,"axis":"z","origin":[1.7,20.50096,11.02021]},"faces":{"north":{"uv":[4,9,5,10],"texture":"#0"},"east":{"uv":[1,1,2,3.375],"texture":"#0"},"south":{"uv":[1,4,2,5],"texture":"#0"},"west":{"uv":[1,1,2,2],"texture":"#0"},"up":{"uv":[1,1,2,2],"texture":"#0"}}},{"from":[3,0,13],"to":[12,10,14],"faces":{"north":{"uv":[5,9,6,10],"texture":"#0"},"down":{"uv":[1,1,1,2],"texture":"#0"}}}],"display":{"thirdperson_righthand":{"rotation":[45,-65,66],"scale":[0.5,0.5,0.1]},"firstperson_righthand":{"rotation":[0,118,0],"translation":[0,2,0],"scale":[1,1,0.1]},"ground":{"rotation":[89,0,0],"scale":[1,1,0.1]},"gui":{"rotation":[-180,0,-180],"translation":[0,-1,0],"scale":[0.7,0.7,0.7]},"head":{"translation":[0,4.75,-1.75],"scale":[1.5,1.5,1.5]}}}