{
	"credit": "DSprl",
	"textures": {
		"0": "item/iron_chestplate",
		"3": "block/brown_wool",
		"particle": "item/iron_chestplate"
	},
	"elements": [
		{
			"from": [0, 0, 0],
			"to": [16, 0, 16],
			"faces": {
				"up": {"uv": [0, 0, 16, 16], "texture": "#3"},
				"down": {"uv": [0, 0, 16, 16], "texture": "#3"}
			}
		},
		{
			"from": [0, 0, 1],
			"to": [1, 16, 16],
			"faces": {
				"north": {"uv": [0, 0, 1, 16], "texture": "#3"},
				"east": {"uv": [0, 0, 16, 16], "texture": "#3"},
				"south": {"uv": [0, 0, 1, 16], "texture": "#3"},
				"west": {"uv": [0, 0, 16, 16], "texture": "#3"},
				"up": {"uv": [0, 0, 16, 1], "rotation": 270, "texture": "#3"}
			}
		},
		{
			"from": [15, 0, 1],
			"to": [16, 16, 16],
			"faces": {
				"north": {"uv": [0, 0, 1, 16], "texture": "#3"},
				"east": {"uv": [0, 0, 16, 16], "texture": "#3"},
				"south": {"uv": [0, 0, 1, 16], "texture": "#3"},
				"west": {"uv": [0, 0, 16, 16], "texture": "#3"},
				"up": {"uv": [0, 0, 16, 1], "rotation": 270, "texture": "#3"}
			}
		},
		{
			"from": [0, 0, 0],
			"to": [16, 16, 1],
			"faces": {
				"north": {"uv": [0, 0, 16, 16], "texture": "#3"},
				"east": {"uv": [0, 0, 1, 16], "texture": "#3"},
				"south": {"uv": [0, 0, 16, 16], "texture": "#3"},
				"west": {"uv": [0, 0, 1, 16], "texture": "#3"},
				"up": {"uv": [0, 0, 16, 1], "texture": "#3"}
			}
		},
		{
			"from": [1, 0, 15],
			"to": [15, 16, 16],
			"faces": {
				"north": {"uv": [0, 0, 16, 16], "texture": "#3"},
				"east": {"uv": [0, 0, 1, 16], "texture": "#3"},
				"south": {"uv": [0, 0, 16, 16], "texture": "#3"},
				"west": {"uv": [0, 0, 1, 16], "texture": "#3"},
				"up": {"uv": [0, 0, 16, 1], "texture": "#3"}
			}
		},
		{
			"from": [1, 0, 2],
			"to": [6, 2, 8],
			"faces": {
				"north": {"uv": [1, 2, 6, 3], "texture": "#0"},
				"east": {"uv": [5, 2, 6, 4], "texture": "#0"},
				"south": {"uv": [1, 7, 6, 8], "texture": "#0"},
				"west": {"uv": [1, 2, 2, 8], "texture": "#0"},
				"up": {"uv": [1, 2, 6, 8], "texture": "#0"},
				"down": {"uv": [1, 2, 6, 8], "texture": "#0"}
			}
		},
		{
			"from": [10, 0, 2],
			"to": [15, 2, 8],
			"faces": {
				"north": {"uv": [10, 2, 15, 3], "texture": "#0"},
				"east": {"uv": [14, 2, 15, 8], "texture": "#0"},
				"south": {"uv": [10, 7, 15, 8], "texture": "#0"},
				"west": {"uv": [10, 2, 11, 4], "texture": "#0"},
				"up": {"uv": [10, 2, 15, 8], "texture": "#0"},
				"down": {"uv": [10, 2, 15, 8], "texture": "#0"}
			}
		},
		{
			"from": [5, 0, 14],
			"to": [11, 2, 15],
			"faces": {
				"north": {"uv": [4, 13, 12, 14], "texture": "#0"},
				"east": {"uv": [11, 13, 12, 14], "texture": "#0"},
				"south": {"uv": [5, 14, 11, 15], "texture": "#0"},
				"west": {"uv": [4, 13, 5, 14], "texture": "#0"},
				"up": {"uv": [5, 14, 11, 15], "texture": "#0"},
				"down": {"uv": [4, 13, 12, 14], "texture": "#0"}
			}
		},
		{
			"from": [4, 0, 13],
			"to": [12, 2, 14],
			"faces": {
				"north": {"uv": [4, 13, 12, 14], "texture": "#0"},
				"east": {"uv": [12, 12, 13, 13], "texture": "#0"},
				"south": {"uv": [4, 13, 12, 14], "texture": "#0"},
				"west": {"uv": [3, 12, 4, 13], "texture": "#0"},
				"up": {"uv": [4, 13, 12, 14], "texture": "#0"},
				"down": {"uv": [3, 12, 13, 13], "texture": "#0"}
			}
		},
		{
			"from": [3, 0, 8],
			"to": [13, 2, 13],
			"faces": {
				"north": {"uv": [3, 8, 13, 9], "texture": "#0"},
				"east": {"uv": [12, 8, 13, 13], "texture": "#0"},
				"south": {"uv": [3, 12, 13, 13], "texture": "#0"},
				"west": {"uv": [3, 8, 4, 13], "texture": "#0"},
				"up": {"uv": [3, 8, 13, 13], "texture": "#0"},
				"down": {"uv": [3, 8, 13, 13], "texture": "#0"}
			}
		},
		{
			"from": [6, 0, 5],
			"to": [10, 2, 8],
			"faces": {
				"north": {"uv": [6, 5, 10, 6], "texture": "#0"},
				"east": {"uv": [6, 5, 10, 8], "texture": "#0"},
				"south": {"uv": [6, 5, 10, 8], "texture": "#0"},
				"west": {"uv": [6, 5, 10, 8], "texture": "#0"},
				"up": {"uv": [6, 5, 10, 8], "texture": "#0"},
				"down": {"uv": [6, 5, 10, 8], "texture": "#0"}
			}
		},
		{
			"from": [9, 0, 4],
			"to": [10, 2, 5],
			"faces": {
				"north": {"uv": [6, 4, 7, 5], "texture": "#0"},
				"east": {"uv": [6, 4, 7, 5], "texture": "#0"},
				"south": {"uv": [6, 4, 7, 5], "texture": "#0"},
				"west": {"uv": [6, 4, 7, 5], "texture": "#0"},
				"up": {"uv": [6, 4, 7, 5], "texture": "#0"},
				"down": {"uv": [6, 4, 7, 5], "texture": "#0"}
			}
		},
		{
			"from": [6, 0, 4],
			"to": [7, 2, 5],
			"faces": {
				"north": {"uv": [6, 4, 7, 5], "texture": "#0"},
				"east": {"uv": [6, 4, 7, 5], "texture": "#0"},
				"south": {"uv": [6, 4, 7, 5], "texture": "#0"},
				"west": {"uv": [6, 4, 7, 5], "texture": "#0"},
				"up": {"uv": [6, 4, 7, 5], "texture": "#0"},
				"down": {"uv": [6, 4, 7, 5], "texture": "#0"}
			}
		}
	],
	"display": {
		"thirdperson_righthand": {
			"rotation": [75, 45, 0],
			"translation": [0, 2.5, 0],
			"scale": [0.375, 0.375, 0.375]
		}
	},
	"groups": [0, 1, 2, 3, 4,
		{
			"name": "group",
			"origin": [0, 0, 0],
			"children": [5, 6, 7, 8, 9, 10, 11, 12]
		}
	]
}