{
	"parent": "block/block",
	"textures": {
		"3": "custom/fancy_leaves/spruce_leaves",
		"particle": "custom/fancy_leaves/spruce_leaves"
	},
	"elements": [
		{
			"from": [10.62141, 11.33127, -3.93929],
			"to": [10.62141, 23.33127, 20.06071],
			"rotation": {"angle": -22.5, "axis": "z", "origin": [4.92176, 9.54366, 6.85196]},
			"faces": {
				"east": {"uv": [0.00667, 7.99333, 15.99333, 0.00667], "rotation": 180, "texture": "#3", "tintindex": 0}
			}
		},
		{
			"from": [10.7, -5.288, -3.9416],
			"to": [10.7, 6.712, 20.0584],
			"rotation": {"angle": 22.5, "axis": "z", "origin": [5, 8.3, 6.85]},
			"faces": {
				"east": {"uv": [0, 16, 16, 8], "rotation": 180, "texture": "#3", "tintindex": 0}
			}
		},
		{
			"from": [-5.4584, -5.288, 11.05],
			"to": [18.5416, 6.712, 11.05],
			"rotation": {"angle": -22.5, "axis": "x", "origin": [7.75, 8.3, 5.35]},
			"faces": {
				"south": {"uv": [0, 16, 16, 8], "rotation": 180, "texture": "#3", "tintindex": 0}
			}
		},
		{
			"from": [-5.46071, 11.33127, 10.97141],
			"to": [18.53929, 23.33127, 10.97141],
			"rotation": {"angle": 22.5, "axis": "x", "origin": [7.74804, 9.54366, 5.27176]},
			"faces": {
				"south": {"uv": [0.00667, 7.99333, 15.99333, 0.00667], "rotation": 180, "texture": "#3", "tintindex": 0}
			}
		},
		{
			"from": [3.3, -5.288, -4.8584],
			"to": [3.3, 6.712, 19.1416],
			"rotation": {"angle": -22.5, "axis": "z", "origin": [9, 8.3, 8.35]},
			"faces": {
				"west": {"uv": [0, 16, 16, 8], "rotation": 180, "texture": "#3", "tintindex": 0}
			}
		},
		{
			"from": [3.37859, 11.33127, -4.86071],
			"to": [3.37859, 23.33127, 19.13929],
			"rotation": {"angle": 22.5, "axis": "z", "origin": [9.07824, 9.54366, 8.34804]},
			"faces": {
				"west": {"uv": [0.00667, 7.99333, 15.99333, 0.00667], "rotation": 180, "texture": "#3", "tintindex": 0}
			}
		},
		{
			"from": [-4.2916, -5.288, 3.65],
			"to": [19.7084, 6.712, 3.65],
			"rotation": {"angle": 22.5, "axis": "x", "origin": [6.5, 8.3, 9.35]},
			"faces": {
				"north": {"uv": [0, 16, 16, 8], "rotation": 180, "texture": "#3", "tintindex": 0}
			}
		},
		{
			"from": [-4.28929, 11.33127, 3.72859],
			"to": [19.71071, 23.33127, 3.72859],
			"rotation": {"angle": -22.5, "axis": "x", "origin": [6.50196, 9.54366, 9.42824]},
			"faces": {
				"north": {"uv": [0.00667, 7.99333, 15.99333, 0.00667], "rotation": 180, "texture": "#3", "tintindex": 0}
			}
		},
		{
			"from": [-1.83328, 13.36, -3.5704],
			"to": [17.36672, 13.36, 6.0296],
			"rotation": {"angle": 22.5, "axis": "x", "origin": [6.8, 8.8, 7.3]},
			"faces": {
				"up": {"uv": [0.00667, 7.99333, 15.99333, 0.00667], "rotation": 180, "texture": "#3", "tintindex": 0},
				"down": {"uv": [0, 15.5, 16, 7.5], "rotation": 180, "texture": "#3", "tintindex": 0}
			}
		},
		{
			"from": [-1.83143, 13.29713, 9.72502],
			"to": [17.36857, 13.29713, 19.32502],
			"rotation": {"angle": -22.5, "axis": "x", "origin": [6.80157, 8.73741, 8.29493]},
			"faces": {
				"up": {"uv": [0, 8, 16, 16], "texture": "#3", "tintindex": 0},
				"down": {"uv": [0, 7.5, 16, 15.5], "rotation": 180, "texture": "#3", "tintindex": 0}
			}
		},
		{
			"from": [0.68835, -2.29464, 5.85],
			"to": [17.72835, 6.22536, 5.85],
			"rotation": {"angle": -45, "axis": "y", "origin": [6.04607, 12.13539, 4.97731]},
			"faces": {
				"north": {"uv": [12.99858, 10.49972, 2.99976, 15.49912], "texture": "#3", "tintindex": 0},
				"south": {"uv": [2.99976, 10.49972, 12.99858, 15.49912], "texture": "#3", "tintindex": 0}
			}
		},
		{
			"from": [-3.29994, -2.29448, 8.1],
			"to": [13.74006, 6.22552, 8.1],
			"rotation": {"angle": 45, "axis": "y", "origin": [6.06, 10.75, 4.89]},
			"faces": {
				"north": {"uv": [12.99858, 10.49972, 2.99976, 15.49912], "texture": "#3", "tintindex": 0},
				"south": {"uv": [2.99976, 10.49972, 12.99858, 15.49912], "texture": "#3", "tintindex": 0}
			}
		}
	],
	"groups": [
		{
			"name": "group",
			"children": [0, 1, 2, 3, 4, 5, 6, 7, 8, 9, 10, 11]
		}
	]
}