{
	"parent": "block/block",
	"textures": {
		"3": "custom/fancy_leaves/spruce_leaves",
		"particle": "custom/fancy_leaves/spruce_leaves"
	},
	"elements": [
		{
			"from": [10.47141, 11.28127, -3.53929],
			"to": [10.47141, 23.28127, 20.46071],
			"rotation": {"angle": -22.5, "axis": "z", "origin": [4.77176, 9.49366, 7.25196]},
			"faces": {
				"east": {"uv": [0.00667, 7.99333, 15.99333, 0.00667], "rotation": 180, "texture": "#3", "tintindex": 0}
			}
		},
		{
			"from": [10.55, -5.338, -3.5416],
			"to": [10.55, 6.662, 20.4584],
			"rotation": {"angle": 22.5, "axis": "z", "origin": [4.85, 8.25, 7.25]},
			"faces": {
				"east": {"uv": [0, 16, 16, 8], "rotation": 180, "texture": "#3", "tintindex": 0}
			}
		},
		{
			"from": [-5.6084, -5.338, 11.45],
			"to": [18.3916, 6.662, 11.45],
			"rotation": {"angle": -22.5, "axis": "x", "origin": [7.6, 8.25, 5.75]},
			"faces": {
				"south": {"uv": [0, 16, 16, 8], "rotation": 180, "texture": "#3", "tintindex": 0}
			}
		},
		{
			"from": [-5.61071, 11.28127, 11.37141],
			"to": [18.38929, 23.28127, 11.37141],
			"rotation": {"angle": 22.5, "axis": "x", "origin": [7.59804, 9.49366, 5.67176]},
			"faces": {
				"south": {"uv": [0.00667, 7.99333, 15.99333, 0.00667], "rotation": 180, "texture": "#3", "tintindex": 0}
			}
		},
		{
			"from": [3.15, -5.338, -4.4584],
			"to": [3.15, 6.662, 19.5416],
			"rotation": {"angle": -22.5, "axis": "z", "origin": [8.85, 8.25, 8.75]},
			"faces": {
				"west": {"uv": [0, 16, 16, 8], "rotation": 180, "texture": "#3", "tintindex": 0}
			}
		},
		{
			"from": [3.22859, 11.28127, -4.46071],
			"to": [3.22859, 23.28127, 19.53929],
			"rotation": {"angle": 22.5, "axis": "z", "origin": [8.92824, 9.49366, 8.74804]},
			"faces": {
				"west": {"uv": [0.00667, 7.99333, 15.99333, 0.00667], "rotation": 180, "texture": "#3", "tintindex": 0}
			}
		},
		{
			"from": [-4.4416, -5.338, 4.05],
			"to": [19.5584, 6.662, 4.05],
			"rotation": {"angle": 22.5, "axis": "x", "origin": [6.35, 8.25, 9.75]},
			"faces": {
				"north": {"uv": [0, 16, 16, 8], "rotation": 180, "texture": "#3", "tintindex": 0}
			}
		},
		{
			"from": [-4.43929, 11.28127, 4.12859],
			"to": [19.56071, 23.28127, 4.12859],
			"rotation": {"angle": -22.5, "axis": "x", "origin": [6.35196, 9.49366, 9.82824]},
			"faces": {
				"north": {"uv": [0.00667, 7.99333, 15.99333, 0.00667], "rotation": 180, "texture": "#3", "tintindex": 0}
			}
		},
		{
			"from": [-1.98328, 13.31, -3.1704],
			"to": [17.21672, 13.31, 6.4296],
			"rotation": {"angle": 22.5, "axis": "x", "origin": [6.65, 8.75, 7.7]},
			"faces": {
				"up": {"uv": [0.00667, 7.99333, 15.99333, 0.00667], "rotation": 180, "texture": "#3", "tintindex": 0},
				"down": {"uv": [0, 15.5, 16, 7.5], "rotation": 180, "texture": "#3", "tintindex": 0}
			}
		},
		{
			"from": [-1.98143, 13.24713, 10.12502],
			"to": [17.21857, 13.24713, 19.72502],
			"rotation": {"angle": -22.5, "axis": "x", "origin": [6.65157, 8.68741, 8.69493]},
			"faces": {
				"up": {"uv": [0, 8, 16, 16], "texture": "#3", "tintindex": 0},
				"down": {"uv": [0, 7.5, 16, 15.5], "rotation": 180, "texture": "#3", "tintindex": 0}
			}
		},
		{
			"from": [0.53835, -2.34464, 6.25],
			"to": [17.57835, 6.17536, 6.25],
			"rotation": {"angle": -45, "axis": "y", "origin": [5.89607, 12.08539, 5.37731]},
			"faces": {
				"north": {"uv": [12.99858, 10.49972, 2.99976, 15.49912], "texture": "#3", "tintindex": 0},
				"south": {"uv": [2.99976, 10.49972, 12.99858, 15.49912], "texture": "#3", "tintindex": 0}
			}
		},
		{
			"from": [-3.44994, -2.34448, 8.5],
			"to": [13.59006, 6.17552, 8.5],
			"rotation": {"angle": 45, "axis": "y", "origin": [5.91, 10.7, 5.29]},
			"faces": {
				"north": {"uv": [12.99858, 10.49972, 2.99976, 15.49912], "texture": "#3", "tintindex": 0},
				"south": {"uv": [2.99976, 10.49972, 12.99858, 15.49912], "texture": "#3", "tintindex": 0}
			}
		}
	],
	"groups": [
		{
			"name": "group",
			"children": [0, 1, 2, 3, 4, 5, 6, 7, 8, 9, 10, 11]
		}
	]
}