{"credit":"Made with Blockbench","display":{"firstperson_lefthand":{"rotation":[0,43,0],"translation":[4.5,8.5,-1.25]},"firstperson_righthand":{"rotation":[0,43,0],"translation":[4.5,8.5,-1.25]},"fixed":{"rotation":[-90,0,0],"scale":[2,2,2],"translation":[0,0,-15]},"ground":{"scale":[0.3,0.3,0.3],"translation":[0,1.75,0]},"gui":{"rotation":[30,-45,0],"scale":[0.8,0.8,0.8],"translation":[0,4.5,0]},"head":{"rotation":[0,86,0],"translation":[0,14.5,0]},"thirdperson_lefthand":{"rotation":[26,45,0],"scale":[0.3,0.3,0.3],"translation":[0,3,0.75]},"thirdperson_righthand":{"rotation":[26,45,0],"scale":[0.3,0.3,0.3],"translation":[0,3,0.75]}},"elements":[{"faces":{"up":{"texture":"#0","uv":[0,0,16,16]}},"from":[0,0,0],"to":[16,0,16]}],"textures":{"0":"custom/decorations/2d_cobble_pattern","particle":"custom/decorations/2d_cobble_pattern"}}