{"credit":"Made with Blockbench","display":{"firstperson_lefthand":{"rotation":[0,31,0],"translation":[2.25,0,0]},"firstperson_righthand":{"rotation":[0,31,0],"translation":[2.25,0,0]},"fixed":{"rotation":[-90,0,0],"scale":[2,2,2],"translation":[0,0,-16]},"ground":{"scale":[0.4,0.4,0.4],"translation":[0,2.25,0]},"gui":{"rotation":[30,45,0],"scale":[0.93,0.93,0.93],"translation":[0.25,2,0]},"head":{"rotation":[0,120,0],"scale":[1.29,1.29,1.29],"translation":[0,16.75,0]},"thirdperson_lefthand":{"rotation":[70,180,0],"scale":[0.9,0.9,0.9],"translation":[0.75,-3.5,-2.5]},"thirdperson_righthand":{"rotation":[70,180,0],"scale":[0.9,0.9,0.9],"translation":[0.75,-3.5,-2.5]}},"elements":[{"faces":{"down":{"rotation":90,"texture":"#0","uv":[0,8,6,12]},"east":{"texture":"#0","uv":[0,4,6,8]},"north":{"texture":"#0","uv":[6,0,10,4]},"south":{"texture":"#0","uv":[6,0,10,4]},"up":{"rotation":90,"texture":"#0","uv":[0,0,6,4]},"west":{"texture":"#0","uv":[0,4,6,8]}},"from":[4,0,2],"to":[12,8,14]},{"faces":{"down":{"texture":"#0","uv":[8.5,6.5,10.5,8.5]},"east":{"texture":"#0","uv":[6,9,8,11]},"north":{"texture":"#0","uv":[6,9,8,11]},"south":{"texture":"#0","uv":[6,9,8,11]},"up":{"rotation":90,"texture":"#0","uv":[6,6.5,8,8.5]},"west":{"texture":"#0","uv":[6,9,8,11]}},"from":[5,7,3],"to":[9,11,7]},{"faces":{"down":{"texture":"#0","uv":[8.5,6.5,10.5,8.5]},"east":{"texture":"#0","uv":[6,9,8,11]},"north":{"texture":"#0","uv":[6,9,8,11]},"south":{"texture":"#0","uv":[6,9,8,11]},"up":{"rotation":90,"texture":"#0","uv":[6,6.5,8,8.5]},"west":{"texture":"#0","uv":[6,9,8,11]}},"from":[5,5,7],"to":[9,9,11]},{"faces":{"down":{"texture":"#0","uv":[8.5,6.5,10.5,8.5]},"east":{"texture":"#0","uv":[6,9,8,11]},"north":{"texture":"#0","uv":[6,9,8,11]},"south":{"texture":"#0","uv":[6,9,8,11]},"up":{"rotation":270,"texture":"#0","uv":[6,6.5,8,8.5]},"west":{"texture":"#0","uv":[6,9,8,11]}},"from":[6,7,9],"rotation":{"angle":22.5,"axis":"x","origin":[8,8,8]},"to":[10,11,13]},{"faces":{"down":{"texture":"#0","uv":[8.5,6.5,10.5,8.5]},"east":{"texture":"#0","uv":[6,9,8,11]},"north":{"texture":"#0","uv":[6,9,8,11]},"south":{"texture":"#0","uv":[6,9,8,11]},"up":{"rotation":270,"texture":"#0","uv":[6,6.5,8,8.5]},"west":{"texture":"#0","uv":[6,9,8,11]}},"from":[7,6,5],"to":[11,10,9]},{"faces":{"east":{"texture":"#0","uv":[10.5,4,11.5,6.5]},"north":{"texture":"#0","uv":[10.5,4,11,6.5]},"south":{"texture":"#0","uv":[11,4,11.5,6.5]},"up":{"texture":"#0","uv":[6,4,6.5,5]},"west":{"texture":"#0","uv":[10.5,4,11.5,6.5]}},"from":[4,8,7],"to":[5,13,9]},{"faces":{"east":{"texture":"#0","uv":[10.5,4,11.5,6.5]},"north":{"texture":"#0","uv":[10.5,4,11,6.5]},"south":{"texture":"#0","uv":[11,4,11.5,6.5]},"up":{"texture":"#0","uv":[9.5,4,10,5]},"west":{"texture":"#0","uv":[10.5,4,11.5,6.5]}},"from":[11,8,7],"to":[12,13,9]},{"faces":{"down":{"texture":"#0","uv":[6.5,4,9.5,5]},"north":{"texture":"#0","uv":[6.5,4.5,9.5,5]},"south":{"texture":"#0","uv":[6.5,4.5,9.5,5]},"up":{"texture":"#0","uv":[6.5,4,9.5,5]}},"from":[5,12,7],"to":[11,13,9]}],"textures":{"0":"custom/decorations/apple_basket","particle":"custom/decorations/apple_basket"}}