{"credit":"Made with Blockbench","display":{"firstperson_lefthand":{"rotation":[-8,111,0],"scale":[0.4,0.4,0.4],"translation":[2.25,0.5,0.25]},"firstperson_righthand":{"rotation":[-8,111,0],"scale":[0.4,0.4,0.4],"translation":[2.25,0.5,0.25]},"fixed":{"rotation":[-90,0,0],"scale":[2,2,2],"translation":[0,0,-17]},"ground":{"scale":[0.2,0.2,0.2],"translation":[0,2,0]},"gui":{"rotation":[30,135,0],"scale":[0.4,0.4,0.4],"translation":[0,-0.75,0]},"head":{"translation":[0,13.25,0]},"thirdperson_lefthand":{"rotation":[6,38,0],"scale":[0.2,0.2,0.2]},"thirdperson_righthand":{"rotation":[6,38,0],"scale":[0.2,0.2,0.2]}},"elements":[{"faces":{"down":{"texture":"#0","uv":[7.25,4,11.25,8]},"east":{"texture":"#0","uv":[0,0,4,1.25]},"north":{"texture":"#0","uv":[0,0,4,1.25]},"south":{"texture":"#0","uv":[0,0,4,1.25]},"up":{"texture":"#0","uv":[7.25,0,11.25,4]},"west":{"texture":"#0","uv":[0,0,4,1.25]}},"from":[0.00869,16.00009,-0.00878],"rotation":{"angle":0,"axis":"x","origin":[8.00869,-0.99991,7.99122]},"to":[16.00869,21.00009,15.99122]},{"faces":{"down":{"texture":"#0","uv":[3.75,5.25,7.25,8.75]},"east":{"texture":"#0","uv":[3.75,1.25,7.25,5.25]},"north":{"texture":"#0","uv":[0.25,1.25,3.75,5.25]},"south":{"texture":"#0","uv":[3.75,1.25,7.25,5.25]},"up":{"rotation":180,"texture":"#0","uv":[0.25,5.25,3.75,8.75]},"west":{"texture":"#0","uv":[3.75,1.25,7.25,5.25]}},"from":[1.01045,0.00005,0.9895],"rotation":{"angle":0,"axis":"x","origin":[8.02003,14.50011,7.97986]},"to":[15.01045,16.00005,14.9895]}],"groups":[{"children":[0,1],"name":"group","origin":[8,8,8]}],"textures":{"0":"custom/decorations/bin_2","particle":"custom/decorations/bin_2"}}