{"credit":"Made with Blockbench","display":{"firstperson_lefthand":{"rotation":[4,120,0],"translation":[9.75,-4,-8.25]},"firstperson_righthand":{"rotation":[4,120,0],"translation":[9.75,-4,-8.25]},"fixed":{"rotation":[-90,0,0],"scale":[2,2,2],"translation":[0,0,-16]},"ground":{"scale":[0.2,0.2,0.2],"translation":[0,1.25,0]},"gui":{"rotation":[30,135,0],"scale":[0.7,0.7,0.7],"translation":[0,0.75,0]},"head":{"translation":[0,0.75,0]},"thirdperson_lefthand":{"rotation":[36,51,0],"scale":[0.2,0.2,0.2]},"thirdperson_righthand":{"rotation":[36,51,0],"scale":[0.2,0.2,0.2]}},"elements":[{"faces":{"north":{"texture":"#0","uv":[8,8,10,9.5]},"south":{"texture":"#0","uv":[8,8,10,9.5]}},"from":[6,14,8],"to":[10,17,8]},{"faces":{"east":{"texture":"#0","uv":[0.5,1,7.5,7]},"north":{"texture":"#0","uv":[0.5,1,7.5,7]},"south":{"texture":"#0","uv":[0.5,1,7.5,7]},"up":{"texture":"#0","uv":[8,1,15,8]},"west":{"texture":"#0","uv":[0.5,1,7.5,7]}},"from":[1,2,1],"to":[15,14,15]},{"faces":{"down":{"texture":"#0","uv":[8,1,15,8]},"east":{"rotation":180,"texture":"#0","uv":[0.5,1,7.5,7]},"north":{"rotation":180,"texture":"#0","uv":[0.5,1,7.5,7]},"south":{"rotation":180,"texture":"#0","uv":[0.5,1,7.5,7]},"west":{"rotation":180,"texture":"#0","uv":[0.5,1,7.5,7]}},"from":[15,14,15],"to":[1,2,1]},{"faces":{"down":{"texture":"#0","uv":[0,8,8,16]},"east":{"texture":"#0","uv":[0,7,8,8]},"north":{"texture":"#0","uv":[0,7,8,8]},"south":{"texture":"#0","uv":[0,7,8,8]},"up":{"texture":"#0","uv":[0,8,8,16]},"west":{"texture":"#0","uv":[0,7,8,8]}},"from":[0,0,0],"to":[16,2,16]}],"groups":[{"children":[0,1,2,3],"name":"group","origin":[8,8,8]}],"textures":{"0":"custom/decorations/bird_cage_1","particle":"custom/decorations/bird_cage_1"}}