{"credit":"Made with Blockbench","display":{"firstperson_lefthand":{"rotation":[0,114,0],"translation":[13.5,0,-10]},"firstperson_righthand":{"rotation":[0,114,0],"translation":[13.5,0,-10]},"fixed":{"scale":[2,2,2],"translation":[0,6,-8]},"ground":{"scale":[0.4,0.4,0.4],"translation":[0,5,0]},"gui":{"rotation":[30,135,0],"scale":[1.3,1.3,1.3],"translation":[0.5,6,0]},"head":{"scale":[1.6,1.6,1.6],"translation":[0,19.25,0.5]},"thirdperson_lefthand":{"rotation":[45,22,0],"scale":[0.4,0.4,0.4],"translation":[0,2,1.75]},"thirdperson_righthand":{"rotation":[45,22,0],"scale":[0.4,0.4,0.4],"translation":[0,2,1.75]}},"elements":[{"faces":{"east":{"texture":"#0","uv":[7,0.5,3.5,4]},"north":{"texture":"#0","uv":[0.5,0.5,3.5,4]},"south":{"texture":"#0","uv":[7,0.5,10,4]},"west":{"texture":"#0","uv":[3.5,0.5,7,4]}},"from":[5,1,4],"rotation":{"angle":0,"axis":"y","origin":[8,9,8]},"to":[11,8,11]},{"faces":{"down":{"texture":"#0","uv":[2,5,2.5,7]},"east":{"rotation":270,"texture":"#0","uv":[2,5,2.5,7]},"north":{"rotation":90,"texture":"#0","uv":[2,6.5,2.5,7]},"south":{"rotation":90,"texture":"#0","uv":[2,5,2.5,5.5]},"up":{"rotation":180,"texture":"#0","uv":[2,5,2.5,7]},"west":{"rotation":90,"texture":"#0","uv":[2,5,2.5,7]}},"from":[7.5,2,0],"rotation":{"angle":0,"axis":"y","origin":[8,9,8]},"to":[8.5,3,4]},{"faces":{"down":{"rotation":90,"texture":"#0","tintindex":0,"uv":[9.5,4,14,8]},"east":{"texture":"#0","tintindex":0,"uv":[0,4,4,4.5]},"north":{"texture":"#0","tintindex":0,"uv":[0,4,4,4.5]},"south":{"texture":"#0","tintindex":0,"uv":[0,4,4,4.5]},"up":{"rotation":90,"texture":"#0","tintindex":0,"uv":[9.5,4,14,8]},"west":{"texture":"#0","tintindex":0,"uv":[0,4,4,4.5]}},"from":[4,0,3],"rotation":{"angle":0,"axis":"y","origin":[8,9,8]},"to":[12,1,12]},{"faces":{"down":{"rotation":90,"texture":"#0","tintindex":0,"uv":[9.5,8,14,12]},"east":{"texture":"#0","tintindex":0,"uv":[0,4,4,4.5]},"north":{"texture":"#0","tintindex":0,"uv":[0,4,4,4.5]},"south":{"texture":"#0","tintindex":0,"uv":[0,4,4,4.5]},"up":{"rotation":90,"texture":"#0","tintindex":0,"uv":[4.5,4,9,8]},"west":{"texture":"#0","tintindex":0,"uv":[0,4,4,4.5]}},"from":[4,6.1,3.9],"rotation":{"angle":22.5,"axis":"x","origin":[8,8.50087,7.49913]},"to":[12,7.1,12.9]},{"faces":{"down":{"texture":"#0","uv":[4,1,5,1.5]},"east":{"texture":"#0","uv":[4,1,5,2]},"north":{"texture":"#0","uv":[4,1,5,2]},"south":{"texture":"#0","uv":[4,1,5,2]},"west":{"texture":"#0","uv":[4,1,5,2]}},"from":[7,-2,11],"to":[9,0,12]}],"groups":[{"children":[0,1,2,3],"name":"group","origin":[8,8,8]},4],"textures":{"0":"custom/decorations/bird_house","particle":"custom/decorations/bird_house"}}