{"credit":"Made with Blockbench","display":{"firstperson_lefthand":{"rotation":[34,10,28],"translation":[-2,5.75,6.5]},"firstperson_righthand":{"rotation":[34,10,28],"translation":[-2,5.75,6.5]},"fixed":{"rotation":[-90,0,0],"scale":[2,2,2],"translation":[0,0,-16.26]},"ground":{"scale":[0.6,0.6,0.6],"translation":[0,3.5,0]},"gui":{"rotation":[122,0,42],"translation":[-5.25,-3,0]},"head":{"scale":[1.6,1.6,1.6],"translation":[0,19.26,0]},"thirdperson_lefthand":{"rotation":[55,-14,0],"translation":[1,6.75,5]},"thirdperson_righthand":{"rotation":[55,-14,0],"translation":[1,6.75,5]}},"elements":[{"faces":{"down":{"rotation":180,"texture":"#0","uv":[1.5,0,2,2.5]},"east":{"rotation":90,"texture":"#0","uv":[0,0,0,2.5]},"south":{"rotation":90,"texture":"#0","uv":[0,0,0,0.5]},"up":{"rotation":180,"texture":"#0","uv":[1.5,0,2,2.5]},"west":{"rotation":90,"texture":"#0","uv":[0,0,0,2.5]}},"from":[7,0,3],"rotation":{"angle":0,"axis":"z","origin":[3,8,7]},"to":[9,0,13]},{"faces":{"down":{"rotation":180,"texture":"#0","uv":[1.5,0,0,2.5]},"east":{"texture":"#0","uv":[0,0,2.5,0]},"south":{"texture":"#0","uv":[0,0,1.5,0]},"up":{"texture":"#0","uv":[0,0,1.5,2.5]},"west":{"texture":"#0","uv":[0,0,2.5,0]}},"from":[1,0,3],"rotation":{"angle":0,"axis":"y","origin":[3,8,7]},"to":[7,0,13]},{"faces":{"down":{"rotation":180,"texture":"#0","uv":[0,0,1.5,2.5]},"east":{"rotation":180,"texture":"#0","uv":[0,0,2.5,0]},"south":{"rotation":180,"texture":"#0","uv":[0,0,1.5,0]},"up":{"rotation":180,"texture":"#0","uv":[0,0,1.5,2.5]},"west":{"rotation":180,"texture":"#0","uv":[0,0,2.5,0]}},"from":[9,0,3],"rotation":{"angle":0,"axis":"z","origin":[3,8,7]},"to":[15,0,13]},{"faces":{"down":{"rotation":180,"texture":"#0","uv":[0.25,0.25,1.5,2.25]},"east":{"texture":"#0","uv":[3.75,5.5,5,5.75]},"north":{"texture":"#0","uv":[3.75,5.5,5,5.75]},"south":{"texture":"#0","uv":[3.75,5.5,5,5.75]},"up":{"rotation":180,"texture":"#0","uv":[0.25,5.75,1.5,7.75]},"west":{"rotation":270,"texture":"#0","uv":[1.5,0.25,1.75,2.25]}},"from":[8,0.01,4],"rotation":{"angle":0,"axis":"z","origin":[4,8,8]},"to":[13,1.01,12]},{"faces":{"down":{"texture":"#0","uv":[0.25,0.25,1.5,2.25]},"east":{"rotation":90,"texture":"#0","uv":[1.75,0.25,2,2.25]},"north":{"texture":"#0","uv":[3.75,5.5,5,5.75]},"south":{"texture":"#0","uv":[3.75,5.5,5,5.75]},"up":{"texture":"#0","uv":[1.75,5.75,3,7.75]},"west":{"texture":"#0","uv":[3.75,5.5,5,5.75]}},"from":[3,0.01,4],"rotation":{"angle":0,"axis":"y","origin":[4,8,8]},"to":[8,1.01,12]},{"faces":{"down":{"texture":"#0","uv":[0.5,5.75,1.75,7.75]},"up":{"texture":"#0","uv":[0.5,5.75,1.75,7.75]}},"from":[3,1.01,4],"rotation":{"angle":-22.5,"axis":"z","origin":[8,0.99565,7.99212]},"to":[8,1.01,12]},{"faces":{"down":{"rotation":180,"texture":"#0","uv":[4.75,7.75,6,5.75]},"up":{"rotation":180,"texture":"#0","uv":[4.75,7.75,6,5.75]}},"from":[8,1.01,4],"rotation":{"angle":22.5,"axis":"z","origin":[8,0.99565,7.99212]},"to":[13,1.01,12]}],"groups":[{"children":[0,1,2,3,4,5,6],"name":"group","origin":[8,8,8]}],"textures":{"0":"custom/decorations/book_stack_1","particle":"custom/decorations/book_stack_1"}}