{"credit":"Made with Blockbench","display":{"firstperson_lefthand":{"rotation":[77,-77,71],"translation":[-0.5,8.75,1.5]},"firstperson_righthand":{"rotation":[77,-77,71],"translation":[-0.5,8.75,1.5]},"fixed":{"rotation":[-90,0,0],"scale":[2,2,2],"translation":[0,0,-16.76]},"ground":{"scale":[0.6,0.6,0.6],"translation":[0,3.5,0]},"gui":{"rotation":[122,0,127],"scale":[1.07,1.07,1.07],"translation":[-3,0.5,0]},"head":{"rotation":[0,14,0],"scale":[1.6,1.6,1.6],"translation":[0,19.26,0]},"thirdperson_lefthand":{"rotation":[150,-90,91],"translation":[0.75,3.5,6.25]},"thirdperson_righthand":{"rotation":[150,-90,91],"translation":[0.75,3.5,6.25]}},"elements":[{"faces":{"down":{"texture":"#0","uv":[0,0,0,2.5]},"east":{"rotation":90,"texture":"#0","uv":[6,0,6.5,2.5]},"south":{"texture":"#0","uv":[0,0,0,0.5]},"up":{"texture":"#0","uv":[0,0,0,2.5]},"west":{"rotation":90,"texture":"#0","uv":[6,0,6.5,2.5]}},"from":[10,0,3],"rotation":{"angle":0,"axis":"y","origin":[7,6,8]},"to":[10,2,13]},{"faces":{"down":{"texture":"#0","uv":[4.5,2.5,6,0]},"east":{"texture":"#0","uv":[0,0,2.5,0]},"south":{"texture":"#0","uv":[0,0,1.5,0]},"up":{"texture":"#0","uv":[4.5,0,6,2.5]},"west":{"texture":"#0","uv":[0,0,2.5,0]}},"from":[4,0,3],"rotation":{"angle":0,"axis":"y","origin":[7,6,8]},"to":[10,0,13]},{"faces":{"down":{"texture":"#0","uv":[4.5,2.5,6,0]},"east":{"texture":"#0","uv":[0,0,2.5,0]},"south":{"texture":"#0","uv":[0,0,1.5,0]},"up":{"texture":"#0","uv":[4.5,0,6,2.5]},"west":{"texture":"#0","uv":[0,0,2.5,0]}},"from":[4,2,3],"rotation":{"angle":0,"axis":"y","origin":[7,6,8]},"to":[10,2,13]},{"faces":{"down":{"texture":"#0","uv":[0.25,5.75,1.5,7.75]},"east":{"rotation":90,"texture":"#0","uv":[6,0.25,6.25,2.25]},"north":{"texture":"#0","uv":[1,5.5,2.25,5.75]},"south":{"texture":"#0","uv":[1,5.5,2.25,5.75]},"up":{"texture":"#0","uv":[4.75,0.25,6,2.25]},"west":{"texture":"#0","uv":[1,5.5,2.25,5.75]}},"from":[5,1,4],"rotation":{"angle":0,"axis":"y","origin":[7,6,8]},"to":[10,2,12]},{"faces":{"down":{"texture":"#0","uv":[4.75,2.25,6,0.25]},"east":{"rotation":90,"texture":"#0","uv":[6.25,0.25,6.5,2.25]},"north":{"texture":"#0","uv":[3.75,5.5,5,5.75]},"south":{"texture":"#0","uv":[3.75,5.5,5,5.75]},"up":{"texture":"#0","uv":[1.75,5.75,3,7.75]},"west":{"texture":"#0","uv":[3.75,5.5,5,5.75]}},"from":[5,0,4],"rotation":{"angle":0,"axis":"y","origin":[7,6,8]},"to":[10,1,12]},{"faces":{"down":{"texture":"#0","uv":[0,0,0,2.5]},"east":{"rotation":90,"texture":"#0","uv":[12.75,0,13.25,2.5]},"south":{"texture":"#0","uv":[0,0,0,0.5]},"up":{"texture":"#0","uv":[0,0,0,2.5]},"west":{"rotation":90,"texture":"#0","uv":[12.75,0,13.25,2.5]}},"from":[10,2.01,4],"rotation":{"angle":0,"axis":"y","origin":[7,8,9]},"to":[10,4.01,14]},{"faces":{"down":{"texture":"#0","uv":[11.25,2.5,12.75,0]},"east":{"texture":"#0","uv":[0,0,2.5,0]},"south":{"texture":"#0","uv":[0,0,1.5,0]},"up":{"texture":"#0","uv":[11.25,0,12.75,2.5]},"west":{"texture":"#0","uv":[0,0,2.5,0]}},"from":[4,2.01,4],"rotation":{"angle":0,"axis":"y","origin":[7,8,9]},"to":[10,2.01,14]},{"faces":{"down":{"texture":"#0","uv":[11.25,2.5,12.75,0]},"east":{"texture":"#0","uv":[0,0,2.5,0]},"south":{"texture":"#0","uv":[0,0,1.5,0]},"up":{"texture":"#0","uv":[11.25,0,12.75,2.5]},"west":{"texture":"#0","uv":[0,0,2.5,0]}},"from":[4,4.01,4],"rotation":{"angle":0,"axis":"y","origin":[7,8,9]},"to":[10,4.01,14]},{"faces":{"down":{"texture":"#0","uv":[0.25,5.75,1.5,7.75]},"east":{"rotation":90,"texture":"#0","uv":[12.75,0.25,13,2.25]},"north":{"texture":"#0","uv":[1,5.5,2.25,5.75]},"south":{"texture":"#0","uv":[1,5.5,2.25,5.75]},"up":{"texture":"#0","uv":[11.5,0.25,12.75,2.25]},"west":{"texture":"#0","uv":[1,5.5,2.25,5.75]}},"from":[5,3.01,5],"rotation":{"angle":0,"axis":"y","origin":[7,8,9]},"to":[10,4.01,13]},{"faces":{"down":{"texture":"#0","uv":[11.5,2.25,12.75,0.25]},"east":{"rotation":90,"texture":"#0","uv":[13,0.25,13.25,2.25]},"north":{"texture":"#0","uv":[3.75,5.5,5,5.75]},"south":{"texture":"#0","uv":[3.75,5.5,5,5.75]},"up":{"texture":"#0","uv":[1.75,5.75,3,7.75]},"west":{"texture":"#0","uv":[3.75,5.5,5,5.75]}},"from":[5,2.01,5],"rotation":{"angle":0,"axis":"y","origin":[7,8,9]},"to":[10,3.01,13]},{"faces":{"down":{"texture":"#0","uv":[0,0,0,2.5]},"east":{"rotation":90,"texture":"#0","uv":[3.75,2.75,4.25,5.25]},"south":{"texture":"#0","uv":[0,0,0,0.5]},"up":{"texture":"#0","uv":[0,0,0,2.5]},"west":{"rotation":90,"texture":"#0","uv":[3.75,2.75,4.25,5.25]}},"from":[9,4.02,3],"rotation":{"angle":0,"axis":"y","origin":[6,10,8]},"to":[9,6.02,13]},{"faces":{"down":{"texture":"#0","uv":[2.25,5.25,3.75,2.75]},"east":{"texture":"#0","uv":[0,0,2.5,0]},"south":{"texture":"#0","uv":[0,0,1.5,0]},"up":{"texture":"#0","uv":[2.25,2.75,3.75,5.25]},"west":{"texture":"#0","uv":[0,0,2.5,0]}},"from":[3,4.02,3],"rotation":{"angle":0,"axis":"y","origin":[6,10,8]},"to":[9,4.02,13]},{"faces":{"down":{"texture":"#0","uv":[2.25,5.25,3.75,2.75]},"east":{"texture":"#0","uv":[0,0,2.5,0]},"south":{"texture":"#0","uv":[0,0,1.5,0]},"up":{"texture":"#0","uv":[2.25,2.75,3.75,5.25]},"west":{"texture":"#0","uv":[0,0,2.5,0]}},"from":[3,6.02,3],"rotation":{"angle":0,"axis":"y","origin":[6,10,8]},"to":[9,6.02,13]},{"faces":{"down":{"texture":"#0","uv":[0.25,5.75,1.5,7.75]},"east":{"rotation":90,"texture":"#0","uv":[3.75,3,4,5]},"north":{"texture":"#0","uv":[1,5.5,2.25,5.75]},"south":{"texture":"#0","uv":[1,5.5,2.25,5.75]},"up":{"texture":"#0","uv":[2.5,3,3.75,5]},"west":{"texture":"#0","uv":[1,5.5,2.25,5.75]}},"from":[4,5.02,4],"rotation":{"angle":0,"axis":"y","origin":[6,10,8]},"to":[9,6.02,12]},{"faces":{"down":{"texture":"#0","uv":[2.5,5,3.75,3]},"east":{"rotation":90,"texture":"#0","uv":[4,3,4.25,5]},"north":{"texture":"#0","uv":[3.75,5.5,5,5.75]},"south":{"texture":"#0","uv":[3.75,5.5,5,5.75]},"up":{"texture":"#0","uv":[1.75,5.75,3,7.75]},"west":{"texture":"#0","uv":[3.75,5.5,5,5.75]}},"from":[4,4.02,4],"rotation":{"angle":0,"axis":"y","origin":[6,10,8]},"to":[9,5.02,12]},{"faces":{"down":{"texture":"#0","uv":[0,0,0,2.5]},"east":{"rotation":90,"texture":"#0","uv":[1.5,2.75,2,5.25]},"south":{"texture":"#0","uv":[0,0,0,0.5]},"up":{"texture":"#0","uv":[0,0,0,2.5]},"west":{"rotation":90,"texture":"#0","uv":[1.5,2.75,2,5.25]}},"from":[10,8.04,2],"rotation":{"angle":0,"axis":"y","origin":[7,12,7]},"to":[10,10.04,12]},{"faces":{"down":{"texture":"#0","uv":[0,5.25,1.5,2.75]},"east":{"texture":"#0","uv":[0,0,2.5,0]},"south":{"texture":"#0","uv":[0,0,1.5,0]},"up":{"texture":"#0","uv":[0,2.75,1.5,5.25]},"west":{"texture":"#0","uv":[0,0,2.5,0]}},"from":[4,8.04,2],"rotation":{"angle":0,"axis":"y","origin":[7,12,7]},"to":[10,8.04,12]},{"faces":{"down":{"texture":"#0","uv":[0,5.25,1.5,2.75]},"east":{"texture":"#0","uv":[0,0,2.5,0]},"south":{"texture":"#0","uv":[0,0,1.5,0]},"up":{"texture":"#0","uv":[0,2.75,1.5,5.25]},"west":{"texture":"#0","uv":[0,0,2.5,0]}},"from":[4,10.04,2],"rotation":{"angle":0,"axis":"y","origin":[7,12,7]},"to":[10,10.04,12]},{"faces":{"down":{"texture":"#0","uv":[0.25,5.75,1.5,7.75]},"east":{"rotation":90,"texture":"#0","uv":[1.5,3,1.75,5]},"north":{"texture":"#0","uv":[1,5.5,2.25,5.75]},"south":{"texture":"#0","uv":[1,5.5,2.25,5.75]},"up":{"texture":"#0","uv":[0.25,3,1.5,5]},"west":{"texture":"#0","uv":[1,5.5,2.25,5.75]}},"from":[5,9.04,3],"rotation":{"angle":0,"axis":"y","origin":[7,12,7]},"to":[10,10.04,11]},{"faces":{"down":{"texture":"#0","uv":[0.25,5,1.5,3]},"east":{"rotation":90,"texture":"#0","uv":[1.75,3,2,5]},"north":{"texture":"#0","uv":[3.75,5.5,5,5.75]},"south":{"texture":"#0","uv":[3.75,5.5,5,5.75]},"up":{"texture":"#0","uv":[1.75,5.75,3,7.75]},"west":{"texture":"#0","uv":[3.75,5.5,5,5.75]}},"from":[5,8.04,3],"rotation":{"angle":0,"axis":"y","origin":[7,12,7]},"to":[10,9.04,11]},{"faces":{"down":{"texture":"#0","uv":[0,0,0,2.5]},"east":{"rotation":90,"texture":"#0","uv":[6,2.75,6.5,5.25]},"south":{"texture":"#0","uv":[0,0,0,0.5]},"up":{"texture":"#0","uv":[0,0,0,2.5]},"west":{"rotation":90,"texture":"#0","uv":[6,2.75,6.5,5.25]}},"from":[10,6.03,3],"rotation":{"angle":22.5,"axis":"y","origin":[7,10,8]},"to":[10,8.03,13]},{"faces":{"down":{"texture":"#0","uv":[4.5,5.25,6,2.75]},"east":{"texture":"#0","uv":[0,0,2.5,0]},"south":{"texture":"#0","uv":[0,0,1.5,0]},"up":{"texture":"#0","uv":[4.5,2.75,6,5.25]},"west":{"texture":"#0","uv":[0,0,2.5,0]}},"from":[4,6.03,3],"rotation":{"angle":22.5,"axis":"y","origin":[7,10,8]},"to":[10,6.03,13]},{"faces":{"down":{"texture":"#0","uv":[4.5,5.25,6,2.75]},"east":{"texture":"#0","uv":[0,0,2.5,0]},"south":{"texture":"#0","uv":[0,0,1.5,0]},"up":{"texture":"#0","uv":[4.5,2.75,6,5.25]},"west":{"texture":"#0","uv":[0,0,2.5,0]}},"from":[4,8.03,3],"rotation":{"angle":22.5,"axis":"y","origin":[7,10,8]},"to":[10,8.03,13]},{"faces":{"down":{"texture":"#0","uv":[0.25,5.75,1.5,7.75]},"east":{"rotation":90,"texture":"#0","uv":[6,3,6.25,5]},"north":{"texture":"#0","uv":[1,5.5,2.25,5.75]},"south":{"texture":"#0","uv":[1,5.5,2.25,5.75]},"up":{"texture":"#0","uv":[4.75,3,6,5]},"west":{"texture":"#0","uv":[1,5.5,2.25,5.75]}},"from":[5,7.03,4],"rotation":{"angle":22.5,"axis":"y","origin":[7,10,8]},"to":[10,8.03,12]},{"faces":{"down":{"texture":"#0","uv":[4.75,5,6,3]},"east":{"rotation":90,"texture":"#0","uv":[6.25,3,6.5,5]},"north":{"texture":"#0","uv":[3.75,5.5,5,5.75]},"south":{"texture":"#0","uv":[3.75,5.5,5,5.75]},"up":{"texture":"#0","uv":[1.75,5.75,3,7.75]},"west":{"texture":"#0","uv":[3.75,5.5,5,5.75]}},"from":[5,6.03,4],"rotation":{"angle":22.5,"axis":"y","origin":[7,10,8]},"to":[10,7.03,12]}],"groups":[{"children":[0,1,2,3,4],"name":"group","origin":[8,8,8]},{"children":[5,6,7,8,9],"name":"group","origin":[8,8,8]},{"children":[10,11,12,13,14],"name":"group","origin":[8,8,8]},{"children":[15,16,17,18,19],"name":"group","origin":[8,8,8]},{"children":[20,21,22,23,24],"name":"group","origin":[8,8,8]}],"textures":{"0":"custom/decorations/book_stack_1","particle":"custom/decorations/book_stack_1"}}