{"credit":"Made with Blockbench","display":{"firstperson_lefthand":{"rotation":[0,-178,0],"translation":[3.25,5,0.75]},"firstperson_righthand":{"rotation":[0,-178,0],"translation":[5.25,5,0.75]},"fixed":{"rotation":[-90,0,0],"scale":[2,2,2],"translation":[-0.1,0,-15.01]},"ground":{"scale":[0.6,0.6,0.6],"translation":[0,3.5,0]},"gui":{"rotation":[26,144,0],"scale":[1.03,1.03,1.03],"translation":[0.5,3.25,0]},"head":{"scale":[1.6,1.6,1.6],"translation":[-0.75,19.26,0]},"thirdperson_lefthand":{"rotation":[55,-6,0],"translation":[2.75,1,1.5]},"thirdperson_righthand":{"rotation":[55,180,0],"translation":[2.75,1,1.5]}},"elements":[{"faces":{"east":{"texture":"#0","uv":[0,0,0,2.5]},"north":{"rotation":180,"texture":"#0","uv":[6,0,6.5,2.5]},"south":{"rotation":180,"texture":"#0","uv":[6,0,6.5,2.5]},"up":{"rotation":270,"texture":"#0","uv":[0,0,0,0.5]},"west":{"rotation":180,"texture":"#0","uv":[0,0,0,2.5]}},"from":[13.98,0,5],"rotation":{"angle":0,"axis":"y","origin":[10,5,8]},"to":[15.98,10,5]},{"faces":{"east":{"texture":"#0","uv":[4.5,2.5,6,0]},"north":{"rotation":90,"texture":"#0","uv":[0,0,2.5,0]},"south":{"rotation":270,"texture":"#0","uv":[0,0,2.5,0]},"up":{"rotation":270,"texture":"#0","uv":[0,0,1.5,0]},"west":{"rotation":180,"texture":"#0","uv":[4.5,0,6,2.5]}},"from":[15.98,0,5],"rotation":{"angle":0,"axis":"y","origin":[10,5,8]},"to":[15.98,10,11]},{"faces":{"east":{"texture":"#0","uv":[4.5,2.5,6,0]},"north":{"rotation":90,"texture":"#0","uv":[0,0,2.5,0]},"south":{"rotation":270,"texture":"#0","uv":[0,0,2.5,0]},"up":{"rotation":270,"texture":"#0","uv":[0,0,1.5,0]},"west":{"rotation":180,"texture":"#0","uv":[4.5,0,6,2.5]}},"from":[13.98,0,5],"rotation":{"angle":0,"axis":"y","origin":[10,5,8]},"to":[13.98,10,11]},{"faces":{"down":{"rotation":270,"texture":"#0","uv":[1,5.5,2.25,5.75]},"east":{"texture":"#0","uv":[0.25,5.75,1.5,7.75]},"north":{"rotation":180,"texture":"#0","uv":[6,0.25,6.25,2.25]},"south":{"rotation":270,"texture":"#0","uv":[1,5.5,2.25,5.75]},"up":{"rotation":270,"texture":"#0","uv":[1,5.5,2.25,5.75]},"west":{"rotation":180,"texture":"#0","uv":[4.75,0.25,6,2.25]}},"from":[13.98,1,5],"rotation":{"angle":0,"axis":"y","origin":[10,5,8]},"to":[14.98,9,10]},{"faces":{"down":{"rotation":270,"texture":"#0","uv":[3.75,5.5,5,5.75]},"east":{"texture":"#0","uv":[4.75,2.25,6,0.25]},"north":{"rotation":180,"texture":"#0","uv":[6.25,0.25,6.5,2.25]},"south":{"rotation":270,"texture":"#0","uv":[3.75,5.5,5,5.75]},"up":{"rotation":270,"texture":"#0","uv":[3.75,5.5,5,5.75]},"west":{"rotation":180,"texture":"#0","uv":[1.75,5.75,3,7.75]}},"from":[14.98,1,5],"rotation":{"angle":0,"axis":"y","origin":[10,5,8]},"to":[15.98,9,10]},{"faces":{"east":{"texture":"#0","uv":[0,0,0,2.5]},"north":{"rotation":180,"texture":"#0","uv":[10.5,0,11,2.5]},"south":{"rotation":180,"texture":"#0","uv":[10.5,0,11,2.5]},"up":{"rotation":270,"texture":"#0","uv":[0,0,0,0.5]},"west":{"rotation":180,"texture":"#0","uv":[0,0,0,2.5]}},"from":[11.97,0,4],"rotation":{"angle":0,"axis":"y","origin":[8,5,7]},"to":[13.97,10,4]},{"faces":{"east":{"texture":"#0","uv":[9,2.5,10.5,0]},"north":{"rotation":90,"texture":"#0","uv":[0,0,2.5,0]},"south":{"rotation":270,"texture":"#0","uv":[0,0,2.5,0]},"up":{"rotation":270,"texture":"#0","uv":[0,0,1.5,0]},"west":{"rotation":180,"texture":"#0","uv":[9,0,10.5,2.5]}},"from":[13.97,0,4],"rotation":{"angle":0,"axis":"y","origin":[8,5,7]},"to":[13.97,10,10]},{"faces":{"east":{"texture":"#0","uv":[9,2.5,10.5,0]},"north":{"rotation":90,"texture":"#0","uv":[0,0,2.5,0]},"south":{"rotation":270,"texture":"#0","uv":[0,0,2.5,0]},"up":{"rotation":270,"texture":"#0","uv":[0,0,1.5,0]},"west":{"rotation":180,"texture":"#0","uv":[9,0,10.5,2.5]}},"from":[11.97,0,4],"rotation":{"angle":0,"axis":"y","origin":[8,5,7]},"to":[11.97,10,10]},{"faces":{"down":{"rotation":270,"texture":"#0","uv":[1,5.5,2.25,5.75]},"east":{"texture":"#0","uv":[0.25,5.75,1.5,7.75]},"north":{"rotation":180,"texture":"#0","uv":[10.5,0.25,10.75,2.25]},"south":{"rotation":270,"texture":"#0","uv":[1,5.5,2.25,5.75]},"up":{"rotation":270,"texture":"#0","uv":[1,5.5,2.25,5.75]},"west":{"rotation":180,"texture":"#0","uv":[9.25,0.25,10.5,2.25]}},"from":[11.97,1,4],"rotation":{"angle":0,"axis":"y","origin":[8,5,7]},"to":[12.97,9,9]},{"faces":{"down":{"rotation":270,"texture":"#0","uv":[3.75,5.5,5,5.75]},"east":{"texture":"#0","uv":[9.25,2.25,10.5,0.25]},"north":{"rotation":180,"texture":"#0","uv":[10.75,0.25,11,2.25]},"south":{"rotation":270,"texture":"#0","uv":[3.75,5.5,5,5.75]},"up":{"rotation":270,"texture":"#0","uv":[3.75,5.5,5,5.75]},"west":{"rotation":180,"texture":"#0","uv":[1.75,5.75,3,7.75]}},"from":[12.97,1,4],"rotation":{"angle":0,"axis":"y","origin":[8,5,7]},"to":[13.97,9,9]},{"faces":{"east":{"texture":"#0","uv":[0,0,0,2.5]},"north":{"rotation":180,"texture":"#0","uv":[3.75,2.75,4.25,5.25]},"south":{"rotation":180,"texture":"#0","uv":[3.75,2.75,4.25,5.25]},"up":{"rotation":270,"texture":"#0","uv":[0,0,0,0.5]},"west":{"rotation":180,"texture":"#0","uv":[0,0,0,2.5]}},"from":[9.96,0,5],"rotation":{"angle":0,"axis":"y","origin":[6,5,8]},"to":[11.96,10,5]},{"faces":{"east":{"texture":"#0","uv":[2.25,5.25,3.75,2.75]},"north":{"rotation":90,"texture":"#0","uv":[0,0,2.5,0]},"south":{"rotation":270,"texture":"#0","uv":[0,0,2.5,0]},"up":{"rotation":270,"texture":"#0","uv":[0,0,1.5,0]},"west":{"texture":"#0","uv":[2.25,5.25,3.75,2.75]}},"from":[11.96,0,5],"rotation":{"angle":0,"axis":"y","origin":[6,5,8]},"to":[11.96,10,11]},{"faces":{"east":{"texture":"#0","uv":[2.25,5.25,3.75,2.75]},"north":{"rotation":90,"texture":"#0","uv":[0,0,2.5,0]},"south":{"rotation":270,"texture":"#0","uv":[0,0,2.5,0]},"up":{"rotation":270,"texture":"#0","uv":[0,0,1.5,0]},"west":{"rotation":180,"texture":"#0","uv":[2.25,2.75,3.75,5.25]}},"from":[9.96,0,5],"rotation":{"angle":0,"axis":"y","origin":[6,5,8]},"to":[9.96,10,11]},{"faces":{"down":{"rotation":270,"texture":"#0","uv":[1,5.5,2.25,5.75]},"east":{"texture":"#0","uv":[0.25,5.75,1.5,7.75]},"north":{"rotation":180,"texture":"#0","uv":[3.75,3,4,5]},"south":{"rotation":270,"texture":"#0","uv":[1,5.5,2.25,5.75]},"up":{"rotation":270,"texture":"#0","uv":[1,5.5,2.25,5.75]},"west":{"rotation":180,"texture":"#0","uv":[2.5,3,3.75,5]}},"from":[9.96,1,5],"rotation":{"angle":0,"axis":"y","origin":[6,5,8]},"to":[10.96,9,10]},{"faces":{"down":{"rotation":270,"texture":"#0","uv":[3.75,5.5,5,5.75]},"east":{"texture":"#0","uv":[2.5,5,3.75,3]},"north":{"rotation":180,"texture":"#0","uv":[4,3,4.25,5]},"south":{"rotation":270,"texture":"#0","uv":[3.75,5.5,5,5.75]},"up":{"rotation":270,"texture":"#0","uv":[3.75,5.5,5,5.75]},"west":{"rotation":180,"texture":"#0","uv":[1.75,5.75,3,7.75]}},"from":[10.96,1,5],"rotation":{"angle":0,"axis":"y","origin":[6,5,8]},"to":[11.96,9,10]},{"faces":{"east":{"texture":"#0","uv":[0,0,0,2.5]},"north":{"rotation":180,"texture":"#0","uv":[15,0,15.5,2.5]},"south":{"rotation":180,"texture":"#0","uv":[15,0,15.5,2.5]},"up":{"rotation":270,"texture":"#0","uv":[0,0,0,0.5]},"west":{"rotation":180,"texture":"#0","uv":[0,0,0,2.5]}},"from":[7.95,0,6],"rotation":{"angle":0,"axis":"y","origin":[4,5,9]},"to":[9.95,10,6]},{"faces":{"east":{"texture":"#0","uv":[13.5,2.5,15,0]},"north":{"rotation":90,"texture":"#0","uv":[0,0,2.5,0]},"south":{"rotation":270,"texture":"#0","uv":[0,0,2.5,0]},"up":{"rotation":270,"texture":"#0","uv":[0,0,1.5,0]},"west":{"rotation":180,"texture":"#0","uv":[13.5,0,15,2.5]}},"from":[9.95,0,6],"rotation":{"angle":0,"axis":"y","origin":[4,5,9]},"to":[9.95,10,12]},{"faces":{"east":{"texture":"#0","uv":[13.5,2.5,15,0]},"north":{"rotation":90,"texture":"#0","uv":[0,0,2.5,0]},"south":{"rotation":270,"texture":"#0","uv":[0,0,2.5,0]},"up":{"rotation":270,"texture":"#0","uv":[0,0,1.5,0]},"west":{"rotation":180,"texture":"#0","uv":[13.5,0,15,2.5]}},"from":[7.95,0,6],"rotation":{"angle":0,"axis":"y","origin":[4,5,9]},"to":[7.95,10,12]},{"faces":{"down":{"rotation":270,"texture":"#0","uv":[1,5.5,2.25,5.75]},"east":{"texture":"#0","uv":[0.25,5.75,1.5,7.75]},"north":{"rotation":180,"texture":"#0","uv":[15,0.25,15.25,2.25]},"south":{"rotation":270,"texture":"#0","uv":[1,5.5,2.25,5.75]},"up":{"rotation":270,"texture":"#0","uv":[1,5.5,2.25,5.75]},"west":{"rotation":180,"texture":"#0","uv":[13.75,0.25,15,2.25]}},"from":[7.95,1,6],"rotation":{"angle":0,"axis":"y","origin":[4,5,9]},"to":[8.95,9,11]},{"faces":{"down":{"rotation":270,"texture":"#0","uv":[3.75,5.5,5,5.75]},"east":{"texture":"#0","uv":[13.75,2.25,15,0.25]},"north":{"rotation":180,"texture":"#0","uv":[15.25,0.25,15.5,2.25]},"south":{"rotation":270,"texture":"#0","uv":[3.75,5.5,5,5.75]},"up":{"rotation":270,"texture":"#0","uv":[3.75,5.5,5,5.75]},"west":{"rotation":180,"texture":"#0","uv":[1.75,5.75,3,7.75]}},"from":[8.95,1,6],"rotation":{"angle":0,"axis":"y","origin":[4,5,9]},"to":[9.95,9,11]},{"faces":{"east":{"texture":"#0","uv":[0,0,0,2.5]},"north":{"rotation":180,"texture":"#0","uv":[15,2.75,15.5,5.25]},"south":{"rotation":180,"texture":"#0","uv":[15,2.75,15.5,5.25]},"up":{"rotation":270,"texture":"#0","uv":[0,0,0,0.5]},"west":{"rotation":180,"texture":"#0","uv":[0,0,0,2.5]}},"from":[5.94,0,5],"rotation":{"angle":0,"axis":"z","origin":[2,5,8]},"to":[7.94,10,5]},{"faces":{"east":{"texture":"#0","uv":[13.5,5.25,15,2.75]},"north":{"rotation":90,"texture":"#0","uv":[0,0,2.5,0]},"south":{"rotation":270,"texture":"#0","uv":[0,0,2.5,0]},"up":{"rotation":270,"texture":"#0","uv":[0,0,1.5,0]},"west":{"rotation":180,"texture":"#0","uv":[13.5,2.75,15,5.25]}},"from":[7.94,0,5],"rotation":{"angle":0,"axis":"z","origin":[2,5,8]},"to":[7.94,10,11]},{"faces":{"east":{"texture":"#0","uv":[13.5,5.25,15,2.75]},"north":{"rotation":90,"texture":"#0","uv":[0,0,2.5,0]},"south":{"rotation":270,"texture":"#0","uv":[0,0,2.5,0]},"up":{"rotation":270,"texture":"#0","uv":[0,0,1.5,0]},"west":{"rotation":180,"texture":"#0","uv":[13.5,2.75,15,5.25]}},"from":[5.94,0,5],"rotation":{"angle":0,"axis":"z","origin":[2,5,8]},"to":[5.94,10,11]},{"faces":{"down":{"rotation":270,"texture":"#0","uv":[1,5.5,2.25,5.75]},"east":{"texture":"#0","uv":[0.25,5.75,1.5,7.75]},"north":{"rotation":180,"texture":"#0","uv":[15,3,15.25,5]},"south":{"rotation":270,"texture":"#0","uv":[1,5.5,2.25,5.75]},"up":{"rotation":270,"texture":"#0","uv":[1,5.5,2.25,5.75]},"west":{"rotation":180,"texture":"#0","uv":[13.75,3,15,5]}},"from":[5.94,1,5],"rotation":{"angle":0,"axis":"z","origin":[2,5,8]},"to":[6.94,9,10]},{"faces":{"down":{"rotation":270,"texture":"#0","uv":[3.75,5.5,5,5.75]},"east":{"texture":"#0","uv":[13.75,5,15,3]},"north":{"rotation":180,"texture":"#0","uv":[15.25,3,15.5,5]},"south":{"rotation":270,"texture":"#0","uv":[3.75,5.5,5,5.75]},"up":{"rotation":270,"texture":"#0","uv":[3.75,5.5,5,5.75]},"west":{"rotation":180,"texture":"#0","uv":[1.75,5.75,3,7.75]}},"from":[6.94,1,5],"rotation":{"angle":0,"axis":"z","origin":[2,5,8]},"to":[7.94,9,10]},{"faces":{"east":{"texture":"#0","uv":[0,0,0,2.5]},"north":{"rotation":180,"texture":"#0","uv":[12.75,2.75,13.25,5.25]},"south":{"rotation":180,"texture":"#0","uv":[12.75,2.75,13.25,5.25]},"up":{"rotation":270,"texture":"#0","uv":[0,0,0,0.5]},"west":{"rotation":180,"texture":"#0","uv":[0,0,0,2.5]}},"from":[3.93,0,4],"rotation":{"angle":0,"axis":"z","origin":[0,5,7]},"to":[5.93,10,4]},{"faces":{"east":{"texture":"#0","uv":[11.25,5.25,12.75,2.75]},"north":{"rotation":90,"texture":"#0","uv":[0,0,2.5,0]},"south":{"rotation":270,"texture":"#0","uv":[0,0,2.5,0]},"up":{"rotation":270,"texture":"#0","uv":[0,0,1.5,0]},"west":{"rotation":180,"texture":"#0","uv":[11.25,2.75,12.75,5.25]}},"from":[5.93,0,4],"rotation":{"angle":0,"axis":"z","origin":[0,5,7]},"to":[5.93,10,10]},{"faces":{"east":{"texture":"#0","uv":[11.25,5.25,12.75,2.75]},"north":{"rotation":90,"texture":"#0","uv":[0,0,2.5,0]},"south":{"rotation":270,"texture":"#0","uv":[0,0,2.5,0]},"up":{"rotation":270,"texture":"#0","uv":[0,0,1.5,0]},"west":{"rotation":180,"texture":"#0","uv":[11.25,2.75,12.75,5.25]}},"from":[3.93,0,4],"rotation":{"angle":0,"axis":"z","origin":[0,5,7]},"to":[3.93,10,10]},{"faces":{"down":{"rotation":270,"texture":"#0","uv":[1,5.5,2.25,5.75]},"east":{"texture":"#0","uv":[0.25,5.75,1.5,7.75]},"north":{"rotation":180,"texture":"#0","uv":[12.75,3,13,5]},"south":{"rotation":270,"texture":"#0","uv":[1,5.5,2.25,5.75]},"up":{"rotation":270,"texture":"#0","uv":[1,5.5,2.25,5.75]},"west":{"rotation":180,"texture":"#0","uv":[11.5,3,12.75,5]}},"from":[3.93,1,4],"rotation":{"angle":0,"axis":"z","origin":[0,5,7]},"to":[4.93,9,9]},{"faces":{"down":{"rotation":270,"texture":"#0","uv":[3.75,5.5,5,5.75]},"east":{"texture":"#0","uv":[11.5,5,12.75,3]},"north":{"rotation":180,"texture":"#0","uv":[13,3,13.25,5]},"south":{"rotation":270,"texture":"#0","uv":[3.75,5.5,5,5.75]},"up":{"rotation":270,"texture":"#0","uv":[3.75,5.5,5,5.75]},"west":{"rotation":180,"texture":"#0","uv":[1.75,5.75,3,7.75]}},"from":[4.93,1,4],"rotation":{"angle":0,"axis":"z","origin":[0,5,7]},"to":[5.93,9,9]},{"faces":{"east":{"texture":"#0","uv":[0,0,0,2.5]},"north":{"rotation":180,"texture":"#0","uv":[1.5,2.75,2,5.25]},"south":{"rotation":180,"texture":"#0","uv":[1.5,2.75,2,5.25]},"up":{"rotation":270,"texture":"#0","uv":[0,0,0,0.5]},"west":{"rotation":180,"texture":"#0","uv":[0,0,0,2.5]}},"from":[1.92,0,5],"rotation":{"angle":0,"axis":"z","origin":[-2,5,8]},"to":[3.92,10,5]},{"faces":{"east":{"texture":"#0","uv":[0,5.25,1.5,2.75]},"north":{"rotation":90,"texture":"#0","uv":[0,0,2.5,0]},"south":{"rotation":270,"texture":"#0","uv":[0,0,2.5,0]},"up":{"rotation":270,"texture":"#0","uv":[0,0,1.5,0]},"west":{"rotation":180,"texture":"#0","uv":[0,2.75,1.5,5.25]}},"from":[3.92,0,5],"rotation":{"angle":0,"axis":"z","origin":[-2,5,8]},"to":[3.92,10,11]},{"faces":{"east":{"texture":"#0","uv":[0,5.25,1.5,2.75]},"north":{"rotation":90,"texture":"#0","uv":[0,0,2.5,0]},"south":{"rotation":270,"texture":"#0","uv":[0,0,2.5,0]},"up":{"rotation":270,"texture":"#0","uv":[0,0,1.5,0]},"west":{"rotation":180,"texture":"#0","uv":[0,2.75,1.5,5.25]}},"from":[1.92,0,5],"rotation":{"angle":0,"axis":"z","origin":[-2,5,8]},"to":[1.92,10,11]},{"faces":{"down":{"rotation":270,"texture":"#0","uv":[1,5.5,2.25,5.75]},"east":{"texture":"#0","uv":[0.25,5.75,1.5,7.75]},"north":{"rotation":180,"texture":"#0","uv":[1.5,3,1.75,5]},"south":{"rotation":270,"texture":"#0","uv":[1,5.5,2.25,5.75]},"up":{"rotation":270,"texture":"#0","uv":[1,5.5,2.25,5.75]},"west":{"rotation":180,"texture":"#0","uv":[0.25,3,1.5,5]}},"from":[1.92,1,5],"rotation":{"angle":0,"axis":"z","origin":[-2,5,8]},"to":[2.92,9,10]},{"faces":{"down":{"rotation":270,"texture":"#0","uv":[3.75,5.5,5,5.75]},"east":{"texture":"#0","uv":[0.25,5,1.5,3]},"north":{"rotation":180,"texture":"#0","uv":[1.75,3,2,5]},"south":{"rotation":270,"texture":"#0","uv":[3.75,5.5,5,5.75]},"up":{"rotation":270,"texture":"#0","uv":[3.75,5.5,5,5.75]},"west":{"rotation":180,"texture":"#0","uv":[1.75,5.75,3,7.75]}},"from":[2.92,1,5],"rotation":{"angle":0,"axis":"z","origin":[-2,5,8]},"to":[3.92,9,10]},{"faces":{"east":{"texture":"#0","uv":[0,0,0,2.5]},"north":{"rotation":180,"texture":"#0","uv":[3.75,0,4.25,2.5]},"south":{"rotation":180,"texture":"#0","uv":[3.75,0,4.25,2.5]},"up":{"rotation":270,"texture":"#0","uv":[0,0,0,0.5]},"west":{"rotation":180,"texture":"#0","uv":[0,0,0,2.5]}},"from":[0.04,0,4],"rotation":{"angle":0,"axis":"z","origin":[-4,5,7]},"to":[2.04,10,4]},{"faces":{"east":{"texture":"#0","uv":[2.25,2.5,3.75,0]},"north":{"rotation":90,"texture":"#0","uv":[0,0,2.5,0]},"south":{"rotation":270,"texture":"#0","uv":[0,0,2.5,0]},"up":{"rotation":270,"texture":"#0","uv":[0,0,1.5,0]},"west":{"rotation":180,"texture":"#0","uv":[2.25,0,3.75,2.5]}},"from":[2.04,0,4],"rotation":{"angle":0,"axis":"z","origin":[-4,5,7]},"to":[2.04,10,10]},{"faces":{"east":{"texture":"#0","uv":[2.25,2.5,3.75,0]},"north":{"rotation":90,"texture":"#0","uv":[0,0,2.5,0]},"south":{"rotation":270,"texture":"#0","uv":[0,0,2.5,0]},"up":{"rotation":270,"texture":"#0","uv":[0,0,1.5,0]},"west":{"rotation":180,"texture":"#0","uv":[2.25,0,3.75,2.5]}},"from":[0.04,0,4],"rotation":{"angle":0,"axis":"z","origin":[-4,5,7]},"to":[0.04,10,10]},{"faces":{"down":{"rotation":270,"texture":"#0","uv":[1,5.5,2.25,5.75]},"east":{"texture":"#0","uv":[0.25,5.75,1.5,7.75]},"north":{"rotation":180,"texture":"#0","uv":[3.75,0.25,4,2.25]},"south":{"rotation":270,"texture":"#0","uv":[1,5.5,2.25,5.75]},"up":{"rotation":270,"texture":"#0","uv":[1,5.5,2.25,5.75]},"west":{"rotation":180,"texture":"#0","uv":[2.5,0.25,3.75,2.25]}},"from":[0.04,1,4],"rotation":{"angle":0,"axis":"z","origin":[-4,5,7]},"to":[1.04,9,9]},{"faces":{"down":{"rotation":270,"texture":"#0","uv":[3.75,5.5,5,5.75]},"east":{"texture":"#0","uv":[2.5,2.25,3.75,0.25]},"north":{"rotation":180,"texture":"#0","uv":[4,0.25,4.25,2.25]},"south":{"rotation":270,"texture":"#0","uv":[3.75,5.5,5,5.75]},"up":{"rotation":270,"texture":"#0","uv":[3.75,5.5,5,5.75]},"west":{"rotation":180,"texture":"#0","uv":[1.75,5.75,3,7.75]}},"from":[1.04,1,4],"rotation":{"angle":0,"axis":"z","origin":[-4,5,7]},"to":[2.04,9,9]}],"groups":[{"children":[0,1,2,3,4],"name":"group","origin":[8,8,8]},{"children":[5,6,7,8,9],"name":"group","origin":[8,8,8]},{"children":[10,11,12,13,14],"name":"group","origin":[8,8,8]},{"children":[15,16,17,18,19],"name":"group","origin":[8,8,8]},{"children":[20,21,22,23,24],"name":"group","origin":[8,8,8]},{"children":[25,26,27,28,29],"name":"group","origin":[8,8,8]},{"children":[30,31,32,33,34],"name":"group","origin":[8,8,8]},{"children":[35,36,37,38,39],"name":"group","origin":[8,8,8]}],"textures":{"0":"custom/decorations/book_stack_1","particle":"custom/decorations/book_stack_1"}}