{"ambientocclusion":false,"credit":"Made with Blockbench","display":{"firstperson_lefthand":{"rotation":[0,115,0],"translation":[10,0,-9]},"firstperson_righthand":{"rotation":[0,115,0],"translation":[10,0,-9]},"fixed":{"rotation":[-90,0,0],"scale":[2,2,2],"translation":[0,0,-16]},"ground":{"scale":[0.4,0.4,0.4],"translation":[0,4,0]},"gui":{"rotation":[30,135,0],"scale":[0.6,0.6,0.6],"translation":[0,-0.25,0]},"head":{"translation":[0,-2.5,0]},"thirdperson_lefthand":{"rotation":[29,45,0],"scale":[0.3,0.3,0.3],"translation":[0,1.5,0]},"thirdperson_righthand":{"rotation":[29,45,0],"scale":[0.3,0.3,0.3],"translation":[0,1.5,0]}},"elements":[{"faces":{"north":{"texture":"#1","uv":[0,0,16,16]},"south":{"texture":"#1","uv":[0,0,16,16]}},"from":[0,7,8],"rotation":{"angle":-45,"axis":"y","origin":[8,9,8]},"to":[16,23,8]},{"faces":{"north":{"texture":"#1","uv":[0,0,16,16]},"south":{"texture":"#1","uv":[0,0,16,16]}},"from":[0,7,8],"rotation":{"angle":45,"axis":"y","origin":[8,9,8]},"to":[16,23,8]},{"faces":{"down":{"texture":"#0","uv":[3,5.5,4,6.5]},"east":{"texture":"#0","uv":[3,5.5,4,9.5]},"north":{"texture":"#0","uv":[3,5.5,4,9.5]},"south":{"texture":"#0","uv":[3,5.5,4,9.5]},"up":{"texture":"#0","uv":[3,5.5,4,6.5]},"west":{"texture":"#0","uv":[3,5.5,4,9.5]}},"from":[7,-3,7],"rotation":{"angle":-45,"axis":"x","origin":[8,9,8]},"to":[9,5,9]},{"faces":{"down":{"texture":"#0","uv":[3,5.5,4,9.5]},"east":{"rotation":270,"texture":"#0","uv":[3,5.5,4,9.5]},"north":{"rotation":180,"texture":"#0","uv":[3,5.5,4,6.5]},"south":{"texture":"#0","uv":[3,5.5,4,6.5]},"up":{"rotation":180,"texture":"#0","uv":[3,5.5,4,9.5]},"west":{"rotation":90,"texture":"#0","uv":[3,5.5,4,9.5]}},"from":[7,8,-4],"rotation":{"angle":-45,"axis":"x","origin":[8,9,8]},"to":[9,10,4]},{"faces":{"down":{"rotation":90,"texture":"#0","uv":[3,5.5,4,6.5]},"east":{"texture":"#0","uv":[3,5.5,4,9.5]},"north":{"texture":"#0","uv":[3,5.5,4,9.5]},"south":{"texture":"#0","uv":[3,5.5,4,9.5]},"up":{"rotation":270,"texture":"#0","uv":[3,5.5,4,6.5]},"west":{"texture":"#0","uv":[3,5.5,4,9.5]}},"from":[7,-3,7],"rotation":{"angle":-45,"axis":"z","origin":[8,9,8]},"to":[9,5,9]},{"faces":{"down":{"texture":"#0","uv":[3,5.5,4,6.5]},"east":{"texture":"#0","uv":[3,5.5,4,9.5]},"north":{"texture":"#0","uv":[3,5.5,4,9.5]},"south":{"texture":"#0","uv":[3,5.5,4,9.5]},"up":{"texture":"#0","uv":[3,5.5,4,6.5]},"west":{"texture":"#0","uv":[3,5.5,4,9.5]}},"from":[7,-3,7],"rotation":{"angle":45,"axis":"z","origin":[8,9,8]},"to":[9,5,9]},{"faces":{"down":{"texture":"#0","uv":[8,0,15,7]},"east":{"texture":"#0","uv":[8,7,15,7.5]},"north":{"texture":"#0","uv":[8,7,15,7.5]},"south":{"texture":"#0","uv":[8,7,15,7.5]},"up":{"texture":"#0","uv":[8,0,15,7]},"west":{"texture":"#0","uv":[8,7,15,7.5]}},"from":[1.1,6.1,1.1],"rotation":{"angle":0,"axis":"y","origin":[8,9,8]},"to":[14.9,6.9,14.9]},{"faces":{"down":{"texture":"#0","uv":[8,7.5,15,14.5]},"east":{"texture":"#0","uv":[0,0,7,5.5]},"north":{"texture":"#0","uv":[0,0,7,5.5]},"south":{"texture":"#0","uv":[0,0,7,5.5]},"west":{"texture":"#0","uv":[0,0,7,5.5]}},"from":[1,6,1],"rotation":{"angle":0,"axis":"y","origin":[8,9,8]},"to":[15,17,15]},{"faces":{"east":{"rotation":180,"texture":"#0","uv":[0,0,7,5.5]},"north":{"rotation":180,"texture":"#0","uv":[0,0,7,5.5]},"south":{"rotation":180,"texture":"#0","uv":[0,0,7,5.5]},"up":{"texture":"#0","uv":[8,7.5,15,14.5]},"west":{"rotation":180,"texture":"#0","uv":[0,0,7,5.5]}},"from":[15,17,15],"rotation":{"angle":0,"axis":"y","origin":[8,9,8]},"to":[1,6,1]}],"groups":[{"children":[0,1,2,3,4,5,6,7,8],"name":"group","origin":[8,8,8]}],"textures":{"0":"custom/decorations/brazier","1":"block/campfire_fire","particle":"custom/decorations/brazier"}}