{"credit":"Made with Blockbench","display":{"firstperson_lefthand":{"rotation":[0,120,0],"translation":[9.25,-6.75,-4.5]},"firstperson_righthand":{"rotation":[0,120,0],"translation":[9.25,-6.75,-4.5]},"fixed":{"scale":[2,2,2],"translation":[0,-4,0]},"ground":{"scale":[0.4,0.4,0.4],"translation":[0,6.25,0]},"gui":{"rotation":[0,180,0],"scale":[0.55,0.5,0.5],"translation":[0,-4,0]},"head":{"scale":[1.6,1.6,1.6],"translation":[0,-24.75,-7.25]},"thirdperson_lefthand":{"rotation":[90,0,0],"translation":[-6,-1.5,0]},"thirdperson_righthand":{"rotation":[90,0,0],"translation":[-6,-1.5,0]}},"elements":[{"faces":{"north":{"texture":"#1","uv":[2.5,0,13.5,16]},"south":{"texture":"#1","uv":[13.5,0,2.5,16]}},"from":[-3,0,8],"to":[19,32,8]}],"textures":{"1":"custom/decorations/bucket_sign"}}