{"credit":"Made with Blockbench","display":{"firstperson_lefthand":{"rotation":[0,120,0],"translation":[9.25,-6.75,-4.5]},"firstperson_righthand":{"rotation":[0,120,0],"translation":[9.25,-6.75,-4.5]},"fixed":{"scale":[2,2,2],"translation":[0,-4,0]},"ground":{"scale":[0.4,0.4,0.4],"translation":[0,6.25,0]},"gui":{"scale":[0.55,0.5,0.5],"translation":[0,-4,0]},"head":{"scale":[1.6,1.6,1.6],"translation":[0,-24.75,-7.25]},"thirdperson_lefthand":{"rotation":[90,0,0],"translation":[-6,-1.5,0]},"thirdperson_righthand":{"rotation":[90,0,0],"translation":[-6,-1.5,0]}},"elements":[{"faces":{"down":{"texture":"#0","uv":[2.5,15.5,13.5,16]},"east":{"texture":"#0","uv":[2.5,0,3,16]},"north":{"texture":"#0","uv":[2.5,0,13.5,16]},"south":{"texture":"#0","uv":[2.5,0,13.5,16]},"up":{"texture":"#0","uv":[2.5,0,13.5,0.5]},"west":{"texture":"#0","uv":[13,0,13.5,16]}},"from":[-3,0,8],"to":[19,32,9]}],"textures":{"0":"custom/decorations/bucket_sign_back","particle":"custom/decorations/bucket_sign_back"}}