{"credit":"Made with Blockbench","display":{"firstperson_lefthand":{"rotation":[-15,100,0],"scale":[0.8,0.8,0.8],"translation":[-2,6,0]},"firstperson_righthand":{"rotation":[-15,0,0],"scale":[0.8,0.8,0.8],"translation":[-2,6,0]},"fixed":{"rotation":[-90,0,0],"scale":[2,2,2],"translation":[0,0,-15]},"ground":{"scale":[0.7,0.7,0.7],"translation":[0,3,0]},"gui":{"rotation":[15,18,0],"scale":[1.2,1.2,1.2],"translation":[-0.25,3.75,0]},"head":{"scale":[1.2,1.2,1.2],"translation":[0,16,0]},"thirdperson_lefthand":{"rotation":[45,-45,0],"scale":[0.5,0.5,0.5],"translation":[0.25,1.75,1.5]},"thirdperson_righthand":{"rotation":[45,45,0],"scale":[0.5,0.5,0.5],"translation":[-0.25,1.75,2]}},"elements":[{"faces":{"east":{"texture":"#0","uv":[1.5,7.5,2.5,8]},"north":{"texture":"#0","uv":[1.5,7.5,2.5,8]},"south":{"texture":"#0","uv":[1.5,7.5,2.5,8]},"up":{"texture":"#0","uv":[1.5,6.5,2.5,7.5]},"west":{"texture":"#0","uv":[1.5,7.5,2.5,8]}},"from":[8.4,8.9,1.9],"name":"bottle_one_cap","rotation":{"angle":0,"axis":"y","origin":[15.5,17,9]},"to":[10.6,10.1,4.1]},{"faces":{"down":{"texture":"#0","uv":[0,11,1.5,12.5]},"east":{"texture":"#0","uv":[0,8,1.5,11]},"north":{"texture":"#0","uv":[0,8,1.5,11]},"south":{"texture":"#0","uv":[0,8,1.5,11]},"up":{"texture":"#0","uv":[0,6.5,1.5,8]},"west":{"texture":"#0","uv":[0,8,1.5,11]}},"from":[8,0,1.5],"name":"bottle_one_bottom","rotation":{"angle":0,"axis":"y","origin":[15.5,8,9]},"to":[11,6,4.5]},{"faces":{"east":{"texture":"#0","uv":[1.5,8,2.5,10]},"north":{"texture":"#0","uv":[2.5,8,1.5,10]},"south":{"texture":"#0","uv":[2.5,8,1.5,10]},"up":{"texture":"#0","uv":[1.5,3,2.5,4]},"west":{"texture":"#0","uv":[1.5,8,2.5,10]}},"from":[8.5,6,2],"name":"bottle_one_neck","rotation":{"angle":0,"axis":"y","origin":[16.5,14,10]},"to":[10.5,10,4]},{"faces":{"east":{"texture":"#0","tintindex":0,"uv":[0,13,1.5,13.5]},"north":{"texture":"#0","tintindex":0,"uv":[0,13,1.5,13.5]},"south":{"texture":"#0","tintindex":0,"uv":[0,13,1.5,13.5]},"west":{"texture":"#0","tintindex":0,"uv":[0,13,1.5,13.5]}},"from":[7.9,3.9,1.4],"rotation":{"angle":0,"axis":"y","origin":[11,8,6]},"to":[11.1,5.1,4.6]},{"faces":{"east":{"texture":"#0","uv":[14.5,1,15.5,1.5]},"north":{"texture":"#0","uv":[14.5,1,15.5,1.5]},"south":{"texture":"#0","uv":[14.5,1,15.5,1.5]},"up":{"texture":"#0","uv":[14.5,0,15.5,1]},"west":{"texture":"#0","uv":[14.5,1,15.5,1.5]}},"from":[3.4,8.9,3.9],"name":"bottle_one_cap","rotation":{"angle":0,"axis":"y","origin":[10.5,17,11]},"to":[5.6,10.1,6.1]},{"faces":{"down":{"texture":"#0","tintindex":0,"uv":[0,11,1.5,12.5]},"east":{"texture":"#0","tintindex":0,"uv":[13,1.5,14.5,4.5]},"north":{"texture":"#0","tintindex":0,"uv":[13,1.5,14.5,4.5]},"south":{"texture":"#0","tintindex":0,"uv":[13,1.5,14.5,4.5]},"up":{"texture":"#0","tintindex":0,"uv":[13,0,14.5,1.5]},"west":{"texture":"#0","tintindex":0,"uv":[13,1.5,14.5,4.5]}},"from":[3,0,3.5],"name":"bottle_one_bottom","rotation":{"angle":0,"axis":"y","origin":[10.5,8,11]},"to":[6,6,6.5]},{"faces":{"east":{"texture":"#0","tintindex":0,"uv":[14.5,1.5,15.5,3.5]},"north":{"texture":"#0","tintindex":0,"uv":[15.5,1.5,14.5,3.5]},"south":{"texture":"#0","tintindex":0,"uv":[15.5,1.5,14.5,3.5]},"up":{"texture":"#0","tintindex":0,"uv":[1.5,3,2.5,4]},"west":{"texture":"#0","tintindex":0,"uv":[14.5,1.5,15.5,3.5]}},"from":[3.5,6,4],"name":"bottle_one_neck","rotation":{"angle":0,"axis":"y","origin":[11.5,14,12]},"to":[5.5,10,6]},{"faces":{"east":{"texture":"#0","uv":[0,14,1.5,14.5]},"north":{"texture":"#0","uv":[0,14,1.5,14.5]},"south":{"texture":"#0","uv":[0,14,1.5,14.5]},"west":{"texture":"#0","uv":[0,14,1.5,14.5]}},"from":[2.9,3.9,3.4],"rotation":{"angle":0,"axis":"y","origin":[6,8,8]},"to":[6.1,5.1,6.6]},{"faces":{"east":{"texture":"#0","uv":[14.5,1,15.5,1.5]},"north":{"texture":"#0","uv":[14.5,1,15.5,1.5]},"south":{"texture":"#0","uv":[14.5,1,15.5,1.5]},"up":{"texture":"#0","uv":[14.5,0,15.5,1]},"west":{"texture":"#0","uv":[14.5,1,15.5,1.5]}},"from":[12.4,8.9,5.9],"name":"bottle_one_cap","rotation":{"angle":0,"axis":"y","origin":[19.5,17,13]},"to":[14.6,10.1,8.1]},{"faces":{"down":{"texture":"#0","tintindex":0,"uv":[0,11,1.5,12.5]},"east":{"texture":"#0","tintindex":0,"uv":[13,1.5,14.5,4.5]},"north":{"texture":"#0","tintindex":0,"uv":[13,1.5,14.5,4.5]},"south":{"texture":"#0","tintindex":0,"uv":[13,1.5,14.5,4.5]},"up":{"texture":"#0","tintindex":0,"uv":[13,0,14.5,1.5]},"west":{"texture":"#0","tintindex":0,"uv":[13,1.5,14.5,4.5]}},"from":[12,0,5.5],"name":"bottle_one_bottom","rotation":{"angle":0,"axis":"y","origin":[19.5,8,13]},"to":[15,6,8.5]},{"faces":{"east":{"texture":"#0","tintindex":0,"uv":[14.5,1.5,15.5,3.5]},"north":{"texture":"#0","tintindex":0,"uv":[15.5,1.5,14.5,3.5]},"south":{"texture":"#0","tintindex":0,"uv":[15.5,1.5,14.5,3.5]},"up":{"texture":"#0","tintindex":0,"uv":[1.5,3,2.5,4]},"west":{"texture":"#0","tintindex":0,"uv":[14.5,1.5,15.5,3.5]}},"from":[12.5,6,6],"name":"bottle_one_neck","rotation":{"angle":0,"axis":"y","origin":[20.5,14,14]},"to":[14.5,10,8]},{"faces":{"east":{"texture":"#0","uv":[0,14,1.5,14.5]},"north":{"texture":"#0","uv":[0,14,1.5,14.5]},"south":{"texture":"#0","uv":[0,14,1.5,14.5]},"west":{"texture":"#0","uv":[0,14,1.5,14.5]}},"from":[11.9,3.9,5.4],"rotation":{"angle":0,"axis":"y","origin":[15,8,10]},"to":[15.1,5.1,8.6]},{"faces":{"east":{"texture":"#0","uv":[1.5,7.5,2.5,8]},"north":{"texture":"#0","uv":[1.5,7.5,2.5,8]},"south":{"texture":"#0","uv":[1.5,7.5,2.5,8]},"up":{"texture":"#0","uv":[1.5,6.5,2.5,7.5]},"west":{"texture":"#0","uv":[1.5,7.5,2.5,8]}},"from":[1.4,8.9,9.9],"name":"bottle_one_cap","rotation":{"angle":0,"axis":"y","origin":[8.5,17,17]},"to":[3.6,10.1,12.1]},{"faces":{"down":{"texture":"#0","uv":[0,11,1.5,12.5]},"east":{"texture":"#0","uv":[0,8,1.5,11]},"north":{"texture":"#0","uv":[0,8,1.5,11]},"south":{"texture":"#0","uv":[0,8,1.5,11]},"up":{"texture":"#0","uv":[0,6.5,1.5,8]},"west":{"texture":"#0","uv":[0,8,1.5,11]}},"from":[1,0,9.5],"name":"bottle_one_bottom","rotation":{"angle":0,"axis":"y","origin":[8.5,8,17]},"to":[4,6,12.5]},{"faces":{"east":{"texture":"#0","uv":[1.5,8,2.5,10]},"north":{"texture":"#0","uv":[2.5,8,1.5,10]},"south":{"texture":"#0","uv":[2.5,8,1.5,10]},"up":{"texture":"#0","uv":[1.5,3,2.5,4]},"west":{"texture":"#0","uv":[1.5,8,2.5,10]}},"from":[1.5,6,10],"name":"bottle_one_neck","rotation":{"angle":0,"axis":"y","origin":[9.5,14,18]},"to":[3.5,10,12]},{"faces":{"east":{"texture":"#0","tintindex":0,"uv":[0,13,1.5,13.5]},"north":{"texture":"#0","tintindex":0,"uv":[0,13,1.5,13.5]},"south":{"texture":"#0","tintindex":0,"uv":[0,13,1.5,13.5]},"west":{"texture":"#0","tintindex":0,"uv":[0,13,1.5,13.5]}},"from":[0.9,3.9,9.4],"rotation":{"angle":0,"axis":"y","origin":[4,8,14]},"to":[4.1,5.1,12.6]},{"faces":{"east":{"texture":"#0","uv":[14.5,1,15.5,1.5]},"north":{"texture":"#0","uv":[14.5,1,15.5,1.5]},"south":{"texture":"#0","uv":[14.5,1,15.5,1.5]},"up":{"texture":"#0","uv":[14.5,0,15.5,1]},"west":{"texture":"#0","uv":[14.5,1,15.5,1.5]}},"from":[8.4,8.9,11.9],"name":"bottle_one_cap","rotation":{"angle":0,"axis":"y","origin":[15.5,17,19]},"to":[10.6,10.1,14.1]},{"faces":{"down":{"texture":"#0","tintindex":0,"uv":[0,11,1.5,12.5]},"east":{"texture":"#0","tintindex":0,"uv":[13,1.5,14.5,4.5]},"north":{"texture":"#0","tintindex":0,"uv":[13,1.5,14.5,4.5]},"south":{"texture":"#0","tintindex":0,"uv":[13,1.5,14.5,4.5]},"up":{"texture":"#0","tintindex":0,"uv":[13,0,14.5,1.5]},"west":{"texture":"#0","tintindex":0,"uv":[13,1.5,14.5,4.5]}},"from":[8,0,11.5],"name":"bottle_one_bottom","rotation":{"angle":0,"axis":"y","origin":[15.5,8,19]},"to":[11,6,14.5]},{"faces":{"east":{"texture":"#0","tintindex":0,"uv":[14.5,1.5,15.5,3.5]},"north":{"texture":"#0","tintindex":0,"uv":[15.5,1.5,14.5,3.5]},"south":{"texture":"#0","tintindex":0,"uv":[15.5,1.5,14.5,3.5]},"up":{"texture":"#0","tintindex":0,"uv":[1.5,3,2.5,4]},"west":{"texture":"#0","tintindex":0,"uv":[14.5,1.5,15.5,3.5]}},"from":[8.5,6,12],"name":"bottle_one_neck","rotation":{"angle":0,"axis":"y","origin":[16.5,14,20]},"to":[10.5,10,14]},{"faces":{"east":{"texture":"#0","uv":[0,14,1.5,14.5]},"north":{"texture":"#0","uv":[0,14,1.5,14.5]},"south":{"texture":"#0","uv":[0,14,1.5,14.5]},"west":{"texture":"#0","uv":[0,14,1.5,14.5]}},"from":[7.9,3.9,11.4],"rotation":{"angle":0,"axis":"y","origin":[11,8,16]},"to":[11.1,5.1,14.6]}],"groups":[{"children":[0,1,2,3],"name":"bottle_one","origin":[8,8,8]},{"children":[4,5,6,7],"name":"bottle_one","origin":[8,8,8]},{"children":[8,9,10,11],"name":"bottle_one","origin":[8,8,8]},{"children":[12,13,14,15],"name":"bottle_one","origin":[8,8,8]},{"children":[16,17,18,19],"name":"bottle_one","origin":[8,8,8]}],"textures":{"0":"custom/decorations/bunch_of_bottles","particle":"custom/decorations/bunch_of_bottles"}}