{"credit":"Made with Blockbench","display":{"firstperson_lefthand":{"rotation":[-15,100,0],"scale":[0.8,0.8,0.8],"translation":[-2,6,0]},"firstperson_righthand":{"rotation":[-15,0,0],"scale":[0.8,0.8,0.8],"translation":[-2,6,0]},"fixed":{"rotation":[-90,0,0],"scale":[2,2,2],"translation":[0,0,-15]},"ground":{"scale":[0.7,0.7,0.7],"translation":[0,3,0]},"gui":{"rotation":[15,18,0],"scale":[1.2,1.2,1.2],"translation":[-0.25,3.75,0]},"head":{"scale":[1.2,1.2,1.2],"translation":[0,16,0]},"thirdperson_lefthand":{"rotation":[45,-45,0],"scale":[0.5,0.5,0.5],"translation":[0.25,1.75,1.5]},"thirdperson_righthand":{"rotation":[45,45,0],"scale":[0.5,0.5,0.5],"translation":[-0.25,1.75,2]}},"elements":[{"faces":{"east":{"texture":"#0","uv":[1.5,1,2.5,1.5]},"north":{"texture":"#0","uv":[1.5,1,2.5,1.5]},"south":{"texture":"#0","uv":[1.5,1,2.5,1.5]},"up":{"texture":"#0","uv":[1.5,0,2.5,1]},"west":{"texture":"#0","uv":[1.5,1,2.5,1.5]}},"from":[9.4,8.9,8.9],"name":"bottle_one_cap","rotation":{"angle":0,"axis":"y","origin":[16.5,17,16]},"to":[11.6,10.1,11.1]},{"faces":{"down":{"texture":"#0","uv":[0,4.5,1.5,6]},"east":{"texture":"#0","uv":[0,1.5,1.5,4.5]},"north":{"texture":"#0","uv":[0,1.5,1.5,4.5]},"south":{"texture":"#0","uv":[0,1.5,1.5,4.5]},"up":{"texture":"#0","uv":[0,0,1.5,1.5]},"west":{"texture":"#0","uv":[0,1.5,1.5,4.5]}},"from":[9,0,8.5],"name":"bottle_one_bottom","rotation":{"angle":0,"axis":"y","origin":[16.5,8,16]},"to":[12,6,11.5]},{"faces":{"east":{"texture":"#0","uv":[1.5,1.5,2.5,3.5]},"north":{"texture":"#0","uv":[2.5,1.5,1.5,3.5]},"south":{"texture":"#0","uv":[2.5,1.5,1.5,3.5]},"up":{"texture":"#0","uv":[1.5,3,2.5,4]},"west":{"texture":"#0","uv":[1.5,1.5,2.5,3.5]}},"from":[9.5,6,9],"name":"bottle_one_neck","rotation":{"angle":0,"axis":"y","origin":[17.5,14,17]},"to":[11.5,10,11]},{"faces":{"east":{"texture":"#0","uv":[5,1.5,6.5,2]},"north":{"texture":"#0","uv":[5,1.5,6.5,2]},"south":{"texture":"#0","uv":[5,1.5,6.5,2]},"up":{"texture":"#0","uv":[5,0,6.5,1.5]},"west":{"texture":"#0","uv":[5,1.5,6.5,2]}},"from":[6.9,5.9,0.9],"name":"bottle_two_cap","rotation":{"angle":22.5,"axis":"y","origin":[15,15,10]},"to":[10.1,7.1,4.1]},{"faces":{"down":{"texture":"#0","uv":[3,4.5,5,6.5]},"east":{"texture":"#0","uv":[3,2,5,4.5]},"north":{"texture":"#0","uv":[3,2,5,4.5]},"south":{"texture":"#0","uv":[3,2,5,4.5]},"up":{"texture":"#0","uv":[3,0,5,2]},"west":{"texture":"#0","uv":[3,2,5,4.5]}},"from":[6.5,0,0.5],"name":"bottle_two_bottom","rotation":{"angle":22.5,"axis":"y","origin":[15,15,10]},"to":[10.5,5,4.5]},{"faces":{"east":{"texture":"#0","uv":[5,3,6.5,4]},"north":{"texture":"#0","uv":[5,3,6.5,4]},"south":{"texture":"#0","uv":[5,3,6.5,4]},"west":{"texture":"#0","uv":[5,3,6.5,4]}},"from":[7,5,1],"name":"bottle_two_neck","rotation":{"angle":22.5,"axis":"y","origin":[15,15,10]},"to":[10,7,4]}],"groups":[{"children":[0,1,2],"name":"bottle_one","origin":[8,8,8]},{"children":[3,4,5],"name":"bottle_two","origin":[13,14,14]}],"textures":{"0":"custom/decorations/bunch_of_bottles","particle":"custom/decorations/bunch_of_bottles"}}