{"credit":"Made with Blockbench","display":{"firstperson_lefthand":{"rotation":[0,115,0],"translation":[9,-8.75,-8.25]},"firstperson_righthand":{"rotation":[0,115,0],"translation":[9,-8.75,-8.25]},"fixed":{"rotation":[-90,0,0],"scale":[2,2,2],"translation":[0,0,14]},"ground":{"scale":[0.4,0.4,0.4],"translation":[0,4,0]},"gui":{"rotation":[30,135,0],"scale":[0.5,0.5,0.5],"translation":[0,-2,0]},"head":{"translation":[0,13.25,0]},"thirdperson_lefthand":{"rotation":[54,51,0],"scale":[0.4,0.4,0.4],"translation":[0,-1.75,-1.25]},"thirdperson_righthand":{"rotation":[54,51,0],"scale":[0.4,0.4,0.4],"translation":[0,-1.75,-1.25]}},"elements":[{"faces":{"down":{"rotation":270,"texture":"#0","uv":[1,8.5,3.5,10.5]},"east":{"rotation":180,"texture":"#0","uv":[1,8.5,3.5,10.5]},"north":{"texture":"#0","uv":[2,5.5,4,7.5]},"south":{"texture":"#0","uv":[2,5.5,4,7.5]},"up":{"rotation":90,"texture":"#0","uv":[1,8.5,3.5,10.5]},"west":{"texture":"#0","uv":[1,8.5,3.5,10.5]}},"from":[6,20,1],"to":[10,24,6]},{"faces":{"down":{"texture":"#0","uv":[1,0.5,5,4.5]},"east":{"texture":"#0","uv":[9,4.5,5,8.5]},"north":{"texture":"#0","uv":[1,4.5,5,8.5]},"south":{"texture":"#0","uv":[1,4.5,5,8.5]},"up":{"rotation":180,"texture":"#0","uv":[1,0.5,5,4.5]},"west":{"texture":"#0","uv":[5,4.5,9,8.5]}},"from":[4,18,4],"to":[12,26,12]},{"faces":{"down":{"texture":"#0","uv":[0,0,0.5,0.5]},"east":{"texture":"#0","uv":[0.5,0,1,10.5]},"north":{"texture":"#0","uv":[0,0,0.5,10.5]},"south":{"texture":"#0","uv":[0,0,0.5,10.5]},"up":{"texture":"#0","uv":[0,0,0.5,0.5]},"west":{"texture":"#0","uv":[0.5,0,1,10.5]}},"from":[7.5,-2,7.5],"rotation":{"angle":22.5,"axis":"x","origin":[7.99389,18.49999,8.00612]},"to":[8.5,19,8.5]},{"faces":{"down":{"texture":"#0","uv":[0,0,0.5,0.5]},"east":{"texture":"#0","uv":[0.5,0,1,10.5]},"north":{"texture":"#0","uv":[0,0,0.5,10.5]},"south":{"texture":"#0","uv":[0,0,0.5,10.5]},"up":{"texture":"#0","uv":[0,0,0.5,0.5]},"west":{"texture":"#0","uv":[0.5,0,1,10.5]}},"from":[7.5,-2,7.5],"rotation":{"angle":-22.5,"axis":"x","origin":[7.99389,18.49999,8.00612]},"to":[8.5,19,8.5]},{"faces":{"down":{"texture":"#0","uv":[0,0,0.5,0.5]},"east":{"texture":"#0","uv":[0.5,0,1,10.5]},"north":{"texture":"#0","uv":[0,0,0.5,10.5]},"south":{"texture":"#0","uv":[0,0,0.5,10.5]},"up":{"texture":"#0","uv":[0,0,0.5,0.5]},"west":{"texture":"#0","uv":[0.5,0,1,10.5]}},"from":[7.5,-2,7.5],"rotation":{"angle":22.5,"axis":"z","origin":[7.99389,18.49999,8.00612]},"to":[8.5,19,8.5]},{"faces":{"down":{"texture":"#0","uv":[0,0,0.5,0.5]},"east":{"texture":"#0","uv":[0.5,0,1,10.5]},"north":{"texture":"#0","uv":[0,0,0.5,10.5]},"south":{"texture":"#0","uv":[0,0,0.5,10.5]},"up":{"texture":"#0","uv":[0,0,0.5,0.5]},"west":{"texture":"#0","uv":[0.5,0,1,10.5]}},"from":[7.5,-2,7.5],"rotation":{"angle":-22.5,"axis":"z","origin":[7.99389,18.49999,8.00612]},"to":[8.5,19,8.5]},{"faces":{"down":{"texture":"#0","uv":[8,2.5,9,3.5]},"east":{"texture":"#0","uv":[8,3.5,9,4.5]},"north":{"texture":"#0","uv":[8,3.5,9,4.5]},"south":{"texture":"#0","uv":[8,3.5,9,4.5]},"up":{"texture":"#0","uv":[8,2.5,9,3.5]},"west":{"texture":"#0","uv":[8,3.5,9,4.5]}},"from":[7,26,10],"rotation":{"angle":0,"axis":"y","origin":[8,5,8]},"to":[9,28,12]}],"groups":[{"children":[0,1,2,3,4,5,6],"name":"group","origin":[8,8,8]}],"textures":{"0":"custom/decorations/camera","particle":"custom/decorations/camera"}}