{"credit":"Made with Blockbench","display":{"firstperson_lefthand":{"rotation":[-6,36,0],"translation":[5.25,7.25,0.5]},"firstperson_righthand":{"rotation":[-6,36,0],"translation":[5.25,7.25,0.5]},"fixed":{"rotation":[-90,0,0],"scale":[2.01,2.01,2.01],"translation":[0,0,-15]},"ground":{"scale":[0.5,0.5,0.5],"translation":[0,1.5,0]},"gui":{"rotation":[22,-130,0],"translation":[-1.75,3.75,0]},"head":{"scale":[1.4,1.4,1.4],"translation":[0.25,17.75,0.75]},"thirdperson_lefthand":{"rotation":[45,90,0],"scale":[0.7,0.7,0.7],"translation":[0.5,3.25,5.25]},"thirdperson_righthand":{"rotation":[45,90,0],"scale":[0.7,0.7,0.7],"translation":[0.5,3.25,5.25]}},"elements":[{"faces":{"down":{"texture":"#0","uv":[4,8,6,10]},"east":{"texture":"#0","uv":[0,10,2,16]},"north":{"texture":"#0","uv":[2,10,4,16]},"south":{"texture":"#0","uv":[6,10,8,16]},"up":{"texture":"#0","uv":[2,8,4,10]},"west":{"texture":"#0","uv":[4,10,6,16]}},"from":[7,2,7],"rotation":{"angle":0,"axis":"y","origin":[8,6,8]},"shade":false,"to":[9,8,9]},{"faces":{"down":{"texture":"#0","uv":[0,0,0,3]},"east":{"texture":"#0","uv":[9,0,12,4]},"north":{"texture":"#0","uv":[0,0,0,4]},"south":{"texture":"#0","uv":[0,0,0,4]},"up":{"texture":"#0","uv":[0,0,0,3]},"west":{"texture":"#0","uv":[9,0,12,4]}},"from":[8,8.5,6.5],"rotation":{"angle":45,"axis":"y","origin":[8,6,8]},"shade":false,"to":[8,12.5,9.5]},{"faces":{"down":{"rotation":90,"texture":"#0","uv":[0,0,0,3]},"east":{"texture":"#0","uv":[0,0,0,4]},"north":{"texture":"#0","uv":[9,0,12,4]},"south":{"texture":"#0","uv":[9,0,12,4]},"up":{"rotation":270,"texture":"#0","uv":[0,0,0,3]},"west":{"texture":"#0","uv":[0,0,0,4]}},"from":[6.5,8.5,8],"rotation":{"angle":45,"axis":"y","origin":[8,6,8]},"shade":false,"to":[9.5,12.5,8]},{"faces":{"down":{"texture":"#1","uv":[13.5,2.75,15,5.25]},"up":{"texture":"#1","uv":[13.5,5.5,15,8]}},"from":[5,2.1,3],"rotation":{"angle":0,"axis":"y","origin":[8,6,8]},"shade":false,"to":[11,2.1,13]},{"faces":{"down":{"texture":"#1","uv":[13.5,2.75,15,5.25]},"up":{"texture":"#1","uv":[13.5,2.75,15,5.25]}},"from":[5,0.1,3],"rotation":{"angle":0,"axis":"y","origin":[8,6,8]},"shade":false,"to":[11,0.1,13]},{"faces":{"east":{"rotation":90,"texture":"#1","uv":[15,5.5,15.5,8]},"west":{"rotation":90,"texture":"#1","uv":[15,5.5,15.5,8]}},"from":[11,0.1,3],"rotation":{"angle":0,"axis":"y","origin":[8,6,8]},"shade":false,"to":[11,2.1,13]},{"faces":{"down":{"texture":"#1","uv":[13.75,3,15,5]},"east":{"rotation":90,"texture":"#1","uv":[15.25,5.75,15.5,7.75]},"north":{"texture":"#1","uv":[3.25,5.5,5.75,5.75]},"south":{"texture":"#1","uv":[3.25,5.5,5.75,5.75]},"up":{"texture":"#1","uv":[0.25,5.75,1.5,7.75]},"west":{"texture":"#1","uv":[3.25,5.5,5.75,5.75]}},"from":[6,0.1,4],"rotation":{"angle":0,"axis":"y","origin":[8,6,8]},"shade":false,"to":[11,1.1,12]},{"faces":{"down":{"texture":"#1","uv":[0.25,5.75,1.5,7.75]},"east":{"rotation":90,"texture":"#1","uv":[15,5.75,15.25,7.75]},"north":{"texture":"#1","uv":[0.25,5.5,2.75,5.75]},"south":{"texture":"#1","uv":[0.25,5.5,2.75,5.75]},"up":{"texture":"#1","uv":[13.75,5.75,15,7.75]},"west":{"texture":"#1","uv":[0.25,5.5,2.75,5.75]}},"from":[6,1.1,4],"rotation":{"angle":0,"axis":"y","origin":[8,6,8]},"shade":false,"to":[11,2.1,12]},{"faces":{"down":{"texture":"#1_1_0","uv":[10,8,12.4,10.4]},"up":{"texture":"#1_1_0","uv":[10,8,12,10]}},"from":[6.8,8.7,6.8],"rotation":{"angle":0,"axis":"y","origin":[9,10,5]},"shade":false,"to":[9.2,8.7,9.2]},{"faces":{"east":{"texture":"#1_1_0","uv":[14,10,16,12]},"west":{"texture":"#1_1_0","uv":[16,10,14,12]}},"from":[6.8,6.3,6.8],"rotation":{"angle":0,"axis":"y","origin":[9,10,5]},"shade":false,"to":[6.8,8.7,9.2]},{"faces":{"north":{"texture":"#1_1_0","uv":[12,10,10,13]},"south":{"texture":"#1_1_0","uv":[12,10,10,13]}},"from":[6.8,5.1,6.8],"rotation":{"angle":0,"axis":"y","origin":[9,10,5]},"shade":false,"to":[9.2,8.7,6.8]},{"faces":{"east":{"texture":"#1_1_0","uv":[14,10,16,12]},"west":{"texture":"#1_1_0","uv":[14,10,16,12]}},"from":[9.2,6.3,6.8],"rotation":{"angle":0,"axis":"y","origin":[9,10,5]},"shade":false,"to":[9.2,8.7,9.2]},{"faces":{"north":{"texture":"#1_1_0","uv":[14,10,16,12]},"south":{"texture":"#1_1_0","uv":[14,10,16,12]}},"from":[6.8,6.3,9.2],"rotation":{"angle":0,"axis":"y","origin":[9,10,5]},"shade":false,"to":[9.2,8.7,9.2]},{"faces":{"north":{"texture":"#1_1_0","uv":[14,12,15,14]},"south":{"texture":"#1_1_0","uv":[14,12,15,14]}},"from":[6.8,3.9,9.2],"rotation":{"angle":0,"axis":"y","origin":[8,5,8]},"shade":false,"to":[8,6.3,9.2]},{"faces":{"east":{"texture":"#1_1_0","uv":[14,13,15,14]},"west":{"texture":"#1_1_0","uv":[14,13,15,14]}},"from":[6.8,5.1,8],"rotation":{"angle":0,"axis":"y","origin":[8,5,8]},"shade":false,"to":[6.8,6.3,9.2]},{"faces":{"north":{"texture":"#1_1_0","uv":[14,13,15,14]},"south":{"texture":"#1_1_0","uv":[14,13,15,14]}},"from":[8,3.9,6.8],"rotation":{"angle":0,"axis":"y","origin":[8,5,8]},"shade":false,"to":[9.2,5.1,6.8]},{"faces":{"east":{"texture":"#1_1_0","uv":[14,13,15,14]},"west":{"texture":"#1_1_0","uv":[14,13,15,14]}},"from":[9.2,5.1,8],"rotation":{"angle":0,"axis":"y","origin":[8,5,8]},"shade":false,"to":[9.2,6.3,9.2]}],"groups":[{"children":[0,1,2,3,4,5,6,7,{"children":[8,9,10,11,12,13,14,15,16],"name":"group","origin":[8,8,8]}],"name":"group","origin":[8,8,8]}],"textures":{"0":"custom/decorations/candle_1","1":"custom/decorations/book_stack_1","1_1_0":"custom/decorations/candle_1","particle":"custom/decorations/candle_1"}}