{"credit":"Made with Blockbench","display":{"firstperson_lefthand":{"rotation":[34,21,0],"scale":[0.3,0.3,0.3],"translation":[0,5.25,4.25]},"firstperson_righthand":{"rotation":[34,21,0],"scale":[0.3,0.3,0.3],"translation":[0,5.25,4.25]},"fixed":{"rotation":[90,0,0],"scale":[2,2,2],"translation":[0,0,14.75]},"ground":{"scale":[0.3,0.3,0.3],"translation":[0,2.75,0]},"gui":{"rotation":[30,135,0],"scale":[0.6,0.6,0.6],"translation":[0,3.75,0]},"head":{"scale":[3.3,3.3,3.3],"translation":[0,23.75,0]},"thirdperson_lefthand":{"rotation":[13,43,0],"scale":[0.3,0.3,0.3],"translation":[0,2.75,1.75]},"thirdperson_righthand":{"rotation":[13,43,0],"scale":[0.3,0.3,0.3],"translation":[0,2.75,1.75]}},"elements":[{"faces":{"down":{"rotation":180,"texture":"#0","uv":[9,3,13,14]},"east":{"rotation":90,"texture":"#0","uv":[9,3,9.5,14]},"north":{"texture":"#0","uv":[9,3,13,3.25]},"south":{"texture":"#0","uv":[9,13.5,13,13.75]},"up":{"texture":"#0","uv":[9,3,13,14]},"west":{"rotation":270,"texture":"#0","uv":[9,3,9.5,14]}},"from":[6,0,13],"to":[10,0.5,24]},{"faces":{"down":{"rotation":180,"texture":"#0","uv":[10.5,0,11.5,3]},"up":{"texture":"#0","uv":[10.5,0,11.5,3]}},"from":[7.5,0.25,10],"to":[8.5,0.25,13]},{"faces":{"down":{"rotation":90,"texture":"#0","uv":[9,3,13,14]},"east":{"texture":"#0","uv":[9,3,13,3.25]},"north":{"rotation":270,"texture":"#0","uv":[9,3,9.5,14]},"south":{"rotation":90,"texture":"#0","uv":[9,3,9.5,14]},"up":{"rotation":90,"texture":"#0","uv":[9,3,13,14]},"west":{"texture":"#0","uv":[9,13.5,13,13.75]}},"from":[-8,0,6],"to":[3,0.5,10]},{"faces":{"down":{"rotation":90,"texture":"#0","uv":[10.5,0,11.5,3]},"up":{"rotation":90,"texture":"#0","uv":[10.5,0,11.5,3]}},"from":[3,0.25,7.5],"to":[6,0.25,8.5]},{"faces":{"down":{"texture":"#0","uv":[9,3,13,14]},"east":{"rotation":270,"texture":"#0","uv":[9,3,9.5,14]},"north":{"texture":"#0","uv":[9,13.5,13,13.75]},"south":{"texture":"#0","uv":[9,3,13,3.25]},"up":{"rotation":180,"texture":"#0","uv":[9,3,13,14]},"west":{"rotation":90,"texture":"#0","uv":[9,3,9.5,14]}},"from":[6,0,-8],"to":[10,0.5,3]},{"faces":{"down":{"texture":"#0","uv":[10.5,0,11.5,3]},"up":{"rotation":180,"texture":"#0","uv":[10.5,0,11.5,3]}},"from":[7.5,0.25,3],"to":[8.5,0.25,6]},{"faces":{"down":{"rotation":270,"texture":"#0","uv":[9,3,13,14]},"east":{"texture":"#0","uv":[9,13.5,13,13.75]},"north":{"rotation":90,"texture":"#0","uv":[9,3,9.5,14]},"south":{"rotation":270,"texture":"#0","uv":[9,3,9.5,14]},"up":{"rotation":270,"texture":"#0","uv":[9,3,13,14]},"west":{"texture":"#0","uv":[9,3,13,3.25]}},"from":[13,0,6],"to":[24,0.5,10]},{"faces":{"down":{"rotation":270,"texture":"#0","uv":[10.5,0,11.5,3]},"up":{"rotation":270,"texture":"#0","uv":[10.5,0,11.5,3]}},"from":[10,0.25,7.5],"to":[13,0.25,8.5]}],"groups":[{"children":[{"children":[0,1],"name":"group","origin":[8,8,8]},{"children":[2,3],"name":"group","origin":[8,8,8]},{"children":[4,5],"name":"group","origin":[8,8,8]},{"children":[6,7],"name":"group","origin":[8,8,8]}],"name":"group","origin":[8,8,8]}],"textures":{"0":"custom/decorations/ceiling_fan","particle":"custom/decorations/ceiling_fan"}}