{"credit":"Made with Blockbench","display":{"firstperson_lefthand":{"rotation":[-45,163,0],"translation":[6.25,0,-6]},"firstperson_righthand":{"rotation":[-45,163,0],"translation":[6.25,0,-6]},"fixed":{"scale":[2,2,2],"translation":[0,6,1]},"ground":{"rotation":[90,0,0],"scale":[0.4,0.4,0.4],"translation":[0,-0.25,1.25]},"gui":{"rotation":[30,135,0],"translation":[0.5,2.75,0]},"head":{"rotation":[90,0,-180],"scale":[1.6,1.6,1.6],"translation":[0,5,-5]},"thirdperson_lefthand":{"rotation":[43,14,0],"scale":[0.4,0.4,0.4],"translation":[0,0,1.25]},"thirdperson_righthand":{"rotation":[43,14,0],"scale":[0.4,0.4,0.4],"translation":[0,0,1.25]}},"elements":[{"faces":{"down":{"texture":"#0","uv":[0,0,5,0.5]},"east":{"texture":"#0","uv":[0,0,0.5,5]},"north":{"texture":"#0","uv":[0,7,5,12]},"south":{"texture":"#0","uv":[3.5,5,5,6]},"up":{"texture":"#0","uv":[0,0,5,0.5]},"west":{"texture":"#0","uv":[0,0,0.5,5]}},"from":[3,0,7],"to":[13,10,8]},{"faces":{"down":{"texture":"#0","uv":[0.5,10,4.5,11.5]},"east":{"texture":"#0","uv":[7,7.5,5.5,11.5]},"north":{"texture":"#0","uv":[0.5,7.5,4.5,11.5]},"south":{"texture":"#0","uv":[0.5,7.5,4.5,11.5]},"up":{"rotation":180,"texture":"#0","uv":[0.5,7.5,4.5,9]},"west":{"texture":"#0","uv":[5.5,7.5,7,11.5]}},"from":[4,1,4],"to":[12,9,7]}],"groups":[{"children":[0,1],"name":"group","origin":[8,8,8]}],"textures":{"0":"custom/decorations/chat_light","particle":"custom/decorations/chat_light"}}