{"credit":"Made with Blockbench","display":{"firstperson_lefthand":{"rotation":[0,99,0],"translation":[4.25,4.25,-4.75]},"firstperson_righthand":{"rotation":[0,99,0],"translation":[4.25,4.25,-4.75]},"fixed":{"rotation":[-90,0,0],"scale":[2,2,2],"translation":[0,0,-16]},"ground":{"scale":[0.4,0.4,0.4],"translation":[0,6,0]},"gui":{"rotation":[30,45,0],"translation":[0,3,0]},"head":{"rotation":[0,136,0],"scale":[1.6,1.6,1.6],"translation":[0,19.25,0]},"thirdperson_lefthand":{"rotation":[49,0,0],"scale":[0.8,0.8,0.8],"translation":[0,4,4.75]},"thirdperson_righthand":{"rotation":[49,0,0],"scale":[0.8,0.8,0.8],"translation":[0,4,4.75]}},"elements":[{"faces":{"down":{"rotation":270,"texture":"#0","tintindex":0,"uv":[5,1.5,10,6.5]},"east":{"texture":"#0","tintindex":0,"uv":[0,1.5,5,3]},"north":{"texture":"#0","tintindex":0,"uv":[0,0,5,1.5]},"south":{"texture":"#0","tintindex":0,"uv":[5,0,0,1.5]},"up":{"rotation":270,"texture":"#0","tintindex":0,"uv":[5,1.5,10,6.5]},"west":{"texture":"#0","tintindex":0,"uv":[5,0,10,1.5]}},"from":[3,0,3],"to":[13,3,13]},{"faces":{"down":{"rotation":90,"texture":"#0","tintindex":0,"uv":[5,1.5,10,6.5]},"east":{"texture":"#0","tintindex":0,"uv":[5,0,10,1.5]},"north":{"texture":"#0","tintindex":0,"uv":[5,0,0,1.5]},"south":{"texture":"#0","tintindex":0,"uv":[0,0,5,1.5]},"up":{"rotation":90,"texture":"#0","tintindex":0,"uv":[5,1.5,10,6.5]},"west":{"texture":"#0","tintindex":0,"uv":[0,1.5,5,3]}},"from":[3,3,3],"rotation":{"angle":-22.5,"axis":"y","origin":[8,8,8]},"to":[13,6,13]},{"faces":{"down":{"rotation":90,"texture":"#0","tintindex":0,"uv":[5,1.5,10,6.5]},"east":{"texture":"#0","tintindex":0,"uv":[5,0,10,1.5]},"north":{"texture":"#0","tintindex":0,"uv":[5,8,0,9.5]},"south":{"texture":"#0","tintindex":0,"uv":[0,8,5,9.5]},"up":{"rotation":90,"texture":"#0","tintindex":0,"uv":[0,3,5,8]},"west":{"texture":"#0","tintindex":0,"uv":[5,8,10,9.5]}},"from":[3,6,3],"rotation":{"angle":22.5,"axis":"y","origin":[8,8,8]},"to":[13,9,13]}],"textures":{"0":"custom/decorations/clothes_piles1","particle":"custom/decorations/clothes_piles1"}}