{"credit":"Made with Blockbench","display":{"firstperson_lefthand":{"rotation":[0,110,0],"translation":[9,5.5,-6.25]},"firstperson_righthand":{"rotation":[0,110,0],"translation":[9,5.5,-6.25]},"fixed":{"rotation":[-90,0,0],"scale":[2,2,2],"translation":[0,0,-16]},"ground":{"scale":[0.4,0.4,0.4],"translation":[0,2.25,0]},"gui":{"rotation":[30,135,0],"scale":[0.7,0.7,0.7],"translation":[-0.25,0,0]},"head":{"scale":[1.61,1.61,1.61],"translation":[-0.75,8,-11.25]},"thirdperson_lefthand":{"rotation":[90,0,0],"translation":[-5.5,5,12]},"thirdperson_righthand":{"rotation":[90,0,0],"translation":[-6.5,5,12]}},"elements":[{"faces":{"down":{"texture":"#0","uv":[0,6,6.25,10]},"east":{"texture":"#0","uv":[6.25,4,10.25,6]},"north":{"texture":"#0","uv":[6.25,14,12.5,16]},"south":{"texture":"#0","uv":[6.25,14,12.5,16]},"up":{"rotation":180,"texture":"#0","uv":[0,0,6.25,4]},"west":{"texture":"#0","uv":[10.25,4,6.25,6]}},"from":[-4,0,0],"rotation":{"angle":0,"axis":"y","origin":[4,8,8]},"to":[21,8,16]}],"groups":[{"children":[{"children":[0],"name":"valentine_chest_base","origin":[8,8,8]}],"name":"valentine_chest_base","origin":[8,8,8]}],"texture_size":[64,64],"textures":{"0":"custom/decorations/cosmo_chest"}}