{"credit":"Made with Blockbench","display":{"firstperson_lefthand":{"rotation":[0,148,0],"translation":[7.5,0,-7.5]},"firstperson_righthand":{"rotation":[0,148,0],"translation":[7.5,0,-7.5]},"fixed":{"rotation":[0,-90,0],"scale":[2,2,2],"translation":[0,-8,-20]},"ground":{"scale":[0.4,0.4,0.4],"translation":[0,4.75,0]},"gui":{"rotation":[0,180,0],"scale":[0.8,0.8,0.8],"translation":[0,-1.75,0]},"head":{"scale":[1.6,1.6,1.6],"translation":[-22,-13.25,0]},"thirdperson_lefthand":{"rotation":[32,-15,0],"scale":[0.3,0.3,0.3],"translation":[0,0.75,-0.25]},"thirdperson_righthand":{"rotation":[32,-15,0],"scale":[0.3,0.3,0.3],"translation":[0,0.75,-0.25]}},"elements":[{"faces":{"east":{"texture":"#0","uv":[0.5,5,1,9]},"north":{"texture":"#0","uv":[9,5,10,9]},"south":{"texture":"#0","uv":[10,5,9,9]},"west":{"texture":"#0","uv":[0.5,5,1,9]}},"from":[-2,2,7.5],"to":[0,10,8.5]},{"faces":{"east":{"texture":"#0","uv":[0,5,0.5,9]},"north":{"texture":"#0","uv":[0,5,1,9]},"south":{"texture":"#0","uv":[1,5,0,9]},"west":{"texture":"#0","uv":[0.5,5,1,9]}},"from":[16,2,7.5],"to":[18,10,8.5]},{"faces":{"down":{"texture":"#0","uv":[0,9.5,10,10]},"east":{"texture":"#0","uv":[0,9,0.5,10]},"north":{"texture":"#0","uv":[0,9,10,10]},"south":{"texture":"#0","uv":[10,9,0,10]},"up":{"rotation":180,"texture":"#0","uv":[0,9.5,10,10]},"west":{"texture":"#0","uv":[9.5,9,10,10]}},"from":[-2,0,7.5],"to":[18,2,8.5]},{"faces":{"down":{"texture":"#0","uv":[0,9.5,10,10]},"east":{"texture":"#0","uv":[0,4,0.5,5]},"north":{"texture":"#0","uv":[0,4,10,5]},"south":{"texture":"#0","uv":[10,4,0,5]},"up":{"rotation":180,"texture":"#0","uv":[0,4,10,4.5]},"west":{"texture":"#0","uv":[9.5,4,10,5]}},"from":[-2,10,7.5],"to":[18,12,8.5]},{"faces":{"north":{"texture":"#0","uv":[1,5,9,9]},"south":{"texture":"#0","uv":[9,5,1,9]}},"from":[0,2,8],"to":[16,10,8]},{"faces":{"north":{"texture":"#0","uv":[0,0,9.5,4]},"south":{"texture":"#0","uv":[9.5,0,0,4]}},"from":[-1,12,8],"to":[18,20,8]}],"groups":[{"children":[0,1,2,3],"name":"group","origin":[8,8,8]},4,5],"textures":{"0":"custom/decorations/dressing_sign","particle":"custom/decorations/dressing_sign"}}