{"credit":"Made with Blockbench","display":{"head":{"scale":[1.61,1.61,1.61],"translation":[-0.75,8,-11.25]},"thirdperson_lefthand":{"rotation":[90,0,0],"translation":[-5.5,5,12]},"thirdperson_righthand":{"rotation":[90,0,0],"translation":[-6.5,5,12]}},"elements":[{"faces":{"east":{"texture":"#0","uv":[4,14,0,16]},"north":{"texture":"#0","uv":[6.25,12,12.5,14]},"south":{"texture":"#0","uv":[6.25,12,12.5,14]},"up":{"texture":"#0","uv":[0,14,6.25,10]},"west":{"texture":"#0","uv":[0,14,4,16]}},"from":[-4.5,-0.5,-0.5],"rotation":{"angle":0,"axis":"x","origin":[8.5,2,15.75]},"to":[21.5,8.5,16.5]},{"faces":{"down":{"texture":"#0","uv":[0,14,6.25,10]},"east":{"rotation":180,"texture":"#0","uv":[0,14,4,16]},"north":{"rotation":180,"texture":"#0","uv":[6.25,12,12.5,14]},"south":{"rotation":180,"texture":"#0","uv":[6.25,12,12.5,14]},"west":{"rotation":180,"texture":"#0","uv":[0,14,4,16]}},"from":[21.5,8.5,16.5],"rotation":{"angle":0,"axis":"x","origin":[8.5,2,15.75]},"to":[-4.5,-0.5,-0.5]},{"faces":{"down":{"rotation":180,"texture":"#0","uv":[6.25,4,12.5,0]},"east":{"texture":"#0","uv":[14.25,4,10.25,6]},"north":{"texture":"#0","uv":[6.25,6,12.5,8]},"south":{"texture":"#0","uv":[6.25,6,12.5,8]},"up":{"texture":"#0","uv":[6.25,12,12.5,8]},"west":{"texture":"#0","uv":[10.25,4,14.25,6]}},"from":[-4,0,0],"rotation":{"angle":0,"axis":"x","origin":[8.5,2,15.75]},"to":[21,8,16]},{"faces":{"north":{"rotation":90,"texture":"#0","uv":[12.5,0,14,1.5]},"south":{"rotation":270,"texture":"#0","uv":[12.5,0,14,1.5]}},"from":[0.5,-1,-2],"rotation":{"angle":0,"axis":"x","origin":[8.5,2,15.75]},"to":[6.5,5,-2]},{"faces":{"north":{"texture":"#0","uv":[12.5,0,14,1.5]},"south":{"texture":"#0","uv":[12.5,0,14,1.5]}},"from":[5.5,4,-2],"rotation":{"angle":0,"axis":"x","origin":[8.5,2,15.75]},"to":[11.5,10,-2]},{"faces":{"north":{"rotation":270,"texture":"#0","uv":[12.5,0,14,1.5]},"south":{"rotation":90,"texture":"#0","uv":[12.5,0,14,1.5]}},"from":[10.5,-1,-2],"rotation":{"angle":0,"axis":"x","origin":[8.5,2,15.75]},"to":[16.5,5,-2]},{"faces":{"north":{"rotation":180,"texture":"#0","uv":[12.5,0,14,1.5]},"south":{"rotation":180,"texture":"#0","uv":[12.5,0,14,1.5]}},"from":[5.5,-6,-2],"rotation":{"angle":0,"axis":"x","origin":[8.5,2,15.75]},"to":[11.5,0,-2]},{"faces":{"down":{"rotation":180,"texture":"#0","uv":[12.5,7,13.5,7.5]},"east":{"texture":"#0","uv":[14,6,13.5,7]},"north":{"texture":"#0","uv":[12.5,6,13.5,7]},"south":{"texture":"#0","uv":[12.5,6,13.5,7]},"up":{"rotation":180,"texture":"#0","uv":[12.5,7.5,13.5,8]},"west":{"texture":"#0","uv":[13.5,6,14,7]}},"from":[6.5,0,-2],"rotation":{"angle":0,"axis":"x","origin":[8.5,2,15.75]},"to":[10.5,4,0]},{"faces":{"east":{"texture":"#0","uv":[0.75,11.25,1.25,13.75]},"north":{"texture":"#0","uv":[0.75,11.25,1.25,13.75]},"south":{"texture":"#0","uv":[0.75,11.25,1.25,13.75]},"up":{"texture":"#0","uv":[5,12.5,5.5,13]},"west":{"texture":"#0","uv":[0.75,11.25,1.25,13.75]}},"from":[-2,8,7],"rotation":{"angle":0,"axis":"x","origin":[8.5,2,15.75]},"to":[0,18,9]},{"faces":{"down":{"rotation":270,"texture":"#0","uv":[12.5,11,13,15.25]},"north":{"rotation":270,"texture":"#0","uv":[12.5,11,13,15.25]},"south":{"rotation":270,"texture":"#0","uv":[12.5,11,13,15.25]},"up":{"rotation":270,"texture":"#0","uv":[12.5,11,13,15.25]}},"from":[0,16,7],"rotation":{"angle":0,"axis":"x","origin":[8.5,2,15.75]},"to":[17,18,9]},{"faces":{"north":{"texture":"#0","uv":[12.5,9,15.75,11]},"south":{"texture":"#0","uv":[12.5,9,15.75,11]}},"from":[2,9,0.75],"rotation":{"angle":22.5,"axis":"x","origin":[8.5,2,15.75]},"to":[15,17,0.75]},{"faces":{"east":{"texture":"#0","uv":[0.75,11.25,1.25,13.75]},"north":{"texture":"#0","uv":[1.25,11.25,0.75,13.75]},"south":{"texture":"#0","uv":[0.75,11.25,1.25,13.75]},"up":{"texture":"#0","uv":[5,12.5,5.5,13]},"west":{"texture":"#0","uv":[0.75,11.25,1.25,13.75]}},"from":[17,8,7],"rotation":{"angle":0,"axis":"x","origin":[8.5,2,15.75]},"to":[19,18,9]}],"groups":[{"children":[{"children":[{"children":[],"name":"group","origin":[14,13,6]}],"name":"group","origin":[14,13,6]},0,1,2,3,4,5,6,7,8,9,10,11],"name":"patrick_chest_lid","origin":[8,8,8]}],"texture_size":[64,64],"textures":{"0":"custom/decorations/easter_chest"}}