{"credit":"Made with Blockbench","display":{"firstperson_lefthand":{"rotation":[0,30,0],"translation":[14.75,5,-9.25]},"firstperson_righthand":{"rotation":[0,30,0],"translation":[14.75,5,-9.25]},"fixed":{"rotation":[-90,0,0],"scale":[2,2,2],"translation":[0,0,-16]},"ground":{"scale":[0.39,0.39,0.39],"translation":[0,10.5,0]},"gui":{"rotation":[30,45,0],"scale":[0.69,0.69,0.69],"translation":[0,6,0]},"head":{"translation":[0,16.5,0]},"thirdperson_lefthand":{"rotation":[52,45,0],"scale":[0.39,0.39,0.39],"translation":[0,3.5,2.25]},"thirdperson_righthand":{"rotation":[52,45,0],"scale":[0.39,0.39,0.39],"translation":[0,3.5,2.25]}},"elements":[{"faces":{"east":{"texture":"#0","uv":[8,8,16,13]},"north":{"texture":"#0","uv":[8,8,16,13]},"south":{"texture":"#0","uv":[8,8,16,13]},"up":{"texture":"#0","uv":[8,0,16,8]},"west":{"texture":"#0","uv":[8,8,16,13]}},"from":[-0.25,-10.25,-0.25],"rotation":{"angle":0,"axis":"y","origin":[8,-2,8]},"to":[16.25,0.25,16.25]},{"faces":{"down":{"rotation":180,"texture":"#0","uv":[0,2,6,2.5]},"south":{"texture":"#0","uv":[6,1.5,0,2.5]},"up":{"rotation":180,"texture":"#0","uv":[0,1.5,6,2]}},"from":[2,1,2],"rotation":{"angle":0,"axis":"y","origin":[10,9,10]},"to":[14,3,3]},{"faces":{"down":{"rotation":90,"texture":"#0","uv":[0.5,2,5.5,2.5]},"east":{"texture":"#0","uv":[5.5,1.5,0.5,2.5]},"up":{"rotation":90,"texture":"#0","uv":[0.5,1.5,5.5,2]}},"from":[2,1,3],"rotation":{"angle":0,"axis":"y","origin":[10,9,11]},"to":[3,3,13]},{"faces":{"down":{"rotation":270,"texture":"#0","uv":[0.5,2,5.5,2.5]},"up":{"rotation":270,"texture":"#0","uv":[0.5,1.5,5.5,2]},"west":{"texture":"#0","uv":[5.5,1.5,0.5,2.5]}},"from":[13,1,3],"rotation":{"angle":0,"axis":"y","origin":[21,9,11]},"to":[14,3,13]},{"faces":{"down":{"texture":"#0","uv":[0,2,6,2.5]},"north":{"texture":"#0","uv":[6,1.5,0,2.5]},"up":{"texture":"#0","uv":[0,1.5,6,2]}},"from":[2,1,13],"rotation":{"angle":0,"axis":"y","origin":[10,9,21]},"to":[14,3,14]},{"faces":{"east":{"texture":"#0","uv":[0,0,6,3]},"north":{"texture":"#0","uv":[0,0,6,3]},"south":{"texture":"#0","uv":[0,0,6,3]},"west":{"texture":"#0","uv":[0,0,6,3]}},"from":[2,0,2],"rotation":{"angle":0,"axis":"y","origin":[10,8,10]},"to":[14,6,14]},{"faces":{"east":{"rotation":180,"texture":"#0","uv":[0,0,6,3]},"north":{"rotation":180,"texture":"#0","uv":[0,0,6,3]},"south":{"rotation":180,"texture":"#0","uv":[0,0,6,3]},"west":{"rotation":180,"texture":"#0","uv":[0,0,6,3]}},"from":[14,6,14],"rotation":{"angle":0,"axis":"y","origin":[22,14,22]},"to":[2,0,2]},{"faces":{"down":{"texture":"#0","uv":[0.5,3,5.5,8]},"up":{"texture":"#0","uv":[0.5,3,5.5,8]}},"from":[3,2,3],"rotation":{"angle":0,"axis":"y","origin":[11,10,11]},"to":[13,2,13]}],"texture_size":[32,32],"textures":{"0":"custom/decorations/enchanted_ash_tray","particle":"custom/decorations/enchanted_ash_tray"}}