{"credit":"Made with Blockbench","display":{"firstperson_lefthand":{"rotation":[10,-14,0],"translation":[-33.25,-6.5,-12.75]},"firstperson_righthand":{"rotation":[10,-14,0],"translation":[-33.25,-6.5,-12.75]},"fixed":{"rotation":[-90,0,0],"scale":[4,4,4],"translation":[0,0,-30]},"ground":{"translation":[0,10.5,0]},"gui":{"rotation":[30,45,0],"scale":[0.5,0.5,0.5],"translation":[0,-1,0]},"head":{"scale":[3.2,3.2,3.2],"translation":[0,-15.5,0]},"thirdperson_lefthand":{"rotation":[63,0,0],"scale":[0.4,0.4,0.4]},"thirdperson_righthand":{"rotation":[63,0,0],"scale":[0.4,0.4,0.4]}},"elements":[{"faces":{"down":{"texture":"#0","uv":[5,5.125,0,10.125]},"east":{"texture":"#0","uv":[0,0,5,5]},"north":{"texture":"#0","uv":[5.125,0,10.125,5]},"south":{"texture":"#0","uv":[5.125,0,10.125,5]},"up":{"texture":"#0","uv":[10.125,5.125,5.125,10.125]},"west":{"texture":"#0","uv":[0,0,5,5]}},"from":[-2,0,-2],"to":[18,20,18]}],"textures":{"0":"custom/decorations/globe_statue","particle":"custom/decorations/globe_statue"}}