{"credit":"Made with Blockbench","display":{"firstperson_lefthand":{"rotation":[0,-27,0],"translation":[19.75,-8.5,-18.75]},"firstperson_righthand":{"rotation":[0,-27,0],"translation":[19.75,-8.5,-18.75]},"fixed":{"rotation":[-90,0,0],"scale":[2,2,2],"translation":[10,10,-14]},"ground":{"scale":[0.2,0.2,0.2],"translation":[0,3.5,0]},"gui":{"rotation":[30,45,0],"scale":[0.37,0.37,0.37],"translation":[0,1,0]},"head":{"translation":[0,30,0]},"thirdperson_lefthand":{"rotation":[49,31,0],"scale":[0.2,0.2,0.2],"translation":[0,1,1.25]},"thirdperson_righthand":{"rotation":[49,31,0],"scale":[0.2,0.2,0.2],"translation":[0,1,1.25]}},"elements":[{"faces":{"down":{"texture":"#0","uv":[10,6,16,12]},"east":{"texture":"#0","uv":[0,0,6,1]},"north":{"texture":"#0","uv":[0,0,6,1]},"south":{"texture":"#0","uv":[0,0,6,1]},"up":{"texture":"#0","uv":[10,6,16,12]},"west":{"texture":"#0","uv":[0,0,6,1]}},"from":[2,18,2],"rotation":{"angle":0,"axis":"y","origin":[8,-8,8]},"to":[14,20,14]},{"faces":{"down":{"texture":"#0","uv":[10,6,16,12]},"east":{"texture":"#0","uv":[0,0,6,1]},"north":{"texture":"#0","uv":[0,0,6,1]},"south":{"texture":"#0","uv":[0,0,6,1]},"up":{"texture":"#0","uv":[10,6,16,12]},"west":{"texture":"#0","uv":[0,0,6,1]}},"from":[2,6,2],"rotation":{"angle":0,"axis":"y","origin":[8,-8,8]},"to":[14,8,14]},{"faces":{"east":{"texture":"#0","uv":[7,6.5,10,16]},"north":{"texture":"#0","uv":[7,6.5,10,16]},"south":{"texture":"#0","uv":[7,6.5,10,16]},"west":{"texture":"#0","uv":[7,6.5,10,16]}},"from":[5,-13,5],"rotation":{"angle":0,"axis":"y","origin":[8,-8,8]},"to":[11,6,11]},{"faces":{"down":{"texture":"#0","uv":[1.5,7,6.5,12]},"east":{"texture":"#0","uv":[1.5,12,6.5,13.5]},"north":{"texture":"#0","uv":[1.5,12,6.5,13.5]},"south":{"texture":"#0","uv":[1.5,12,6.5,13.5]},"up":{"texture":"#0","uv":[1.5,7,6.5,12]},"west":{"texture":"#0","uv":[1.5,12,6.5,13.5]}},"from":[3,-16,3],"rotation":{"angle":0,"axis":"y","origin":[8,-8,8]},"to":[13,-13,13]},{"faces":{"down":{"texture":"#0","uv":[0,0,5,5]},"east":{"texture":"#0","uv":[5.5,1,10.5,6]},"north":{"texture":"#0","uv":[0.5,1,5.5,6]},"south":{"texture":"#0","uv":[0.5,1,5.5,6]},"up":{"texture":"#0","uv":[0,0,5,5]},"west":{"texture":"#0","uv":[5.5,1,10.5,6]}},"from":[3,8,3],"to":[13,18,13]},{"faces":{"down":{"texture":"#0","uv":[0,0,5,0]},"east":{"texture":"#0","uv":[0,0,0,5]},"north":{"texture":"#0","uv":[10.5,1,15.5,6]},"south":{"texture":"#0","uv":[10.5,1,15.5,6]},"up":{"texture":"#0","uv":[0,0,5,0]},"west":{"texture":"#0","uv":[0,0,0,5]}},"from":[3,20,8],"rotation":{"angle":-45,"axis":"y","origin":[8,8,8]},"to":[13,30,8]},{"faces":{"down":{"texture":"#0","uv":[0,0,5,0]},"east":{"texture":"#0","uv":[0,0,0,5]},"north":{"texture":"#0","uv":[10.5,1,15.5,6]},"south":{"texture":"#0","uv":[10.5,1,15.5,6]},"up":{"texture":"#0","uv":[0,0,5,0]},"west":{"texture":"#0","uv":[0,0,0,5]}},"from":[3,20,8],"rotation":{"angle":45,"axis":"y","origin":[8,8,8]},"to":[13,30,8]}],"groups":[{"children":[0,1,2,3,4,5,6],"name":"group","origin":[8,8,8]}],"textures":{"0":"custom/decorations/globe_lantern","particle":"custom/decorations/globe_lantern"}}