{"credit":"Made with Blockbench","display":{"firstperson_lefthand":{"rotation":[0,112,0],"translation":[5.75,6.5,-6]},"firstperson_righthand":{"rotation":[0,112,0],"translation":[5.75,6.5,-6]},"fixed":{"scale":[2,2,2],"translation":[0,5.5,-16]},"ground":{"scale":[0.4,0.4,0.4],"translation":[0,6,-0.75]},"gui":{"rotation":[30,135,0],"scale":[0.8,0.8,0.8],"translation":[-1.75,5.5,0]},"head":{"rotation":[0,180,0],"scale":[1.6,1.6,1.6],"translation":[0,6.5,19]},"thirdperson_lefthand":{"rotation":[47,50,0],"scale":[0.4,0.4,0.4],"translation":[-1.5,3.75,1.25]},"thirdperson_righthand":{"rotation":[47,50,0],"scale":[0.4,0.4,0.4],"translation":[-1.5,3.75,1.25]}},"elements":[{"faces":{"down":{"texture":"#0","uv":[8,3,11,3.5]},"east":{"texture":"#0","uv":[8,0,8.5,3.5]},"north":{"texture":"#0","uv":[8,0,11,3.5]},"south":{"texture":"#0","uv":[8,0,11,3.5]},"up":{"texture":"#0","uv":[8,0,11,0.5]},"west":{"texture":"#0","uv":[8,0,8.5,3.5]}},"from":[5,0,15],"to":[11,7,16]},{"faces":{"down":{"rotation":180,"texture":"#0","uv":[7.5,0,8,3.5]},"east":{"rotation":90,"texture":"#0","uv":[7.5,0,8,3.5]},"north":{"rotation":180,"texture":"#0","uv":[7.5,0,8,0.5]},"south":{"texture":"#0","uv":[7.5,3,8,3.5]},"up":{"texture":"#0","uv":[7.5,0,8,3.5]},"west":{"rotation":270,"texture":"#0","uv":[7.5,0,8,3.5]}},"from":[7.5,1.48867,7.48867],"rotation":{"angle":22.5,"axis":"x","origin":[8.0192,0.48867,15]},"to":[8.5,2.48867,14.48867]},{"faces":{"down":{"rotation":180,"texture":"#0","tintindex":0,"uv":[0,8,2.5,10.5]},"east":{"texture":"#0","tintindex":0,"uv":[0,0,2.5,8]},"north":{"texture":"#0","tintindex":0,"uv":[0,0,2.5,8]},"south":{"texture":"#0","tintindex":0,"uv":[11,0,13.5,8]},"up":{"rotation":180,"texture":"#0","tintindex":0,"uv":[2.5,8,5,10.5]},"west":{"texture":"#0","tintindex":0,"uv":[0,0,2.5,8]}},"from":[5.5,-10,7],"to":[10.5,6,12]},{"faces":{"down":{"rotation":180,"texture":"#0","tintindex":0,"uv":[2.5,8,5,10.5]},"east":{"rotation":180,"texture":"#0","tintindex":0,"uv":[0,0,2.5,8]},"north":{"rotation":180,"texture":"#0","tintindex":0,"uv":[11,0,13.5,8]},"south":{"rotation":180,"texture":"#0","tintindex":0,"uv":[0,0,2.5,8]},"up":{"rotation":180,"texture":"#0","tintindex":0,"uv":[0,8,2.5,10.5]},"west":{"rotation":180,"texture":"#0","tintindex":0,"uv":[0,0,2.5,8]}},"from":[10.5,6,12],"to":[5.5,-10,7]},{"faces":{"down":{"rotation":180,"texture":"#0","tintindex":0,"uv":[5.5,2,6.5,4]},"east":{"texture":"#0","tintindex":0,"uv":[3.5,0,5.5,7]},"north":{"texture":"#0","tintindex":0,"uv":[2.5,0,3.5,7]},"south":{"texture":"#0","tintindex":0,"uv":[3.5,0,2.5,7]},"up":{"rotation":180,"texture":"#0","tintindex":0,"uv":[5.5,0,6.5,2]},"west":{"texture":"#0","tintindex":0,"uv":[3.5,0,5.5,7]}},"from":[3.5,-9,8],"to":[5.5,5,12]},{"faces":{"down":{"texture":"#0","tintindex":0,"uv":[5.5,2,6.5,4]},"east":{"texture":"#0","tintindex":0,"uv":[3.5,0,5.5,7]},"north":{"texture":"#0","tintindex":0,"uv":[3.5,0,2.5,7]},"south":{"texture":"#0","tintindex":0,"uv":[2.5,0,3.5,7]},"up":{"texture":"#0","tintindex":0,"uv":[5.5,0,6.5,2]},"west":{"texture":"#0","tintindex":0,"uv":[3.5,0,5.5,7]}},"from":[10.5,-9,8],"to":[12.5,5,12]},{"faces":{"down":{"rotation":180,"texture":"#0","tintindex":0,"uv":[5.5,0,6.5,2]},"east":{"rotation":180,"texture":"#0","tintindex":0,"uv":[3.5,0,5.5,7]},"north":{"rotation":180,"texture":"#0","tintindex":0,"uv":[3.5,0,2.5,7]},"south":{"rotation":180,"texture":"#0","tintindex":0,"uv":[3.5,0,2.5,7]},"up":{"rotation":180,"texture":"#0","tintindex":0,"uv":[5.5,2,6.5,4]},"west":{"rotation":180,"texture":"#0","tintindex":0,"uv":[3.5,0,5.5,7]}},"from":[12.5,5,12],"to":[10.5,-9,8]},{"faces":{"down":{"rotation":180,"texture":"#0","tintindex":0,"uv":[5.5,0,6.5,2]},"east":{"rotation":180,"texture":"#0","tintindex":0,"uv":[3.5,0,5.5,7]},"north":{"rotation":180,"texture":"#0","tintindex":0,"uv":[3.5,0,2.5,7]},"south":{"rotation":180,"texture":"#0","tintindex":0,"uv":[3.5,0,2.5,7]},"up":{"texture":"#0","tintindex":0,"uv":[5.5,2,6.5,4]},"west":{"rotation":180,"texture":"#0","tintindex":0,"uv":[3.5,0,5.5,7]}},"from":[5.5,5,12],"to":[3.5,-9,8]}],"textures":{"0":"custom/decorations/hanger_coat","particle":"custom/decorations/hanger_coat"}}