{"credit":"Made with Blockbench","display":{"firstperson_lefthand":{"rotation":[0,40,0],"translation":[14.25,7.5,-0.75]},"firstperson_righthand":{"rotation":[0,40,0],"translation":[5.5,7.5,0.25]},"fixed":{"rotation":[-90,0,0],"scale":[2,2,2],"translation":[0,0,-14]},"ground":{"scale":[0.4,0.4,0.4],"translation":[0,6,0]},"gui":{"rotation":[74,0,0],"translation":[0,2.5,0]},"head":{"scale":[1.6,1.6,1.6],"translation":[0,19.5,0]},"thirdperson_lefthand":{"rotation":[10,36,0],"scale":[0.3,0.3,0.3],"translation":[0,2.75,0]},"thirdperson_righthand":{"rotation":[10,36,0],"scale":[0.3,0.3,0.3],"translation":[0,2.75,0]}},"elements":[{"faces":{"up":{"texture":"#0","uv":[0,0,16,16]}},"from":[0,0.25,0],"to":[16,0.25,16]}],"textures":{"0":"custom/decorations/hay_cover","particle":"custom/decorations/hay_cover"}}