{"credit":"Made with Blockbench","display":{"firstperson_lefthand":{"rotation":[0,135,0],"translation":[16.5,0,-7.25]},"firstperson_righthand":{"rotation":[0,-36,0],"translation":[16.5,0,-7.25]},"fixed":{"rotation":[-90,0,0],"scale":[4,4,4],"translation":[-4,-16,-20]},"ground":{"scale":[0.2,0.2,0.2],"translation":[0,4,0]},"gui":{"rotation":[30,45,0],"scale":[0.35,0.35,0.35],"translation":[-0.5,1,0]},"head":{"translation":[-4.5,9.75,0]},"thirdperson_lefthand":{"rotation":[58,-41,0],"scale":[0.1,0.1,0.1],"translation":[0,1.25,0.25]},"thirdperson_righthand":{"rotation":[58,-41,0],"scale":[0.1,0.1,0.1],"translation":[0,1.25,0.25]}},"elements":[{"faces":{"down":{"texture":"#0","uv":[8,4.5,0,4]},"east":{"texture":"#0","uv":[0,2,0.5,4]},"north":{"texture":"#0","uv":[0,2,8,4]},"south":{"texture":"#0","uv":[0,2,8,4]},"up":{"texture":"#0","uv":[8,8,0,7.5]},"west":{"texture":"#0","uv":[0,2,0.5,4]}},"from":[-3,0,0],"rotation":{"angle":0,"axis":"y","origin":[13,8,8]},"to":[29,8,2]},{"faces":{"down":{"texture":"#0","uv":[8,8,0,7.5]},"east":{"texture":"#0","uv":[3.75,2,4.25,4]},"north":{"texture":"#0","uv":[0,2,8,4]},"south":{"texture":"#0","uv":[0,2,8,4]},"up":{"texture":"#0","uv":[8,4.5,0,4]},"west":{"texture":"#0","uv":[3.75,2,4.25,4]}},"from":[-3,0,14],"rotation":{"angle":0,"axis":"y","origin":[13,8,8]},"to":[29,8,16]},{"faces":{"down":{"texture":"#0","uv":[0,4.5,0.5,7.5]},"east":{"texture":"#0","uv":[0.5,2,3.5,4]},"up":{"texture":"#0","uv":[0,4.5,0.5,7.5]},"west":{"texture":"#0","uv":[0.5,2,3.5,4]}},"from":[-3,0,2],"rotation":{"angle":0,"axis":"y","origin":[13,8,8]},"to":[-1,8,14]},{"faces":{"down":{"texture":"#0","uv":[0,4.5,7.5,7.5]},"east":{"texture":"#0","uv":[0.5,4,3.5,4.5]},"up":{"texture":"#0","uv":[0,4.5,7.5,7.5]}},"from":[-1,0,2],"rotation":{"angle":0,"axis":"y","origin":[13,8,8]},"to":[29,2,14]},{"faces":{"east":{"texture":"#0","uv":[0,0.75,0.5,2]},"north":{"texture":"#0","uv":[0,0.75,0.5,2]},"south":{"texture":"#0","uv":[0,0.75,0.5,2]},"up":{"texture":"#0","uv":[0,4,0.5,4.5]},"west":{"texture":"#0","uv":[0,0.75,0.5,2]}},"from":[12,8,0],"rotation":{"angle":0,"axis":"y","origin":[13,8,8]},"to":[14,13,2]},{"faces":{"east":{"texture":"#0","uv":[0,0.75,0.5,2]},"north":{"texture":"#0","uv":[0,0.75,0.5,2]},"south":{"texture":"#0","uv":[0,0.75,0.5,2]},"up":{"texture":"#0","uv":[0,4,0.5,4.5]},"west":{"texture":"#0","uv":[0,0.75,0.5,2]}},"from":[-3,8,14],"rotation":{"angle":0,"axis":"y","origin":[13,8,8]},"to":[-1,13,16]},{"faces":{"down":{"texture":"#0","uv":[0,4,0.5,4.5]},"east":{"texture":"#0","uv":[0.5,0.75,0,1.5]},"north":{"texture":"#0","uv":[0.5,0.75,0,1.5]},"south":{"texture":"#0","uv":[0.5,0.75,0,1.5]},"up":{"texture":"#0","uv":[0,4,0.5,4.5]},"west":{"texture":"#0","uv":[0.5,0.75,0,1.5]}},"from":[27,-3,14],"rotation":{"angle":0,"axis":"y","origin":[43,8,8]},"to":[29,0,16]},{"faces":{"down":{"texture":"#0","uv":[0,4,0.5,4.5]},"east":{"texture":"#0","uv":[0.5,0.75,0,1.5]},"north":{"texture":"#0","uv":[0.5,0.75,0,1.5]},"south":{"texture":"#0","uv":[0.5,0.75,0,1.5]},"up":{"texture":"#0","uv":[0,4,0.5,4.5]},"west":{"texture":"#0","uv":[0.5,0.75,0,1.5]}},"from":[-3,-3,14],"rotation":{"angle":0,"axis":"y","origin":[13,8,8]},"to":[-1,0,16]},{"faces":{"down":{"texture":"#0","uv":[0,4,0.5,4.5]},"east":{"texture":"#0","uv":[0.5,0.75,0,1.5]},"north":{"texture":"#0","uv":[0.5,0.75,0,1.5]},"south":{"texture":"#0","uv":[0.5,0.75,0,1.5]},"up":{"texture":"#0","uv":[0,4,0.5,4.5]},"west":{"texture":"#0","uv":[0.5,0.75,0,1.5]}},"from":[27,-3,0],"rotation":{"angle":0,"axis":"y","origin":[43,8,8]},"to":[29,0,2]},{"faces":{"down":{"texture":"#0","uv":[0,4,0.5,4.5]},"east":{"texture":"#0","uv":[0.5,0.75,0,1.5]},"north":{"texture":"#0","uv":[0.5,0.75,0,1.5]},"south":{"texture":"#0","uv":[0.5,0.75,0,1.5]},"up":{"texture":"#0","uv":[0,4,0.5,4.5]},"west":{"texture":"#0","uv":[0.5,0.75,0,1.5]}},"from":[-3,-3,0],"rotation":{"angle":0,"axis":"y","origin":[13,8,8]},"to":[-1,0,2]},{"faces":{"east":{"texture":"#0","uv":[3.75,0.75,4.25,2]},"north":{"texture":"#0","uv":[3.75,0.75,4.25,2]},"south":{"texture":"#0","uv":[3.75,0.75,4.25,2]},"up":{"texture":"#0","uv":[0,4,0.5,4.5]},"west":{"texture":"#0","uv":[3.75,0.75,4.25,2]}},"from":[-3,8,0],"rotation":{"angle":0,"axis":"y","origin":[13,8,8]},"to":[-1,13,2]},{"faces":{"east":{"texture":"#0","uv":[3.75,0.75,4.25,2]},"north":{"texture":"#0","uv":[3.75,0.75,4.25,2]},"south":{"texture":"#0","uv":[3.75,0.75,4.25,2]},"up":{"texture":"#0","uv":[0,4,0.5,4.5]},"west":{"texture":"#0","uv":[3.75,0.75,4.25,2]}},"from":[27,8,14],"rotation":{"angle":0,"axis":"y","origin":[13,8,8]},"to":[29,13,16]},{"faces":{"east":{"texture":"#0","uv":[7.5,0.75,8,2]},"north":{"texture":"#0","uv":[7.5,0.75,8,2]},"south":{"texture":"#0","uv":[7.5,0.75,8,2]},"up":{"texture":"#0","uv":[0,4,0.5,4.5]},"west":{"texture":"#0","uv":[7.5,0.75,8,2]}},"from":[12,8,14],"rotation":{"angle":0,"axis":"y","origin":[13,8,8]},"to":[14,13,16]},{"faces":{"east":{"texture":"#0","uv":[7.5,0.75,8,2]},"north":{"texture":"#0","uv":[7.5,0.75,8,2]},"south":{"texture":"#0","uv":[7.5,0.75,8,2]},"up":{"texture":"#0","uv":[0,4,0.5,4.5]},"west":{"texture":"#0","uv":[7.5,0.75,8,2]}},"from":[27,8,0],"rotation":{"angle":0,"axis":"y","origin":[13,8,8]},"to":[29,13,2]},{"faces":{"north":{"texture":"#0","uv":[0.5,1.25,3.75,1.625]},"south":{"texture":"#0","uv":[0.5,1.25,3.75,1.625]}},"from":[-1,10,1],"rotation":{"angle":0,"axis":"y","origin":[13,8,8]},"to":[12,11.5,1]},{"faces":{"east":{"texture":"#0","uv":[0.5,1.25,3.75,1.625]},"west":{"texture":"#0","uv":[0.5,1.25,3.75,1.625]}},"from":[-2,10,1.5],"rotation":{"angle":0,"axis":"y","origin":[13,8,8]},"to":[-2,11.5,14.5]},{"faces":{"east":{"texture":"#0","uv":[0.5,1.25,3.75,1.625]},"west":{"texture":"#0","uv":[0.5,1.25,3.75,1.625]}},"from":[-2,-2.5,1.5],"rotation":{"angle":0,"axis":"y","origin":[13,8,8]},"to":[-2,-1,14.5]},{"faces":{"east":{"texture":"#0","uv":[0.5,1.25,3.75,1.625]},"west":{"texture":"#0","uv":[0.5,1.25,3.75,1.625]}},"from":[28,-2.5,1.5],"rotation":{"angle":0,"axis":"y","origin":[43,8,8]},"to":[28,-1,14.5]},{"faces":{"north":{"texture":"#0","uv":[0.5,1.25,3.75,1.625]},"south":{"texture":"#0","uv":[0.5,1.25,3.75,1.625]}},"from":[14,10,1],"rotation":{"angle":0,"axis":"y","origin":[28,8,8]},"to":[27,11.5,1]},{"faces":{"north":{"texture":"#0","uv":[0.5,1.25,3.75,1.625]},"south":{"texture":"#0","uv":[0.5,1.25,3.75,1.625]}},"from":[-1,10,15],"rotation":{"angle":0,"axis":"y","origin":[13,8,8]},"to":[12,11.5,15]},{"faces":{"north":{"texture":"#0","uv":[0.5,1.25,3.75,1.625]},"south":{"texture":"#0","uv":[0.5,1.25,3.75,1.625]}},"from":[14,10,15],"rotation":{"angle":0,"axis":"y","origin":[28,8,8]},"to":[27,11.5,15]},{"faces":{"north":{"texture":"#0","uv":[7.5,8,5.75,8.875]},"south":{"texture":"#0","uv":[5.75,8,7.5,8.875]}},"from":[20,-3,15],"rotation":{"angle":0,"axis":"y","origin":[13,8,8]},"to":[27,0.5,15]},{"faces":{"north":{"texture":"#0","uv":[5.75,8,7.5,8.875]},"south":{"texture":"#0","uv":[7.5,8,5.75,8.875]}},"from":[-1,-3,15],"rotation":{"angle":0,"axis":"y","origin":[-8,8,8]},"to":[6,0.5,15]},{"faces":{"north":{"texture":"#0","uv":[7.5,8,5.75,8.875]},"south":{"texture":"#0","uv":[5.75,8,7.5,8.875]}},"from":[20,-3,1],"rotation":{"angle":0,"axis":"y","origin":[13,8,8]},"to":[27,0.5,1]},{"faces":{"north":{"texture":"#0","uv":[5.75,8,7.5,8.875]},"south":{"texture":"#0","uv":[7.5,8,5.75,8.875]}},"from":[-1,-3,1],"rotation":{"angle":0,"axis":"y","origin":[-8,8,8]},"to":[6,0.5,1]},{"faces":{"down":{"texture":"#0","uv":[0,9.625,2,10]},"east":{"texture":"#0","uv":[2,10,2.375,12]},"north":{"texture":"#0","uv":[0,10,2,12]},"south":{"texture":"#0","uv":[0,10,2,12]},"up":{"texture":"#0","uv":[0,9.625,2,10]},"west":{"texture":"#0","uv":[2,10,2.375,12]}},"from":[-5,-5,16.1],"rotation":{"angle":0,"axis":"y","origin":[14,9,8]},"to":[3,3,17.6]},{"faces":{"down":{"texture":"#0","uv":[0,9.625,2,10]},"east":{"rotation":180,"texture":"#0","uv":[2,10,2.375,12]},"north":{"rotation":180,"texture":"#0","uv":[0,10,2,12]},"south":{"rotation":180,"texture":"#0","uv":[0,10,2,12]},"up":{"texture":"#0","uv":[0,9.625,2,10]},"west":{"rotation":180,"texture":"#0","uv":[2,10,2.375,12]}},"from":[3,3,17.6],"rotation":{"angle":0,"axis":"y","origin":[14,9,8]},"to":[-5,-5,16.1]},{"faces":{"down":{"texture":"#0","uv":[0,9.625,2,10]},"east":{"texture":"#0","uv":[2,10,2.375,12]},"north":{"texture":"#0","uv":[0,10,2,12]},"south":{"texture":"#0","uv":[0,10,2,12]},"up":{"texture":"#0","uv":[0,9.625,2,10]},"west":{"texture":"#0","uv":[2,10,2.375,12]}},"from":[23,-5,16.1],"rotation":{"angle":0,"axis":"y","origin":[42,9,8]},"to":[31,3,17.6]},{"faces":{"down":{"texture":"#0","uv":[0,9.625,2,10]},"east":{"rotation":180,"texture":"#0","uv":[2,10,2.375,12]},"north":{"rotation":180,"texture":"#0","uv":[0,10,2,12]},"south":{"rotation":180,"texture":"#0","uv":[0,10,2,12]},"up":{"texture":"#0","uv":[0,9.625,2,10]},"west":{"rotation":180,"texture":"#0","uv":[2,10,2.375,12]}},"from":[31,3,17.6],"rotation":{"angle":0,"axis":"y","origin":[42,9,8]},"to":[23,-5,16.1]},{"faces":{"down":{"texture":"#0","uv":[0,9.625,2,10]},"east":{"rotation":180,"texture":"#0","uv":[2,10,2.375,12]},"north":{"rotation":180,"texture":"#0","uv":[0,10,2,12]},"south":{"rotation":180,"texture":"#0","uv":[0,10,2,12]},"up":{"texture":"#0","uv":[0,9.625,2,10]},"west":{"rotation":180,"texture":"#0","uv":[2,10,2.375,12]}},"from":[3,3,-0.1],"rotation":{"angle":0,"axis":"y","origin":[14,9,-10]},"to":[-5,-5,-1.6]},{"faces":{"down":{"texture":"#0","uv":[0,9.625,2,10]},"east":{"texture":"#0","uv":[2,10,2.375,12]},"north":{"texture":"#0","uv":[0,10,2,12]},"south":{"texture":"#0","uv":[0,10,2,12]},"up":{"texture":"#0","uv":[0,9.625,2,10]},"west":{"texture":"#0","uv":[2,10,2.375,12]}},"from":[-5,-5,-1.6],"rotation":{"angle":0,"axis":"y","origin":[14,9,-10]},"to":[3,3,-0.1]},{"faces":{"down":{"texture":"#0","uv":[0,9.625,2,10]},"east":{"rotation":180,"texture":"#0","uv":[2,10,2.375,12]},"north":{"rotation":180,"texture":"#0","uv":[0,10,2,12]},"south":{"rotation":180,"texture":"#0","uv":[0,10,2,12]},"up":{"texture":"#0","uv":[0,9.625,2,10]},"west":{"rotation":180,"texture":"#0","uv":[2,10,2.375,12]}},"from":[31,3,-0.1],"rotation":{"angle":0,"axis":"y","origin":[42,9,-10]},"to":[23,-5,-1.6]},{"faces":{"down":{"texture":"#0","uv":[0,9.625,2,10]},"east":{"texture":"#0","uv":[2,10,2.375,12]},"north":{"texture":"#0","uv":[0,10,2,12]},"south":{"texture":"#0","uv":[0,10,2,12]},"up":{"texture":"#0","uv":[0,9.625,2,10]},"west":{"texture":"#0","uv":[2,10,2.375,12]}},"from":[23,-5,-1.6],"rotation":{"angle":0,"axis":"y","origin":[42,9,-10]},"to":[31,3,-0.1]},{"faces":{"down":{"texture":"#0","uv":[4,10.75,7.5,11]},"north":{"texture":"#0","uv":[7.5,10.625,4,11.125]},"south":{"texture":"#0","uv":[4,10.625,7.5,11.125]},"up":{"texture":"#0","uv":[4,10.625,7.5,10.875]},"west":{"texture":"#0","uv":[7.625,10.625,7.875,11.125]}},"from":[-16,0.5,2.5],"rotation":{"angle":0,"axis":"y","origin":[13,8,8]},"to":[-2,2.5,3.5]},{"faces":{"down":{"texture":"#0","uv":[4,10.75,7.5,11]},"north":{"texture":"#0","uv":[7.5,10.625,4,11.125]},"south":{"texture":"#0","uv":[4,10.625,7.5,11.125]},"up":{"texture":"#0","uv":[4,10.625,7.5,10.875]},"west":{"texture":"#0","uv":[7.625,10.625,7.875,11.125]}},"from":[-16,0.5,12.5],"rotation":{"angle":0,"axis":"y","origin":[13,8,8]},"to":[-2,2.5,13.5]}],"groups":[{"children":[0,1,2,3,4,5,6,7,8,9,10,11,12,13,14,15,16,17,18,19,20,21,22,23,24,{"children":[25,26],"name":"group","origin":[13,8,8]},{"children":[27,28],"name":"group","origin":[43,8,8]},{"children":[29,30],"name":"group","origin":[13,8,-10]},{"children":[31,32],"name":"group","origin":[43,8,-10]},33,34],"name":"group","origin":[8,8,8]}],"textures":{"0":"custom/decorations/horse_cart","particle":"custom/decorations/horse_cart"}}