{"credit":"Made with Blockbench","display":{"firstperson_lefthand":{"translation":[14.25,-8,-11.5]},"firstperson_righthand":{"translation":[14.25,-8,-11.5]},"fixed":{"rotation":[-90,0,0],"scale":[2,2,2],"translation":[0,0,18]},"ground":{"scale":[0.4,0.4,0.4],"translation":[0,4.25,0]},"gui":{"rotation":[30,45,0],"scale":[0.5,0.5,0.5],"translation":[0,-2.5,0]},"head":{"translation":[0,14.25,0]},"thirdperson_lefthand":{"rotation":[36,0,0],"scale":[0.4,0.4,0.4]},"thirdperson_righthand":{"rotation":[36,0,0],"scale":[0.4,0.4,0.4]}},"elements":[{"faces":{"down":{"texture":"#0","uv":[8,4,11,7]},"east":{"texture":"#0","uv":[4,1,7,6]},"north":{"texture":"#0","uv":[4,1,7,6]},"south":{"texture":"#0","uv":[4,1,7,6]},"up":{"texture":"#0","uv":[8,4,11,7]},"west":{"texture":"#0","uv":[4,1,7,6]}},"from":[5,17,5],"to":[11,27,11]},{"faces":{"down":{"texture":"#0","uv":[7,11.5,11,15.5]},"east":{"texture":"#0","uv":[3.5,6,7.5,7]},"north":{"texture":"#0","uv":[3.5,6,7.5,7]},"south":{"texture":"#0","uv":[3.5,6,7.5,7]},"up":{"texture":"#0","uv":[7,7.5,11,11.5]},"west":{"texture":"#0","uv":[3.5,6,7.5,7]}},"from":[4,15,4],"to":[12,17,12]},{"faces":{"down":{"texture":"#0","uv":[1,0.5,3,2.5]},"east":{"texture":"#0","uv":[4.5,7,6.5,14.5]},"north":{"texture":"#0","uv":[4.5,7,6.5,14.5]},"south":{"texture":"#0","uv":[4.5,7,6.5,14.5]},"up":{"texture":"#0","uv":[1,0.5,3,2.5]},"west":{"texture":"#0","uv":[4.5,7,6.5,14.5]}},"from":[6,0,6],"to":[10,15,10]},{"faces":{"down":{"texture":"#0","uv":[8,12.5,9,13.5]},"east":{"texture":"#0","uv":[5,0,6,1]},"north":{"texture":"#0","uv":[5,0,6,1]},"south":{"texture":"#0","uv":[5,0,6,1]},"up":{"texture":"#0","uv":[9,5,10,6]},"west":{"texture":"#0","uv":[5,0,6,1]}},"from":[7,27,7],"to":[9,29,9]}],"groups":[{"children":[0,1,2,3],"name":"group","origin":[8,8,8]}],"textures":{"0":"custom/decorations/lamppost","particle":"custom/decorations/lamppost"}}