{"credit":"Made with Blockbench","display":{"firstperson_lefthand":{"translation":[14.25,-8,-11.5]},"firstperson_righthand":{"translation":[14.25,-8,-11.5]},"fixed":{"rotation":[-90,0,0],"scale":[2,2,2],"translation":[0,0,18]},"ground":{"scale":[0.4,0.4,0.4],"translation":[0,4.25,0]},"gui":{"rotation":[30,45,0],"scale":[0.5,0.5,0.5],"translation":[0,-3.5,0]},"head":{"translation":[0,14.25,0]},"thirdperson_lefthand":{"rotation":[36,0,0],"scale":[0.4,0.4,0.4]},"thirdperson_righthand":{"rotation":[36,0,0],"scale":[0.4,0.4,0.4]}},"elements":[{"faces":{"down":{"texture":"#0","uv":[7,11.5,11,15.5]},"east":{"texture":"#0","uv":[0,15.5,4,16]},"north":{"texture":"#0","uv":[0,15.5,4,16]},"south":{"texture":"#0","uv":[0,15.5,4,16]},"up":{"texture":"#0","uv":[7,7.5,11,11.5]},"west":{"texture":"#0","uv":[0,15.5,4,16]}},"from":[4,0,4],"shade":false,"to":[12,1,12]},{"faces":{"down":{"texture":"#0","uv":[7.5,12,10.5,15]},"east":{"texture":"#0","uv":[0.5,12.5,3.5,15.5]},"north":{"texture":"#0","uv":[0.5,12.5,3.5,15.5]},"south":{"texture":"#0","uv":[0.5,12.5,3.5,15.5]},"up":{"texture":"#0","uv":[8,4,11,7]},"west":{"texture":"#0","uv":[0.5,12.5,3.5,15.5]}},"from":[5,1,5],"shade":false,"to":[11,7,11]},{"faces":{"down":{"texture":"#0","uv":[7.5,12,10.5,15]},"east":{"texture":"#0","uv":[0.5,12.5,3.5,15.5]},"north":{"texture":"#0","uv":[0.5,12.5,3.5,15.5]},"south":{"texture":"#0","uv":[0.5,12.5,3.5,15.5]},"up":{"texture":"#0","uv":[8,4,11,7]},"west":{"texture":"#0","uv":[0.5,12.5,3.5,15.5]}},"from":[5,26,5],"shade":false,"to":[11,32,11]},{"faces":{"down":{"texture":"#0","uv":[1,3,3,3.5]},"east":{"texture":"#0","uv":[1,3,3,12.5]},"north":{"texture":"#0","uv":[1,3,3,12.5]},"south":{"texture":"#0","uv":[1,3,3,12.5]},"up":{"texture":"#0","uv":[1,3,3,3.5]},"west":{"texture":"#0","uv":[1,3,3,12.5]}},"from":[6,7,6],"shade":false,"to":[10,26,10]}],"groups":[{"children":[0,1,2,3],"name":"group","origin":[8,8,8]}],"textures":{"0":"custom/decorations/lamppost","particle":"custom/decorations/lamppost"}}