{"credit":"Made with Blockbench","display":{"firstperson_lefthand":{"rotation":[9,123,0],"translation":[11.75,2.25,-7.25]},"firstperson_righthand":{"rotation":[9,123,0],"translation":[11.75,2.25,-7.25]},"fixed":{"rotation":[-90,0,0],"scale":[2,2,2],"translation":[0,0,-14]},"ground":{"scale":[0.4,0.4,0.4],"translation":[0,2,0]},"gui":{"rotation":[30,135,0],"scale":[0.5,0.5,0.5],"translation":[0,1,0]},"head":{"rotation":[-22,0,0],"translation":[0,-4.5,-1.25]},"thirdperson_lefthand":{"rotation":[90,0,0],"translation":[-6,5,12]},"thirdperson_righthand":{"rotation":[90,0,0],"translation":[-6,5,12]}},"elements":[{"faces":{"down":{"texture":"#0","uv":[0,6,6.25,10]},"east":{"texture":"#0","uv":[10.25,4,6.25,6]},"north":{"texture":"#0","uv":[0,4,6.25,6]},"south":{"texture":"#0","uv":[6.25,0,12.5,2]},"up":{"texture":"#0","uv":[0,0,6.25,4]},"west":{"texture":"#0","uv":[6.25,4,10.25,6]}},"from":[-4.5,0,0],"to":[20.5,8,16]}],"textures":{"0":"custom/decorations/legendary_chest_base","particle":"custom/decorations/legendary_chest_base"}}