{"credit":"Made with Blockbench","display":{"firstperson_lefthand":{"rotation":[9,123,0],"translation":[11.75,2.25,-7.25]},"firstperson_righthand":{"rotation":[9,123,0],"translation":[11.75,2.25,-7.25]},"fixed":{"rotation":[-90,0,0],"scale":[2,2,2],"translation":[0,0,-14]},"ground":{"scale":[0.4,0.4,0.4],"translation":[0,3,0]},"gui":{"rotation":[30,135,0],"scale":[0.5,0.5,0.5],"translation":[0,1,0]},"head":{"scale":[1.6,1.6,1.6],"translation":[0,8,-11.25]},"thirdperson_lefthand":{"rotation":[64,31,0],"scale":[0.3,0.3,0.3]},"thirdperson_righthand":{"rotation":[64,31,0],"scale":[0.3,0.3,0.3]}},"elements":[{"faces":{"down":{"texture":"#0","uv":[2,1.25,3,2.25]},"east":{"texture":"#0","uv":[2,7.5,3,9.5]},"north":{"texture":"#0","uv":[2,7.5,3,9.5]},"south":{"texture":"#0","uv":[3,7.5,2,9.5]},"up":{"texture":"#0","uv":[3,7.5,4,8.5]},"west":{"texture":"#0","uv":[3,7.5,2,9.5]}},"from":[-5.5,4,-1],"to":[-1.5,12,3]},{"faces":{"down":{"texture":"#0","uv":[2,1.25,3,2.25]},"east":{"texture":"#0","uv":[3,7.5,2,9.5]},"north":{"texture":"#0","uv":[2,7.5,3,9.5]},"south":{"texture":"#0","uv":[3,7.5,2,9.5]},"up":{"texture":"#0","uv":[3,7.5,4,8.5]},"west":{"texture":"#0","uv":[2,7.5,3,9.5]}},"from":[-5.5,4,13],"to":[-1.5,12,17]},{"faces":{"down":{"texture":"#0","uv":[2,1.25,3,2.25]},"east":{"texture":"#0","uv":[2,7.5,3,9.5]},"north":{"texture":"#0","uv":[3,7.5,2,9.5]},"south":{"texture":"#0","uv":[2,7.5,3,9.5]},"up":{"texture":"#0","uv":[3,7.5,4,8.5]},"west":{"texture":"#0","uv":[3,7.5,2,9.5]}},"from":[17.5,4,-1],"to":[21.5,12,3]},{"faces":{"down":{"texture":"#0","uv":[2,1.25,3,2.25]},"east":{"texture":"#0","uv":[3,7.5,2,9.5]},"north":{"texture":"#0","uv":[3,7.5,2,9.5]},"south":{"texture":"#0","uv":[2,7.5,3,9.5]},"up":{"texture":"#0","uv":[3,7.5,4,8.5]},"west":{"texture":"#0","uv":[2,7.5,3,9.5]}},"from":[17.5,4,13],"to":[21.5,12,17]},{"faces":{"down":{"texture":"#0","uv":[6.75,0,13.5,4.5]},"east":{"texture":"#0","uv":[0,4.5,4.5,5.5]},"north":{"texture":"#0","uv":[4.5,4.5,11.25,5.5]},"south":{"texture":"#0","uv":[4.5,4.5,11.25,5.5]},"up":{"texture":"#0","uv":[0,0,6.75,4.5]},"west":{"texture":"#0","uv":[0,4.5,4.5,5.5]}},"from":[-5.5,0,-1],"to":[21.5,4,17]},{"faces":{"down":{"texture":"#0","uv":[7,0.25,13.25,4.25]},"east":{"texture":"#0","uv":[0,9.5,4,10.75]},"north":{"texture":"#0","uv":[4,9.5,10.25,10.75]},"south":{"texture":"#0","uv":[4,9.5,10.25,10.75]},"up":{"texture":"#0","uv":[4,5.5,10.25,9.5]},"west":{"texture":"#0","uv":[0,9.5,4,10.75]}},"from":[-4.5,4,0],"to":[20.5,9,16]},{"faces":{"down":{"texture":"#0","uv":[12,5.75,13.5,10.25]},"east":{"texture":"#0","uv":[1.5,10.75,6,13.5]},"north":{"texture":"#0","uv":[0,0,1.5,2.75]},"south":{"texture":"#0","uv":[0,10.75,1.5,13.5]},"up":{"rotation":180,"texture":"#0","uv":[10.5,5.75,12,10.25]},"west":{"texture":"#0","uv":[6,10.75,1.5,13.5]}},"from":[5,0,0],"to":[11,11,18]},{"faces":{"down":{"texture":"#0","uv":[2.25,5.75,3.75,6.25]},"east":{"texture":"#0","uv":[2,5.75,1.5,9.5]},"north":{"texture":"#0","uv":[0,5.75,1.5,9.5]},"south":{"texture":"#0","uv":[1,0.25,2.5,4]},"up":{"rotation":180,"texture":"#0","uv":[2.25,6.5,3.75,7]},"west":{"texture":"#0","uv":[1.5,5.75,2,9.5]}},"from":[5,-4,-2],"to":[11,11,0]}],"groups":[{"children":[0,1,2,3,4,5,6,7],"name":"group","origin":[8,8,8]}],"textures":{"0":"custom/decorations/legendary_chest_lid","particle":"custom/decorations/legendary_chest_lid"}}