{"credit":"Made with Blockbench","display":{"fixed":{"rotation":[-90,0,0],"scale":[1.2,3,2],"translation":[0,0,-22]},"ground":{"translation":[0,0.25,0]},"gui":{"scale":[0.69,0.85,1],"translation":[0,-1.25,0]},"head":{"scale":[1.6,1.6,1.6],"translation":[0,8,0]}},"elements":[{"faces":{"east":{"texture":"#0","tintindex":0,"uv":[15.75,0,16,16]},"north":{"texture":"#0","tintindex":0,"uv":[15.75,0,16,16]},"south":{"texture":"#0","tintindex":0,"uv":[15.75,0,16,16]},"west":{"texture":"#0","tintindex":0,"uv":[15.75,0,16,16]}},"from":[-3.5,0,1],"to":[19.5,20,15]},{"faces":{"east":{"rotation":180,"texture":"#0","tintindex":0,"uv":[15.75,0,16,16]},"north":{"rotation":180,"texture":"#0","tintindex":0,"uv":[15.75,0,16,16]},"south":{"rotation":180,"texture":"#0","tintindex":0,"uv":[15.75,0,16,16]},"west":{"rotation":180,"texture":"#0","tintindex":0,"uv":[15.75,0,16,16]}},"from":[19.5,20,15],"to":[-3.5,0,1]}],"textures":{"0":"custom/decorations/legendary_chest_glow","particle":"custom/decorations/legendary_chest_glow"}}