{"credit":"Made with Blockbench","display":{"firstperson_lefthand":{"rotation":[26,-51,0],"translation":[43.75,-26.25,-28.75]},"firstperson_righthand":{"rotation":[26,-51,0],"translation":[43.75,-26.25,-28.75]},"fixed":{"rotation":[-90,0,0],"scale":[2,2,2],"translation":[0,0,-16.25]},"ground":{"scale":[0.19,0.19,0.19],"translation":[0,7,0]},"gui":{"rotation":[0,90,0],"scale":[0.49,0.49,0.49],"translation":[0,-3.25,0]},"head":{"rotation":[0,90,24],"translation":[0,8.25,-1.5]},"thirdperson_lefthand":{"rotation":[90,90,0],"translation":[-6,-2,-8]},"thirdperson_righthand":{"rotation":[90,90,0],"translation":[-6,-2,-8]}},"elements":[{"faces":{"down":{"texture":"#0","uv":[6,4,12,8]},"east":{"texture":"#0","uv":[10,0,14,4]},"north":{"texture":"#0","uv":[0,0,6,4]},"south":{"texture":"#0","uv":[0,0,6,4]},"up":{"texture":"#0","uv":[0,4,6,8]},"west":{"texture":"#0","uv":[10,0,14,4]}},"from":[-16,0,-8],"rotation":{"angle":0,"axis":"y","origin":[-8,8,0]},"to":[32,32,24]}],"texture_size":[128,128],"textures":{"0":"custom/decorations/lighthouse_light_base","particle":"custom/decorations/lighthouse_light_base"}}