{"credit":"Made with Blockbench","display":{"firstperson_lefthand":{"rotation":[92,12,-115],"translation":[9.5,0.75,-5.25]},"firstperson_righthand":{"rotation":[92,12,-115],"translation":[9.5,0.75,-5.25]},"fixed":{"rotation":[-90,0,0],"scale":[2,2,2],"translation":[0,0,-16]},"ground":{"scale":[0.4,0.4,0.4],"translation":[0,5.25,0]},"gui":{"rotation":[30,-45,0],"translation":[0,4.25,0]},"head":{"rotation":[0,-34,0],"translation":[0,14.5,0]},"thirdperson_lefthand":{"rotation":[93,11,-69],"scale":[0.4,0.4,0.4],"translation":[1.5,0.25,1.25]},"thirdperson_righthand":{"rotation":[93,11,-69],"scale":[0.4,0.4,0.4],"translation":[1.5,0.25,1.25]}},"elements":[{"faces":{"down":{"rotation":90,"texture":"#0","uv":[14,12,0,6]},"east":{"rotation":180,"texture":"#0","uv":[14,12,0,6]},"north":{"texture":"#1","uv":[3,0,0,3]},"south":{"texture":"#1","uv":[0,0,3,3]},"up":{"rotation":90,"texture":"#0","uv":[0,0,14,6]},"west":{"texture":"#0","uv":[0,0,14,6]}},"from":[5,0,1],"rotation":{"angle":0,"axis":"y","origin":[4.00699,2.99477,6.99823]},"to":[11,6,15]}],"textures":{"0":"custom/decorations/log_stack","1":"custom/decorations/log_stool","particle":"custom/decorations/log_stack"}}