{"credit":"Made with Blockbench","display":{"firstperson_lefthand":{"rotation":[0,-59,0],"translation":[10.75,-1.5,-11]},"firstperson_righthand":{"rotation":[0,-59,0],"translation":[10.75,-1.5,-11]},"fixed":{"rotation":[-90,0,0],"scale":[2,2,2],"translation":[0,0,-16]},"ground":{"scale":[0.4,0.4,0.4],"translation":[0,4.5,0]},"gui":{"rotation":[30,45,0],"scale":[0.7,0.7,0.7],"translation":[-0.25,0,0]},"head":{"rotation":[0,19,0],"translation":[0,14,0]},"thirdperson_lefthand":{"rotation":[44,26,0],"scale":[0.4,0.4,0.4],"translation":[0,0.75,1.75]},"thirdperson_righthand":{"rotation":[44,26,0],"scale":[0.4,0.4,0.4],"translation":[0,0.75,1.75]}},"elements":[{"faces":{"down":{"rotation":90,"texture":"#0","uv":[14,12,0,6]},"east":{"rotation":180,"texture":"#0","uv":[14,12,0,6]},"north":{"texture":"#1","uv":[3,0,0,3]},"south":{"texture":"#1","uv":[0,0,3,3]},"up":{"rotation":90,"texture":"#0","uv":[0,0,14,6]},"west":{"rotation":180,"texture":"#0","uv":[0,0,14,6]}},"from":[1,0,0],"to":[7,6,14]},{"faces":{"down":{"rotation":90,"texture":"#0","uv":[14,12,0,6]},"east":{"rotation":180,"texture":"#0","uv":[14,12,0,6]},"north":{"texture":"#1","uv":[3,0,0,3]},"south":{"texture":"#1","uv":[0,0,3,3]},"up":{"rotation":90,"texture":"#0","uv":[0,0,14,6]},"west":{"rotation":180,"texture":"#0","uv":[0,0,14,6]}},"from":[5,12,0],"rotation":{"angle":22.5,"axis":"y","origin":[8,8,8]},"to":[11,18,14]},{"faces":{"down":{"rotation":270,"texture":"#0","uv":[14,12,0,6]},"east":{"rotation":180,"texture":"#0","uv":[0,0,14,6]},"north":{"rotation":270,"texture":"#1","uv":[3,0,0,3]},"south":{"rotation":90,"texture":"#1","uv":[0,0,3,3]},"up":{"rotation":90,"texture":"#0","uv":[0,0,14,6]},"west":{"rotation":180,"texture":"#0","uv":[14,12,0,6]}},"from":[8.00352,5.98952,-1],"rotation":{"angle":0,"axis":"y","origin":[2.99652,8.993,7.01046]},"to":[14.00352,11.98952,13]},{"faces":{"down":{"rotation":90,"texture":"#0","uv":[0,0,14,6]},"east":{"rotation":180,"texture":"#0","uv":[0,0,14,6]},"north":{"rotation":180,"texture":"#1","uv":[3,0,0,3]},"south":{"rotation":180,"texture":"#1","uv":[0,0,3,3]},"up":{"rotation":270,"texture":"#0","uv":[14,12,0,6]},"west":{"texture":"#0","uv":[14,12,0,6]}},"from":[1.99305,5.986,1],"rotation":{"angle":0,"axis":"z","origin":[2.99652,8.993,7.01046]},"to":[7.99305,11.986,15]},{"faces":{"down":{"rotation":270,"texture":"#0","uv":[0,0,14,6]},"east":{"rotation":180,"texture":"#0","uv":[0,0,14,6]},"north":{"rotation":180,"texture":"#1","uv":[3,0,0,3]},"south":{"rotation":180,"texture":"#1","uv":[0,0,3,3]},"up":{"rotation":270,"texture":"#0","uv":[14,12,0,6]},"west":{"texture":"#0","uv":[14,12,0,6]}},"from":[10.01394,0.01401,2],"rotation":{"angle":0,"axis":"y","origin":[11.00697,3.00701,6.98603]},"to":[16.01394,6.01401,16]}],"textures":{"0":"custom/decorations/log_stack","1":"custom/decorations/log_stool","particle":"custom/decorations/log_stack"}}