{"credit":"Made with Blockbench","display":{"firstperson_lefthand":{"translation":[9,0,-11.25]},"firstperson_righthand":{"translation":[9,0,-11.25]},"fixed":{"rotation":[-90,0,0],"scale":[2,2,2],"translation":[0,0,-16]},"ground":{"scale":[0.4,0.4,0.4],"translation":[0,5,0]},"gui":{"rotation":[30,45,0],"scale":[0.7,0.7,0.7],"translation":[0,1.25,0]},"head":{"translation":[0,14.25,0]},"thirdperson_lefthand":{"rotation":[42,32,0],"scale":[0.4,0.4,0.4],"translation":[0,2.25,1.5]},"thirdperson_righthand":{"rotation":[42,32,0],"scale":[0.4,0.4,0.4],"translation":[0,2.25,1.5]}},"elements":[{"faces":{"down":{"rotation":90,"texture":"#0","uv":[14,12,0,6]},"east":{"rotation":180,"texture":"#0","uv":[14,12,0,6]},"north":{"texture":"#1","uv":[3,0,0,3]},"south":{"texture":"#1","uv":[0,0,3,3]},"up":{"rotation":90,"texture":"#0","uv":[14,6,0,0]},"west":{"texture":"#0","uv":[14,6,0,0]}},"from":[1,0,0],"to":[7,6,14]},{"faces":{"down":{"rotation":270,"texture":"#0","uv":[14,12,0,6]},"east":{"texture":"#0","uv":[14,6,0,0]},"north":{"rotation":270,"texture":"#1","uv":[3,0,0,3]},"south":{"rotation":90,"texture":"#1","uv":[0,0,3,3]},"up":{"rotation":90,"texture":"#0","uv":[14,6,0,0]},"west":{"rotation":180,"texture":"#0","uv":[14,12,0,6]}},"from":[5.00352,5.98952,-1],"rotation":{"angle":-22.5,"axis":"y","origin":[2.99652,8.993,7.01046]},"to":[11.00352,11.98952,13]},{"faces":{"down":{"rotation":90,"texture":"#0","uv":[14,6,0,0]},"east":{"texture":"#0","uv":[14,12,0,6]},"north":{"rotation":90,"texture":"#1","uv":[3,0,0,3]},"south":{"rotation":270,"texture":"#1","uv":[0,0,3,3]},"up":{"rotation":90,"texture":"#0","uv":[14,12,0,6]},"west":{"texture":"#0","uv":[14,6,0,0]}},"from":[9.01398,0.00003,2],"rotation":{"angle":0,"axis":"z","origin":[11.00697,3.00701,6.98603]},"to":[15.01398,6.00003,16]}],"textures":{"0":"custom/decorations/log_stack","1":"custom/decorations/log_stool","particle":"custom/decorations/log_stack"}}