{"credit":"Made with Blockbench","display":{"firstperson_lefthand":{"rotation":[0,118,0],"translation":[15.5,-6.5,-12.75]},"firstperson_righthand":{"rotation":[0,118,0],"translation":[15.5,-6.5,-12.75]},"fixed":{"scale":[2,2,2],"translation":[0,4,-4.75]},"ground":{"scale":[0.29,0.29,0.29],"translation":[0,3.25,0]},"gui":{"rotation":[30,135,0],"scale":[0.99,0.99,0.99],"translation":[0,1.5,0]},"head":{"translation":[0,8.5,0]},"thirdperson_lefthand":{"rotation":[90,0,0],"translation":[0,-2,8]},"thirdperson_righthand":{"rotation":[90,-180,0],"translation":[0,-2,8]}},"elements":[{"faces":{"down":{"rotation":180,"texture":"#0","uv":[3,5,4,6]},"east":{"texture":"#0","uv":[2,4,3,7]},"north":{"texture":"#0","uv":[0,4,1,7]},"south":{"texture":"#0","uv":[1,4,0,7]},"up":{"rotation":180,"texture":"#0","uv":[3,4,4,5]},"west":{"texture":"#0","uv":[1,4,2,7]}},"from":[6,0,6],"rotation":{"angle":0,"axis":"z","origin":[8,10,8]},"to":[10,12,10]}],"texture_size":[64,64],"textures":{"0":"custom/decorations/mannequin","particle":"custom/decorations/mannequin"}}