{"credit":"Made with Blockbench","display":{"head":{"scale":[1.61,1.61,1.61],"translation":[-0.75,8,-11.25]}},"elements":[{"faces":{"east":{"texture":"#0","uv":[4,14,0,16]},"north":{"texture":"#0","uv":[6.25,12,12.5,14]},"south":{"texture":"#0","uv":[6.25,12,12.5,14]},"up":{"texture":"#0","uv":[0,14,6.25,10]},"west":{"texture":"#0","uv":[0,14,4,16]}},"from":[-4.5,-0.5,-0.5],"rotation":{"angle":0,"axis":"x","origin":[8,0,16]},"to":[21.5,8.5,16.5]},{"faces":{"down":{"texture":"#0","uv":[0,14,6.25,10]},"east":{"rotation":180,"texture":"#0","uv":[0,14,4,16]},"north":{"rotation":180,"texture":"#0","uv":[6.25,12,12.5,14]},"south":{"rotation":180,"texture":"#0","uv":[6.25,12,12.5,14]},"west":{"rotation":180,"texture":"#0","uv":[0,14,4,16]}},"from":[21.5,8.5,16.5],"rotation":{"angle":0,"axis":"x","origin":[8,0,16]},"to":[-4.5,-0.5,-0.5]},{"faces":{"down":{"rotation":180,"texture":"#0","uv":[6.25,4,12.5,0]},"east":{"texture":"#0","uv":[14.25,4,10.25,6]},"north":{"texture":"#0","uv":[6.25,6,12.5,8]},"south":{"texture":"#0","uv":[6.25,6,12.5,8]},"up":{"texture":"#0","uv":[6.25,12,12.5,8]},"west":{"texture":"#0","uv":[10.25,4,14.25,6]}},"from":[-4,0,0],"rotation":{"angle":0,"axis":"x","origin":[8,0,16]},"to":[21,8,16]},{"faces":{"down":{"texture":"#0","uv":[13,7.25,13.5,7.5]},"east":{"texture":"#0","uv":[14.5,6.5,14,9]},"north":{"texture":"#0","uv":[12.5,6.5,14,9]},"south":{"texture":"#0","uv":[13,7.25,13.5,7.5]},"up":{"rotation":180,"texture":"#0","uv":[12.5,6,14,6.5]},"west":{"texture":"#0","uv":[14,6.5,14.5,9]}},"from":[5.5,-3,-2],"rotation":{"angle":0,"axis":"x","origin":[7,0,16]},"to":[11.5,7,0]}],"groups":[{"children":[0,1,2,3],"name":"group","origin":[14,13,6]}],"texture_size":[64,64],"textures":{"0":"custom/decorations/medium_chest","particle":"custom/decorations/medium_chest"}}