{"credit":"Made with Blockbench","display":{"firstperson_lefthand":{"rotation":[0,148,0],"translation":[12.75,-9.5,-12]},"firstperson_righthand":{"rotation":[0,148,0],"translation":[12.75,-9.5,-12]},"fixed":{"rotation":[-90,0,0],"scale":[4,4,4],"translation":[-16.25,0,20.75]},"ground":{"translation":[-5,15.75,-1]},"gui":{"rotation":[30,145,0],"scale":[0.4,0.4,0.4],"translation":[0.75,-2.5,0]},"head":{"translation":[-4,0,-0.25]},"thirdperson_lefthand":{"rotation":[78,0,0],"scale":[2,2,2],"translation":[2.5,-6.5,5]},"thirdperson_righthand":{"rotation":[78,0,0],"scale":[2,2,2],"translation":[-13,-6.5,5]}},"elements":[{"faces":{"down":{"texture":"#0","uv":[13.875,3.125,14.245,3.25]},"east":{"texture":"#0","uv":[13.625,2.5,14.745,5.75]},"north":{"texture":"#0","uv":[13.625,2.5,14.745,5.75]},"south":{"texture":"#0","uv":[13.625,2.5,14.745,5.75]},"up":{"texture":"#0","uv":[13.875,3.125,14.245,3.25]},"west":{"texture":"#0","uv":[13.625,2.5,14.745,5.75]}},"from":[-10,5,5.75],"rotation":{"angle":0,"axis":"y","origin":[8,8,4]},"to":[-5.5,18,10.25]},{"faces":{"down":{"rotation":90,"texture":"#0","uv":[12.375,2.75,13.25,5.25]},"north":{"texture":"#0","uv":[12.25,5.75,14.75,6.6]},"south":{"texture":"#0","uv":[12.25,5.75,14.75,6.6]},"up":{"texture":"#0","uv":[14.75,0.625,12.25,1.475]},"west":{"texture":"#0","uv":[14.75,5.75,15.625,6.6]}},"from":[-10,1.5,6],"rotation":{"angle":0,"axis":"y","origin":[8,8,4]},"to":[0,5,10]},{"faces":{"down":{"rotation":270,"texture":"#0","uv":[12.375,2.75,13.25,5.25]},"north":{"texture":"#0","uv":[12.25,1.625,14.75,2.475]},"south":{"texture":"#0","uv":[14.75,1.625,12.25,2.475]},"up":{"texture":"#0","uv":[14.75,0.625,12.25,1.475]},"west":{"texture":"#0","uv":[14.75,1.625,15.625,2.475]}},"from":[-10,18,6],"rotation":{"angle":0,"axis":"y","origin":[8,8,4]},"to":[0,21.5,10]},{"faces":{"down":{"texture":"#0","uv":[0,7,6.125,13.125]},"east":{"texture":"#0","uv":[6.125,0,12.25,7]},"north":{"texture":"#0","uv":[0,0,6.125,7]},"south":{"texture":"#0","uv":[6.125,0,12.25,7]},"up":{"texture":"#0","uv":[6.125,7,12.25,13.125]},"west":{"texture":"#0","uv":[6.125,0,12.25,7]}},"from":[0,0,-4],"rotation":{"angle":0,"axis":"y","origin":[8,8,4]},"to":[24,28,20]}],"groups":[{"children":[0,1,2,3],"name":"group","origin":[8,8,8]}],"textures":{"0":"custom/decorations/mug_sign","particle":"custom/decorations/mug_sign"}}