{"credit":"Made with Blockbench","display":{"firstperson_lefthand":{"rotation":[4,21,0],"translation":[9.75,0,-7.25]},"firstperson_righthand":{"rotation":[4,21,0],"translation":[9.75,0,-7.25]},"fixed":{"translation":[0,1.75,0]},"ground":{"scale":[0.2,0.2,0.2],"translation":[0,1.25,0]},"gui":{"scale":[0.63,0.63,0.63],"translation":[0,1.5,0]},"head":{"translation":[0,-3,6.75]},"thirdperson_lefthand":{"rotation":[90,0,0],"scale":[2,2,2],"translation":[-6,-2,40]},"thirdperson_righthand":{"rotation":[90,0,0],"scale":[2,2,2],"translation":[-6,-2,40]}},"elements":[{"faces":{"down":{"rotation":180,"texture":"#0","uv":[0,0,6,0.5]},"north":{"texture":"#0","uv":[0,0,6,0.5]},"south":{"rotation":180,"texture":"#0","uv":[0,0,6,0.5]},"up":{"rotation":180,"texture":"#0","uv":[0,0,6,0.5]}},"from":[-4.25,15.75,6.75],"rotation":{"angle":0,"axis":"y","origin":[8,24,8]},"to":[20.25,18.25,9.25]},{"faces":{"down":{"texture":"#0","uv":[6,1.25,12,1.75]},"east":{"texture":"#0","uv":[12,0,12.5,0.5]},"north":{"texture":"#0","uv":[6,0,12,0.5]},"south":{"texture":"#0","uv":[6,0,12,0.5]},"up":{"texture":"#0","uv":[6,0.625,12,1.125]},"west":{"texture":"#0","uv":[12,0,12.5,0.5]}},"from":[-4,16,7],"rotation":{"angle":0,"axis":"y","origin":[8,24,8]},"to":[20,18,9]},{"faces":{"down":{"texture":"#0","uv":[0,0,6,0.5]},"north":{"texture":"#0","uv":[0,0,6,0.5]},"south":{"texture":"#0","uv":[0,0,6,0.5]},"up":{"texture":"#0","uv":[0,0,6,0.5]}},"from":[20.25,18.25,9.25],"rotation":{"angle":0,"axis":"y","origin":[8,24,8]},"to":[-4.25,15.75,6.75]},{"faces":{"north":{"texture":"#0","uv":[0.25,0,5.75,6]},"south":{"texture":"#0","uv":[5.75,0,0.25,6]}},"from":[-3,-7,8],"rotation":{"angle":0,"axis":"y","origin":[8,24,8]},"to":[19,17,8]}],"groups":[{"children":[0,1,2,3],"name":"group","origin":[8,8,8]}],"textures":{"0":"custom/decorations/or_banner","particle":"custom/decorations/or_banner"}}