{"credit":"Made with Blockbench","display":{"fixed":{"translation":[5.25,0,0]},"ground":{"scale":[0.19,0.19,0.19],"translation":[0,2.5,0]},"gui":{"rotation":[18,180,0],"scale":[0.55,0.55,0.55],"translation":[-3,1.75,0]},"head":{"scale":[3.2,3.2,3.2],"translation":[10,8.75,0]},"thirdperson_lefthand":{"rotation":[90,0,0],"scale":[4,4,4],"translation":[8,-2,15]},"thirdperson_righthand":{"rotation":[90,0,0],"scale":[4,4,4],"translation":[8,-2,15]}},"elements":[{"faces":{"east":{"texture":"#0","uv":[0,0,0.625,5.5]},"north":{"texture":"#0","uv":[0,0,0.625,5.5]},"south":{"texture":"#0","uv":[0,0,0.625,5.5]},"west":{"texture":"#0","uv":[0,0,0.625,5.5]}},"from":[16,-0.1,7.25],"to":[17.5,11.15,8.75]},{"faces":{"east":{"texture":"#0","uv":[0,0,0.625,5.5]},"north":{"texture":"#0","uv":[0,0,0.625,5.5]},"south":{"texture":"#0","uv":[0,0,0.625,5.5]},"west":{"texture":"#0","uv":[0,0,0.625,5.5]}},"from":[17.5,11.15,8.75],"to":[16,-0.1,7.25]},{"faces":{"north":{"texture":"#0","uv":[0.125,0,6.125,5.5]},"south":{"texture":"#0","uv":[6.125,0,0.125,5.5]}},"from":[4,0,8],"to":[16,11,8]},{"faces":{"north":{"texture":"#1_0","uv":[6.125,0,14.125,5.5]},"south":{"texture":"#1_0","uv":[14.125,0,6.125,5.5]}},"from":[-12,0,8],"to":[4,11,8]}],"groups":[0,1,2,{"children":[3],"name":"or_flag_end","origin":[8,8,8]}],"textures":{"0":"custom/decorations/or_flag","1_0":"custom/decorations/or_flag","particle":"custom/decorations/or_flag"}}