{"credit":"Made with Blockbench","display":{"firstperson_lefthand":{"rotation":[-18,-51,0],"translation":[4.25,2.25,0]},"firstperson_righthand":{"rotation":[-18,-51,0],"translation":[4.25,2.25,0]},"fixed":{"rotation":[-90,0,0],"scale":[4,4,4],"translation":[0,0,-29]},"ground":{"scale":[0.2,0.2,0.2],"translation":[0,5.25,0]},"gui":{"rotation":[30,-45,0],"scale":[0.67,0.67,0.67],"translation":[0,1.75,0]},"head":{"translation":[0,13.5,0]},"thirdperson_lefthand":{"rotation":[90,0,0],"scale":[4,4,4],"translation":[-6,-2.5,17]},"thirdperson_righthand":{"rotation":[90,0,0],"scale":[4,4,4],"translation":[-6,-2.5,17]}},"elements":[{"faces":{"north":{"texture":"#0","uv":[0.375,0.375,10.125,5.125]},"south":{"texture":"#0","uv":[0.375,0.375,10.125,5.125]}},"from":[-1.75,1.5,7.75],"to":[17.75,11,8]},{"faces":{"down":{"texture":"#0","uv":[0,5.125,10.5,5.5]},"east":{"texture":"#0","uv":[0.375,0,0,0.375]},"north":{"texture":"#0","uv":[0,0,10.5,0.375]},"south":{"texture":"#0","uv":[0,0,10.5,0.375]},"up":{"texture":"#0","uv":[0,0,10.5,0.375]},"west":{"texture":"#0","uv":[0,0,0.375,0.375]}},"from":[-2.5,11,7.5],"to":[18.5,11.75,8.25]},{"faces":{"down":{"texture":"#0","uv":[0,5.125,10.5,5.5]},"east":{"texture":"#0","uv":[0.375,5.125,0,5.5]},"north":{"texture":"#0","uv":[0,5.125,10.5,5.5]},"south":{"texture":"#0","uv":[0,5.125,10.5,5.5]},"up":{"rotation":180,"texture":"#0","uv":[0,5.125,10.5,5.5]},"west":{"texture":"#0","uv":[0,5.125,0.375,5.5]}},"from":[-2.5,0.75,7.5],"to":[18.5,1.5,8.25]},{"faces":{"east":{"texture":"#0","uv":[0,0.375,0.375,5.125]},"north":{"texture":"#0","uv":[10.125,0.375,10.5,5.125]},"south":{"texture":"#0","uv":[0,0.375,0.375,5.125]},"west":{"texture":"#0","uv":[10.125,0.375,10.5,5.125]}},"from":[-2.5,1.5,7.5],"to":[-1.75,11,8.25]},{"faces":{"east":{"texture":"#0","uv":[0,0.375,0.375,5.125]},"north":{"texture":"#0","uv":[0,0.375,0.375,5.125]},"south":{"texture":"#0","uv":[10.125,0.375,10.5,5.125]},"west":{"texture":"#0","uv":[10.125,0.375,10.5,5.125]}},"from":[17.75,1.5,7.5],"to":[18.5,11,8.25]},{"faces":{"north":{"texture":"#0","uv":[10.5,2.125,13.75,5.5]},"south":{"texture":"#0","uv":[13.75,2.125,10.5,5.5]}},"from":[-9,0.75,7.875],"to":[-2.5,7.5,7.875]},{"faces":{"north":{"texture":"#0","uv":[13.75,2.125,10.5,5.5]},"south":{"texture":"#0","uv":[10.5,2.125,13.75,5.5]}},"from":[18.5,0.75,7.875],"to":[25,7.5,7.875]}],"groups":[{"children":[0,1,2,3,4],"name":"group","origin":[8,8,8]},5,6],"textures":{"0":"custom/decorations/peanuts_pets_sign","particle":"custom/decorations/peanuts_pets_sign"}}