{"credit":"Made with Blockbench","display":{"firstperson_lefthand":{"rotation":[0,-180,0],"translation":[7.5,8.25,-0.25]},"firstperson_righthand":{"rotation":[0,43,0],"translation":[5,8.25,-0.25]},"fixed":{"rotation":[-90,0,0],"scale":[2,2,2],"translation":[0,0,-14]},"ground":{"scale":[0.3,0.3,0.3],"translation":[0,1.75,0]},"gui":{"rotation":[30,-45,0],"scale":[0.7,0.7,0.7],"translation":[0.25,4.5,0]},"head":{"rotation":[0,86,0],"translation":[0,14,0]},"thirdperson_lefthand":{"rotation":[26,-39,0],"scale":[0.3,0.3,0.3],"translation":[0,2.25,0.75]},"thirdperson_righthand":{"rotation":[26,45,0],"scale":[0.3,0.3,0.3],"translation":[0,2.25,0.75]}},"elements":[{"faces":{"down":{"texture":"#0","uv":[14.5,0,15.5,1]},"east":{"texture":"#0","uv":[0,11.5,2,12.5]},"north":{"texture":"#0","uv":[0,11.5,2,12.5]},"south":{"texture":"#0","uv":[0,11.5,2,12.5]},"up":{"texture":"#0","uv":[0,9.5,2,12]},"west":{"texture":"#0","uv":[0,11.5,2,12.5]}},"from":[2,0,3],"to":[6,2,7]},{"faces":{"down":{"texture":"#0","uv":[14.5,0,15.5,1]},"east":{"texture":"#0","uv":[5.5,11.5,7,12.5]},"north":{"texture":"#0","uv":[5.5,11.5,7,12.5]},"south":{"texture":"#0","uv":[5.5,11.5,7,12.5]},"up":{"texture":"#0","uv":[5.5,10,7,11.5]},"west":{"texture":"#0","uv":[5.5,11.5,7,12.5]}},"from":[5,0,11],"to":[8,2,14]},{"faces":{"down":{"texture":"#0","uv":[14.5,0,15.5,1]},"east":{"texture":"#0","uv":[5.5,11.5,7,12.5]},"north":{"texture":"#0","uv":[5.5,11.5,7,12.5]},"south":{"texture":"#0","uv":[5.5,11.5,7,12.5]},"up":{"texture":"#0","uv":[5.5,10,7,11.5]},"west":{"texture":"#0","uv":[5.5,11.5,7,12.5]}},"from":[11,-1,5],"to":[14,1,8]}],"groups":[{"children":[0,1,2],"name":"group","origin":[8,8,8]}],"textures":{"0":"custom/decorations/rocks","particle":"custom/decorations/rocks"}}