{"credit":"Made with Blockbench","display":{"firstperson_lefthand":{"rotation":[5,117,0],"translation":[6,6.75,-2.5]},"firstperson_righthand":{"rotation":[5,117,0],"translation":[6,6.75,-2.5]},"fixed":{"rotation":[-90,0,0],"scale":[2,2,2],"translation":[0,0,-16]},"ground":{"scale":[0.4,0.4,0.4],"translation":[0,4.5,0]},"gui":{"rotation":[30,135,0],"scale":[0.9,0.9,0.9],"translation":[0,5.5,0]},"head":{"translation":[0,14.25,0]},"thirdperson_lefthand":{"rotation":[42,46,0],"scale":[0.4,0.4,0.4],"translation":[0,2.75,2.75]},"thirdperson_righthand":{"rotation":[42,46,0],"scale":[0.4,0.4,0.4],"translation":[0,2.75,2.75]}},"elements":[{"faces":{"down":{"texture":"#0","tintindex":0,"uv":[0,0,0,0]},"east":{"texture":"#0","tintindex":0,"uv":[0.5,5,5.5,6.5]},"north":{"texture":"#0","tintindex":0,"uv":[0.5,5,5.5,6.5]},"south":{"texture":"#0","tintindex":0,"uv":[0.5,5,5.5,6.5]},"up":{"texture":"#0","tintindex":0,"uv":[0.5,0,5.5,5]},"west":{"texture":"#0","tintindex":0,"uv":[0.5,5,5.5,6.5]}},"from":[3,1,3],"to":[13,4,13]},{"faces":{"down":{"texture":"#0","uv":[6,0,12,6]},"east":{"texture":"#0","uv":[6.5,6.5,12.5,7]},"north":{"texture":"#0","uv":[0,6.5,6,7]},"south":{"texture":"#0","uv":[6.5,6.5,12.5,7]},"up":{"texture":"#0","uv":[6,0,12,6]},"west":{"texture":"#0","uv":[6.5,6.5,12.5,7]}},"from":[2,0,2],"to":[14,1,14]},{"faces":{"up":{"texture":"#0","uv":[1,7,5,11]}},"from":[4,3.001,4],"to":[12,4.001,12]}],"groups":[{"children":[0,1],"name":"group","origin":[8,8,8]},2],"textures":{"0":"custom/furniture/pet_bowl","particle":"custom/furniture/pet_bowl"}}