{"credit":"Made with Blockbench","display":{"firstperson_lefthand":{"rotation":[91,90,0],"translation":[14,0.5,3.75]},"firstperson_righthand":{"translation":[-8.5,0.75,-8.75]},"fixed":{"rotation":[-90,0,0],"scale":[2,2,2],"translation":[0,1.75,-16]},"ground":{"scale":[0.4,0.4,0.4],"translation":[0,7.75,0]},"gui":{"rotation":[30,-45,0],"scale":[0.45,0.45,0.45],"translation":[0,1.75,0]},"head":{"translation":[0,13.25,0]},"thirdperson_lefthand":{"rotation":[4,-78,0],"scale":[0.79,0.79,0.79],"translation":[2.5,4.75,13.75]},"thirdperson_righthand":{"rotation":[51,180,0],"scale":[0.79,0.79,0.79],"translation":[-5.25,5.75,4.75]}},"elements":[{"faces":{"down":{"texture":"#0","uv":[0,5.75,8,7]},"east":{"rotation":90,"texture":"#0","uv":[8,5.75,8.5,7]},"north":{"texture":"#0","uv":[0,8,8,8.5]},"south":{"texture":"#0","uv":[0,8,8,8.5]},"up":{"texture":"#0","uv":[0,1.75,8,3]},"west":{"rotation":90,"texture":"#0","uv":[8,5.75,8.5,7]}},"from":[-8,0,-1],"to":[24,2,4]},{"faces":{"down":{"texture":"#0","uv":[0,5.75,8,7]},"east":{"rotation":90,"texture":"#0","uv":[8,5.75,8.5,7]},"north":{"texture":"#0","uv":[0,8,8,8.5]},"south":{"texture":"#0","uv":[0,8,8,8.5]},"up":{"texture":"#0","uv":[0,1.75,8,3]},"west":{"rotation":90,"texture":"#0","uv":[8,5.75,8.5,7]}},"from":[-12,2,0],"to":[20,4,5]},{"faces":{"down":{"rotation":90,"texture":"#0","uv":[0,5.75,8,7]},"east":{"texture":"#0","uv":[0,8,8,8.5]},"north":{"rotation":90,"texture":"#0","uv":[8,5.75,8.5,7]},"south":{"rotation":90,"texture":"#0","uv":[8,5.75,8.5,7]},"up":{"rotation":270,"texture":"#0","uv":[0,1.75,8,3]},"west":{"texture":"#0","uv":[0,8,8,8.5]}},"from":[0,6,-5],"rotation":{"angle":22.5,"axis":"x","origin":[8,8,8]},"to":[5,8,27]},{"faces":{"down":{"texture":"#0","uv":[0,5.75,8,7]},"east":{"rotation":90,"texture":"#0","uv":[8,5.75,8.5,7]},"north":{"texture":"#0","uv":[0,8,8,8.5]},"south":{"texture":"#0","uv":[0,8,8,8.5]},"up":{"texture":"#0","uv":[0,1.75,8,3]},"west":{"rotation":90,"texture":"#0","uv":[8,5.75,8.5,7]}},"from":[-7,4,3],"rotation":{"angle":-22.5,"axis":"x","origin":[8,8,8]},"to":[25,6,8]},{"faces":{"down":{"texture":"#0","uv":[0,5.75,8,7]},"east":{"rotation":90,"texture":"#0","uv":[8,5.75,8.5,7]},"north":{"texture":"#0","uv":[0,8,8,8.5]},"south":{"texture":"#0","uv":[0,8,8,8.5]},"up":{"texture":"#0","uv":[0,1.75,8,3]},"west":{"rotation":90,"texture":"#0","uv":[8,5.75,8.5,7]}},"from":[-8,2,9],"to":[24,4,14]},{"faces":{"down":{"texture":"#0","uv":[0,5.75,8,7]},"east":{"rotation":90,"texture":"#0","uv":[8,5.75,8.5,7]},"north":{"texture":"#0","uv":[0,8,8,8.5]},"south":{"texture":"#0","uv":[0,8,8,8.5]},"up":{"texture":"#0","uv":[0,1.75,8,3]},"west":{"rotation":90,"texture":"#0","uv":[8,5.75,8.5,7]}},"from":[-4,0,11],"to":[28,2,16]},{"faces":{"down":{"texture":"#0","uv":[0,5.75,8,7]},"east":{"rotation":90,"texture":"#0","uv":[8,5.75,8.5,7]},"north":{"texture":"#0","uv":[0,8,8,8.5]},"south":{"texture":"#0","uv":[0,8,8,8.5]},"up":{"texture":"#0","uv":[0,5.75,8,7]},"west":{"rotation":90,"texture":"#0","uv":[8,5.75,8.5,7]}},"from":[-10,0,5],"to":[22,2,10]}],"textures":{"0":"custom/furniture/wooden_table","particle":"custom/furniture/wooden_table"}}