{"credit":"Made with Blockbench","display":{"firstperson_lefthand":{"translation":[13,0.75,-8.75]},"firstperson_righthand":{"translation":[13,0.75,-8.75]},"fixed":{"rotation":[-90,0,0],"scale":[2,2,2],"translation":[0,-5.75,-19]},"ground":{"scale":[0.4,0.4,0.4],"translation":[0,7.75,0]},"gui":{"rotation":[30,135,0],"scale":[0.41,0.41,0.41],"translation":[-1,-1.25,0]},"head":{"translation":[0,13.25,0]},"thirdperson_lefthand":{"rotation":[125,24,145],"scale":[0.79,0.79,0.79],"translation":[0.75,3,13.5]},"thirdperson_righthand":{"rotation":[157,38,-98],"scale":[0.79,0.79,0.79],"translation":[-8.5,2.5,5]}},"elements":[{"faces":{"down":{"rotation":270,"texture":"#0","uv":[8,5.75,8.5,7]},"east":{"rotation":90,"texture":"#0","uv":[0,8,8,8.5]},"north":{"rotation":270,"texture":"#0","uv":[0,5.75,8,7]},"south":{"rotation":270,"texture":"#0","uv":[0,5.75,8,7]},"up":{"rotation":90,"texture":"#0","uv":[8,5.75,8.5,7]},"west":{"rotation":270,"texture":"#0","uv":[0,8,8,8.5]}},"from":[1,-7,12],"rotation":{"angle":22.5,"axis":"x","origin":[8,8,8]},"to":[6,25,14]},{"faces":{"down":{"rotation":270,"texture":"#0","uv":[8,5.75,8.5,7]},"east":{"rotation":90,"texture":"#0","uv":[0,8,8,8.5]},"north":{"rotation":270,"texture":"#0","uv":[0,5.75,8,7]},"south":{"rotation":270,"texture":"#0","uv":[0,5.75,8,7]},"up":{"rotation":90,"texture":"#0","uv":[8,5.75,8.5,7]},"west":{"rotation":270,"texture":"#0","uv":[0,8,8,8.5]}},"from":[6,-6,5],"rotation":{"angle":45,"axis":"x","origin":[8,8,8]},"to":[11,26,7]},{"faces":{"down":{"rotation":270,"texture":"#0","uv":[8,5.75,8.5,7]},"east":{"rotation":90,"texture":"#0","uv":[0,8,8,8.5]},"north":{"rotation":90,"texture":"#0","uv":[0,5.75,8,7]},"south":{"rotation":270,"texture":"#0","uv":[0,5.75,8,7]},"up":{"rotation":90,"texture":"#0","uv":[8,5.75,8.5,7]},"west":{"rotation":270,"texture":"#0","uv":[0,8,8,8.5]}},"from":[11,-3,11],"rotation":{"angle":22.5,"axis":"x","origin":[8,8,8]},"to":[16,29,13]}],"textures":{"0":"custom/furniture/wooden_table","particle":"custom/furniture/wooden_table"}}