{"credit":"Made with Blockbench","display":{"firstperson_lefthand":{"rotation":[0,34,0],"translation":[10.5,-3.25,-9]},"firstperson_righthand":{"rotation":[0,34,0],"translation":[10.5,-3.25,-9]},"fixed":{"rotation":[-90,0,0],"scale":[2,2,2],"translation":[0,0,-14]},"ground":{"scale":[0.4,0.4,0.4],"translation":[0,4.5,0]},"gui":{"rotation":[30,45,0],"scale":[0.7,0.7,0.7],"translation":[0,1.75,0]},"head":{"scale":[1.6,1.6,1.6],"translation":[0,19.25,0]},"thirdperson_lefthand":{"translation":[0,4,8]},"thirdperson_righthand":{"translation":[0,4,8]}},"elements":[{"faces":{"down":{"texture":"#0","uv":[8,4,12,8]},"east":{"texture":"#0","uv":[8,0,12,4]},"north":{"texture":"#0","uv":[8,0,12,4]},"south":{"texture":"#0","uv":[8,0,12,4]},"up":{"texture":"#0","uv":[12,0,16,4]},"west":{"texture":"#0","uv":[8,0,12,4]}},"from":[6,0,6],"rotation":{"angle":0,"axis":"y","origin":[7,7,7]},"to":[10,4,10]}],"textures":{"0":"custom/decorations/ruby_bank_gem","particle":"custom/decorations/ruby_bank_gem"}}