{"credit":"Made with Blockbench","display":{"firstperson_lefthand":{"rotation":[0,34,0],"translation":[10.5,-3.25,-9]},"firstperson_righthand":{"rotation":[0,34,0],"translation":[10.5,-3.25,-9]},"fixed":{"rotation":[-90,0,0],"scale":[2,2,2],"translation":[0,0,-14]},"ground":{"scale":[0.4,0.4,0.4],"translation":[0,4.5,0]},"gui":{"rotation":[30,45,0],"scale":[0.7,0.7,0.7],"translation":[0,1,0]},"head":{"rotation":[55,45,-90],"scale":[1.6,1.6,1.6],"translation":[4.5,21.5,-2.75]},"thirdperson_lefthand":{"rotation":[43,45,0],"scale":[0.4,0.4,0.4],"translation":[0,1.75,0]},"thirdperson_righthand":{"rotation":[43,45,0],"scale":[0.4,0.4,0.4],"translation":[0,1.75,0]}},"elements":[{"faces":{"down":{"texture":"#0","uv":[0,0,8,8]},"east":{"texture":"#0","uv":[0,0,8,8]},"north":{"texture":"#0","uv":[0,0,8,8]},"south":{"texture":"#0","uv":[0,0,8,8]},"up":{"texture":"#0","uv":[0,0,8,8]},"west":{"texture":"#0","uv":[0,0,8,8]}},"from":[4,0,4],"to":[12,8,12]}],"textures":{"0":"custom/decorations/ruby_bank_gem","particle":"custom/decorations/ruby_bank_gem"}}