{"credit":"Made with Blockbench","display":{"firstperson_lefthand":{"rotation":[15,39,0],"translation":[14.75,-4.25,-11.5]},"firstperson_righthand":{"rotation":[15,39,0],"translation":[14.75,-4.25,-11.5]},"fixed":{"rotation":[-90,0,0],"scale":[2,2,2],"translation":[0,0,16]},"ground":{"scale":[0.4,0.4,0.4],"translation":[0,2.5,0]},"gui":{"rotation":[30,45,0],"scale":[0.6,0.6,0.6]},"thirdperson_lefthand":{"rotation":[32,41,0],"scale":[0.2,0.2,0.2]},"thirdperson_righthand":{"rotation":[32,41,0],"scale":[0.2,0.2,0.2]}},"elements":[{"faces":{"down":{"texture":"#0","uv":[0,0,16,16]},"east":{"rotation":180,"texture":"#0","uv":[0,13,16,16]},"north":{"rotation":180,"texture":"#0","uv":[0,13,16,16]},"south":{"rotation":180,"texture":"#0","uv":[0,13,16,16]},"up":{"texture":"#0","uv":[0,0,16,16]},"west":{"rotation":180,"texture":"#0","uv":[0,13,16,16]}},"from":[0,13,0],"to":[16,16,16]},{"faces":{"down":{"texture":"#1","uv":[8.5,8.5,15.5,15.5]},"east":{"texture":"#1","uv":[0.5,9.5,7.5,16]},"north":{"texture":"#1","uv":[0.5,9.5,7.5,16]},"south":{"texture":"#1","uv":[0.5,9.5,7.5,16]},"west":{"texture":"#1","uv":[0.5,9.5,7.5,16]}},"from":[1,0,1],"to":[15,13,15]},{"faces":{"down":{"rotation":90,"texture":"#1","uv":[8.5,4.5,10,6]},"east":{"texture":"#1","uv":[10,6,8.5,7.5]},"north":{"texture":"#1","uv":[8.5,6,10,7.5]},"south":{"texture":"#1","uv":[8.5,6,10,7.5]},"up":{"rotation":180,"texture":"#1","uv":[8.5,4.5,10,6]},"west":{"texture":"#1","uv":[10,6,8.5,7.5]}},"from":[0,-0.001,0],"to":[3,2.999,3]},{"faces":{"down":{"rotation":90,"texture":"#1","uv":[8.5,4.5,10,6]},"east":{"texture":"#1","uv":[8.5,6,10,7.5]},"north":{"texture":"#1","uv":[10,6,8.5,7.5]},"south":{"texture":"#1","uv":[10,6,8.5,7.5]},"up":{"rotation":90,"texture":"#1","uv":[8.5,4.5,10,6]},"west":{"texture":"#1","uv":[8.5,6,10,7.5]}},"from":[0,-0.001,13],"to":[3,2.999,16]},{"faces":{"down":{"rotation":180,"texture":"#1","uv":[8.5,4.5,10,6]},"east":{"texture":"#1","uv":[10,6,8.5,7.5]},"north":{"texture":"#1","uv":[8.5,6,10,7.5]},"south":{"texture":"#1","uv":[8.5,6,10,7.5]},"up":{"texture":"#1","uv":[8.5,4.5,10,6]},"west":{"texture":"#1","uv":[10,6,8.5,7.5]}},"from":[13,-0.001,13],"to":[16,2.999,16]},{"faces":{"down":{"rotation":270,"texture":"#1","uv":[8.5,4.5,10,6]},"east":{"texture":"#1","uv":[8.5,6,10,7.5]},"north":{"texture":"#1","uv":[10,6,8.5,7.5]},"south":{"texture":"#1","uv":[10,6,8.5,7.5]},"up":{"rotation":270,"texture":"#1","uv":[8.5,4.5,10,6]},"west":{"texture":"#1","uv":[8.5,6,10,7.5]}},"from":[13,-0.001,0],"to":[16,2.999,3]}],"textures":{"0":"custom/decorations/ruby_bank_top","1":"custom/decorations/ruby_bank_side","particle":"custom/decorations/ruby_bank_top"}}