{"credit":"Made with Blockbench","display":{"firstperson_lefthand":{"translation":[27.25,-3.5,-13.5]},"firstperson_righthand":{"translation":[27.25,-3.5,-13.5]},"ground":{"scale":[0.39,0.39,0.39],"translation":[0,15.5,0]},"gui":{"rotation":[30,45,0],"scale":[0.28,0.28,0.28],"translation":[0,1,0]},"thirdperson_lefthand":{"rotation":[90,0,0],"scale":[4,4,4],"translation":[-6,-2,0]},"thirdperson_righthand":{"rotation":[90,0,0],"scale":[4,4,4],"translation":[-6,-2,0]}},"elements":[{"faces":{"east":{"texture":"#0","uv":[0,0,7,3]},"north":{"texture":"#0","uv":[7.0625,0,14.0625,3]},"south":{"texture":"#0","uv":[7.0625,0,14.0625,3]},"west":{"texture":"#0","uv":[0,0,7,3]}},"from":[-6,0,-6],"rotation":{"angle":0,"axis":"y","origin":[2,8,2]},"to":[22,12,22]},{"faces":{"down":{"rotation":90,"texture":"#0","uv":[0,4,9,13]},"east":{"texture":"#0","uv":[0,3,9,3.5]},"north":{"texture":"#0","uv":[0,3,9,3.5]},"south":{"texture":"#0","uv":[0,3,9,3.5]},"up":{"texture":"#0","uv":[0,4,9,13]},"west":{"texture":"#0","uv":[0,3,9,3.5]}},"from":[-10,-2,-10],"rotation":{"angle":0,"axis":"y","origin":[-2,6,-2]},"to":[26,0,26]},{"faces":{"down":{"rotation":90,"texture":"#0","uv":[0,4,9,13]},"east":{"texture":"#0","uv":[0,3,9,3.5]},"north":{"texture":"#0","uv":[0,3,9,3.5]},"south":{"texture":"#0","uv":[0,3,9,3.5]},"up":{"texture":"#0","uv":[0,4,9,13]},"west":{"texture":"#0","uv":[0,3,9,3.5]}},"from":[-10,12,-10],"rotation":{"angle":0,"axis":"y","origin":[-2,20,-2]},"to":[26,14,26]},{"faces":{"down":{"rotation":90,"texture":"#0","uv":[9,4,10,13]},"east":{"texture":"#0","uv":[9,3,10,4]},"north":{"rotation":90,"texture":"#0","uv":[9,4,10,13]},"south":{"rotation":90,"texture":"#0","uv":[9,4,10,13]},"up":{"rotation":90,"texture":"#0","uv":[9,4,10,13]},"west":{"texture":"#0","uv":[9,3,10,4]}},"from":[-10.05,11.95,6],"rotation":{"angle":0,"axis":"y","origin":[8,13.99,8]},"to":[26.05,15.95,10]},{"faces":{"down":{"rotation":90,"texture":"#0","uv":[9,4,10,13]},"east":{"texture":"#0","uv":[9,3,10,4]},"north":{"rotation":90,"texture":"#0","uv":[9,4,10,13]},"south":{"rotation":90,"texture":"#0","uv":[9,4,10,13]},"up":{"rotation":90,"texture":"#0","uv":[9,4,10,13]},"west":{"texture":"#0","uv":[9,3,10,4]}},"from":[-10.05,-3.95,6],"rotation":{"angle":0,"axis":"y","origin":[8,-2.01,8]},"to":[26.05,0.05,10]},{"faces":{"down":{"texture":"#0","uv":[9,4,10,13]},"east":{"rotation":90,"texture":"#0","uv":[9,4,10,13]},"north":{"texture":"#0","uv":[9,3,10,4]},"south":{"texture":"#0","uv":[9,3,10,4]},"up":{"rotation":180,"texture":"#0","uv":[9,4,10,13]},"west":{"rotation":90,"texture":"#0","uv":[9,4,10,13]}},"from":[6,11.95,-10.05],"rotation":{"angle":0,"axis":"y","origin":[8,13.99,8]},"to":[10,15.95,26.05]},{"faces":{"down":{"texture":"#0","uv":[9,4,10,13]},"east":{"rotation":90,"texture":"#0","uv":[9,4,10,13]},"north":{"texture":"#0","uv":[9,3,10,4]},"south":{"texture":"#0","uv":[9,3,10,4]},"up":{"rotation":180,"texture":"#0","uv":[9,4,10,13]},"west":{"rotation":90,"texture":"#0","uv":[9,4,10,13]}},"from":[6,-3.95,-10.05],"rotation":{"angle":0,"axis":"y","origin":[8,-2.01,8]},"to":[10,0.05,26.05]},{"faces":{"east":{"texture":"#0","uv":[9,4,10,5]},"north":{"texture":"#0","uv":[9,4,10,5]},"south":{"texture":"#0","uv":[9,4,10,5]},"up":{"texture":"#0","uv":[9,3,10,4]},"west":{"texture":"#0","uv":[9,4,10,5]}},"from":[6,15.9,6],"rotation":{"angle":0,"axis":"y","origin":[14,24,14]},"to":[10,19.9,10]},{"faces":{"down":{"texture":"#0","uv":[9,3,10,4]}},"from":[6,-4,6],"rotation":{"angle":0,"axis":"y","origin":[14,4,14]},"to":[10,-4,10]},{"faces":{"down":{"rotation":90,"texture":"#0","uv":[9,4,10,9]},"east":{"texture":"#0","uv":[9,3,10,4]},"north":{"rotation":90,"texture":"#0","uv":[9,4,10,9]},"south":{"rotation":90,"texture":"#0","uv":[9,4,10,9]},"up":{"rotation":90,"texture":"#0","uv":[9,4,10,9]},"west":{"texture":"#0","uv":[9,3,10,4]}},"from":[-2,-4,-2],"rotation":{"angle":0,"axis":"y","origin":[6,4,6]},"to":[18,0,2]},{"faces":{"down":{"rotation":180,"texture":"#0","uv":[9,4,10,9]},"east":{"rotation":90,"texture":"#0","uv":[9,4,10,9]},"north":{"texture":"#0","uv":[9,3,10,4]},"south":{"texture":"#0","uv":[9,3,10,4]},"up":{"texture":"#0","uv":[9,4,10,9]},"west":{"rotation":90,"texture":"#0","uv":[9,4,10,9]}},"from":[-1.95,-3.85,-1.95],"rotation":{"angle":0,"axis":"y","origin":[6,4,10]},"to":[2.05,0.15,17.95]},{"faces":{"down":{"rotation":180,"texture":"#0","uv":[9,4,10,9]},"east":{"rotation":90,"texture":"#0","uv":[9,4,10,9]},"north":{"texture":"#0","uv":[9,3,10,4]},"south":{"texture":"#0","uv":[9,3,10,4]},"up":{"texture":"#0","uv":[9,4,10,9]},"west":{"rotation":90,"texture":"#0","uv":[9,4,10,9]}},"from":[13.95,-3.85,-1.95],"rotation":{"angle":0,"axis":"y","origin":[22,4,10]},"to":[17.95,0.15,17.95]},{"faces":{"down":{"rotation":90,"texture":"#0","uv":[9,4,10,9]},"east":{"texture":"#0","uv":[9,3,10,4]},"north":{"rotation":90,"texture":"#0","uv":[9,4,10,9]},"south":{"rotation":90,"texture":"#0","uv":[9,4,10,9]},"up":{"rotation":90,"texture":"#0","uv":[9,4,10,9]},"west":{"texture":"#0","uv":[9,3,10,4]}},"from":[-2,-4,14],"rotation":{"angle":0,"axis":"y","origin":[6,4,22]},"to":[18,0,18]},{"faces":{"east":{"texture":"#0","uv":[10,4,15,6.5]},"north":{"texture":"#0","uv":[10,4,15,6.5]},"south":{"texture":"#0","uv":[10,4,15,6.5]},"west":{"texture":"#0","uv":[10,4,15,6.5]}},"from":[-1.9,-12.6,-1.9],"rotation":{"angle":0,"axis":"y","origin":[6,-5,6]},"to":[17.9,-2.8,17.9]},{"faces":{"east":{"rotation":180,"texture":"#0","uv":[10,4,15,6.5]},"north":{"rotation":180,"texture":"#0","uv":[10,4,15,6.5]},"south":{"rotation":180,"texture":"#0","uv":[10,4,15,6.5]},"west":{"rotation":180,"texture":"#0","uv":[10,4,15,6.5]}},"from":[17.9,-2.8,17.9],"rotation":{"angle":0,"axis":"y","origin":[26,5,26]},"to":[-1.9,-12.6,-1.9]}],"texture_size":[64,64],"textures":{"0":"custom/decorations/ruby_exchange_sign","particle":"custom/decorations/ruby_exchange_sign"}}