{"credit":"Made with Blockbench","display":{"firstperson_lefthand":{"translation":[10,0,0]},"firstperson_righthand":{"translation":[10,0,0]},"fixed":{"rotation":[-90,0,0],"scale":[2,2,2],"translation":[0,0,-16]},"ground":{"scale":[0.4,0.4,0.4],"translation":[0,1.5,0]},"gui":{"rotation":[30,-45,0],"scale":[0.65,0.65,0.65],"translation":[0,-0.75,0]},"head":{"scale":[1.6,1.6,1.6]},"thirdperson_lefthand":{"rotation":[90,0,0],"translation":[-6,-0.25,10.5]},"thirdperson_righthand":{"rotation":[90,0,0],"translation":[-6,-0.25,10.5]}},"elements":[{"faces":{"east":{"rotation":180,"texture":"#1","uv":[0,3.5,1.5,6]},"north":{"rotation":180,"texture":"#1","uv":[0,3.5,1.5,6]},"south":{"rotation":180,"texture":"#1","uv":[0,3.5,1.5,6]},"west":{"rotation":180,"texture":"#1","uv":[0,3.5,1.5,6]}},"from":[17.93187,16,9.50006],"rotation":{"angle":0,"axis":"y","origin":[7.96597,18.49994,8.03409]},"to":[14.93187,11,6.50006]},{"faces":{"east":{"rotation":180,"texture":"#1","uv":[0,3.5,1.5,6]},"north":{"rotation":180,"texture":"#1","uv":[0,3.5,1.5,6]},"south":{"rotation":180,"texture":"#1","uv":[0,3.5,1.5,6]},"west":{"rotation":180,"texture":"#1","uv":[0,3.5,1.5,6]}},"from":[0.93187,16,9.50006],"rotation":{"angle":0,"axis":"y","origin":[-9.03403,18.49994,8.03409]},"to":[-2.06813,11,6.50006]},{"faces":{"east":{"texture":"#1","uv":[11.5,0,12,4]},"north":{"texture":"#1","uv":[11.5,0,12,4]},"south":{"texture":"#1","uv":[11.5,0,12,4]},"up":{"rotation":270,"texture":"#1","uv":[11.5,0,12,0.5]},"west":{"texture":"#1","uv":[11.5,0,12,4]}},"from":[-1.06813,11,7.50006],"rotation":{"angle":0,"axis":"y","origin":[7.96597,18.49994,8.03409]},"to":[-0.06813,19,8.50006]},{"faces":{"east":{"texture":"#1","uv":[0,3.5,1.5,6]},"north":{"texture":"#1","uv":[0,3.5,1.5,6]},"south":{"texture":"#1","uv":[0,3.5,1.5,6]},"west":{"texture":"#1","uv":[0,3.5,1.5,6]}},"from":[14.93187,11,6.50006],"rotation":{"angle":0,"axis":"y","origin":[7.96597,18.49994,8.03409]},"to":[17.93187,16,9.50006]},{"faces":{"east":{"texture":"#1","uv":[0,3.5,1.5,6]},"north":{"texture":"#1","uv":[0,3.5,1.5,6]},"south":{"texture":"#1","uv":[0,3.5,1.5,6]},"west":{"texture":"#1","uv":[0,3.5,1.5,6]}},"from":[-2.06813,11,6.50006],"rotation":{"angle":0,"axis":"y","origin":[-9.03403,18.49994,8.03409]},"to":[0.93187,16,9.50006]},{"faces":{"down":{"rotation":270,"texture":"#1","uv":[8,5.5,10,7]},"east":{"texture":"#1","uv":[8,1.5,10,7]},"north":{"texture":"#1","uv":[11.5,1.5,10,7]},"south":{"texture":"#1","uv":[10,1.5,11.5,7]},"up":{"rotation":270,"texture":"#1","uv":[8,0,10,1.5]},"west":{"texture":"#1","uv":[8,1.5,10,7]}},"from":[14.93187,0,6.00006],"rotation":{"angle":0,"axis":"y","origin":[7.96597,18.49994,8.03409]},"to":[17.93187,11,10.00006]},{"faces":{"down":{"rotation":90,"texture":"#1","uv":[8,5.5,10,7]},"east":{"texture":"#1","uv":[8,1.5,10,7]},"north":{"texture":"#1","uv":[10,1.5,11.5,7]},"south":{"texture":"#1","uv":[11.5,1.5,10,7]},"up":{"rotation":270,"texture":"#1","uv":[8,0,10,1.5]},"west":{"texture":"#1","uv":[8,1.5,10,7]}},"from":[-2.06813,0,6.00006],"rotation":{"angle":0,"axis":"y","origin":[7.96597,18.49994,8.03409]},"to":[0.93187,11,10.00006]},{"faces":{"east":{"texture":"#1","uv":[11.5,0,12,4]},"north":{"texture":"#1","uv":[11.5,0,12,4]},"south":{"texture":"#1","uv":[11.5,0,12,4]},"up":{"rotation":270,"texture":"#1","uv":[11.5,0,12,0.5]},"west":{"texture":"#1","uv":[11.5,0,12,4]}},"from":[15.93187,11,7.50006],"rotation":{"angle":0,"axis":"y","origin":[7.96597,18.49994,8.03409]},"to":[16.93187,19,8.50006]},{"faces":{"down":{"texture":"#1","uv":[8,0,0,3.5]},"up":{"rotation":180,"texture":"#1","uv":[0,0,8,3.5]}},"from":[-0.06813,18.53397,4.53415],"rotation":{"angle":45,"axis":"x","origin":[7.96597,18.49994,8.03409]},"to":[15.93187,18.53397,11.53415]}],"groups":[{"children":[],"name":"group","origin":[8,8,8]},{"children":[0,1,2,3,4,5,6,7,8],"name":"group","origin":[8,8,8]}],"textures":{"1":"custom/decorations/scan_table_electric"}}