{"credit":"Made with Blockbench","display":{"firstperson_lefthand":{"rotation":[75,0,30]},"firstperson_righthand":{"rotation":[75,0,30]},"fixed":{"rotation":[-90,0,0],"scale":[2,2,2],"translation":[0,0,-16.75]},"ground":{"scale":[0.49,0.49,0.49],"translation":[0,1.75,0]},"gui":{"rotation":[90,-180,0],"scale":[1.1,1.1,1.1],"translation":[0,-0.25,0]},"head":{"translation":[0,15,0]},"thirdperson_lefthand":{"rotation":[-30,-180,0],"scale":[0.45,0.45,0.45],"translation":[0,3.25,-1.25]},"thirdperson_righthand":{"rotation":[-30,0,0],"scale":[0.45,0.45,0.45],"translation":[0,3.5,-1]}},"elements":[{"faces":{"up":{"rotation":180,"texture":"#0","uv":[9,6,13,11.5]}},"from":[4.25,0,1.75],"rotation":{"angle":-22.5,"axis":"y","origin":[6.25,8,8.75]},"to":[12.25,0,12.75]},{"faces":{"up":{"rotation":180,"texture":"#0","uv":[4.5,0,8.5,5.5]}},"from":[1.75,0.5,2.75],"rotation":{"angle":0,"axis":"y","origin":[3.75,8,9.75]},"to":[9.75,0.5,13.75]},{"faces":{"up":{"rotation":180,"texture":"#0","uv":[0,6,4,11.5]}},"from":[4,0.25,3.25],"rotation":{"angle":22.5,"axis":"y","origin":[6,8,8.25]},"to":[12,0.25,14.25]}],"gui_light":"front","textures":{"0":"custom/decorations/stack_of_papers","particle":"custom/decorations/stack_of_papers"}}