{"credit":"Made with Blockbench","display":{"firstperson_lefthand":{"rotation":[12,79,5],"translation":[11,-4.25,-5.25]},"firstperson_righthand":{"rotation":[12,180,5],"translation":[11,-4.25,-5.25]},"fixed":{"rotation":[90,0,0],"scale":[2,2,2],"translation":[0,0,-30]},"ground":{"scale":[0.3,0.3,0.3],"translation":[0,3.25,0]},"gui":{"rotation":[-14,-135,0],"scale":[0.6,0.6,0.6],"translation":[0,-3.5,0]},"head":{"rotation":[8,45,0],"scale":[0.8,0.8,0.8],"translation":[-0.25,-13.5,-3]},"thirdperson_lefthand":{"rotation":[29,-77,0],"scale":[0.2,0.2,0.2],"translation":[0,-0.25,0.75]},"thirdperson_righthand":{"rotation":[29,20,0],"scale":[0.2,0.2,0.2],"translation":[0,-0.25,0.75]}},"elements":[{"faces":{"north":{"texture":"#0","tintindex":0,"uv":[8.5,6.5,15.5,16]},"south":{"texture":"#0","tintindex":0,"uv":[8.5,6.5,15.5,16]}},"from":[1,0,2.2],"rotation":{"angle":-45,"axis":"y","origin":[8,8,8]},"to":[15,19,2.2]},{"faces":{"north":{"texture":"#0","uv":[8,3.5,16,6.5]},"south":{"texture":"#0","uv":[8,3.5,16,6.5]}},"from":[0,17,2.2],"rotation":{"angle":-45,"axis":"y","origin":[8,8,8]},"to":[16,23,2.2]}],"groups":[{"children":[0,1],"name":"group","origin":[8,8,8]}],"textures":{"0":"custom/decorations/streamer_large","particle":"custom/decorations/streamer_large"}}