{"credit":"Made with Blockbench","display":{"firstperson_lefthand":{"rotation":[0,126,-18],"translation":[4.75,2.75,-4]},"firstperson_righthand":{"rotation":[0,126,-18],"translation":[4.75,2.75,-4]},"fixed":{"rotation":[90,0,0],"scale":[2,2,2],"translation":[0,0,-8]},"ground":{"scale":[0.4,0.4,0.4],"translation":[0,2.25,0]},"gui":{"rotation":[0,180,0]},"head":{"scale":[0.8,0.8,0.8],"translation":[0,-8.75,-5.75]},"thirdperson_lefthand":{"rotation":[40,36,0],"scale":[0.3,0.3,0.3],"translation":[0,1.5,0.5]},"thirdperson_righthand":{"rotation":[40,36,0],"scale":[0.3,0.3,0.3],"translation":[0,1.5,0.5]}},"elements":[{"faces":{"north":{"texture":"#0","uv":[0,3.5,8,6.5]},"south":{"texture":"#0","uv":[0,3.5,8,6.5]}},"from":[0,7,8],"to":[16,13,8]},{"faces":{"north":{"texture":"#0","tintindex":0,"uv":[0.5,0,7.5,3.5]},"south":{"texture":"#0","tintindex":0,"uv":[0.5,0,7.5,3.5]}},"from":[1,2,8],"to":[15,9,8]}],"groups":[{"children":[0,1],"name":"group","origin":[8,8,8]}],"textures":{"0":"custom/decorations/streamer_large","particle":"custom/decorations/streamer_large"}}