{"credit":"Made with Blockbench","display":{"head":{"scale":[1.61,1.61,1.61],"translation":[-0.75,8,-11.25]},"thirdperson_lefthand":{"rotation":[90,0,0],"translation":[-5.5,5,12]},"thirdperson_righthand":{"rotation":[90,0,0],"translation":[-6.5,5,12]}},"elements":[{"faces":{"down":{"texture":"#1","uv":[0,6,6.25,10]},"east":{"texture":"#1","uv":[6.25,4,10.25,6]},"north":{"texture":"#1","uv":[0,4,6.25,6]},"south":{"texture":"#1","uv":[6.25,14,12.5,16]},"up":{"rotation":180,"texture":"#1","uv":[0,0,6.25,4]},"west":{"texture":"#1","uv":[6.25,4,10.25,6]}},"from":[-4,0,0],"rotation":{"angle":0,"axis":"y","origin":[4,8,8]},"to":[21,8,16]},{"faces":{"down":{"rotation":90,"texture":"#1","uv":[12.5,10.75,14,12.25]},"east":{"texture":"#1","uv":[12.5,10.75,14,11]},"north":{"rotation":180,"texture":"#1","uv":[12.5,10.75,14,11]},"south":{"texture":"#1","uv":[12.5,12,14,12.25]},"up":{"texture":"#1","uv":[12.5,10.75,14,12.25]},"west":{"rotation":180,"texture":"#1","uv":[12.5,12,14,12.25]}},"from":[-7,5,13],"rotation":{"angle":0,"axis":"y","origin":[20.5,5,0.5]},"to":[-1,6,19]},{"faces":{"down":{"rotation":90,"texture":"#1","uv":[12.5,10.75,14,12.25]},"east":{"texture":"#1","uv":[12.5,10.75,14,11]},"north":{"rotation":180,"texture":"#1","uv":[12.5,10.75,14,11]},"south":{"texture":"#1","uv":[12.5,12,14,12.25]},"up":{"texture":"#1","uv":[12.5,10.75,14,12.25]},"west":{"rotation":180,"texture":"#1","uv":[12.5,12,14,12.25]}},"from":[-6,2,12],"rotation":{"angle":0,"axis":"y","origin":[20.5,5,0.5]},"to":[0,3,18]},{"faces":{"down":{"rotation":270,"texture":"#1","uv":[12.5,10.75,14,12.25]},"east":{"rotation":180,"texture":"#1","uv":[12.5,12,14,12.25]},"north":{"texture":"#1","uv":[12.5,12,14,12.25]},"south":{"rotation":180,"texture":"#1","uv":[12.5,10.75,14,11]},"up":{"rotation":180,"texture":"#1","uv":[12.5,10.75,14,12.25]},"west":{"texture":"#1","uv":[12.5,10.75,14,11]}},"from":[18,6,-3],"to":[24,7,3]},{"faces":{"down":{"rotation":270,"texture":"#1","uv":[12.5,10.75,14,12.25]},"east":{"rotation":180,"texture":"#1","uv":[12.5,12,14,12.25]},"north":{"texture":"#1","uv":[12.5,12,14,12.25]},"south":{"rotation":180,"texture":"#1","uv":[12.5,10.75,14,11]},"up":{"rotation":180,"texture":"#1","uv":[12.5,10.75,14,12.25]},"west":{"texture":"#1","uv":[12.5,10.75,14,11]}},"from":[17,3,-2],"to":[23,4,4]}],"groups":[{"children":[0,1,2,3,4],"color":0,"name":"group","origin":[0,0,0]}],"texture_size":[64,64],"textures":{"1":"custom/decorations/summer_chest"}}