{"credit":"Made with Blockbench","display":{"firstperson_lefthand":{"rotation":[-9,-66,0],"translation":[7.25,0,-4.25]},"firstperson_righthand":{"rotation":[-9,-66,0],"translation":[7.25,0,-4.25]},"fixed":{"scale":[2,2,2],"translation":[0,1,-17]},"ground":{"scale":[0.4,0.4,0.4],"translation":[0,5.5,-2.25]},"gui":{"rotation":[26,-135,0],"scale":[0.6,0.6,0.6],"translation":[0,-2.5,0]},"head":{"scale":[1.6,1.6,1.6],"translation":[0,19.25,-11.25]},"thirdperson_lefthand":{"rotation":[39,0,0],"scale":[0.8,0.8,0.8],"translation":[0,1.75,-0.75]},"thirdperson_righthand":{"rotation":[39,0,0],"scale":[0.8,0.8,0.8],"translation":[0,1.75,-0.75]}},"elements":[{"faces":{"down":{"texture":"#0","uv":[2,5.5,2.5,6]},"east":{"texture":"#0","uv":[2,4,4,6]},"north":{"texture":"#0","uv":[2,4,4,6]},"south":{"texture":"#0","uv":[2,4,4,6]},"west":{"texture":"#0","uv":[2,4,4,6]}},"from":[5.9999,13.0009,10.9999],"rotation":{"angle":-22.5,"axis":"x","origin":[8,3,8]},"to":[10.0001,17.0011,15.0001]},{"faces":{"east":{"rotation":180,"texture":"#0","uv":[2,4,4,6]},"north":{"rotation":180,"texture":"#0","uv":[2,4,4,6]},"south":{"rotation":180,"texture":"#0","uv":[2,4,4,6]},"up":{"texture":"#0","uv":[2,5.5,2.5,6]},"west":{"rotation":180,"texture":"#0","uv":[2,4,4,6]}},"from":[9.9999,17.0009,14.9999],"rotation":{"angle":-22.5,"axis":"x","origin":[8,3,8]},"to":[5.9997,13.0007,10.9997]},{"faces":{"down":{"texture":"#0","uv":[2.5,15.5,3.5,16]},"east":{"texture":"#0","uv":[2.5,6,3.5,16]},"north":{"texture":"#0","uv":[2.5,6,3.5,16]},"south":{"texture":"#0","uv":[2.5,6,3.5,16]},"up":{"texture":"#0","uv":[2.5,15,3.5,16]},"west":{"texture":"#0","uv":[2.5,6,3.5,16]}},"from":[6.99,-7.01,11.99],"rotation":{"angle":-22.5,"axis":"x","origin":[8,3,8]},"to":[9.01,13.01,14.01]},{"faces":{"down":{"rotation":90,"texture":"#0","uv":[0,0,3,2.5]},"east":{"texture":"#0","uv":[0,2.5,3,4]},"north":{"texture":"#0","uv":[0.5,2.5,3,4]},"south":{"texture":"#0","uv":[0,0.5,1,2]},"up":{"rotation":270,"texture":"#0","uv":[0,0,3,2.5]},"west":{"texture":"#0","uv":[0,2.5,3,4]}},"from":[5.5,0,11.5],"to":[10.5,3,17.5]},{"faces":{"north":{"texture":"#1","uv":[0,0,16,16]},"south":{"texture":"#1","uv":[0,0,16,16]}},"from":[0,15.4,8],"rotation":{"angle":45,"axis":"y","origin":[7.97312,23.39995,8.02692]},"to":[16,31.4,8]},{"faces":{"east":{"texture":"#1","uv":[0,0,16,16]},"west":{"texture":"#1","uv":[0,0,16,16]}},"from":[7.9462,15.4,0.00005],"rotation":{"angle":45,"axis":"y","origin":[7.97312,23.39995,8.02692]},"to":[7.9462,31.4,16.00005]}],"groups":[{"children":[0,1,2,3],"name":"group","origin":[8,8,8]},4,5],"textures":{"0":"custom/decorations/tall_torch","1":"custom/decorations/torch_fire","particle":"custom/decorations/tall_torch"}}