{"ambientocclusion":false,"credit":"Made with Blockbench","display":{"firstperson_lefthand":{"rotation":[-9,-107,0],"translation":[8.25,11.5,-7.25]},"firstperson_righthand":{"rotation":[-9,-107,0],"translation":[8.25,11.5,-7.25]},"fixed":{"rotation":[-90,0,0],"scale":[2,2,2],"translation":[0,0,-48]},"ground":{"scale":[0.4,0.4,0.4],"translation":[0,8.25,0]},"gui":{"rotation":[30,-135,0],"scale":[0.5,0.5,0.5],"translation":[0,2.75,0]},"head":{"scale":[1.6,1.6,1.6],"translation":[0,41,0]},"thirdperson_lefthand":{"rotation":[39,0,0],"scale":[0.8,0.8,0.8],"translation":[0,7,6]},"thirdperson_righthand":{"rotation":[39,0,0],"scale":[0.8,0.8,0.8],"translation":[0,7,6]}},"elements":[{"faces":{"north":{"texture":"#0","uv":[2,4,4,6]},"south":{"texture":"#0","uv":[2,4,4,6]}},"from":[5.9999,5.0009,5.9999],"rotation":{"angle":0,"axis":"y","origin":[8,-7,8]},"shade":false,"to":[9.9999,9.0009,5.9999]},{"faces":{"east":{"texture":"#0","uv":[2,4,4,6]},"west":{"texture":"#0","uv":[2,4,4,6]}},"from":[10.0001,5.0009,5.9999],"rotation":{"angle":0,"axis":"y","origin":[8,-7,8]},"shade":false,"to":[10.0001,9.0009,9.9999]},{"faces":{"north":{"texture":"#0","uv":[2,4,4,6]},"south":{"texture":"#0","uv":[2,4,4,6]}},"from":[6.0001,5.0009,10.0001],"rotation":{"angle":0,"axis":"y","origin":[8,-7,8]},"shade":false,"to":[10.0001,9.0009,10.0001]},{"faces":{"down":{"texture":"#0","uv":[0.5,0.5,2.5,2.5]},"up":{"texture":"#0","uv":[0.5,0.5,2.5,2.5]}},"from":[6.0001,5.0001,5.9991],"rotation":{"angle":0,"axis":"x","origin":[8,-7,8]},"shade":false,"to":[10.0001,5.0001,9.9991]},{"faces":{"east":{"texture":"#0","uv":[2,4,4,6]},"west":{"texture":"#0","uv":[2,4,4,6]}},"from":[5.9999,5.0009,6.0001],"rotation":{"angle":0,"axis":"y","origin":[8,-7,8]},"shade":false,"to":[5.9999,9.0009,10.0001]},{"faces":{"down":{"texture":"#0","uv":[2.5,15.5,3.5,16]},"east":{"texture":"#0","uv":[2.5,6,3.5,16]},"north":{"texture":"#0","uv":[2.5,6,3.5,16]},"south":{"texture":"#0","uv":[2.5,6,3.5,16]},"up":{"texture":"#0","uv":[2.5,15,3.5,16]},"west":{"texture":"#0","uv":[2.5,6,3.5,16]}},"from":[6.99,-15.01,6.99],"rotation":{"angle":0,"axis":"y","origin":[8,-7,8]},"shade":false,"to":[9.01,5.01,9.01]},{"faces":{"east":{"texture":"#1","uv":[5,0,11,16]},"west":{"texture":"#1","uv":[5,0,11,16]}},"from":[7.9462,5.4,5.00005],"rotation":{"angle":45,"axis":"y","origin":[7.97312,13.39995,8.02692]},"shade":false,"to":[7.9462,21.4,11.00005]},{"faces":{"north":{"texture":"#1","uv":[5,0,11,16]},"south":{"texture":"#1","uv":[5,0,11,16]}},"from":[4.94625,5.4,8.05384],"rotation":{"angle":45,"axis":"y","origin":[7.97312,13.39995,8.02692]},"shade":false,"to":[10.94625,21.4,8.05384]},{"faces":{"down":{"texture":"#0","uv":[2.5,15.5,3.5,16]},"east":{"texture":"#0","uv":[2.5,15.5,3.5,16]},"north":{"texture":"#0","uv":[2.5,15.5,3.5,16]},"south":{"texture":"#0","uv":[2.5,15.5,3.5,16]},"west":{"texture":"#0","uv":[2.5,15.5,3.5,16]}},"from":[7,-16,7],"shade":false,"to":[9,-15,9]}],"groups":[{"children":[0,1,2,3,4,5,6,7],"name":"group","origin":[8,8,8]},8],"textures":{"0":"custom/decorations/tall_torch","1":"custom/decorations/torch_fire","particle":"custom/decorations/tall_torch"}}