{"credit":"Made with Blockbench","display":{"firstperson_lefthand":{"rotation":[-12,12,0],"translation":[19,-2.75,-11.25]},"firstperson_righthand":{"rotation":[-12,12,0],"translation":[19,-2.75,-11.25]},"fixed":{"rotation":[90,0,0],"scale":[4,4,4],"translation":[0,0,2]},"ground":{"scale":[0.4,0.4,0.4],"translation":[0,6.75,0]},"gui":{"rotation":[30,135,0],"scale":[0.4,0.4,0.4],"translation":[0,1,0]},"head":{"translation":[0,5.5,0]},"thirdperson_lefthand":{"rotation":[0,35,0],"scale":[0.2,0.2,0.2],"translation":[0,1.25,0]},"thirdperson_righthand":{"rotation":[0,35,0],"scale":[0.2,0.2,0.2],"translation":[0,1.25,0]}},"elements":[{"faces":{"down":{"texture":"#0","tintindex":0,"uv":[1.25,10.25,1.625,11]},"east":{"texture":"#0","tintindex":0,"uv":[0.75,0,12.75,11]},"north":{"texture":"#0","tintindex":0,"uv":[0.75,0,0.875,11]},"south":{"texture":"#0","tintindex":0,"uv":[0.75,0,0.875,11]},"west":{"texture":"#0","tintindex":0,"uv":[12.75,0,0.75,11]}},"from":[7.5,-6,-4],"rotation":{"angle":45,"axis":"z","origin":[8,16,8]},"to":[8,16,20]},{"faces":{"down":{"texture":"#0","tintindex":0,"uv":[1.25,10.25,1.625,11]},"east":{"texture":"#0","tintindex":0,"uv":[12.75,0,0.75,11]},"north":{"texture":"#0","tintindex":0,"uv":[0.75,0,0.875,11]},"south":{"texture":"#0","tintindex":0,"uv":[0.75,0,0.875,11]},"west":{"texture":"#0","tintindex":0,"uv":[0.75,0,12.75,11]}},"from":[8,-6,-4],"rotation":{"angle":-45,"axis":"z","origin":[8,16,8]},"to":[8.5,16,20]},{"faces":{"down":{"texture":"#0","uv":[0,8.75,0.125,8.875]},"east":{"texture":"#0","uv":[13.5,0.75,12.75,9.25]},"north":{"texture":"#0","uv":[0,0.75,0.75,9.25]},"south":{"texture":"#0","uv":[0,0.75,0.75,9.25]},"up":{"texture":"#0","uv":[0,0,0.75,0.75]},"west":{"texture":"#0","uv":[12.75,0.75,13.5,9.25]}},"from":[7.25,0,-4.75],"rotation":{"angle":0,"axis":"y","origin":[8,8,3]},"to":[8.75,17,-3.25]},{"faces":{"down":{"texture":"#0","uv":[0,8.75,0.125,8.875]},"east":{"texture":"#0","uv":[12.75,0.75,13.5,9.25]},"north":{"texture":"#0","uv":[0,0.75,0.75,9.25]},"south":{"texture":"#0","uv":[0,0.75,0.75,9.25]},"up":{"texture":"#0","uv":[0,0,0.75,0.75]},"west":{"texture":"#0","uv":[13.5,0.75,12.75,9.25]}},"from":[7.25,0,19.25],"rotation":{"angle":0,"axis":"y","origin":[8,8,3]},"to":[8.75,17,20.75]},{"faces":{"down":{"texture":"#0","uv":[0.5,8,0.75,8.25]},"east":{"texture":"#0","uv":[14,1,14.5,2.5]},"north":{"texture":"#0","uv":[14,1,14.5,2.5]},"south":{"texture":"#0","uv":[14,1,14.5,2.5]},"up":{"texture":"#0","uv":[0,0,0.5,0.5]},"west":{"texture":"#0","uv":[14,1,14.5,2.5]}},"from":[-7.75,0,-4.5],"rotation":{"angle":0,"axis":"y","origin":[8,8,3]},"to":[-6.75,3,-3.5]},{"faces":{"down":{"texture":"#0","uv":[0.5,8,0.75,8.25]},"east":{"texture":"#0","uv":[14,1,14.5,2.5]},"north":{"texture":"#0","uv":[14,1,14.5,2.5]},"south":{"texture":"#0","uv":[14,1,14.5,2.5]},"up":{"texture":"#0","uv":[0,0,0.5,0.5]},"west":{"texture":"#0","uv":[14,1,14.5,2.5]}},"from":[-7.75,0,19.5],"rotation":{"angle":0,"axis":"y","origin":[8,8,3]},"to":[-6.75,3,20.5]},{"faces":{"down":{"texture":"#0","uv":[0.5,8,0.75,8.25]},"east":{"texture":"#0","uv":[14,1,14.5,2.5]},"north":{"texture":"#0","uv":[14,1,14.5,2.5]},"south":{"texture":"#0","uv":[14,1,14.5,2.5]},"up":{"texture":"#0","uv":[0,0,0.5,0.5]},"west":{"texture":"#0","uv":[14,1,14.5,2.5]}},"from":[22.75,0,19.5],"rotation":{"angle":0,"axis":"y","origin":[8,8,3]},"to":[23.75,3,20.5]},{"faces":{"down":{"texture":"#0","uv":[0.5,8,0.75,8.25]},"east":{"texture":"#0","uv":[14,1,14.5,2.5]},"north":{"texture":"#0","uv":[14,1,14.5,2.5]},"south":{"texture":"#0","uv":[14,1,14.5,2.5]},"up":{"texture":"#0","uv":[0,0,0.5,0.5]},"west":{"texture":"#0","uv":[14,1,14.5,2.5]}},"from":[22.75,0,-4.5],"rotation":{"angle":0,"axis":"y","origin":[8,8,3]},"to":[23.75,3,-3.5]},{"faces":{"east":{"rotation":180,"texture":"#0","tintindex":0,"uv":[6.25,1.25,7,1.75]},"north":{"rotation":180,"texture":"#0","tintindex":0,"uv":[6.25,1.25,7,1.75]},"south":{"rotation":180,"texture":"#0","tintindex":0,"uv":[6.25,1.25,7,1.75]},"west":{"rotation":180,"texture":"#0","tintindex":0,"uv":[6.25,1.25,7,1.75]}},"from":[7.13,14.38,-4.87],"to":[8.87,15.62,-3.13]},{"faces":{"east":{"rotation":180,"texture":"#0","tintindex":0,"uv":[6.25,1.25,7,1.75]},"north":{"rotation":180,"texture":"#0","tintindex":0,"uv":[6.25,1.25,7,1.75]},"south":{"rotation":180,"texture":"#0","tintindex":0,"uv":[6.25,1.25,7,1.75]},"west":{"rotation":180,"texture":"#0","tintindex":0,"uv":[6.25,1.25,7,1.75]}},"from":[7.13,14.38,19.13],"to":[8.87,15.62,20.87]},{"faces":{"east":{"texture":"#0","tintindex":0,"uv":[2.75,1.75,3.25,2]},"north":{"texture":"#0","tintindex":0,"uv":[3.5,2.25,4,2.5]},"south":{"rotation":180,"texture":"#0","tintindex":0,"uv":[2.75,1.75,3.25,2]},"west":{"texture":"#0","tintindex":0,"uv":[3.5,2.25,4,2.5]}},"from":[-7.85,0.4,-4.6],"to":[-6.65,1.1,-3.4]},{"faces":{"east":{"rotation":180,"texture":"#0","tintindex":0,"uv":[2.75,1.75,3.25,2]},"north":{"texture":"#0","tintindex":0,"uv":[2.75,1.75,3.25,2]},"south":{"texture":"#0","tintindex":0,"uv":[3.5,2.25,4,2.5]},"west":{"texture":"#0","tintindex":0,"uv":[3.5,2.25,4,2.5]}},"from":[-7.85,0.4,19.4],"to":[-6.65,1.1,20.6]},{"faces":{"east":{"texture":"#0","tintindex":0,"uv":[3.5,2.25,4,2.5]},"north":{"rotation":180,"texture":"#0","tintindex":0,"uv":[2.75,1.75,3.25,2]},"south":{"texture":"#0","tintindex":0,"uv":[3.5,2.25,4,2.5]},"west":{"texture":"#0","tintindex":0,"uv":[2.75,1.75,3.25,2]}},"from":[22.65,0.4,19.4],"to":[23.85,1.1,20.6]},{"faces":{"east":{"texture":"#0","tintindex":0,"uv":[3.5,2.25,4,2.5]},"north":{"texture":"#0","tintindex":0,"uv":[3.5,2.25,4,2.5]},"south":{"texture":"#0","tintindex":0,"uv":[2.75,1.75,3.25,2]},"west":{"rotation":180,"texture":"#0","tintindex":0,"uv":[2.75,1.75,3.25,2]}},"from":[22.65,0.4,-4.6],"to":[23.85,1.1,-3.4]}],"groups":[{"children":[0,1,2,3,4,5,6,7],"name":"group","origin":[8,8,8]},8,9,10,11,12,13],"textures":{"0":"custom/decorations/tent","particle":"custom/decorations/tent"}}