{"credit":"Made with Blockbench","display":{"firstperson_lefthand":{"rotation":[5,23,0],"translation":[9.5,-2.5,-6.75]},"firstperson_righthand":{"rotation":[5,23,0],"translation":[9.5,-2.5,-6.75]},"fixed":{"rotation":[-90,0,0],"scale":[2,2,2],"translation":[0,0,-16]},"ground":{"scale":[0.3,0.3,0.3],"translation":[0,1.75,0]},"gui":{"rotation":[30,45,0],"scale":[0.7,0.7,0.7],"translation":[0,-0.5,0]},"head":{"scale":[1.4,1.4,1.4],"translation":[0,17.5,0]},"thirdperson_lefthand":{"rotation":[16,-40,0],"scale":[0.2,0.2,0.2]},"thirdperson_righthand":{"rotation":[16,-40,0],"scale":[0.2,0.2,0.2]}},"elements":[{"faces":{"down":{"texture":"#0","uv":[0,0,2.5,2.5]},"east":{"texture":"#0","uv":[3.25,12.5,5.75,13]},"north":{"texture":"#0","uv":[0.25,12.5,2.75,13]},"south":{"texture":"#0","uv":[0.25,12.5,2.75,13]},"up":{"texture":"#0","uv":[0,0,2.5,2.5]},"west":{"texture":"#0","uv":[3.25,12.5,5.75,13]}},"from":[3,12,3],"to":[13,14,13]},{"faces":{"down":{"texture":"#0","uv":[0.5,9.5,0.75,10]},"east":{"texture":"#0","uv":[3,12,6,12.5]},"north":{"texture":"#0","uv":[0,12,3,12.5]},"south":{"texture":"#0","uv":[0,12,3,12.5]},"up":{"texture":"#0","uv":[0,9,3,12]},"west":{"texture":"#0","uv":[3,12,6,12.5]}},"from":[2,14,2],"to":[14,16,14]},{"faces":{"down":{"texture":"#0","uv":[0.5,9.5,0.75,10]},"east":{"texture":"#0","uv":[3,13,6,15.5]},"north":{"texture":"#0","uv":[0,13,3,15.5]},"south":{"texture":"#0","uv":[0,13,3,15.5]},"up":{"texture":"#0","uv":[0,9,3,12]},"west":{"texture":"#0","uv":[3,13,6,15.5]}},"from":[2,2,2],"to":[14,12,14]},{"faces":{"down":{"texture":"#0","uv":[0.5,9.5,0.75,10]},"east":{"texture":"#0","uv":[0.5,15.5,2.5,16]},"north":{"texture":"#0","uv":[0.5,15.5,2.5,16]},"south":{"texture":"#0","uv":[0.5,15.5,2.5,16]},"up":{"texture":"#0","uv":[0,0,2,2]},"west":{"texture":"#0","uv":[0.5,15.5,2.5,16]}},"from":[4,0,4],"to":[12,2,12]},{"faces":{"east":{"texture":"#0","tintindex":0,"uv":[9,13,12,15.5]},"north":{"texture":"#0","tintindex":0,"uv":[6,13,9,15.5]},"south":{"texture":"#0","tintindex":0,"uv":[6,13,9,15.5]},"west":{"texture":"#0","tintindex":0,"uv":[9,13,12,15.5]}},"from":[1.75,1.75,1.75],"to":[14.25,12.25,14.25]},{"faces":{"east":{"rotation":180,"texture":"#0","tintindex":0,"uv":[9,13,12,15.5]},"north":{"rotation":180,"texture":"#0","tintindex":0,"uv":[6,13,9,15.5]},"south":{"rotation":180,"texture":"#0","tintindex":0,"uv":[6,13,9,15.5]},"west":{"rotation":180,"texture":"#0","tintindex":0,"uv":[9,13,12,15.5]}},"from":[14.25,12.25,14.25],"rotation":{"angle":0,"axis":"y","origin":[20,18,20]},"to":[1.75,1.75,1.75]}],"groups":[{"children":[0,1,2,3],"name":"group","origin":[8,8,8]},4,5],"textures":{"0":"custom/decorations/vases","particle":"custom/decorations/vases"}}