{"credit":"Made with Blockbench","display":{"firstperson_lefthand":{"rotation":[-45,163,0],"translation":[6.25,0,-6]},"firstperson_righthand":{"rotation":[-45,163,0],"translation":[6.25,0,-6]},"fixed":{"scale":[2,2,2],"translation":[0,6,-1]},"ground":{"rotation":[90,0,0],"scale":[0.4,0.4,0.4],"translation":[0,-0.25,1.25]},"gui":{"rotation":[30,135,0],"translation":[0.5,2.75,0]},"head":{"rotation":[90,0,-180],"scale":[1.6,1.6,1.6],"translation":[0,5,-5]},"thirdperson_lefthand":{"rotation":[43,14,0],"scale":[0.4,0.4,0.4],"translation":[0,0,1.25]},"thirdperson_righthand":{"rotation":[43,14,0],"scale":[0.4,0.4,0.4],"translation":[0,0,1.25]}},"elements":[{"faces":{"down":{"texture":"#0","uv":[0,0,5,0.5]},"east":{"texture":"#0","uv":[0,0,0.5,5]},"north":{"texture":"#0","uv":[0,0.5,5,5.5]},"south":{"texture":"#0","uv":[3.5,5,5,6]},"up":{"texture":"#0","uv":[0,0,5,0.5]},"west":{"texture":"#0","uv":[0,0,0.5,5]}},"from":[3,0,7],"to":[13,10,8]},{"faces":{"down":{"texture":"#0","tintindex":0,"uv":[0.5,3.5,4.5,5]},"east":{"texture":"#0","tintindex":0,"uv":[7,3.5,5.5,5]},"north":{"texture":"#0","tintindex":0,"uv":[0.5,3.5,4.5,5]},"up":{"texture":"#0","tintindex":0,"uv":[0.5,3.5,4.5,5]},"west":{"texture":"#0","tintindex":0,"uv":[5.5,3.5,7,5]}},"from":[4,1,4],"to":[12,4,7]},{"faces":{"down":{"texture":"#0","tintindex":0,"uv":[0.5,3.5,4.5,5]},"east":{"texture":"#0","tintindex":0,"uv":[7,1,5.5,2.5]},"north":{"texture":"#0","tintindex":0,"uv":[0.5,1,4.5,2.5]},"up":{"texture":"#0","tintindex":0,"uv":[0.5,1,4.5,2.5]},"west":{"texture":"#0","tintindex":0,"uv":[5.5,1,7,2.5]}},"from":[4,6,4],"to":[12,9,7]},{"faces":{"down":{"texture":"#0","uv":[0,1.5,5,3.5]},"east":{"texture":"#0","uv":[5,2.5,3,3.5]},"north":{"texture":"#0","uv":[0,2.5,5,3.5]},"south":{"texture":"#0","uv":[0,2.5,5.5,3.5]},"up":{"rotation":180,"texture":"#0","uv":[0,1,5,3]},"west":{"texture":"#0","uv":[3,2.5,5,3.5]}},"from":[3,4,3],"to":[13,6,7]}],"groups":[{"children":[0,1,2,3],"name":"group","origin":[8,8,8]}],"textures":{"0":"custom/decorations/wall_light","particle":"custom/decorations/wall_light"}}