{"credit":"Made with Blockbench","display":{"firstperson_lefthand":{"rotation":[0,24,0],"translation":[4.5,3,-3.5]},"firstperson_righthand":{"rotation":[0,24,0],"translation":[4.5,3,-3.5]},"fixed":{"scale":[2,2,2],"translation":[0,6,-10]},"ground":{"scale":[0.4,0.4,0.4],"translation":[0,7.25,0]},"gui":{"rotation":[30,135,0],"translation":[0,2.25,0]},"head":{"rotation":[0,90,0],"scale":[1.6,1.6,1.6],"translation":[-14.25,13.5,0]},"thirdperson_lefthand":{"rotation":[51,42,0],"scale":[0.4,0.4,0.4],"translation":[0,1.5,1.25]},"thirdperson_righthand":{"rotation":[51,42,0],"scale":[0.4,0.4,0.4],"translation":[0,1.5,1.25]}},"elements":[{"faces":{"east":{"texture":"#0","tintindex":0,"uv":[0.5,1,3.5,6]},"north":{"texture":"#0","tintindex":0,"uv":[0.5,1,3.5,6]},"south":{"texture":"#0","tintindex":0,"uv":[0.5,1,3.5,6]},"up":{"texture":"#0","tintindex":0,"uv":[8,1,11,4]},"west":{"texture":"#0","tintindex":0,"uv":[0.5,1,3.5,6]}},"from":[5,2,5],"to":[11,12,11]},{"faces":{"east":{"texture":"#0","uv":[4.5,8,7.5,13]},"north":{"texture":"#0","uv":[4.5,8,7.5,13]},"south":{"texture":"#0","uv":[4.5,8,7.5,13]},"up":{"texture":"#0","uv":[8,1,11,4]},"west":{"texture":"#0","uv":[4.5,8,7.5,13]}},"from":[4.9,1.9,4.9],"to":[11.1,12.1,11.1]},{"faces":{"down":{"texture":"#0","uv":[4,4,8,8]},"east":{"texture":"#0","uv":[0,6,4,7]},"north":{"texture":"#0","uv":[0,6,4,7]},"south":{"texture":"#0","uv":[0,6,4,7]},"up":{"texture":"#0","uv":[4,0,8,4]},"west":{"texture":"#0","uv":[0,6,4,7]}},"from":[4,0,4],"to":[12,2,12]},{"faces":{"down":{"texture":"#0","uv":[1,9,3,12.5]},"east":{"texture":"#0","uv":[3.5,8,0,9]},"north":{"texture":"#0","uv":[1,7,3,8]},"south":{"texture":"#0","uv":[5,6,7,7]},"up":{"texture":"#0","uv":[1,9,3,12.5]},"west":{"texture":"#0","uv":[0,8,3.5,9]}},"from":[6,-2,6],"to":[10,0,13]}],"textures":{"0":"custom/decorations/wall_lantern","particle":"custom/decorations/wall_lantern"}}