{"credit":"Made with Blockbench","display":{"firstperson_lefthand":{"rotation":[0,-144,0],"translation":[16.5,-9,-20]},"firstperson_righthand":{"rotation":[0,-144,0],"translation":[16.5,-9,-20]},"fixed":{"rotation":[-90,180,0],"scale":[2,2,2],"translation":[0,0,-16]},"ground":{"scale":[0.3,0.3,0.3],"translation":[0,3,0]},"gui":{"rotation":[30,-43,0],"scale":[0.45,0.45,0.45],"translation":[-0.5,-0.25,0]},"head":{"rotation":[0,180,0]},"thirdperson_lefthand":{"rotation":[32,-138,0],"scale":[0.3,0.3,0.3],"translation":[0,3.25,0.75]},"thirdperson_righthand":{"rotation":[32,-138,0],"scale":[0.3,0.3,0.3],"translation":[0,3.25,0.75]}},"elements":[{"faces":{"east":{"texture":"#0","uv":[9,0,15,6]},"north":{"texture":"#0","uv":[8,0,16,6]},"south":{"texture":"#0","uv":[8,0,16,6]},"up":{"rotation":90,"texture":"#0","uv":[1,0,7,1]},"west":{"texture":"#0","uv":[9,0,15,6]}},"from":[14,4,2],"rotation":{"angle":0,"axis":"y","origin":[8,6,8]},"to":[16,16,14]},{"faces":{"east":{"texture":"#0","uv":[9,0,15,6]},"north":{"texture":"#0","uv":[8,0,16,6]},"south":{"texture":"#0","uv":[8,0,16,6]},"up":{"rotation":270,"texture":"#0","uv":[1,0,7,1]},"west":{"texture":"#0","uv":[9,0,15,6]}},"from":[0,4,2],"rotation":{"angle":0,"axis":"y","origin":[8,6,8]},"to":[2,16,14]},{"faces":{"east":{"texture":"#0","uv":[8,0,9,6]},"north":{"texture":"#0","uv":[8,0,16,6]},"south":{"texture":"#0","uv":[8,0,16,6]},"up":{"rotation":180,"texture":"#0","uv":[0,0,8,1]},"west":{"texture":"#0","uv":[15,0,16,6]}},"from":[0,4,14],"rotation":{"angle":0,"axis":"y","origin":[8,6,8]},"to":[16,16,16]},{"faces":{"east":{"texture":"#0","uv":[15,0,16,6]},"north":{"texture":"#0","uv":[8,0,16,6]},"south":{"texture":"#0","uv":[8,0,16,6]},"up":{"texture":"#0","uv":[0,0,8,1]},"west":{"texture":"#0","uv":[8,0,9,6]}},"from":[0,4,0],"rotation":{"angle":0,"axis":"y","origin":[8,6,8]},"to":[16,16,2]},{"faces":{"down":{"texture":"#0","uv":[0,1,8,9]},"up":{"texture":"#0","uv":[0,1,8,9]}},"from":[0,4,0],"to":[16,4,16]},{"faces":{"east":{"rotation":180,"texture":"#0","uv":[14,7,13,10]},"north":{"texture":"#0","uv":[14,7,16,10]},"south":{"rotation":180,"texture":"#0","uv":[11,6,13,11]},"west":{"rotation":180,"texture":"#0","uv":[13,7,14,10]}},"from":[6,2,19],"rotation":{"angle":0,"axis":"y","origin":[8,8,10]},"to":[10,8,21]},{"faces":{"east":{"rotation":180,"texture":"#0","uv":[13,7,14,10]},"north":{"rotation":180,"texture":"#0","uv":[11,6,13,11]},"south":{"texture":"#0","uv":[14,7,16,10]},"west":{"rotation":180,"texture":"#0","uv":[14,7,13,10]}},"from":[6,2,27],"rotation":{"angle":0,"axis":"x","origin":[8,8,10]},"to":[10,8,29]},{"faces":{"down":{"texture":"#0","uv":[11,6,13,11]},"east":{"rotation":270,"texture":"#0","uv":[13,6,14,11]},"north":{"texture":"#0","uv":[14,6,16,7]},"south":{"texture":"#0","uv":[14,6,16,7]},"up":{"texture":"#0","uv":[14,6,16,11]}},"from":[6,8,19],"rotation":{"angle":0,"axis":"y","origin":[8,8,10]},"to":[10,10,29]},{"faces":{"down":{"rotation":180,"texture":"#0","uv":[14,6,16,11]},"east":{"rotation":90,"texture":"#0","uv":[13,6,14,11]},"north":{"rotation":180,"texture":"#0","uv":[14,6,16,7]},"south":{"rotation":180,"texture":"#0","uv":[14,6,16,7]},"up":{"rotation":180,"texture":"#0","uv":[11,6,13,11]},"west":{"rotation":90,"texture":"#0","uv":[13,6,14,11]}},"from":[6,0,19],"rotation":{"angle":0,"axis":"z","origin":[8,8,10]},"to":[10,2,29]},{"faces":{"down":{"texture":"#0","uv":[11,6,13,11]},"east":{"rotation":270,"texture":"#0","uv":[13,6,14,11]},"north":{"texture":"#0","uv":[14,6,16,7]},"south":{"texture":"#0","uv":[14,6,16,7]},"up":{"texture":"#0","uv":[14,6,16,11]},"west":{"rotation":270,"texture":"#0","uv":[13,6,14,11]}},"from":[6,8,19],"rotation":{"angle":0,"axis":"y","origin":[8,8,10]},"to":[10,10,29]},{"faces":{"east":{"texture":"#0","uv":[0,10,3,13]},"west":{"texture":"#0","uv":[0,10,3,13]}},"from":[8,2,21],"to":[8,8,27]},{"faces":{"down":{"texture":"#0","uv":[2,9,6,10]},"east":{"texture":"#0","uv":[7,9,6,10]},"north":{"texture":"#0","uv":[2,9,6,10]},"south":{"texture":"#0","uv":[2,9,6,10]},"up":{"texture":"#0","uv":[2,9,6,10]},"west":{"texture":"#0","uv":[7,9,6,10]}},"from":[4,4,23],"to":[12,6,25]},{"faces":{"down":{"rotation":270,"texture":"#0","uv":[10,12,16,12.5]},"east":{"texture":"#0","uv":[10,11,16,12.5]},"north":{"texture":"#0","uv":[15.5,11,16,12.5]},"south":{"texture":"#0","uv":[10,11,10.5,12.5]},"up":{"rotation":270,"texture":"#0","uv":[10,11,16,11.5]},"west":{"texture":"#0","uv":[16,11,10,12.5]}},"from":[10,10,14],"rotation":{"angle":22.5,"axis":"x","origin":[8,8,8]},"to":[11,13,26]},{"faces":{"down":{"rotation":270,"texture":"#0","uv":[10,13,16,14.5]},"east":{"texture":"#0","uv":[16,14.5,10,15.5]},"north":{"rotation":90,"texture":"#0","uv":[10,14.5,11,13]},"south":{"texture":"#0","uv":[10,11,10.5,12.5]},"up":{"rotation":90,"texture":"#0","uv":[10,13,16,14.5]},"west":{"texture":"#0","uv":[10,14.5,16,15.5]}},"from":[11,13,-12],"to":[14,15,0]},{"faces":{"down":{"rotation":270,"texture":"#0","uv":[10,13,16,14.5]},"east":{"texture":"#0","uv":[16,14.5,10,15.5]},"north":{"rotation":90,"texture":"#0","uv":[10,14.5,11,13]},"south":{"texture":"#0","uv":[10,11,10.5,12.5]},"up":{"rotation":90,"texture":"#0","uv":[10,13,16,14.5]},"west":{"texture":"#0","uv":[10,14.5,16,15.5]}},"from":[2,13,-12],"to":[5,15,0]},{"faces":{"down":{"rotation":270,"texture":"#0","uv":[10,12,16,12.5]},"east":{"texture":"#0","uv":[10,11,16,12.5]},"north":{"texture":"#0","uv":[15.5,11,16,12.5]},"south":{"texture":"#0","uv":[10,11,10.5,12.5]},"up":{"rotation":270,"texture":"#0","uv":[10,11,16,11.5]},"west":{"texture":"#0","uv":[16,11,10,12.5]}},"from":[5,10,14],"rotation":{"angle":22.5,"axis":"x","origin":[8,8,8]},"to":[6,13,26]},{"faces":{"north":{"texture":"#0","uv":[7,9,9.5,10.5]}},"from":[1,12,-0.1],"to":[6,15,-0.1]},{"faces":{"north":{"texture":"#0","uv":[7,9,9.5,10.5]}},"from":[10,12,-0.1],"to":[15,15,-0.1]},{"faces":{"south":{"texture":"#0","uv":[7,10.5,8.5,13]}},"from":[4,6,16.1],"to":[7,11,16.1]},{"faces":{"south":{"texture":"#0","uv":[7,10.5,8.5,13]}},"from":[9,6,16.1],"to":[12,11,16.1]},{"faces":{"down":{"texture":"#0","uv":[13,13,14.5,14]},"east":{"rotation":270,"texture":"#0","uv":[14,13,16,14.5]},"north":{"rotation":270,"texture":"#0","uv":[14,13,16,14]},"south":{"rotation":270,"texture":"#0","uv":[14,13,16,14]},"west":{"rotation":270,"texture":"#0","uv":[14,13,16,14.5]}},"from":[3,0,1],"to":[5,4,4]},{"faces":{"down":{"texture":"#0","uv":[13,13,14.5,14]},"east":{"rotation":270,"texture":"#0","uv":[14,13,16,14.5]},"north":{"rotation":270,"texture":"#0","uv":[14,13,16,14]},"south":{"rotation":270,"texture":"#0","uv":[14,13,16,14]},"west":{"rotation":270,"texture":"#0","uv":[14,13,16,14.5]}},"from":[11,0,1],"to":[13,4,4]}],"groups":[{"children":[0,1,2,3,4],"name":"group","origin":[8,8,8]},{"children":[5,6,7,8,9],"name":"group","origin":[8,8,8]},10,11,12,13,14,15,16,17,18,19,20,21],"textures":{"0":"custom/decorations/wheel_barrel_iron","particle":"custom/decorations/wheel_barrel_iron"}}