{"credit":"Made with Blockbench","display":{"firstperson_lefthand":{"rotation":[0,123,0],"translation":[15.25,-11,-9]},"firstperson_righthand":{"rotation":[0,123,0],"translation":[15.25,-11,-9]},"fixed":{"translation":[0,2,-5]},"ground":{"scale":[0.4,0.4,0.4],"translation":[0,14,0]},"gui":{"scale":[0.5,0.5,0.5],"translation":[0,1,0]},"head":{"rotation":[0,90,0],"scale":[1.6,1.6,1.6],"translation":[0,-3.25,0]},"thirdperson_lefthand":{"translation":[-6,-5,4.75]},"thirdperson_righthand":{"translation":[-6,-5,4.75]}},"elements":[{"faces":{"down":{"texture":"#0","uv":[0,0,8,3.5]},"east":{"texture":"#0","uv":[8,3.5,11.5,11.5]},"north":{"texture":"#0","uv":[0,3.5,8,11.5]},"south":{"texture":"#0","uv":[0,3.5,8,11.5]},"up":{"texture":"#0","uv":[0,0,8,3.5]},"west":{"texture":"#0","uv":[8,3.5,11.5,11.5]}},"from":[-8,-10,1],"to":[24,22,15]}],"textures":{"0":"custom/decorations/windmill_base","particle":"custom/decorations/windmill_base"}}