{"credit":"Made with Blockbench","display":{"firstperson_lefthand":{"rotation":[24,106,8],"translation":[12,-1.25,-4.5]},"firstperson_righthand":{"rotation":[24,106,8],"translation":[12,-1.25,-4.5]},"gui":{"rotation":[10,-37,-46],"scale":[0.42,0.42,0.42],"translation":[-2.75,-3.25,0]},"thirdperson_lefthand":{"rotation":[90,165,8],"translation":[1.25,0.25,10.25]},"thirdperson_righthand":{"rotation":[88,-24,-8],"translation":[1.25,0.75,10.25]}},"elements":[{"faces":{"down":{"texture":"#0","uv":[0,8,3,11]},"east":{"texture":"#0","uv":[0,10.5,3,11]},"north":{"texture":"#0","uv":[0,10.5,3,11]},"south":{"texture":"#0","uv":[0,10.5,3,11]},"up":{"texture":"#0","uv":[0,8,3,11]},"west":{"texture":"#0","uv":[0,10.5,3,11]}},"from":[5,31,5],"rotation":{"angle":0,"axis":"y","origin":[0,31,0]},"to":[11,32,11]},{"faces":{"down":{"texture":"#0","uv":[0,0,8,8]},"up":{"rotation":180,"texture":"#0","uv":[0,0,8,8]}},"from":[0,32,11],"rotation":{"angle":22.5,"axis":"x","origin":[8,32,11]},"to":[16,32,27]},{"faces":{"down":{"rotation":180,"texture":"#0","uv":[0,0,8,8]},"up":{"texture":"#0","uv":[0,0,8,8]}},"from":[0,32,-11],"rotation":{"angle":-22.5,"axis":"x","origin":[8,32,5]},"to":[16,32,5]},{"faces":{"down":{"rotation":90,"texture":"#0","uv":[0,0,8,8]},"up":{"rotation":90,"texture":"#0","uv":[0,0,8,8]}},"from":[11,32,0],"rotation":{"angle":-22.5,"axis":"z","origin":[11,32,8]},"to":[27,32,16]},{"faces":{"down":{"rotation":270,"texture":"#0","uv":[0,0,8,8]},"up":{"rotation":270,"texture":"#0","uv":[0,0,8,8]}},"from":[-11,32,0],"rotation":{"angle":22.5,"axis":"z","origin":[5,32,8]},"to":[5,32,16]},{"faces":{"down":{"texture":"#0","uv":[1,11,1.5,11.5]},"east":{"texture":"#0","uv":[15,0,16,16]},"north":{"texture":"#0","uv":[15,0,16,16]},"south":{"texture":"#0","uv":[16,0,15,16]},"west":{"texture":"#0","uv":[16,0,15,16]}},"from":[7,-1,7],"to":[9,31,9]},{"faces":{"north":{"texture":"#0","uv":[1,11,5,14.5]},"south":{"texture":"#0","uv":[5,11,1,14.5]}},"from":[1,-8,8],"to":[9,-1,8]},{"faces":{"down":{"rotation":90,"texture":"#0","uv":[8,0,11.5,2.5]},"up":{"rotation":90,"texture":"#0","uv":[8,0,11.5,2.5]}},"from":[9,11,4],"rotation":{"angle":-22.5,"axis":"z","origin":[9,11,7]},"to":[14,11,11]},{"faces":{"down":{"rotation":270,"texture":"#0","uv":[8,0,11.5,2.5]},"up":{"rotation":270,"texture":"#0","uv":[8,0,11.5,2.5]}},"from":[2,20,4],"rotation":{"angle":22.5,"axis":"z","origin":[7,20,7.5]},"to":[7,20,11]}],"groups":[{"children":[0,1,2,3,4],"name":"group","origin":[5,1,8]},5,6,7,8],"texture_size":[32,32],"textures":{"0":"custom/cosmetics/patrick/clover_umbrella","particle":"custom/cosmetics/patrick/clover_umbrella"}}