{"credit":"Made with Blockbench","display":{"fixed":{"rotation":[-90,0,0],"scale":[2,2,2],"translation":[0,0,-16.75]},"gui":{"rotation":[30,135,0],"scale":[0.86,0.86,0.86],"translation":[0,2.5,0]},"head":{"rotation":[4,0,0],"scale":[1.9,1.9,1.9],"translation":[0,16.75,1]}},"elements":[{"faces":{"east":{"texture":"#0","uv":[10,2,14,4]},"north":{"texture":"#0","uv":[10,0,14,2]},"south":{"texture":"#0","uv":[10,2,14,4]},"west":{"texture":"#0","uv":[10,2,14,4]}},"from":[3.75,0.05,3.75],"rotation":{"angle":0,"axis":"y","origin":[12,8,12]},"to":[12.25,4.55,12.25]},{"faces":{"down":{"texture":"#0","uv":[8,8,16,16]},"up":{"rotation":180,"texture":"#0","uv":[8,8,16,16]}},"from":[0,0,0],"to":[16,0,16]},{"faces":{"north":{"texture":"#0","uv":[10,4,13.5,7.5]},"south":{"texture":"#0","uv":[13.5,4,10,7.5]}},"from":[-1.4,2.9,5],"rotation":{"angle":45,"axis":"y","origin":[1.5,6.5,5]},"to":[5.6,9.9,5]},{"faces":{"down":{"texture":"#0","tintindex":0,"uv":[0,8,8,16]},"up":{"texture":"#0","tintindex":0,"uv":[0,8,8,16]}},"from":[0,0,0],"to":[16,0,16]},{"faces":{"east":{"texture":"#0","tintindex":0,"uv":[0,5,4,7]},"north":{"texture":"#0","tintindex":0,"uv":[0,5,4,7]},"south":{"texture":"#0","tintindex":0,"uv":[0,5,4,7]},"up":{"texture":"#0","tintindex":0,"uv":[3.5,5,4,5.5]},"west":{"texture":"#0","tintindex":0,"uv":[0,5,4,7]}},"from":[4,0,4],"rotation":{"angle":0,"axis":"y","origin":[12,8,12]},"to":[12,4,12]},{"faces":{"down":{"texture":"#0","tintindex":0,"uv":[3.5,5,4,5.5]},"east":{"rotation":180,"texture":"#0","tintindex":0,"uv":[0,5,4,7]},"north":{"rotation":180,"texture":"#0","tintindex":0,"uv":[0,5,4,7]},"south":{"rotation":180,"texture":"#0","tintindex":0,"uv":[0,5,4,7]},"west":{"rotation":180,"texture":"#0","tintindex":0,"uv":[0,5,4,7]}},"from":[12,4,12],"rotation":{"angle":0,"axis":"y","origin":[20,12,20]},"to":[4,0,4]},{"faces":{"down":{"texture":"#0","tintindex":0,"uv":[3.5,5,4,5.5]},"east":{"texture":"#0","tintindex":0,"uv":[10,4,5,8]},"north":{"texture":"#0","tintindex":0,"uv":[5,0,10,4]},"south":{"texture":"#0","tintindex":0,"uv":[5,0,10,4]},"up":{"rotation":180,"texture":"#0","tintindex":0,"uv":[0,0,5,5]},"west":{"texture":"#0","tintindex":0,"uv":[5,4,10,8]}},"from":[3,3,3],"rotation":{"angle":22.5,"axis":"x","origin":[8,3,8]},"to":[13,11,13]}],"groups":[0,1,2,{"children":[3,4,5,6],"name":"group","origin":[8,3,8]}],"texture_size":[32,32],"textures":{"0":"custom/cosmetics/patrick/leprechaun_hat","particle":"custom/cosmetics/patrick/leprechaun_hat"}}