{"credit":"Made with Blockbench","display":{"gui":{"rotation":[30,-45,0],"scale":[0.54,0.54,0.54],"translation":[-3.5,3,0]},"head":{"rotation":[10,0,0],"scale":[1.61,1.61,1.61],"translation":[0,-35.5,41.5]}},"elements":[{"faces":{"east":{"texture":"#1","uv":[10.25,2.5,0,8]},"west":{"texture":"#1","uv":[0,2.5,10.25,8]}},"from":[8,-1,-12],"rotation":{"angle":0,"axis":"x","origin":[8,7,3]},"to":[8,21,28]},{"faces":{"east":{"texture":"#0","uv":[3.5,0.5,6.75,3.5]},"north":{"texture":"#0","uv":[3.5,0.5,6.75,3.5]},"south":{"texture":"#0","uv":[3.5,0.5,6.75,3.5]},"west":{"texture":"#0","uv":[3.5,0.5,6.75,3.5]}},"from":[1.5,-16,-13.5],"rotation":{"angle":0,"axis":"y","origin":[8,-8,-5]},"to":[14.5,-4,-0.5]},{"faces":{"east":{"rotation":180,"texture":"#0","uv":[3.5,0.5,6.75,3.5]},"north":{"rotation":180,"texture":"#0","uv":[3.5,0.5,6.75,3.5]},"south":{"rotation":180,"texture":"#0","uv":[3.5,0.5,6.75,3.5]},"west":{"rotation":180,"texture":"#0","uv":[3.5,0.5,6.75,3.5]}},"from":[14.5,-4,-0.5],"rotation":{"angle":0,"axis":"y","origin":[21,4,8]},"to":[1.5,-16,-13.5]},{"faces":{"down":{"texture":"#0","uv":[0,3.5,3.25,6.75]},"east":{"texture":"#0","uv":[3.5,0.5,6.75,3.5]}},"from":[1.5,-14,-13.5],"rotation":{"angle":0,"axis":"y","origin":[8,-6,-5]},"to":[14.5,-14,-0.5]},{"faces":{"down":{"texture":"#0","uv":[3,3.5,3.25,3.75]},"east":{"texture":"#0","uv":[3.5,0,7,0.5]},"north":{"texture":"#0","uv":[3.5,0,7,0.5]},"south":{"texture":"#0","uv":[3.5,0,7,0.5]},"up":{"texture":"#0","uv":[0,0,3.5,3.5]},"west":{"texture":"#0","uv":[3.5,0,7,0.5]}},"from":[1,-4,-14],"rotation":{"angle":0,"axis":"y","origin":[9,4,-6]},"to":[15,-2,0]},{"faces":{"east":{"texture":"#0","uv":[3.25,4,8,4.75]},"south":{"texture":"#0","uv":[3.25,5,6.5,5.75]},"west":{"texture":"#0","uv":[3.25,4,8,4.75]}},"from":[1.25,-9.25,-15.25],"rotation":{"angle":22.5,"axis":"x","origin":[8,-7.5,-7]},"to":[14.75,-5.75,1.25]},{"faces":{"east":{"texture":"#0","uv":[3.25,4,8,4.75]},"north":{"texture":"#0","uv":[3.25,5,6.5,5.75]},"west":{"texture":"#0","uv":[3.25,4,8,4.75]}},"from":[14.75,-5.75,1.25],"rotation":{"angle":22.5,"axis":"x","origin":[8,-7.5,-7]},"to":[1.25,-9.25,-15.25]},{"faces":{"down":{"rotation":270,"texture":"#0","uv":[6.75,0.5,8,1.75]},"up":{"rotation":270,"texture":"#0","uv":[6.75,0.5,8,1.75]}},"from":[15,-2,-9.5],"rotation":{"angle":-45,"axis":"z","origin":[15,-2,-7]},"to":[20,-2,-4.5]},{"faces":{"down":{"rotation":90,"texture":"#0","uv":[6.75,0.5,8,1.75]},"up":{"rotation":90,"texture":"#0","uv":[6.75,0.5,8,1.75]}},"from":[-4,-2,-9.5],"rotation":{"angle":45,"axis":"z","origin":[1,-2,-7]},"to":[1,-2,-4.5]},{"faces":{"east":{"rotation":90,"texture":"#0","uv":[3,0.25,3.25,3.25]},"north":{"rotation":180,"texture":"#0","uv":[0.25,0.25,3.25,0.5]},"south":{"rotation":270,"texture":"#0","uv":[3,0.25,3.25,3.25]},"up":{"texture":"#0","uv":[0.25,0.25,3.25,3.25]},"west":{"rotation":90,"texture":"#0","uv":[3,0.25,3.25,3.25]}},"from":[2,-2,-13],"rotation":{"angle":0,"axis":"y","origin":[10,6,-5]},"to":[14,-1,-1]}],"groups":[0,{"children":[1,2,3,4,5,6,7,8],"name":"group","origin":[1,14,8]},9],"texture_size":[64,64],"textures":{"0":"custom/cosmetics/patrick/pot_of_gold","1":"custom/cosmetics/patrick/rainbow","particle":"custom/cosmetics/patrick/pot_of_gold"}}