{
	"credit": "DSprl",
	"textures": {
		"1": "entity/alex",
		"2": "item/wooden_shovel",
		"3": "item/iron_nugget",
		"particle": "item/wooden_shovel"
	},
	"elements": [
		{
			"from": [0, 0, 16],
			"to": [16, 16, 32],
			"rotation": {"angle": 0, "axis": "y", "origin": [0, 0, 15]},
			"faces": {
				"north": {"uv": [2, 2, 4, 4], "texture": "#1"},
				"east": {"uv": [4, 2, 6, 4], "texture": "#1"},
				"south": {"uv": [6, 2, 8, 4], "texture": "#1"},
				"west": {"uv": [0, 2, 2, 4], "texture": "#1"},
				"up": {"uv": [2, 0, 4, 2], "texture": "#1"},
				"down": {"uv": [3, 4, 13, 12], "texture": "#3"}
			}
		},
		{
			"from": [0, 1, 28],
			"to": [4, 24, 32],
			"rotation": {"angle": -45, "axis": "x", "origin": [-2, -1, 11]},
			"faces": {
				"north": {"uv": [0, 2, 2, 4], "texture": "#1"},
				"east": {"uv": [0, 2, 2, 4], "texture": "#1"},
				"south": {"uv": [0, 2, 2, 4], "texture": "#1"},
				"west": {"uv": [0, 2, 2, 4], "texture": "#1"},
				"up": {"uv": [0, 2, 2, 4], "texture": "#1"},
				"down": {"uv": [0, 2, 2, 4], "texture": "#1"}
			}
		},
		{
			"from": [12, 1, 28],
			"to": [16, 24, 32],
			"rotation": {"angle": -45, "axis": "x", "origin": [10, -1, 11]},
			"faces": {
				"north": {"uv": [0, 2, 2, 4], "texture": "#1"},
				"east": {"uv": [0, 2, 2, 4], "texture": "#1"},
				"south": {"uv": [0, 2, 2, 4], "texture": "#1"},
				"west": {"uv": [0, 2, 2, 4], "texture": "#1"},
				"up": {"uv": [0, 2, 2, 4], "texture": "#1"},
				"down": {"uv": [0, 2, 2, 4], "texture": "#1"}
			}
		},
		{
			"from": [0, 28, -15.75],
			"to": [4, 32, 8.25],
			"rotation": {"angle": 0, "axis": "x", "origin": [-2, -1, 11]},
			"faces": {
				"north": {"uv": [0, 2, 2, 4], "rotation": 180, "texture": "#1"},
				"east": {"uv": [0, 2, 2, 4], "rotation": 90, "texture": "#1"},
				"south": {"uv": [0, 2, 2, 4], "texture": "#1"},
				"west": {"uv": [0, 2, 2, 4], "rotation": 270, "texture": "#1"},
				"up": {"uv": [0, 2, 2, 4], "texture": "#1"},
				"down": {"uv": [0, 2, 2, 4], "rotation": 180, "texture": "#1"}
			}
		},
		{
			"from": [12, 28, -15.75],
			"to": [16, 32, 8.25],
			"rotation": {"angle": 0, "axis": "x", "origin": [10, -1, 11]},
			"faces": {
				"north": {"uv": [0, 2, 2, 4], "rotation": 180, "texture": "#1"},
				"east": {"uv": [0, 2, 2, 4], "rotation": 90, "texture": "#1"},
				"south": {"uv": [0, 2, 2, 4], "texture": "#1"},
				"west": {"uv": [0, 2, 2, 4], "rotation": 270, "texture": "#1"},
				"up": {"uv": [0, 2, 2, 4], "texture": "#1"},
				"down": {"uv": [0, 2, 2, 4], "rotation": 180, "texture": "#1"}
			}
		},
		{
			"from": [0, 2, 0],
			"to": [16, 3, 16],
			"faces": {
				"up": {"uv": [0, 0, 16, 16], "rotation": 270, "texture": "#2"}
			}
		}
	],
	"display": {
		"thirdperson_righthand": {
			"rotation": [-119, 0, -180],
			"translation": [-5.5, -11, 13],
			"scale": [0.3, 0.3, 0.3]
		},
		"firstperson_righthand": {
			"scale": [0, 0, 0]
		},
		"gui": {
			"rotation": [24, 150, 0],
			"translation": [0, -3.5, 0],
			"scale": [0.5, 0.5, 0.5]
		},
		"head": {
			"translation": [0.25, 0, -16.5]
		}
	}
}