{"credit":"Made with Blockbench","display":{"firstperson_lefthand":{"rotation":[119,80,10],"translation":[3.25,0,3.75]},"firstperson_righthand":{"rotation":[119,80,10],"translation":[3.25,0,3.75]},"ground":{"translation":[0,6.75,0]},"gui":{"rotation":[30,45,0],"translation":[0.5,2.5,0]},"head":{"scale":[1.6,1.6,1.6],"translation":[0,14.5,0]},"thirdperson_lefthand":{"rotation":[90,180,0],"translation":[-1.25,-1.5,9.75]},"thirdperson_righthand":{"rotation":[90,0,0],"translation":[-1.25,-2.5,9.75]}},"elements":[{"faces":{"down":{"texture":"#0","uv":[10.5,5.5,11.25,6.25]},"east":{"texture":"#0","uv":[11.5,6.5,12.25,9]},"north":{"texture":"#0","uv":[9.5,6.5,10.25,9]},"south":{"texture":"#0","uv":[10.25,6.5,9.5,9]},"up":{"rotation":180,"texture":"#0","uv":[9.5,5.5,10.25,6.25]},"west":{"texture":"#0","uv":[11.5,6.5,12.25,9]}},"from":[6.5,0,6],"rotation":{"angle":0,"axis":"x","origin":[7.98864,9.02533,7.48607]},"to":[9.5,10,9]},{"faces":{"east":{"texture":"#0","uv":[12.5,6.5,13.25,9]},"north":{"texture":"#0","uv":[10.5,6.5,11.25,9]},"south":{"texture":"#0","uv":[10.5,6.5,11.25,9]},"up":{"rotation":180,"texture":"#0","uv":[9.5,5.5,10.25,6.25]},"west":{"texture":"#0","uv":[12.5,6.5,13.25,9]}},"from":[6.25,-0.25,5.75],"rotation":{"angle":0,"axis":"x","origin":[7.98864,9.02533,7.48607]},"to":[9.75,10.25,9.25]}],"groups":[{"children":[0,1],"name":"group","origin":[8,8,8]}],"textures":{"0":"custom/entities/banker/banker_base","particle":"custom/entities/banker/banker_base"}}