{"credit":"Made with Blockbench","display":{"firstperson_lefthand":{"rotation":[24,180,0],"translation":[-8.75,-7.75,-6.75]},"firstperson_righthand":{"rotation":[24,180,0],"translation":[-8.25,-7.75,-6.75]},"fixed":{"rotation":[-90,0,0],"scale":[2,2,2],"translation":[-1,0,-16]},"ground":{"scale":[0.6,0.6,0.6],"translation":[0,8,0]},"gui":{"rotation":[30,-45,0],"scale":[0.6,0.6,0.6],"translation":[0,-1.25,0]},"head":{"scale":[1.6,1.6,1.6],"translation":[-0.75,2,14]},"thirdperson_lefthand":{"rotation":[90,0,0],"scale":[0.9,0.9,0.9],"translation":[-5.5,-10.25,4.25]},"thirdperson_righthand":{"rotation":[90,0,0],"scale":[0.9,0.9,0.9],"translation":[-6.5,-10.25,4.25]}},"elements":[{"faces":{"down":{"texture":"#0","uv":[9,13,13,16]},"east":{"texture":"#0","uv":[4.75,9,7.75,13]},"north":{"texture":"#0","uv":[8,9,12,13]},"south":{"texture":"#0","uv":[8,9,12,13]},"up":{"texture":"#0","uv":[4.75,13,8.75,16]},"west":{"texture":"#0","uv":[4.75,9,7.75,13]}},"from":[0.5,0,2],"rotation":{"angle":0,"axis":"y","origin":[8,11,10]},"to":[16.5,16,14]},{"faces":{"east":{"texture":"#0","uv":[12.5,9,15.5,13]},"north":{"texture":"#0","uv":[11.25,0.5,15.25,4.5]},"south":{"texture":"#0","uv":[11.25,0.5,15.25,4.5]},"up":{"texture":"#0","uv":[4.75,13,8.75,16]},"west":{"texture":"#0","uv":[12.5,9,15.5,13]}},"from":[0,-0.5,1.5],"rotation":{"angle":0,"axis":"y","origin":[8,11,10]},"to":[17,16.5,14.5]},{"faces":{"down":{"texture":"#1","uv":[4,10,6,12]},"east":{"texture":"#1","uv":[0,12,2,16]},"north":{"texture":"#1","uv":[0,12,2,16]},"south":{"texture":"#1","uv":[0,12,2,16]},"up":{"texture":"#1","uv":[2,10,4,12]},"west":{"texture":"#1","uv":[0,12,2,16]}},"from":[2,15,7],"rotation":{"angle":22.5,"axis":"x","origin":[8,11,10]},"to":[6,23,11]},{"faces":{"down":{"texture":"#1","uv":[4,10,6,12]},"east":{"texture":"#1","uv":[0,12,2,16]},"north":{"texture":"#1","uv":[0,12,2,16]},"south":{"texture":"#1","uv":[0,12,2,16]},"up":{"texture":"#1","uv":[2,10,4,12]},"west":{"texture":"#1","uv":[0,12,2,16]}},"from":[6,16,3],"rotation":{"angle":-45,"axis":"z","origin":[8,11,10]},"to":[10,24,7]},{"faces":{"down":{"texture":"#1","uv":[4,10,6,12]},"east":{"texture":"#1","uv":[0,12,2,16]},"north":{"texture":"#1","uv":[0,12,2,16]},"south":{"texture":"#1","uv":[0,12,2,16]},"up":{"texture":"#1","uv":[2,10,4,12]},"west":{"texture":"#1","uv":[0,12,2,16]}},"from":[8,16,5],"rotation":{"angle":45,"axis":"y","origin":[8,11,10]},"to":[12,24,9]},{"faces":{"down":{"texture":"#1","uv":[4,10,6,12]},"east":{"texture":"#1","uv":[0,12,2,16]},"north":{"texture":"#1","uv":[0,12,2,16]},"south":{"texture":"#1","uv":[0,12,2,16]},"up":{"texture":"#1","uv":[2,10,4,12]},"west":{"texture":"#1","uv":[0,12,2,16]}},"from":[4,15,4],"rotation":{"angle":22.5,"axis":"z","origin":[8,11,10]},"to":[8,23,8]},{"faces":{"down":{"texture":"#1","uv":[8,0,12,4]},"east":{"texture":"#1","uv":[0,4,4,10]},"north":{"texture":"#1","uv":[0,4,4,10]},"south":{"texture":"#1","uv":[0,4,4,10]},"up":{"texture":"#1","uv":[4,0,8,4]},"west":{"texture":"#1","uv":[0,4,4,10]}},"from":[7,9,3],"rotation":{"angle":22.5,"axis":"x","origin":[8,11,10]},"to":[15,21,11]}],"groups":[{"children":[0,1,2,3,4,5,6],"name":"group","origin":[8,8,8]}],"textures":{"0":"custom/entities/banker/banker_base","1":"custom/minerals/ruby/ruby_crystal","particle":"custom/entities/banker/banker_base"}}