{"credit":"Made with Blockbench","display":{"firstperson_lefthand":{"translation":[0,-1.25,-1.5]},"firstperson_righthand":{"translation":[0,-1.25,-1.5]},"fixed":{"rotation":[-90,0,0],"scale":[2,2,2],"translation":[0,0,-8.75]},"ground":{"translation":[0,7,0]},"gui":{"rotation":[30,135,0],"scale":[0.8,0.8,0.8],"translation":[0,-1.25,0]},"head":{"scale":[1.6,1.6,1.6],"translation":[-0.75,1,-0.75]},"thirdperson_lefthand":{"rotation":[67,0,0],"translation":[0.75,-1.5,-5.5]},"thirdperson_righthand":{"rotation":[67,0,0],"translation":[0.75,-1.5,-5.5]}},"elements":[{"faces":{"down":{"texture":"#0","uv":[2.25,0,4.5,2.25]},"east":{"texture":"#0","uv":[4.5,2.25,2.25,4.5]},"north":{"texture":"#0","uv":[0,2.25,2.25,4.5]},"south":{"texture":"#0","uv":[4.5,2.25,6.75,4.5]},"up":{"texture":"#0","uv":[0,0,2.25,2.25]},"west":{"texture":"#0","uv":[2.25,2.25,4.5,4.5]}},"from":[4,3,4],"rotation":{"angle":0,"axis":"y","origin":[8,3,8]},"to":[13,12,13]},{"faces":{"east":{"texture":"#0","uv":[2.25,4.5,4.25,5.25]},"north":{"texture":"#0","uv":[0,4.5,2,5.25]},"south":{"texture":"#0","uv":[0,4.5,2,5.25]},"west":{"texture":"#0","uv":[4.25,4.5,2.25,5.25]}},"from":[4.5,0,4.5],"rotation":{"angle":0,"axis":"y","origin":[8,3,8]},"to":[12.5,3,12.5]},{"faces":{"east":{"rotation":180,"texture":"#0","uv":[2.25,4.5,4.25,5.25]},"north":{"rotation":180,"texture":"#0","uv":[0,4.5,2,5.25]},"south":{"rotation":180,"texture":"#0","uv":[0,4.5,2,5.25]},"west":{"rotation":180,"texture":"#0","uv":[4.25,4.5,2.25,5.25]}},"from":[12.5,3,12.5],"rotation":{"angle":0,"axis":"y","origin":[8,3,8]},"to":[4.5,0,4.5]},{"faces":{"north":{"texture":"#0","uv":[4.75,0.25,5.5,2]},"south":{"texture":"#0","uv":[4.75,0.25,5.5,2]}},"from":[7.5,14,8.5],"rotation":{"angle":45,"axis":"x","origin":[7,14.5,8]},"to":[10.5,21,8.5]},{"faces":{"down":{"texture":"#0","uv":[6,0.5,6.75,1.25]},"east":{"texture":"#0","uv":[6.75,1.25,7.5,1.75]},"north":{"texture":"#0","uv":[6,1.25,6.75,1.75]},"south":{"texture":"#0","uv":[6,1.25,6.75,1.75]},"up":{"texture":"#0","uv":[6,0.5,6.75,1.25]},"west":{"texture":"#0","uv":[6.75,1.25,7.5,1.75]}},"from":[7,12,7],"rotation":{"angle":0,"axis":"y","origin":[8,3,8]},"to":[10,14,10]},{"faces":{"north":{"texture":"#0","uv":[4.75,0.25,5.5,2]},"south":{"texture":"#0","uv":[4.75,0.25,5.5,2]}},"from":[6,13,8.5],"rotation":{"angle":22.5,"axis":"z","origin":[7,14.5,8]},"to":[9,20,8.5]}],"groups":[{"children":[{"children":[0,1,2,3,4,5],"name":"group","origin":[8,10,-2]}],"name":"group","origin":[8,8,8]}],"textures":{"0":"custom/entities/banker/banker_base","particle":"custom/entities/banker/banker_base"}}