{
	"credit": "Made with Blockbench",
	"texture_size": [64, 64],
	"textures": {
		"0": "custom/cosmetics/dino/sombrero",
		"particle": "dino/sombrero"
	},
	"elements": [
		{
			"from": [2, 0, 1],
			"to": [4, 1, 2],
			"rotation": {"angle": 0, "axis": "y", "origin": [11, 8, 15]},
			"faces": {
				"north": {"uv": [1.75, 4.75, 2.25, 5], "texture": "#0"},
				"east": {"uv": [1.5, 4.75, 1.75, 5], "texture": "#0"},
				"south": {"uv": [2.5, 4.75, 3, 5], "texture": "#0"},
				"west": {"uv": [2.25, 4.75, 2.5, 5], "texture": "#0"},
				"up": {"uv": [2.25, 4.75, 1.75, 4.5], "texture": "#0"},
				"down": {"uv": [2.75, 4.5, 2.25, 4.75], "texture": "#0"}
			}
		},
		{
			"from": [2, 0, 14],
			"to": [4, 1, 15],
			"rotation": {"angle": 0, "axis": "y", "origin": [11, 8, 28]},
			"faces": {
				"north": {"uv": [0.25, 4.75, 0.75, 5], "texture": "#0"},
				"east": {"uv": [0, 4.75, 0.25, 5], "texture": "#0"},
				"south": {"uv": [1, 4.75, 1.5, 5], "texture": "#0"},
				"west": {"uv": [0.75, 4.75, 1, 5], "texture": "#0"},
				"up": {"uv": [0.75, 4.75, 0.25, 4.5], "texture": "#0"},
				"down": {"uv": [1.25, 4.5, 0.75, 4.75], "texture": "#0"}
			}
		},
		{
			"from": [12, 0, 1],
			"to": [14, 1, 2],
			"rotation": {"angle": 0, "axis": "y", "origin": [21, 8, 15]},
			"faces": {
				"north": {"uv": [1.75, 4.25, 2.25, 4.5], "texture": "#0"},
				"east": {"uv": [1.5, 4.25, 1.75, 4.5], "texture": "#0"},
				"south": {"uv": [2.5, 4.25, 3, 4.5], "texture": "#0"},
				"west": {"uv": [2.25, 4.25, 2.5, 4.5], "texture": "#0"},
				"up": {"uv": [2.25, 4.25, 1.75, 4], "texture": "#0"},
				"down": {"uv": [2.75, 4, 2.25, 4.25], "texture": "#0"}
			}
		},
		{
			"from": [12, 0, 14],
			"to": [14, 1, 15],
			"rotation": {"angle": 0, "axis": "y", "origin": [21, 8, 28]},
			"faces": {
				"north": {"uv": [0.25, 4.25, 0.75, 4.5], "texture": "#0"},
				"east": {"uv": [0, 4.25, 0.25, 4.5], "texture": "#0"},
				"south": {"uv": [1, 4.25, 1.5, 4.5], "texture": "#0"},
				"west": {"uv": [0.75, 4.25, 1, 4.5], "texture": "#0"},
				"up": {"uv": [0.75, 4.25, 0.25, 4], "texture": "#0"},
				"down": {"uv": [1.25, 4, 0.75, 4.25], "texture": "#0"}
			}
		},
		{
			"from": [1, 0, 2],
			"to": [4, 1, 14],
			"rotation": {"angle": 0, "axis": "y", "origin": [11, 8, 15]},
			"faces": {
				"north": {"uv": [3, 6.25, 3.75, 6.5], "texture": "#0"},
				"east": {"uv": [0, 6.25, 3, 6.5], "texture": "#0"},
				"south": {"uv": [6.75, 6.25, 7.5, 6.5], "texture": "#0"},
				"west": {"uv": [3.75, 6.25, 6.75, 6.5], "texture": "#0"},
				"up": {"uv": [3.75, 6.25, 3, 3.25], "texture": "#0"},
				"down": {"uv": [4.5, 3.25, 3.75, 6.25], "texture": "#0"}
			}
		},
		{
			"from": [13, 1, 13],
			"to": [14, 2, 15],
			"rotation": {"angle": 0, "axis": "y", "origin": [23, 9, 26]},
			"faces": {
				"north": {"uv": [2, 3.75, 2.25, 4], "texture": "#0"},
				"east": {"uv": [1.5, 3.75, 2, 4], "texture": "#0"},
				"south": {"uv": [2.75, 3.75, 3, 4], "texture": "#0"},
				"west": {"uv": [2.25, 3.75, 2.75, 4], "texture": "#0"},
				"up": {"uv": [2.25, 3.75, 2, 3.25], "texture": "#0"},
				"down": {"uv": [2.5, 3.25, 2.25, 3.75], "texture": "#0"}
			}
		},
		{
			"from": [2, 1, 13],
			"to": [3, 2, 15],
			"rotation": {"angle": 0, "axis": "y", "origin": [12, 9, 26]},
			"faces": {
				"north": {"uv": [0.5, 3.75, 0.75, 4], "texture": "#0"},
				"east": {"uv": [0, 3.75, 0.5, 4], "texture": "#0"},
				"south": {"uv": [1.25, 3.75, 1.5, 4], "texture": "#0"},
				"west": {"uv": [0.75, 3.75, 1.25, 4], "texture": "#0"},
				"up": {"uv": [0.75, 3.75, 0.5, 3.25], "texture": "#0"},
				"down": {"uv": [1, 3.25, 0.75, 3.75], "texture": "#0"}
			}
		},
		{
			"from": [2, 1, 1],
			"to": [3, 2, 3],
			"rotation": {"angle": 0, "axis": "y", "origin": [12, 9, 14]},
			"faces": {
				"north": {"uv": [2, 2.5, 2.25, 2.75], "texture": "#0"},
				"east": {"uv": [1.5, 2.5, 2, 2.75], "texture": "#0"},
				"south": {"uv": [2.75, 2.5, 3, 2.75], "texture": "#0"},
				"west": {"uv": [2.25, 2.5, 2.75, 2.75], "texture": "#0"},
				"up": {"uv": [2.25, 2.5, 2, 2], "texture": "#0"},
				"down": {"uv": [2.5, 2, 2.25, 2.5], "texture": "#0"}
			}
		},
		{
			"from": [14, 1, 13],
			"to": [15, 2, 14],
			"rotation": {"angle": 0, "axis": "y", "origin": [24, 9, 26]},
			"faces": {
				"north": {"uv": [4.75, 4.75, 5, 5], "texture": "#0"},
				"east": {"uv": [4.5, 4.75, 4.75, 5], "texture": "#0"},
				"south": {"uv": [5.25, 4.75, 5.5, 5], "texture": "#0"},
				"west": {"uv": [5, 4.75, 5.25, 5], "texture": "#0"},
				"up": {"uv": [5, 4.75, 4.75, 4.5], "texture": "#0"},
				"down": {"uv": [5.25, 4.5, 5, 4.75], "texture": "#0"}
			}
		},
		{
			"from": [1, 1, 13],
			"to": [2, 2, 14],
			"rotation": {"angle": 0, "axis": "y", "origin": [11, 9, 26]},
			"faces": {
				"north": {"uv": [1.25, 3.5, 1.5, 3.75], "texture": "#0"},
				"east": {"uv": [1, 3.5, 1.25, 3.75], "texture": "#0"},
				"south": {"uv": [1.75, 3.5, 2, 3.75], "texture": "#0"},
				"west": {"uv": [1.5, 3.5, 1.75, 3.75], "texture": "#0"},
				"up": {"uv": [1.5, 3.5, 1.25, 3.25], "texture": "#0"},
				"down": {"uv": [1.75, 3.25, 1.5, 3.5], "texture": "#0"}
			}
		},
		{
			"from": [1, 1, 2],
			"to": [2, 2, 3],
			"rotation": {"angle": 0, "axis": "y", "origin": [11, 9, 15]},
			"faces": {
				"north": {"uv": [4.75, 0.25, 5, 0.5], "texture": "#0"},
				"east": {"uv": [4.5, 0.25, 4.75, 0.5], "texture": "#0"},
				"south": {"uv": [5.25, 0.25, 5.5, 0.5], "texture": "#0"},
				"west": {"uv": [5, 0.25, 5.25, 0.5], "texture": "#0"},
				"up": {"uv": [5, 0.25, 4.75, 0], "texture": "#0"},
				"down": {"uv": [5.25, 0, 5, 0.25], "texture": "#0"}
			}
		},
		{
			"from": [14, 1, 2],
			"to": [15, 2, 3],
			"rotation": {"angle": 0, "axis": "y", "origin": [24, 9, 15]},
			"faces": {
				"north": {"uv": [1.25, 2.25, 1.5, 2.5], "texture": "#0"},
				"east": {"uv": [1, 2.25, 1.25, 2.5], "texture": "#0"},
				"south": {"uv": [1.75, 2.25, 2, 2.5], "texture": "#0"},
				"west": {"uv": [1.5, 2.25, 1.75, 2.5], "texture": "#0"},
				"up": {"uv": [1.5, 2.25, 1.25, 2], "texture": "#0"},
				"down": {"uv": [1.75, 2, 1.5, 2.25], "texture": "#0"}
			}
		},
		{
			"from": [13, 1, 1],
			"to": [14, 2, 3],
			"rotation": {"angle": 0, "axis": "y", "origin": [23, 9, 15]},
			"faces": {
				"north": {"uv": [0.5, 2.5, 0.75, 2.75], "texture": "#0"},
				"east": {"uv": [0, 2.5, 0.5, 2.75], "texture": "#0"},
				"south": {"uv": [1.25, 2.5, 1.5, 2.75], "texture": "#0"},
				"west": {"uv": [0.75, 2.5, 1.25, 2.75], "texture": "#0"},
				"up": {"uv": [0.75, 2.5, 0.5, 2], "texture": "#0"},
				"down": {"uv": [1, 2, 0.75, 2.5], "texture": "#0"}
			}
		},
		{
			"from": [12, 0, 2],
			"to": [15, 1, 14],
			"rotation": {"angle": 0, "axis": "y", "origin": [22, 8, 15]},
			"faces": {
				"north": {"uv": [3, 3, 3.75, 3.25], "texture": "#0"},
				"east": {"uv": [0, 3, 3, 3.25], "texture": "#0"},
				"south": {"uv": [6.75, 3, 7.5, 3.25], "texture": "#0"},
				"west": {"uv": [3.75, 3, 6.75, 3.25], "texture": "#0"},
				"up": {"uv": [3.75, 3, 3, 0], "texture": "#0"},
				"down": {"uv": [4.5, 0, 3.75, 3], "texture": "#0"}
			}
		},
		{
			"from": [4, 0, 1],
			"to": [12, 1, 4],
			"rotation": {"angle": 0, "axis": "y", "origin": [19, 8, 15]},
			"faces": {
				"north": {"uv": [8.25, 4, 10.25, 4.25], "texture": "#0"},
				"east": {"uv": [7.5, 4, 8.25, 4.25], "texture": "#0"},
				"south": {"uv": [11, 4, 13, 4.25], "texture": "#0"},
				"west": {"uv": [10.25, 4, 11, 4.25], "texture": "#0"},
				"up": {"uv": [10.25, 4, 8.25, 3.25], "texture": "#0"},
				"down": {"uv": [12.25, 3.25, 10.25, 4], "texture": "#0"}
			}
		},
		{
			"from": [4, 1, 11.5],
			"to": [12, 3, 12.5],
			"rotation": {"angle": 0, "axis": "y", "origin": [19.5, 9, 16.5]},
			"faces": {
				"north": {"uv": [0.25, 8.5, 2.25, 9], "texture": "#0"},
				"east": {"uv": [0, 8.5, 0.25, 9], "texture": "#0"},
				"south": {"uv": [2.5, 8.5, 4.5, 9], "texture": "#0"},
				"west": {"uv": [2.25, 8.5, 2.5, 9], "texture": "#0"},
				"up": {"uv": [2.25, 8.5, 0.25, 8.25], "texture": "#0"},
				"down": {"uv": [4.25, 8.25, 2.25, 8.5], "texture": "#0"}
			}
		},
		{
			"from": [4, 1, 3.5],
			"to": [12, 3, 4.5],
			"rotation": {"angle": 0, "axis": "y", "origin": [19.5, 9, 8.5]},
			"faces": {
				"north": {"uv": [8.25, 7.75, 10.25, 8.25], "texture": "#0"},
				"east": {"uv": [8, 7.75, 8.25, 8.25], "texture": "#0"},
				"south": {"uv": [10.5, 7.75, 12.5, 8.25], "texture": "#0"},
				"west": {"uv": [10.25, 7.75, 10.5, 8.25], "texture": "#0"},
				"up": {"uv": [10.25, 7.75, 8.25, 7.5], "texture": "#0"},
				"down": {"uv": [12.25, 7.5, 10.25, 7.75], "texture": "#0"}
			}
		},
		{
			"from": [3.5, 1, 4.5],
			"to": [12.5, 3, 11.5],
			"rotation": {"angle": 0, "axis": "y", "origin": [19.5, 9, 16.5]},
			"faces": {
				"north": {"uv": [6.25, 1.75, 8.5, 2.25], "texture": "#0"},
				"east": {"uv": [4.5, 1.75, 6.25, 2.25], "texture": "#0"},
				"south": {"uv": [10.25, 1.75, 12.5, 2.25], "texture": "#0"},
				"west": {"uv": [8.5, 1.75, 10.25, 2.25], "texture": "#0"},
				"up": {"uv": [8.5, 1.75, 6.25, 0], "texture": "#0"},
				"down": {"uv": [10.75, 0, 8.5, 1.75], "texture": "#0"}
			}
		},
		{
			"from": [5, 3, 4.5],
			"to": [11, 5, 5.5],
			"rotation": {"angle": 0, "axis": "y", "origin": [19.5, 9, 16.5]},
			"faces": {
				"north": {"uv": [4.5, 9, 6, 9.5], "texture": "#0"},
				"east": {"uv": [4.25, 9, 4.5, 9.5], "texture": "#0"},
				"south": {"uv": [6.25, 9, 7.75, 9.5], "texture": "#0"},
				"west": {"uv": [6, 9, 6.25, 9.5], "texture": "#0"},
				"up": {"uv": [6, 9, 4.5, 8.75], "texture": "#0"},
				"down": {"uv": [7.5, 8.75, 6, 9], "texture": "#0"}
			}
		},
		{
			"from": [5, 3, 10.5],
			"to": [11, 5, 11.5],
			"rotation": {"angle": 0, "axis": "y", "origin": [19.5, 9, 22.5]},
			"faces": {
				"north": {"uv": [4.75, 2.5, 6.25, 3], "texture": "#0"},
				"east": {"uv": [4.5, 2.5, 4.75, 3], "texture": "#0"},
				"south": {"uv": [6.5, 2.5, 8, 3], "texture": "#0"},
				"west": {"uv": [6.25, 2.5, 6.5, 3], "texture": "#0"},
				"up": {"uv": [6.25, 2.5, 4.75, 2.25], "texture": "#0"},
				"down": {"uv": [7.75, 2.25, 6.25, 2.5], "texture": "#0"}
			}
		},
		{
			"from": [4.5, 3, 5.5],
			"to": [11.5, 5, 10.5],
			"rotation": {"angle": 0, "axis": "y", "origin": [19.5, 9, 16.5]},
			"faces": {
				"north": {"uv": [1.25, 7.75, 3, 8.25], "texture": "#0"},
				"east": {"uv": [0, 7.75, 1.25, 8.25], "texture": "#0"},
				"south": {"uv": [4.25, 7.75, 6, 8.25], "texture": "#0"},
				"west": {"uv": [3, 7.75, 4.25, 8.25], "texture": "#0"},
				"up": {"uv": [3, 7.75, 1.25, 6.5], "texture": "#0"},
				"down": {"uv": [4.75, 6.5, 3, 7.75], "texture": "#0"}
			}
		},
		{
			"from": [6, 4, 9.5],
			"to": [10, 7, 10.5],
			"rotation": {"angle": 0, "axis": "y", "origin": [19.5, 12, 20.5]},
			"faces": {
				"north": {"uv": [0.25, 1.25, 1.25, 2], "texture": "#0"},
				"east": {"uv": [0, 1.25, 0.25, 2], "texture": "#0"},
				"south": {"uv": [1.5, 1.25, 2.5, 2], "texture": "#0"},
				"west": {"uv": [1.25, 1.25, 1.5, 2], "texture": "#0"},
				"up": {"uv": [1.25, 1.25, 0.25, 1], "texture": "#0"},
				"down": {"uv": [2.25, 1, 1.25, 1.25], "texture": "#0"}
			}
		},
		{
			"from": [6, 4, 5.5],
			"to": [10, 7, 6.5],
			"rotation": {"angle": 0, "axis": "y", "origin": [19.5, 12, 16.5]},
			"faces": {
				"north": {"uv": [0.25, 0.25, 1.25, 1], "texture": "#0"},
				"east": {"uv": [0, 0.25, 0.25, 1], "texture": "#0"},
				"south": {"uv": [1.5, 0.25, 2.5, 1], "texture": "#0"},
				"west": {"uv": [1.25, 0.25, 1.5, 1], "texture": "#0"},
				"up": {"uv": [1.25, 0.25, 0.25, 0], "texture": "#0"},
				"down": {"uv": [2.25, 0, 1.25, 0.25], "texture": "#0"}
			}
		},
		{
			"from": [5.5, 4, 6.5],
			"to": [10.5, 7, 9.5],
			"rotation": {"angle": 0, "axis": "y", "origin": [19.5, 12, 16.5]},
			"faces": {
				"north": {"uv": [8.75, 6.75, 10, 7.5], "texture": "#0"},
				"east": {"uv": [8, 6.75, 8.75, 7.5], "texture": "#0"},
				"south": {"uv": [10.75, 6.75, 12, 7.5], "texture": "#0"},
				"west": {"uv": [10, 6.75, 10.75, 7.5], "texture": "#0"},
				"up": {"uv": [10, 6.75, 8.75, 6], "texture": "#0"},
				"down": {"uv": [11.25, 6, 10, 6.75], "texture": "#0"}
			}
		},
		{
			"from": [4, 0, 12],
			"to": [12, 1, 15],
			"rotation": {"angle": 0, "axis": "y", "origin": [19, 8, 26]},
			"faces": {
				"north": {"uv": [8.25, 3, 10.25, 3.25], "texture": "#0"},
				"east": {"uv": [7.5, 3, 8.25, 3.25], "texture": "#0"},
				"south": {"uv": [11, 3, 13, 3.25], "texture": "#0"},
				"west": {"uv": [10.25, 3, 11, 3.25], "texture": "#0"},
				"up": {"uv": [10.25, 3, 8.25, 2.25], "texture": "#0"},
				"down": {"uv": [12.25, 2.25, 10.25, 3], "texture": "#0"}
			}
		},
		{
			"from": [3, 1, 14],
			"to": [13, 2, 15],
			"rotation": {"angle": 0, "axis": "y", "origin": [19, 9, 26]},
			"faces": {
				"north": {"uv": [7.75, 5, 10.25, 5.25], "texture": "#0"},
				"east": {"uv": [7.5, 5, 7.75, 5.25], "texture": "#0"},
				"south": {"uv": [10.5, 5, 13, 5.25], "texture": "#0"},
				"west": {"uv": [10.25, 5, 10.5, 5.25], "texture": "#0"},
				"up": {"uv": [10.25, 5, 7.75, 4.75], "texture": "#0"},
				"down": {"uv": [12.75, 4.75, 10.25, 5], "texture": "#0"}
			}
		},
		{
			"from": [3, 1, 1],
			"to": [13, 2, 2],
			"rotation": {"angle": 0, "axis": "y", "origin": [19, 9, 13]},
			"faces": {
				"north": {"uv": [7.75, 4.5, 10.25, 4.75], "texture": "#0"},
				"east": {"uv": [7.5, 4.5, 7.75, 4.75], "texture": "#0"},
				"south": {"uv": [10.5, 4.5, 13, 4.75], "texture": "#0"},
				"west": {"uv": [10.25, 4.5, 10.5, 4.75], "texture": "#0"},
				"up": {"uv": [10.25, 4.5, 7.75, 4.25], "texture": "#0"},
				"down": {"uv": [12.75, 4.25, 10.25, 4.5], "texture": "#0"}
			}
		},
		{
			"from": [14, 1, 3],
			"to": [15, 2, 13],
			"rotation": {"angle": 0, "axis": "y", "origin": [21, 9, 15]},
			"faces": {
				"north": {"uv": [7.5, 8.5, 7.75, 8.75], "texture": "#0"},
				"east": {"uv": [5, 8.5, 7.5, 8.75], "texture": "#0"},
				"south": {"uv": [10.25, 8.5, 10.5, 8.75], "texture": "#0"},
				"west": {"uv": [7.75, 8.5, 10.25, 8.75], "texture": "#0"},
				"up": {"uv": [7.75, 8.5, 7.5, 6], "texture": "#0"},
				"down": {"uv": [8, 6, 7.75, 8.5], "texture": "#0"}
			}
		},
		{
			"from": [1, 1, 3],
			"to": [2, 2, 13],
			"rotation": {"angle": 0, "axis": "y", "origin": [8, 9, 15]},
			"faces": {
				"north": {"uv": [7, 5.75, 7.25, 6], "texture": "#0"},
				"east": {"uv": [4.5, 5.75, 7, 6], "texture": "#0"},
				"south": {"uv": [9.75, 5.75, 10, 6], "texture": "#0"},
				"west": {"uv": [7.25, 5.75, 9.75, 6], "texture": "#0"},
				"up": {"uv": [7.25, 5.75, 7, 3.25], "texture": "#0"},
				"down": {"uv": [7.5, 3.25, 7.25, 5.75], "texture": "#0"}
			}
		}
	],
	"display": {
		"thirdperson_righthand": {
			"translation": [0, 4, 0.5],
			"scale": [0.5, 0.5, 0.5]
		},
		"thirdperson_lefthand": {
			"translation": [0, 4, 0.5],
			"scale": [0.5, 0.5, 0.5]
		},
		"firstperson_righthand": {
			"translation": [-1.75, 7, 2.75],
			"scale": [0.5, 0.5, 0.5]
		},
		"firstperson_lefthand": {
			"translation": [-1, 7.25, 2.25],
			"scale": [0.5, 0.5, 0.5]
		},
		"ground": {
			"translation": [0, 6.5, 0]
		},
		"gui": {
			"translation": [0.25, 9, 0],
			"scale": [1.10742, 1.88281, 1]
		},
		"head": {
			"translation": [0, 25, 0],
			"scale": [1.87539, 2.81094, 1.74258]
		},
		"fixed": {
			"translation": [0, 6, 0]
		}
	},
	"groups": [
		{
			"name": "steve",
			"origin": [8, 8, 8],
			"children": []
		},
		{
			"name": "sombrero",
			"origin": [8, 8, 8],
			"children": [0, 1, 2, 3, 4, 5, 6, 7, 8, 9, 10, 11, 12, 13, 14, 15, 16, 17, 18, 19, 20, 21, 22, 23, 24, 25, 26, 27, 28]
		}
	]
}