{"credit":"Made with Blockbench","display":{"firstperson_lefthand":{"rotation":[0,116,0],"translation":[12.25,0,-8]},"firstperson_righthand":{"rotation":[0,116,0],"translation":[12.25,0,-8]},"fixed":{"rotation":[-90,0,0],"scale":[2,2,2],"translation":[0,0,-16]},"ground":{"scale":[0.4,0.4,0.4],"translation":[0,3.25,0]},"gui":{"rotation":[30,130,0],"scale":[0.82,0.82,0.82],"translation":[0.25,1,0]},"head":{"scale":[1.6,1.6,1.6],"translation":[0,5,0]},"thirdperson_lefthand":{"rotation":[51,48,0],"scale":[0.4,0.4,0.4],"translation":[0,0.75,0.5]},"thirdperson_righthand":{"rotation":[51,48,0],"scale":[0.4,0.4,0.4],"translation":[0,0.75,0.5]}},"elements":[{"faces":{"down":{"texture":"#0","tintindex":0,"uv":[5,5,10,10.5]},"east":{"texture":"#0","tintindex":0,"uv":[10.5,15,5,16]},"north":{"texture":"#0","tintindex":0,"uv":[0,15,5,16]},"south":{"texture":"#0","tintindex":0,"uv":[10.5,15,15.5,16]},"up":{"rotation":180,"texture":"#0","tintindex":0,"uv":[10,5,15,10.5]},"west":{"texture":"#0","tintindex":0,"uv":[5,15,10.5,16]}},"from":[3,0,2],"rotation":{"angle":0,"axis":"y","origin":[8,8,10]},"to":[13,2,13]},{"faces":{"down":{"texture":"#0","tintindex":0,"uv":[10,5,15,10.5]},"east":{"texture":"#0","tintindex":0,"uv":[10.5,10.5,5,12]},"north":{"texture":"#0","tintindex":0,"uv":[0,10.5,5,12]},"south":{"texture":"#0","tintindex":0,"uv":[10.5,10.5,15.5,12]},"up":{"rotation":180,"texture":"#0","tintindex":0,"uv":[0,5,5,10.5]},"west":{"texture":"#0","tintindex":0,"uv":[5,10.5,10.5,12]}},"from":[3,8,2],"rotation":{"angle":0,"axis":"y","origin":[8,8,10]},"to":[13,11,13]},{"faces":{"east":{"texture":"#0","tintindex":0,"uv":[10.5,12,8.5,15]},"north":{"texture":"#0","tintindex":0,"uv":[10,0,15,3]},"south":{"texture":"#0","tintindex":0,"uv":[10.5,12,15.5,15]},"west":{"texture":"#0","tintindex":0,"uv":[8.5,12,10.5,15]}},"from":[3,2,9],"rotation":{"angle":0,"axis":"y","origin":[8,8,10]},"to":[13,8,13]},{"faces":{"east":{"texture":"#0","tintindex":0,"uv":[7.5,2,4,3.5]},"north":{"texture":"#0","tintindex":0,"uv":[0,3.5,4,5]},"south":{"texture":"#0","tintindex":0,"uv":[4,3.5,8,5]},"up":{"rotation":180,"texture":"#0","tintindex":0,"uv":[0,0,4,3.5]},"west":{"texture":"#0","tintindex":0,"uv":[4,2,7.5,3.5]}},"from":[4,11,6],"rotation":{"angle":0,"axis":"y","origin":[8,8,10]},"to":[12,14,13]},{"faces":{"east":{"rotation":180,"texture":"#0","uv":[9,12,5,15]},"south":{"rotation":180,"texture":"#0","uv":[0,12,4.5,15]},"west":{"rotation":180,"texture":"#0","uv":[5,12,9,15]}},"from":[12.5,8,11],"to":[3.5,2,3]},{"faces":{"east":{"texture":"#0","uv":[9,12,5,15]},"north":{"texture":"#0","uv":[0,12,4.5,15]},"west":{"texture":"#0","uv":[5,12,9,15]}},"from":[3.25,2,3],"to":[12.75,8,11]},{"faces":{"east":{"texture":"#0","uv":[6,1,4,2]},"west":{"texture":"#0","uv":[4,1,6,2]}},"from":[8,14,8],"to":[8,16,12]},{"faces":{"east":{"rotation":270,"texture":"#0","uv":[6,1,4,2]},"west":{"rotation":90,"texture":"#0","uv":[4,1,6,2]}},"from":[8,7,13],"to":[8,11,15]},{"faces":{"east":{"rotation":270,"texture":"#0","uv":[6,1,4,2]},"west":{"rotation":90,"texture":"#0","uv":[4,1,6,2]}},"from":[8,0,13],"to":[8,4,15]},{"faces":{"south":{"rotation":180,"texture":"#0","uv":[7,0,6,2]}},"from":[7,0,13.1],"to":[9,4,13.1]},{"faces":{"south":{"rotation":180,"texture":"#0","uv":[6,0,7,2]}},"from":[7,7,13.1],"to":[9,11,13.1]},{"faces":{"up":{"rotation":180,"texture":"#0","uv":[7,0,6,2]}},"from":[7,14.1,8],"to":[9,14.1,12]},{"faces":{"down":{"rotation":180,"texture":"#0","uv":[10.5,7,14.5,10]},"north":{"texture":"#0","uv":[10.5,0,14.5,3]},"up":{"texture":"#0","uv":[10.5,7,14.5,10]}},"from":[11.95,7.95,8.95],"to":[4.05,2.05,3.05]}],"groups":[{"children":[0,1,2,3],"name":"group","origin":[8,8,8]},{"children":[4,5,6,7,8,9,10,11,12],"name":"group","origin":[8,8,8]}],"textures":{"0":"custom/cosmetics/dino/dino_helmet","particle":"custom/cosmetics/dino/dino_helmet"}}