{
	"parent": "block/block",
	"textures": {
		"3": "custom/fancy_leaves/acacia_leaves",
		"particle": "custom/fancy_leaves/acacia_leaves"
	},
	"elements": [
		{
			"from": [11.12141, 11.03127, -4.03929],
			"to": [11.12141, 23.03127, 19.96071],
			"rotation": {"angle": -22.5, "axis": "z", "origin": [5.42176, 9.24366, 6.75196]},
			"faces": {
				"east": {"uv": [0.00667, 7.99333, 15.99333, 0.00667], "rotation": 180, "texture": "#3", "tintindex": 0}
			}
		},
		{
			"from": [11.2, -5.588, -4.0416],
			"to": [11.2, 6.412, 19.9584],
			"rotation": {"angle": 22.5, "axis": "z", "origin": [5.5, 8, 6.75]},
			"faces": {
				"east": {"uv": [0, 16, 16, 8], "rotation": 180, "texture": "#3", "tintindex": 0}
			}
		},
		{
			"from": [-4.9584, -5.588, 10.95],
			"to": [19.0416, 6.412, 10.95],
			"rotation": {"angle": -22.5, "axis": "x", "origin": [8.25, 8, 5.25]},
			"faces": {
				"south": {"uv": [0, 16, 16, 8], "rotation": 180, "texture": "#3", "tintindex": 0}
			}
		},
		{
			"from": [-4.96071, 11.03127, 10.87141],
			"to": [19.03929, 23.03127, 10.87141],
			"rotation": {"angle": 22.5, "axis": "x", "origin": [8.24804, 9.24366, 5.17176]},
			"faces": {
				"south": {"uv": [0.00667, 7.99333, 15.99333, 0.00667], "rotation": 180, "texture": "#3", "tintindex": 0}
			}
		},
		{
			"from": [3.8, -5.588, -4.9584],
			"to": [3.8, 6.412, 19.0416],
			"rotation": {"angle": -22.5, "axis": "z", "origin": [9.5, 8, 8.25]},
			"faces": {
				"west": {"uv": [0, 16, 16, 8], "rotation": 180, "texture": "#3", "tintindex": 0}
			}
		},
		{
			"from": [3.87859, 11.03127, -4.96071],
			"to": [3.87859, 23.03127, 19.03929],
			"rotation": {"angle": 22.5, "axis": "z", "origin": [9.57824, 9.24366, 8.24804]},
			"faces": {
				"west": {"uv": [0.00667, 7.99333, 15.99333, 0.00667], "rotation": 180, "texture": "#3", "tintindex": 0}
			}
		},
		{
			"from": [-3.7916, -5.588, 3.55],
			"to": [20.2084, 6.412, 3.55],
			"rotation": {"angle": 22.5, "axis": "x", "origin": [7, 8, 9.25]},
			"faces": {
				"north": {"uv": [0, 16, 16, 8], "rotation": 180, "texture": "#3", "tintindex": 0}
			}
		},
		{
			"from": [-3.78929, 11.03127, 3.62859],
			"to": [20.21071, 23.03127, 3.62859],
			"rotation": {"angle": -22.5, "axis": "x", "origin": [7.00196, 9.24366, 9.32824]},
			"faces": {
				"north": {"uv": [0.00667, 7.99333, 15.99333, 0.00667], "rotation": 180, "texture": "#3", "tintindex": 0}
			}
		},
		{
			"from": [-1.33328, 13.06, -3.6704],
			"to": [17.86672, 13.06, 5.9296],
			"rotation": {"angle": 22.5, "axis": "x", "origin": [7.3, 8.5, 7.2]},
			"faces": {
				"up": {"uv": [0.00667, 7.99333, 15.99333, 0.00667], "rotation": 180, "texture": "#3", "tintindex": 0},
				"down": {"uv": [0, 15.5, 16, 7.5], "rotation": 180, "texture": "#3", "tintindex": 0}
			}
		},
		{
			"from": [-1.33143, 12.99713, 9.62502],
			"to": [17.86857, 12.99713, 19.22502],
			"rotation": {"angle": -22.5, "axis": "x", "origin": [7.30157, 8.43741, 8.19493]},
			"faces": {
				"up": {"uv": [0, 8, 16, 16], "texture": "#3", "tintindex": 0},
				"down": {"uv": [0, 7.5, 16, 15.5], "rotation": 180, "texture": "#3", "tintindex": 0}
			}
		},
		{
			"from": [1.18835, -2.59464, 5.75],
			"to": [18.22835, 5.92536, 5.75],
			"rotation": {"angle": -45, "axis": "y", "origin": [6.54607, 11.83539, 4.87731]},
			"faces": {
				"north": {"uv": [12.99858, 10.49972, 2.99976, 15.49912], "texture": "#3", "tintindex": 0},
				"south": {"uv": [2.99976, 10.49972, 12.99858, 15.49912], "texture": "#3", "tintindex": 0}
			}
		},
		{
			"from": [-2.79994, -2.59448, 8],
			"to": [14.24006, 5.92552, 8],
			"rotation": {"angle": 45, "axis": "y", "origin": [6.56, 10.45, 4.79]},
			"faces": {
				"north": {"uv": [12.99858, 10.49972, 2.99976, 15.49912], "texture": "#3", "tintindex": 0},
				"south": {"uv": [2.99976, 10.49972, 12.99858, 15.49912], "texture": "#3", "tintindex": 0}
			}
		}
	],
	"groups": [
		{
			"name": "group",
			"children": [0, 1, 2, 3, 4, 5, 6, 7, 8, 9, 10, 11]
		}
	]
}