{
	"parent": "block/block",
	"textures": {
		"3": "custom/fancy_leaves/acacia_leaves",
		"particle": "custom/fancy_leaves/acacia_leaves"
	},
	"elements": [
		{
			"from": [11.12141, 11.03127, -3.78929],
			"to": [11.12141, 23.03127, 20.21071],
			"rotation": {"angle": -22.5, "axis": "z", "origin": [5.42176, 9.24366, 7.00196]},
			"faces": {
				"east": {"uv": [0.00667, 7.99333, 15.99333, 0.00667], "rotation": 180, "texture": "#3", "tintindex": 0}
			}
		},
		{
			"from": [11.2, -5.588, -3.7916],
			"to": [11.2, 6.412, 20.2084],
			"rotation": {"angle": 22.5, "axis": "z", "origin": [5.5, 8, 7]},
			"faces": {
				"east": {"uv": [0, 16, 16, 8], "rotation": 180, "texture": "#3", "tintindex": 0}
			}
		},
		{
			"from": [-4.9584, -5.588, 11.2],
			"to": [19.0416, 6.412, 11.2],
			"rotation": {"angle": -22.5, "axis": "x", "origin": [8.25, 8, 5.5]},
			"faces": {
				"south": {"uv": [0, 16, 16, 8], "rotation": 180, "texture": "#3", "tintindex": 0}
			}
		},
		{
			"from": [-4.96071, 11.03127, 11.12141],
			"to": [19.03929, 23.03127, 11.12141],
			"rotation": {"angle": 22.5, "axis": "x", "origin": [8.24804, 9.24366, 5.42176]},
			"faces": {
				"south": {"uv": [0.00667, 7.99333, 15.99333, 0.00667], "rotation": 180, "texture": "#3", "tintindex": 0}
			}
		},
		{
			"from": [3.8, -5.588, -4.7084],
			"to": [3.8, 6.412, 19.2916],
			"rotation": {"angle": -22.5, "axis": "z", "origin": [9.5, 8, 8.5]},
			"faces": {
				"west": {"uv": [0, 16, 16, 8], "rotation": 180, "texture": "#3", "tintindex": 0}
			}
		},
		{
			"from": [3.87859, 11.03127, -4.71071],
			"to": [3.87859, 23.03127, 19.28929],
			"rotation": {"angle": 22.5, "axis": "z", "origin": [9.57824, 9.24366, 8.49804]},
			"faces": {
				"west": {"uv": [0.00667, 7.99333, 15.99333, 0.00667], "rotation": 180, "texture": "#3", "tintindex": 0}
			}
		},
		{
			"from": [-3.7916, -5.588, 3.8],
			"to": [20.2084, 6.412, 3.8],
			"rotation": {"angle": 22.5, "axis": "x", "origin": [7, 8, 9.5]},
			"faces": {
				"north": {"uv": [0, 16, 16, 8], "rotation": 180, "texture": "#3", "tintindex": 0}
			}
		},
		{
			"from": [-3.78929, 11.03127, 3.87859],
			"to": [20.21071, 23.03127, 3.87859],
			"rotation": {"angle": -22.5, "axis": "x", "origin": [7.00196, 9.24366, 9.57824]},
			"faces": {
				"north": {"uv": [0.00667, 7.99333, 15.99333, 0.00667], "rotation": 180, "texture": "#3", "tintindex": 0}
			}
		},
		{
			"from": [-1.33328, 13.06, -3.4204],
			"to": [17.86672, 13.06, 6.1796],
			"rotation": {"angle": 22.5, "axis": "x", "origin": [7.3, 8.5, 7.45]},
			"faces": {
				"up": {"uv": [0.00667, 7.99333, 15.99333, 0.00667], "rotation": 180, "texture": "#3", "tintindex": 0},
				"down": {"uv": [0, 15.5, 16, 7.5], "rotation": 180, "texture": "#3", "tintindex": 0}
			}
		},
		{
			"from": [-1.33143, 12.99713, 9.87502],
			"to": [17.86857, 12.99713, 19.47502],
			"rotation": {"angle": -22.5, "axis": "x", "origin": [7.30157, 8.43741, 8.44493]},
			"faces": {
				"up": {"uv": [0, 8, 16, 16], "texture": "#3", "tintindex": 0},
				"down": {"uv": [0, 7.5, 16, 15.5], "rotation": 180, "texture": "#3", "tintindex": 0}
			}
		},
		{
			"from": [1.18835, -2.59464, 6],
			"to": [18.22835, 5.92536, 6],
			"rotation": {"angle": -45, "axis": "y", "origin": [6.54607, 11.83539, 5.12731]},
			"faces": {
				"north": {"uv": [12.99858, 10.49972, 2.99976, 15.49912], "texture": "#3", "tintindex": 0},
				"south": {"uv": [2.99976, 10.49972, 12.99858, 15.49912], "texture": "#3", "tintindex": 0}
			}
		},
		{
			"from": [-2.79994, -2.59448, 8.25],
			"to": [14.24006, 5.92552, 8.25],
			"rotation": {"angle": 45, "axis": "y", "origin": [6.56, 10.45, 5.04]},
			"faces": {
				"north": {"uv": [12.99858, 10.49972, 2.99976, 15.49912], "texture": "#3", "tintindex": 0},
				"south": {"uv": [2.99976, 10.49972, 12.99858, 15.49912], "texture": "#3", "tintindex": 0}
			}
		}
	],
	"groups": [
		{
			"name": "group",
			"children": [0, 1, 2, 3, 4, 5, 6, 7, 8, 9, 10, 11]
		}
	]
}