{
	"parent": "block/block",
	"textures": {
		"3": "custom/fancy_leaves/acacia_leaves",
		"particle": "custom/fancy_leaves/acacia_leaves"
	},
	"elements": [
		{
			"from": [11.12141, 11.28127, -3.93929],
			"to": [11.12141, 23.28127, 20.06071],
			"rotation": {"angle": -22.5, "axis": "z", "origin": [5.42176, 9.49366, 6.85196]},
			"faces": {
				"east": {"uv": [0.00667, 7.99333, 15.99333, 0.00667], "rotation": 180, "texture": "#3", "tintindex": 0}
			}
		},
		{
			"from": [11.2, -5.338, -3.9416],
			"to": [11.2, 6.662, 20.0584],
			"rotation": {"angle": 22.5, "axis": "z", "origin": [5.5, 8.25, 6.85]},
			"faces": {
				"east": {"uv": [0, 16, 16, 8], "rotation": 180, "texture": "#3", "tintindex": 0}
			}
		},
		{
			"from": [-4.9584, -5.338, 11.05],
			"to": [19.0416, 6.662, 11.05],
			"rotation": {"angle": -22.5, "axis": "x", "origin": [8.25, 8.25, 5.35]},
			"faces": {
				"south": {"uv": [0, 16, 16, 8], "rotation": 180, "texture": "#3", "tintindex": 0}
			}
		},
		{
			"from": [-4.96071, 11.28127, 10.97141],
			"to": [19.03929, 23.28127, 10.97141],
			"rotation": {"angle": 22.5, "axis": "x", "origin": [8.24804, 9.49366, 5.27176]},
			"faces": {
				"south": {"uv": [0.00667, 7.99333, 15.99333, 0.00667], "rotation": 180, "texture": "#3", "tintindex": 0}
			}
		},
		{
			"from": [3.8, -5.338, -4.8584],
			"to": [3.8, 6.662, 19.1416],
			"rotation": {"angle": -22.5, "axis": "z", "origin": [9.5, 8.25, 8.35]},
			"faces": {
				"west": {"uv": [0, 16, 16, 8], "rotation": 180, "texture": "#3", "tintindex": 0}
			}
		},
		{
			"from": [3.87859, 11.28127, -4.86071],
			"to": [3.87859, 23.28127, 19.13929],
			"rotation": {"angle": 22.5, "axis": "z", "origin": [9.57824, 9.49366, 8.34804]},
			"faces": {
				"west": {"uv": [0.00667, 7.99333, 15.99333, 0.00667], "rotation": 180, "texture": "#3", "tintindex": 0}
			}
		},
		{
			"from": [-3.7916, -5.338, 3.65],
			"to": [20.2084, 6.662, 3.65],
			"rotation": {"angle": 22.5, "axis": "x", "origin": [7, 8.25, 9.35]},
			"faces": {
				"north": {"uv": [0, 16, 16, 8], "rotation": 180, "texture": "#3", "tintindex": 0}
			}
		},
		{
			"from": [-3.78929, 11.28127, 3.72859],
			"to": [20.21071, 23.28127, 3.72859],
			"rotation": {"angle": -22.5, "axis": "x", "origin": [7.00196, 9.49366, 9.42824]},
			"faces": {
				"north": {"uv": [0.00667, 7.99333, 15.99333, 0.00667], "rotation": 180, "texture": "#3", "tintindex": 0}
			}
		},
		{
			"from": [-1.33328, 13.31, -3.5704],
			"to": [17.86672, 13.31, 6.0296],
			"rotation": {"angle": 22.5, "axis": "x", "origin": [7.3, 8.75, 7.3]},
			"faces": {
				"up": {"uv": [0.00667, 7.99333, 15.99333, 0.00667], "rotation": 180, "texture": "#3", "tintindex": 0},
				"down": {"uv": [0, 15.5, 16, 7.5], "rotation": 180, "texture": "#3", "tintindex": 0}
			}
		},
		{
			"from": [-1.33143, 13.24713, 9.72502],
			"to": [17.86857, 13.24713, 19.32502],
			"rotation": {"angle": -22.5, "axis": "x", "origin": [7.30157, 8.68741, 8.29493]},
			"faces": {
				"up": {"uv": [0, 8, 16, 16], "texture": "#3", "tintindex": 0},
				"down": {"uv": [0, 7.5, 16, 15.5], "rotation": 180, "texture": "#3", "tintindex": 0}
			}
		},
		{
			"from": [1.18835, -2.34464, 5.85],
			"to": [18.22835, 6.17536, 5.85],
			"rotation": {"angle": -45, "axis": "y", "origin": [6.54607, 12.08539, 4.97731]},
			"faces": {
				"north": {"uv": [12.99858, 10.49972, 2.99976, 15.49912], "texture": "#3", "tintindex": 0},
				"south": {"uv": [2.99976, 10.49972, 12.99858, 15.49912], "texture": "#3", "tintindex": 0}
			}
		},
		{
			"from": [-2.79994, -2.34448, 8.1],
			"to": [14.24006, 6.17552, 8.1],
			"rotation": {"angle": 45, "axis": "y", "origin": [6.56, 10.7, 4.89]},
			"faces": {
				"north": {"uv": [12.99858, 10.49972, 2.99976, 15.49912], "texture": "#3", "tintindex": 0},
				"south": {"uv": [2.99976, 10.49972, 12.99858, 15.49912], "texture": "#3", "tintindex": 0}
			}
		}
	],
	"groups": [
		{
			"name": "group",
			"children": [0, 1, 2, 3, 4, 5, 6, 7, 8, 9, 10, 11]
		}
	]
}