{
	"parent": "block/block",
	"textures": {
		"3": "custom/fancy_leaves/acacia_leaves",
		"particle": "custom/fancy_leaves/acacia_leaves"
	},
	"elements": [
		{
			"from": [11.12141, 10.78127, -3.18929],
			"to": [11.12141, 22.78127, 20.81071],
			"rotation": {"angle": -22.5, "axis": "z", "origin": [5.42176, 8.99366, 7.60196]},
			"faces": {
				"east": {"uv": [0.00667, 7.99333, 15.99333, 0.00667], "rotation": 180, "texture": "#3", "tintindex": 0}
			}
		},
		{
			"from": [11.2, -5.838, -3.1916],
			"to": [11.2, 6.162, 20.8084],
			"rotation": {"angle": 22.5, "axis": "z", "origin": [5.5, 7.75, 7.6]},
			"faces": {
				"east": {"uv": [0, 16, 16, 8], "rotation": 180, "texture": "#3", "tintindex": 0}
			}
		},
		{
			"from": [-4.9584, -5.838, 11.8],
			"to": [19.0416, 6.162, 11.8],
			"rotation": {"angle": -22.5, "axis": "x", "origin": [8.25, 7.75, 6.1]},
			"faces": {
				"south": {"uv": [0, 16, 16, 8], "rotation": 180, "texture": "#3", "tintindex": 0}
			}
		},
		{
			"from": [-4.96071, 10.78127, 11.72141],
			"to": [19.03929, 22.78127, 11.72141],
			"rotation": {"angle": 22.5, "axis": "x", "origin": [8.24804, 8.99366, 6.02176]},
			"faces": {
				"south": {"uv": [0.00667, 7.99333, 15.99333, 0.00667], "rotation": 180, "texture": "#3", "tintindex": 0}
			}
		},
		{
			"from": [3.8, -5.838, -4.1084],
			"to": [3.8, 6.162, 19.8916],
			"rotation": {"angle": -22.5, "axis": "z", "origin": [9.5, 7.75, 9.1]},
			"faces": {
				"west": {"uv": [0, 16, 16, 8], "rotation": 180, "texture": "#3", "tintindex": 0}
			}
		},
		{
			"from": [3.87859, 10.78127, -4.11071],
			"to": [3.87859, 22.78127, 19.88929],
			"rotation": {"angle": 22.5, "axis": "z", "origin": [9.57824, 8.99366, 9.09804]},
			"faces": {
				"west": {"uv": [0.00667, 7.99333, 15.99333, 0.00667], "rotation": 180, "texture": "#3", "tintindex": 0}
			}
		},
		{
			"from": [-3.7916, -5.838, 4.4],
			"to": [20.2084, 6.162, 4.4],
			"rotation": {"angle": 22.5, "axis": "x", "origin": [7, 7.75, 10.1]},
			"faces": {
				"north": {"uv": [0, 16, 16, 8], "rotation": 180, "texture": "#3", "tintindex": 0}
			}
		},
		{
			"from": [-3.78929, 10.78127, 4.47859],
			"to": [20.21071, 22.78127, 4.47859],
			"rotation": {"angle": -22.5, "axis": "x", "origin": [7.00196, 8.99366, 10.17824]},
			"faces": {
				"north": {"uv": [0.00667, 7.99333, 15.99333, 0.00667], "rotation": 180, "texture": "#3", "tintindex": 0}
			}
		},
		{
			"from": [-1.33328, 12.81, -2.8204],
			"to": [17.86672, 12.81, 6.7796],
			"rotation": {"angle": 22.5, "axis": "x", "origin": [7.3, 8.25, 8.05]},
			"faces": {
				"up": {"uv": [0.00667, 7.99333, 15.99333, 0.00667], "rotation": 180, "texture": "#3", "tintindex": 0},
				"down": {"uv": [0, 15.5, 16, 7.5], "rotation": 180, "texture": "#3", "tintindex": 0}
			}
		},
		{
			"from": [-1.33143, 12.74713, 10.47502],
			"to": [17.86857, 12.74713, 20.07502],
			"rotation": {"angle": -22.5, "axis": "x", "origin": [7.30157, 8.18741, 9.04493]},
			"faces": {
				"up": {"uv": [0, 8, 16, 16], "texture": "#3", "tintindex": 0},
				"down": {"uv": [0, 7.5, 16, 15.5], "rotation": 180, "texture": "#3", "tintindex": 0}
			}
		},
		{
			"from": [1.18835, -2.84464, 6.6],
			"to": [18.22835, 5.67536, 6.6],
			"rotation": {"angle": -45, "axis": "y", "origin": [6.54607, 11.58539, 5.72731]},
			"faces": {
				"north": {"uv": [12.99858, 10.49972, 2.99976, 15.49912], "texture": "#3", "tintindex": 0},
				"south": {"uv": [2.99976, 10.49972, 12.99858, 15.49912], "texture": "#3", "tintindex": 0}
			}
		},
		{
			"from": [-2.79994, -2.84448, 8.85],
			"to": [14.24006, 5.67552, 8.85],
			"rotation": {"angle": 45, "axis": "y", "origin": [6.56, 10.2, 5.64]},
			"faces": {
				"north": {"uv": [12.99858, 10.49972, 2.99976, 15.49912], "texture": "#3", "tintindex": 0},
				"south": {"uv": [2.99976, 10.49972, 12.99858, 15.49912], "texture": "#3", "tintindex": 0}
			}
		}
	],
	"groups": [
		{
			"name": "group",
			"children": [0, 1, 2, 3, 4, 5, 6, 7, 8, 9, 10, 11]
		}
	]
}