{"credit":"Made with Blockbench","display":{"firstperson_lefthand":{"rotation":[0,96,0],"translation":[10,2.25,-6.75]},"firstperson_righthand":{"rotation":[0,96,0],"translation":[10,2.25,-6.75]},"fixed":{"rotation":[-90,0,0],"scale":[2,2,2],"translation":[0,0,-16.25]},"ground":{"scale":[0.4,0.4,0.4],"translation":[0,4.5,0]},"gui":{"rotation":[30,145,0],"scale":[0.83,0.83,0.83],"translation":[0,1.75,0]},"head":{"rotation":[14,0,0],"scale":[1.93,1.93,1.93],"translation":[0,16.5,3.25]},"thirdperson_lefthand":{"rotation":[55,45,0],"scale":[0.4,0.4,0.4],"translation":[0,1,1.75]},"thirdperson_righthand":{"rotation":[55,45,0],"scale":[0.4,0.4,0.4],"translation":[0,1,1.75]}},"elements":[{"faces":{"east":{"texture":"#0","tintindex":0,"uv":[4,6,8,8]},"north":{"texture":"#0","tintindex":0,"uv":[4,6,8,8]},"south":{"texture":"#0","tintindex":0,"uv":[4,6,8,8]},"west":{"texture":"#0","tintindex":0,"uv":[4,6,8,8]}},"from":[3.75,-0.25,3.75],"rotation":{"angle":0,"axis":"y","origin":[12,8,12]},"to":[12.25,4.25,12.25]},{"faces":{"east":{"texture":"#0","tintindex":0,"uv":[4,8,7,11]},"north":{"texture":"#0","tintindex":0,"uv":[4,8,7,11]},"south":{"texture":"#0","tintindex":0,"uv":[4,8,7,11]},"up":{"texture":"#0","tintindex":0,"uv":[1.5,0,4.5,3]},"west":{"texture":"#0","tintindex":0,"uv":[4,8,7,11]}},"from":[4.95,2.95,4.95],"rotation":{"angle":22.5,"axis":"x","origin":[8,3,8]},"to":[11.05,9.05,11.05]},{"faces":{"east":{"texture":"#0","tintindex":0,"uv":[7,8,8.5,11]},"north":{"texture":"#0","tintindex":0,"uv":[7,8,8.5,11]},"south":{"texture":"#0","tintindex":0,"uv":[7,8,8.5,11]},"up":{"texture":"#0","tintindex":0,"uv":[4.5,0,6,1.5]},"west":{"texture":"#0","tintindex":0,"uv":[7,8,8.5,11]}},"from":[6.45,7.95,7.95],"rotation":{"angle":45,"axis":"x","origin":[8,8,9.5]},"to":[9.55,14.05,11.05]},{"faces":{"east":{"rotation":180,"texture":"#0","uv":[4,6,8,8]},"north":{"rotation":180,"texture":"#0","uv":[4,6,8,8]},"south":{"rotation":180,"texture":"#0","uv":[4,6,8,8]},"west":{"rotation":180,"texture":"#0","uv":[4,6,8,8]}},"from":[12.25,4.25,12.25],"rotation":{"angle":0,"axis":"y","origin":[20,12,20]},"to":[3.75,-0.25,3.75]},{"faces":{"down":{"texture":"#0","uv":[0.5,8.5,3.5,11.5]},"east":{"texture":"#0","uv":[0,3,3,6]},"north":{"texture":"#0","uv":[0,3,3,6]},"south":{"texture":"#0","uv":[0,3,3,6]},"up":{"texture":"#0","uv":[1.5,0,4.5,3]},"west":{"texture":"#0","uv":[0,3,3,6]}},"from":[5,3,5],"rotation":{"angle":22.5,"axis":"x","origin":[8,3,8]},"to":[11,9,11]},{"faces":{"down":{"texture":"#0","uv":[1,9.5,2.5,11]},"east":{"texture":"#0","uv":[0,0,1.5,3]},"north":{"texture":"#0","uv":[0,0,1.5,3]},"south":{"texture":"#0","uv":[0,0,1.5,3]},"up":{"texture":"#0","uv":[4.5,0,6,1.5]},"west":{"texture":"#0","uv":[0,0,1.5,3]}},"from":[6.5,8,8],"rotation":{"angle":45,"axis":"x","origin":[8,8,9.5]},"to":[9.5,14,11]},{"faces":{"down":{"texture":"#0","uv":[8,0,16,8]},"up":{"texture":"#0","uv":[8,0,16,8]}},"from":[0,0,0],"to":[16,0,16]},{"faces":{"east":{"texture":"#0","uv":[0,6,4,8]},"north":{"texture":"#0","uv":[0,6,4,8]},"south":{"texture":"#0","uv":[0,6,4,8]},"up":{"texture":"#0","uv":[0,8,4,12]},"west":{"texture":"#0","uv":[0,6,4,8]}},"from":[4,0,4],"rotation":{"angle":0,"axis":"y","origin":[12,8,12]},"to":[12,4,12]}],"texture_size":[32,32],"textures":{"0":"custom/cosmetics/witch/witch_hat","particle":"custom/cosmetics/witch/witch_hat"}}