{"credit":"Made with Blockbench","display":{"firstperson_lefthand":{"rotation":[26,9,0],"translation":[6.5,-7.75,-7]},"firstperson_righthand":{"rotation":[26,9,0],"translation":[6.5,-7.75,-7]},"fixed":{"scale":[2,2,2],"translation":[0,-12.75,-2]},"ground":{"scale":[0.4,0.4,0.4],"translation":[0,5.25,0]},"gui":{"rotation":[0,0,-45],"scale":[0.59,0.59,0.59],"translation":[-2.75,-2.75,0]},"head":{"translation":[0,14.75,0]},"thirdperson_lefthand":{"rotation":[50,-10,3],"translation":[0.5,-5.5,-2.5]},"thirdperson_righthand":{"rotation":[50,-10,3],"translation":[0.5,-5.5,-2.5]}},"elements":[{"faces":{"down":{"texture":"#0","uv":[9,0.5,9.5,1]},"east":{"texture":"#0","uv":[0,0,1,11.5]},"north":{"texture":"#0","uv":[0,0,1,11.5]},"south":{"texture":"#0","uv":[0,0,1,11.5]},"up":{"texture":"#0","uv":[0,0,1,1]},"west":{"texture":"#0","uv":[0,0,1,11.5]}},"from":[7,8,7],"rotation":{"angle":0,"axis":"y","origin":[15,16,15]},"to":[9,31,9]},{"faces":{"east":{"texture":"#0","uv":[5,0,7,4.5]},"north":{"texture":"#0","uv":[1,0,5,4.5]},"south":{"texture":"#0","uv":[1,0,5,4.5]},"up":{"texture":"#0","uv":[7,0,11,2]},"west":{"texture":"#0","uv":[5,0,7,4.5]}},"from":[4,-1,6],"rotation":{"angle":0,"axis":"y","origin":[12,7,14]},"to":[12,8,10]},{"faces":{"down":{"texture":"#0","uv":[7,0,11,2]},"east":{"rotation":180,"texture":"#0","uv":[5,0,7,4.5]},"north":{"rotation":180,"texture":"#0","uv":[1,0,5,4.5]},"south":{"rotation":180,"texture":"#0","uv":[1,0,5,4.5]},"west":{"rotation":180,"texture":"#0","uv":[5,0,7,4.5]}},"from":[12,8,10],"rotation":{"angle":0,"axis":"y","origin":[20,16,18]},"to":[4,-1,6]}],"texture_size":[32,32],"textures":{"0":"custom/cosmetics/witch/witch_broom","particle":"custom/cosmetics/witch/witch_broom"}}