{"textures":{"0":"modelengine:entity/medusa"},"elements":[{"from":[7.142857,7.428571,4.5714283],"to":[8.857143,8.571428,8.0],"rotation":{"angle":0.0,"axis":"y","origin":[8.0,8.0,8.0]},"faces":{"east":{"uv":[4.125,7.625,4.875,7.875],"rotation":0,"texture":"#0","tintindex":0},"south":{"uv":[11.25,10.25,11.625,10.5],"rotation":0,"texture":"#0","tintindex":0},"north":{"uv":[4.875,6.625,5.25,6.875],"rotation":0,"texture":"#0","tintindex":0},"west":{"uv":[11.875,8.75,12.625,9.0],"rotation":0,"texture":"#0","tintindex":0},"up":{"uv":[4.375,1.75,4.0,1.0],"rotation":0,"texture":"#0","tintindex":0},"down":{"uv":[12.25,1.625,11.875,2.375],"rotation":0,"texture":"#0","tintindex":0}}}],"display":{"head":{"translation":[0.0,-6.4,0.0],"scale":[4.0,4.0,4.0]}}}