{
	"credit": "Made with Blockbench",
	"texture_size": [64, 64],
	"textures": {
		"1": "custom/cosmetics/mexico/mochila_cactus"
	},
	"elements": [
		{
			"from": [3, 1, 4],
			"to": [13, 14, 14],
			"rotation": {"angle": 0, "axis": "y", "origin": [1, 0, 0]},
			"faces": {
				"north": {"uv": [0, 0, 2.5, 3.25], "texture": "#1"},
				"east": {"uv": [2.5, 0, 5, 3.25], "texture": "#1"},
				"south": {"uv": [0, 3.25, 2.5, 6.5], "texture": "#1"},
				"west": {"uv": [2.5, 3.25, 5, 6.5], "texture": "#1"},
				"up": {"uv": [7.5, 2.5, 5, 0], "texture": "#1"},
				"down": {"uv": [7.5, 2.5, 5, 5], "texture": "#1"}
			}
		},
		{
			"from": [2, 14, 3],
			"to": [14, 15, 5],
			"rotation": {"angle": 0, "axis": "y", "origin": [1, 0, 0]},
			"faces": {
				"north": {"uv": [12.5, 1, 15.5, 1.25], "texture": "#1"},
				"east": {"uv": [6, 9, 6.5, 9.25], "texture": "#1"},
				"south": {"uv": [12.5, 1.25, 15.5, 1.5], "texture": "#1"},
				"west": {"uv": [6, 9.25, 6.5, 9.5], "texture": "#1"},
				"up": {"uv": [14, 10, 11, 9.5], "texture": "#1"},
				"down": {"uv": [14, 10, 11, 10.5], "texture": "#1"}
			}
		},
		{
			"from": [2, 14, 13],
			"to": [14, 15, 15],
			"rotation": {"angle": 0, "axis": "y", "origin": [1, 0, 0]},
			"faces": {
				"north": {"uv": [12.5, 1.5, 15.5, 1.75], "texture": "#1"},
				"east": {"uv": [5.75, 9.5, 6.25, 9.75], "texture": "#1"},
				"south": {"uv": [12.5, 1.75, 15.5, 2], "texture": "#1"},
				"west": {"uv": [5.75, 9.75, 6.25, 10], "texture": "#1"},
				"up": {"uv": [15, 11, 12, 10.5], "texture": "#1"},
				"down": {"uv": [15, 11, 12, 11.5], "texture": "#1"}
			}
		},
		{
			"from": [2, 14, 5],
			"to": [4, 15, 13],
			"rotation": {"angle": 0, "axis": "y", "origin": [1, 0, 0]},
			"faces": {
				"north": {"uv": [4, 10, 4.5, 10.25], "texture": "#1"},
				"east": {"uv": [12.5, 2, 14.5, 2.25], "texture": "#1"},
				"south": {"uv": [7, 10, 7.5, 10.25], "texture": "#1"},
				"west": {"uv": [12.5, 2.25, 14.5, 2.5], "texture": "#1"},
				"up": {"uv": [5, 8.5, 4.5, 6.5], "texture": "#1"},
				"down": {"uv": [11.75, 5, 11.25, 7], "texture": "#1"}
			}
		},
		{
			"from": [12, 14, 5],
			"to": [14, 15, 13],
			"rotation": {"angle": 0, "axis": "y", "origin": [1, 0, 0]},
			"faces": {
				"north": {"uv": [7.5, 10, 8, 10.25], "texture": "#1"},
				"east": {"uv": [12.5, 2.5, 14.5, 2.75], "texture": "#1"},
				"south": {"uv": [10, 8, 10.5, 8.25], "texture": "#1"},
				"west": {"uv": [12.5, 2.75, 14.5, 3], "texture": "#1"},
				"up": {"uv": [6.5, 14, 6, 12], "texture": "#1"},
				"down": {"uv": [7, 12, 6.5, 14], "texture": "#1"}
			}
		},
		{
			"from": [2.5, 8, 3.5],
			"to": [2.5, 12, 14.5],
			"rotation": {"angle": 0, "axis": "y", "origin": [1, 0, 0]},
			"faces": {
				"north": {"uv": [0, 0, 0, 1], "texture": "#1"},
				"east": {"uv": [8.25, 8.5, 11, 9.5], "texture": "#1"},
				"south": {"uv": [0, 0, 0, 1], "texture": "#1"},
				"west": {"uv": [9.25, 0, 12, 1], "texture": "#1"},
				"up": {"uv": [0, 2.75, 0, 0], "texture": "#1"},
				"down": {"uv": [0, 0, 0, 2.75], "texture": "#1"}
			}
		},
		{
			"from": [13.5, 8, 3.5],
			"to": [13.5, 12, 14.5],
			"rotation": {"angle": 0, "axis": "y", "origin": [1, 0, 0]},
			"faces": {
				"north": {"uv": [0, 0, 0, 1], "texture": "#1"},
				"east": {"uv": [9.25, 1, 12, 2], "texture": "#1"},
				"south": {"uv": [0, 0, 0, 1], "texture": "#1"},
				"west": {"uv": [9.25, 2, 12, 3], "texture": "#1"},
				"up": {"uv": [0, 2.75, 0, 0], "texture": "#1"},
				"down": {"uv": [0, 0, 0, 2.75], "texture": "#1"}
			}
		},
		{
			"from": [2.5, 8, 3.5],
			"to": [13.5, 12, 3.5],
			"rotation": {"angle": 0, "axis": "y", "origin": [1, 0, 0]},
			"faces": {
				"north": {"uv": [9.25, 3, 12, 4], "texture": "#1"},
				"east": {"uv": [0, 0, 0, 1], "texture": "#1"},
				"south": {"uv": [9.25, 4, 12, 5], "texture": "#1"},
				"west": {"uv": [0, 0, 0, 1], "texture": "#1"},
				"up": {"uv": [2.75, 0, 0, 0], "texture": "#1"},
				"down": {"uv": [2.75, 0, 0, 0], "texture": "#1"}
			}
		},
		{
			"from": [2.5, 8, 14.5],
			"to": [13.5, 12, 14.5],
			"rotation": {"angle": 0, "axis": "y", "origin": [1, 0, 0]},
			"faces": {
				"north": {"uv": [8.25, 9.5, 11, 10.5], "texture": "#1"},
				"east": {"uv": [0, 0, 0, 1], "texture": "#1"},
				"south": {"uv": [0, 10, 2.75, 11], "texture": "#1"},
				"west": {"uv": [0, 0, 0, 1], "texture": "#1"},
				"up": {"uv": [2.75, 0, 0, 0], "texture": "#1"},
				"down": {"uv": [2.75, 0, 0, 0], "texture": "#1"}
			}
		},
		{
			"from": [-1.26777, 12.23223, 5],
			"to": [3.73223, 12.23223, 13],
			"rotation": {"angle": 45, "axis": "z", "origin": [1.23223, 12.23223, 8]},
			"faces": {
				"north": {"uv": [0, 0, 1.25, 0], "texture": "#1"},
				"east": {"uv": [0, 0, 2, 0], "texture": "#1"},
				"south": {"uv": [0, 0, 1.25, 0], "texture": "#1"},
				"west": {"uv": [0, 0, 2, 0], "texture": "#1"},
				"up": {"uv": [5.75, 10.5, 4.5, 8.5], "texture": "#1"},
				"down": {"uv": [4, 10, 2.75, 12], "texture": "#1"}
			}
		},
		{
			"from": [12.26777, 12.23223, 5],
			"to": [17.26777, 12.23223, 13],
			"rotation": {"angle": -45, "axis": "z", "origin": [14.76777, 12.23223, 8]},
			"faces": {
				"north": {"uv": [0, 0, 1.25, 0], "texture": "#1"},
				"east": {"uv": [0, 0, 2, 0], "texture": "#1"},
				"south": {"uv": [0, 0, 1.25, 0], "texture": "#1"},
				"west": {"uv": [0, 0, 2, 0], "texture": "#1"},
				"up": {"uv": [11.25, 7, 10, 5], "texture": "#1"},
				"down": {"uv": [7, 10, 5.75, 12], "texture": "#1"}
			}
		},
		{
			"from": [5, 14, 6],
			"to": [11, 28, 12],
			"faces": {
				"north": {"uv": [5, 5, 6.5, 8.5], "texture": "#1"},
				"east": {"uv": [0, 6.5, 1.5, 10], "texture": "#1"},
				"south": {"uv": [1.5, 6.5, 3, 10], "texture": "#1"},
				"west": {"uv": [3, 6.5, 4.5, 10], "texture": "#1"},
				"up": {"uv": [5.5, 12, 4, 10.5], "texture": "#1"},
				"down": {"uv": [12.5, 8, 11, 9.5], "texture": "#1"}
			}
		},
		{
			"from": [4.5, 16, 5.5],
			"to": [11.5, 26, 12.5],
			"faces": {
				"north": {"uv": [6.5, 5, 8.25, 7.5], "texture": "#1"},
				"east": {"uv": [7.5, 0, 9.25, 2.5], "texture": "#1"},
				"south": {"uv": [7.5, 2.5, 9.25, 5], "texture": "#1"},
				"west": {"uv": [6.5, 7.5, 8.25, 10], "texture": "#1"},
				"up": {"uv": [10, 6.75, 8.25, 5], "texture": "#1"},
				"down": {"uv": [10, 6.75, 8.25, 8.5], "texture": "#1"}
			}
		},
		{
			"from": [8, 18, 7],
			"to": [18, 22, 11],
			"rotation": {"angle": 45, "axis": "z", "origin": [8, 21, 9]},
			"faces": {
				"north": {"uv": [10, 7, 12.5, 8], "texture": "#1"},
				"east": {"uv": [12, 11.5, 13, 12.5], "texture": "#1"},
				"south": {"uv": [7, 10.5, 9.5, 11.5], "texture": "#1"},
				"west": {"uv": [12.5, 0, 13.5, 1], "texture": "#1"},
				"up": {"uv": [12, 11.5, 9.5, 10.5], "texture": "#1"},
				"down": {"uv": [2.5, 11, 0, 12], "texture": "#1"}
			}
		},
		{
			"from": [5.75, 14, 4],
			"to": [5.75, 28, 6],
			"faces": {
				"north": {"uv": [0, 0, 0, 3.5], "texture": "#1"},
				"east": {"uv": [7, 11.5, 7.5, 15], "texture": "#1"},
				"south": {"uv": [0, 0, 0, 3.5], "texture": "#1"},
				"west": {"uv": [7.5, 11.5, 8, 15], "texture": "#1"},
				"up": {"uv": [0, 0.5, 0, 0], "texture": "#1"},
				"down": {"uv": [0, 0, 0, 0.5], "texture": "#1"}
			}
		},
		{
			"from": [5.75, 14, 12],
			"to": [5.75, 28, 14],
			"faces": {
				"north": {"uv": [0, 0, 0, 3.5], "texture": "#1"},
				"east": {"uv": [10, 11.5, 10.5, 15], "texture": "#1"},
				"south": {"uv": [0, 0, 0, 3.5], "texture": "#1"},
				"west": {"uv": [10.5, 11.5, 11, 15], "texture": "#1"},
				"up": {"uv": [0, 0.5, 0, 0], "texture": "#1"},
				"down": {"uv": [0, 0, 0, 0.5], "texture": "#1"}
			}
		},
		{
			"from": [3, 14, 6.75],
			"to": [5, 28, 6.75],
			"rotation": {"angle": 0, "axis": "y", "origin": [8, 21, 13]},
			"faces": {
				"north": {"uv": [0.5, 12, 1, 15.5], "texture": "#1"},
				"east": {"uv": [0, 0, 0, 3.5], "texture": "#1"},
				"south": {"uv": [1, 12, 1.5, 15.5], "texture": "#1"},
				"west": {"uv": [0, 0, 0, 3.5], "texture": "#1"},
				"up": {"uv": [0.5, 0, 0, 0], "texture": "#1"},
				"down": {"uv": [0.5, 0, 0, 0], "texture": "#1"}
			}
		},
		{
			"from": [11, 14, 6.75],
			"to": [13, 28, 6.75],
			"rotation": {"angle": 0, "axis": "y", "origin": [8, 21, 13]},
			"faces": {
				"north": {"uv": [3.5, 12, 4, 15.5], "texture": "#1"},
				"east": {"uv": [0, 0, 0, 3.5], "texture": "#1"},
				"south": {"uv": [12, 3.5, 12.5, 7], "texture": "#1"},
				"west": {"uv": [0, 0, 0, 3.5], "texture": "#1"},
				"up": {"uv": [0.5, 0, 0, 0], "texture": "#1"},
				"down": {"uv": [0.5, 0, 0, 0], "texture": "#1"}
			}
		},
		{
			"from": [8, 14, 4],
			"to": [8, 28, 6],
			"faces": {
				"north": {"uv": [0, 0, 0, 3.5], "texture": "#1"},
				"east": {"uv": [8, 11.5, 8.5, 15], "texture": "#1"},
				"south": {"uv": [0, 0, 0, 3.5], "texture": "#1"},
				"west": {"uv": [8.5, 11.5, 9, 15], "texture": "#1"},
				"up": {"uv": [0, 0.5, 0, 0], "texture": "#1"},
				"down": {"uv": [0, 0, 0, 0.5], "texture": "#1"}
			}
		},
		{
			"from": [8, 14, 12],
			"to": [8, 28, 14],
			"faces": {
				"north": {"uv": [0, 0, 0, 3.5], "texture": "#1"},
				"east": {"uv": [0, 12, 0.5, 15.5], "texture": "#1"},
				"south": {"uv": [0, 0, 0, 3.5], "texture": "#1"},
				"west": {"uv": [12, 0, 12.5, 3.5], "texture": "#1"},
				"up": {"uv": [0, 0.5, 0, 0], "texture": "#1"},
				"down": {"uv": [0, 0, 0, 0.5], "texture": "#1"}
			}
		},
		{
			"from": [3, 14, 9],
			"to": [5, 28, 9],
			"rotation": {"angle": 0, "axis": "y", "origin": [8, 21, 13]},
			"faces": {
				"north": {"uv": [2.5, 12, 3, 15.5], "texture": "#1"},
				"east": {"uv": [0, 0, 0, 3.5], "texture": "#1"},
				"south": {"uv": [3, 12, 3.5, 15.5], "texture": "#1"},
				"west": {"uv": [0, 0, 0, 3.5], "texture": "#1"},
				"up": {"uv": [0.5, 0, 0, 0], "texture": "#1"},
				"down": {"uv": [0.5, 0, 0, 0], "texture": "#1"}
			}
		},
		{
			"from": [11, 14, 9],
			"to": [13, 28, 9],
			"rotation": {"angle": 0, "axis": "y", "origin": [8, 21, 13]},
			"faces": {
				"north": {"uv": [5, 12, 5.5, 15.5], "texture": "#1"},
				"east": {"uv": [0, 0, 0, 3.5], "texture": "#1"},
				"south": {"uv": [5.5, 12, 6, 15.5], "texture": "#1"},
				"west": {"uv": [0, 0, 0, 3.5], "texture": "#1"},
				"up": {"uv": [0.5, 0, 0, 0], "texture": "#1"},
				"down": {"uv": [0.5, 0, 0, 0], "texture": "#1"}
			}
		},
		{
			"from": [10.25, 14, 4],
			"to": [10.25, 28, 6],
			"faces": {
				"north": {"uv": [0, 0, 0, 3.5], "texture": "#1"},
				"east": {"uv": [9, 11.5, 9.5, 15], "texture": "#1"},
				"south": {"uv": [0, 0, 0, 3.5], "texture": "#1"},
				"west": {"uv": [9.5, 11.5, 10, 15], "texture": "#1"},
				"up": {"uv": [0, 0.5, 0, 0], "texture": "#1"},
				"down": {"uv": [0, 0, 0, 0.5], "texture": "#1"}
			}
		},
		{
			"from": [10.25, 14, 12],
			"to": [10.25, 28, 14],
			"faces": {
				"north": {"uv": [0, 0, 0, 3.5], "texture": "#1"},
				"east": {"uv": [11, 11.5, 11.5, 15], "texture": "#1"},
				"south": {"uv": [0, 0, 0, 3.5], "texture": "#1"},
				"west": {"uv": [11.5, 11.5, 12, 15], "texture": "#1"},
				"up": {"uv": [0, 0.5, 0, 0], "texture": "#1"},
				"down": {"uv": [0, 0, 0, 0.5], "texture": "#1"}
			}
		},
		{
			"from": [3, 14, 11.25],
			"to": [5, 28, 11.25],
			"rotation": {"angle": 0, "axis": "y", "origin": [8, 21, 13]},
			"faces": {
				"north": {"uv": [1.5, 12, 2, 15.5], "texture": "#1"},
				"east": {"uv": [0, 0, 0, 3.5], "texture": "#1"},
				"south": {"uv": [2, 12, 2.5, 15.5], "texture": "#1"},
				"west": {"uv": [0, 0, 0, 3.5], "texture": "#1"},
				"up": {"uv": [0.5, 0, 0, 0], "texture": "#1"},
				"down": {"uv": [0.5, 0, 0, 0], "texture": "#1"}
			}
		},
		{
			"from": [11, 14, 11.25],
			"to": [13, 28, 11.25],
			"rotation": {"angle": 0, "axis": "y", "origin": [8, 21, 13]},
			"faces": {
				"north": {"uv": [4, 12, 4.5, 15.5], "texture": "#1"},
				"east": {"uv": [0, 0, 0, 3.5], "texture": "#1"},
				"south": {"uv": [4.5, 12, 5, 15.5], "texture": "#1"},
				"west": {"uv": [0, 0, 0, 3.5], "texture": "#1"},
				"up": {"uv": [0.5, 0, 0, 0], "texture": "#1"},
				"down": {"uv": [0.5, 0, 0, 0], "texture": "#1"}
			}
		}
	],
	"display": {
		"thirdperson_righthand": {
			"rotation": [58.25, 0, 0],
			"translation": [0, 2.25, -0.75],
			"scale": [0.21617, 0.19469, 0.23961]
		},
		"thirdperson_lefthand": {
			"rotation": [58.25, 0, 0],
			"translation": [0, 2.25, -0.75],
			"scale": [0.21617, 0.19469, 0.23961]
		},
		"firstperson_righthand": {
			"rotation": [0, 145, 0],
			"translation": [17.5, 0, -13.5],
			"scale": [0.50781, 0.58984, 0.46289]
		},
		"firstperson_lefthand": {
			"rotation": [0, 145, 0],
			"translation": [17.5, 0, -13.5],
			"scale": [0.50781, 0.58984, 0.46289]
		},
		"ground": {
			"translation": [0, 2, -0.25],
			"scale": [0.39, 0.39, 0.39]
		},
		"gui": {
			"rotation": [30, 145, 0],
			"translation": [0, -2.5, 0],
			"scale": [0.56242, 0.46281, 0.66008]
		},
		"head": {
			"rotation": [-176.5, 0, -180],
			"translation": [0, -54.25, 12.75],
			"scale": [1.33437, 1.07461, 1.17617]
		},
		"fixed": {
			"rotation": [-90, 0, 0],
			"translation": [0, -0.75, -14.5],
			"scale": [2, 2, 2]
		}
	}
}