{"credit":"Made with Blockbench","display":{"head":{"scale":[2,2,2],"translation":[0,-31,0]}},"elements":[{"faces":{"down":{"texture":"#0","uv":[4,0,8,0.75]},"east":{"texture":"#0","uv":[0,7.25,0.75,14.375]},"north":{"texture":"#0","uv":[0,7.25,4,14.375]},"south":{"texture":"#0","uv":[0,7.25,4,14.375]},"west":{"texture":"#0","uv":[0,7.25,0.75,14.375]}},"from":[0,0,6.5],"to":[16,28.5,9.5]}],"texture_size":[128,128],"textures":{"0":"custom/decorations/arcade_sign","particle":"custom/decorations/arcade_sign"}}