{"credit":"Made with Blockbench","display":{"firstperson_lefthand":{"rotation":[0,139,0],"translation":[17.75,0,-15.75]},"firstperson_righthand":{"rotation":[0,139,0],"translation":[17.75,0,-15.75]},"fixed":{"rotation":[-90,0,0],"scale":[2,2,2],"translation":[0,0,-16]},"ground":{"scale":[0.39,0.39,0.39],"translation":[0,5.25,0]},"gui":{"rotation":[30,135,0],"scale":[0.44,0.44,0.44],"translation":[0,2.25,0]},"head":{"translation":[0,22.75,0]},"thirdperson_lefthand":{"rotation":[46,34,0],"scale":[0.19,0.19,0.19],"translation":[-1.25,0.5,0]},"thirdperson_righthand":{"rotation":[46,34,0],"scale":[0.19,0.19,0.19],"translation":[-1.25,0.5,0]}},"elements":[{"faces":{"down":{"texture":"#0","uv":[0,0.5,13,1]},"east":{"texture":"#0","uv":[0,0,0.5,1]},"north":{"texture":"#0","uv":[0,0,13,1]},"south":{"texture":"#0","uv":[0,0,13,1]},"up":{"texture":"#0","uv":[13,0,0,0.5]},"west":{"texture":"#0","uv":[12.5,0,13,1]}},"from":[-5,14,7.5],"rotation":{"angle":0,"axis":"y","origin":[8,7,8]},"to":[21,16,8.5]},{"faces":{"down":{"rotation":180,"texture":"#0","uv":[0,7.5,13,8]},"east":{"texture":"#0","uv":[0,7,0.5,8]},"north":{"texture":"#0","uv":[0,7,13,8]},"south":{"texture":"#0","uv":[0,7,13,8]},"up":{"texture":"#0","uv":[0,0.5,13,1]},"west":{"texture":"#0","uv":[12.5,7,13,8]}},"from":[-5,0,7.5],"rotation":{"angle":0,"axis":"y","origin":[8,7,8]},"to":[21,2,8.5]},{"faces":{"east":{"texture":"#0","uv":[0.5,1,1,7]},"north":{"texture":"#0","uv":[12,1,13,7]},"south":{"texture":"#0","uv":[0,1,1,7]},"west":{"texture":"#0","uv":[12.5,0.5,13,6.5]}},"from":[-5,2,7.5],"rotation":{"angle":0,"axis":"y","origin":[8,7,8]},"to":[-3,14,8.5]},{"faces":{"east":{"texture":"#0","uv":[0,1,0.5,7]},"north":{"texture":"#0","uv":[0,1,1,7]},"south":{"texture":"#0","uv":[12,1,13,7]},"west":{"texture":"#0","uv":[0.5,1,1,7]}},"from":[19,2,7.5],"rotation":{"angle":0,"axis":"y","origin":[8,7,8]},"to":[21,14,8.5]},{"faces":{"north":{"texture":"#0","uv":[1,1,12,7]},"south":{"texture":"#0","uv":[12,1,1,7]}},"from":[-3,2,8],"rotation":{"angle":0,"axis":"y","origin":[8,7,8]},"to":[19,14,8]},{"faces":{"north":{"texture":"#0","tintindex":0,"uv":[0,8,11,14]},"south":{"texture":"#0","tintindex":0,"uv":[11,8,0,14]}},"from":[-3,2,7.9],"rotation":{"angle":0,"axis":"y","origin":[8,7,8]},"to":[19,14,8.1]},{"faces":{"down":{"texture":"#0","uv":[15,15.5,16,16]},"east":{"texture":"#0","uv":[15,8,15.5,16]},"north":{"texture":"#0","uv":[15,8,16,16]},"south":{"texture":"#0","uv":[16,8,15,16]},"west":{"texture":"#0","uv":[15.5,8,16,16]}},"from":[3,-16,7.5],"to":[5,0,8.5]},{"faces":{"down":{"texture":"#0","uv":[15,15.5,16,16]},"east":{"texture":"#0","uv":[11,8,11.5,16]},"north":{"texture":"#0","uv":[11,8,12,16]},"south":{"texture":"#0","uv":[12,8,11,16]},"west":{"texture":"#0","uv":[11.5,8,12,16]}},"from":[11,-16,7.5],"to":[13,0,8.5]},{"faces":{"north":{"texture":"#0","uv":[12,9,15,10]},"south":{"texture":"#0","uv":[12,9,15,10]}},"from":[5,-4,8],"to":[11,-2,8]}],"groups":[{"children":[0,1,2,3,4,5],"name":"group","origin":[8,8,8]},6,7,8],"textures":{"0":"custom/decorations/balloon_sign","particle":"custom/decorations/balloon_sign"}}