{"credit":"Made with Blockbench","display":{"firstperson_lefthand":{"rotation":[-15,37,0],"translation":[42,0,-36.25]},"firstperson_righthand":{"rotation":[-15,37,0],"translation":[42,0,-36.25]},"fixed":{"rotation":[90,0,0],"scale":[2.01,2.01,2.01],"translation":[0,0,16]},"ground":{"scale":[0.4,0.4,0.4],"translation":[0,20.25,0]},"gui":{"rotation":[30,45,0],"scale":[0.28,0.28,0.28],"translation":[0,1.5,0]},"head":{"scale":[1.61,1.61,1.61],"translation":[0,-45,0]},"thirdperson_lefthand":{"rotation":[71,35,-15],"scale":[0.19,0.19,0.19],"translation":[0.5,3.25,0]},"thirdperson_righthand":{"rotation":[71,35,-15],"scale":[0.19,0.19,0.19],"translation":[0.5,3.25,0]}},"elements":[{"faces":{"down":{"texture":"#0","uv":[6,6.75,14,8]},"east":{"texture":"#0","uv":[12.75,8,14,9.25]},"north":{"texture":"#0","uv":[6,8,14,9.25]},"south":{"rotation":180,"texture":"#0","uv":[6,6.75,14,8]},"up":{"rotation":180,"texture":"#0","uv":[6,6.75,14,8]},"west":{"texture":"#0","uv":[6,8,7.25,9.25]}},"from":[-8,-16,-8],"rotation":{"angle":0,"axis":"y","origin":[0,-8,0]},"to":[24,-11,-3]},{"faces":{"down":{"rotation":180,"texture":"#0","uv":[6,6.75,14,8]},"east":{"texture":"#0","uv":[14,8,12.75,9.25]},"north":{"rotation":180,"texture":"#0","uv":[6,6.75,14,8]},"south":{"texture":"#0","uv":[6,8,14,9.25]},"up":{"texture":"#0","uv":[6,6.75,14,8]},"west":{"texture":"#0","uv":[7.25,8,6,9.25]}},"from":[-8,-16,19],"rotation":{"angle":0,"axis":"y","origin":[0,-8,27]},"to":[24,-11,24]},{"faces":{"down":{"rotation":180,"texture":"#0","uv":[6,1.25,7.25,6.75]},"east":{"texture":"#0","uv":[7.25,8,12.75,9.25]},"up":{"rotation":180,"texture":"#0","uv":[6,1.25,7.25,6.75]},"west":{"rotation":180,"texture":"#0","uv":[7.25,6.75,12.75,8]}},"from":[19,-16,-3],"rotation":{"angle":0,"axis":"y","origin":[27,-8,5]},"to":[24,-11,19]},{"faces":{"down":{"texture":"#0","uv":[6,1.25,7.25,6.75]},"east":{"rotation":180,"texture":"#0","uv":[7.25,6.75,12.75,8]},"up":{"texture":"#0","uv":[6,1.25,7.25,6.75]},"west":{"texture":"#0","uv":[7.25,8,12.75,9.25]}},"from":[-8,-16,-3],"rotation":{"angle":0,"axis":"y","origin":[0,-8,5]},"to":[-3,-11,19]},{"faces":{"east":{"rotation":180,"texture":"#0","uv":[0,6,6,12.75]},"north":{"texture":"#0","uv":[5.75,6,6,12.75]},"south":{"texture":"#0","uv":[5.75,6,6,12.75]},"up":{"texture":"#0","uv":[0,0,0.25,6]},"west":{"texture":"#0","uv":[0,6,6,12.75]}},"from":[-4,-11,-4],"rotation":{"angle":0,"axis":"y","origin":[4,-3,4]},"to":[-3,16,20]},{"faces":{"east":{"texture":"#0","uv":[0,6,6,12.75]},"north":{"texture":"#0","uv":[0,6,0.25,12.75]},"south":{"texture":"#0","uv":[5.75,6,6,12.75]},"up":{"texture":"#0","uv":[0,0,0.25,6]},"west":{"rotation":180,"texture":"#0","uv":[0,6,6,12.75]}},"from":[19,-11,-4],"rotation":{"angle":0,"axis":"y","origin":[27,-3,4]},"to":[20,16,20]},{"faces":{"north":{"texture":"#0","uv":[0.25,6,5.75,12.75]},"south":{"rotation":180,"texture":"#0","uv":[0.25,6,5.75,12.75]},"up":{"texture":"#0","uv":[0.25,5.75,5.75,6]}},"from":[-3,-11,-4],"rotation":{"angle":0,"axis":"y","origin":[5,-3,4]},"to":[19,16,-3]},{"faces":{"north":{"rotation":180,"texture":"#0","uv":[0.25,6,5.75,12.75]},"south":{"texture":"#0","uv":[0.25,6,5.75,12.75]},"up":{"texture":"#0","uv":[0.25,5.75,5.75,6]}},"from":[-3,-11,19],"rotation":{"angle":0,"axis":"y","origin":[5,-3,27]},"to":[19,16,20]},{"faces":{"down":{"texture":"#0","uv":[7.25,1,12.75,6.5]},"up":{"texture":"#0","uv":[0.25,0.25,5.75,5.75]}},"from":[-3,15,-3],"rotation":{"angle":0,"axis":"y","origin":[5,23,5]},"to":[19,16,19]},{"faces":{"east":{"texture":"#0","uv":[6.75,11.25,8.75,12]},"north":{"texture":"#0","uv":[6.75,11.25,8.75,12]},"south":{"texture":"#0","uv":[6.75,11.25,8.75,12]},"up":{"texture":"#0","uv":[6.75,9.25,8.75,11.25]},"west":{"texture":"#0","uv":[6.75,11.25,8.75,12]}},"from":[4,16,4],"rotation":{"angle":0,"axis":"y","origin":[12,24,12]},"to":[12,19,12]},{"faces":{"east":{"texture":"#0","uv":[6,9.25,6.75,12.5]},"north":{"texture":"#0","uv":[6,9.25,6.75,12.5]},"south":{"texture":"#0","uv":[6,9.25,6.75,12.5]},"up":{"texture":"#0","uv":[6.25,9.75,6.5,10]},"west":{"texture":"#0","uv":[6,9.25,6.75,12.5]}},"from":[6.5,19,6.5],"rotation":{"angle":0,"axis":"y","origin":[15,27,14]},"to":[9.5,32,9.5]},{"faces":{"east":{"texture":"#0","uv":[14.25,0,14.75,5.75]},"north":{"texture":"#0","uv":[14.25,0,14.75,5.75]},"south":{"texture":"#0","uv":[14.25,0,14.75,5.75]},"west":{"texture":"#0","uv":[14.25,0,14.75,5.75]}},"from":[7,-8,7],"rotation":{"angle":0,"axis":"y","origin":[15,0,15]},"to":[9,15,9]},{"faces":{"down":{"texture":"#0","uv":[14,6.75,15,7.75]},"east":{"texture":"#0","uv":[14,5.75,15,6.75]},"north":{"texture":"#0","uv":[14,5.75,15,6.75]},"south":{"texture":"#0","uv":[14,5.75,15,6.75]},"up":{"texture":"#0","uv":[15,6.75,16,7.75]},"west":{"texture":"#0","uv":[14,5.75,15,6.75]}},"from":[6,-12,6],"rotation":{"angle":0,"axis":"y","origin":[14,-4,14]},"to":[10,-8,10]}],"groups":[{"children":[0,1,2,3,4,5,6,7,8],"name":"group","origin":[5,39,5]},9,10,11,12],"texture_size":[64,64],"textures":{"0":"custom/decorations/bell","particle":"custom/decorations/bell"}}