{"credit":"Made with Blockbench","display":{"firstperson_lefthand":{"rotation":[-8,111,0],"scale":[0.4,0.4,0.4],"translation":[2.25,0.5,0.25]},"firstperson_righthand":{"rotation":[-8,111,0],"scale":[0.4,0.4,0.4],"translation":[2.25,0.5,0.25]},"fixed":{"rotation":[-90,0,0],"scale":[2,2,2],"translation":[0,0,-7]},"ground":{"scale":[0.2,0.2,0.2],"translation":[0,2,0]},"gui":{"rotation":[30,135,0],"scale":[0.4,0.4,0.4],"translation":[0,0.25,0]},"head":{"translation":[0,23.75,0]},"thirdperson_lefthand":{"rotation":[6,38,0],"scale":[0.2,0.2,0.2]},"thirdperson_righthand":{"rotation":[6,38,0],"scale":[0.2,0.2,0.2]}},"elements":[{"faces":{"down":{"texture":"#0","uv":[7.25,5,11.25,9]},"east":{"texture":"#0","uv":[0,0,4,1]},"north":{"texture":"#0","uv":[0,0,4,1]},"south":{"texture":"#0","uv":[0,0,4,1]},"up":{"texture":"#0","uv":[7.25,1,11.25,5]},"west":{"texture":"#0","uv":[0,0,4,1]}},"from":[0,14,0],"rotation":{"angle":0,"axis":"x","origin":[8,-3,8]},"to":[16,18,16]},{"faces":{"down":{"texture":"#0","uv":[3.75,7.25,7.25,10.75]},"east":{"texture":"#0","uv":[3.75,1,7.25,7.25]},"north":{"texture":"#0","uv":[0.25,1,3.75,7.25]},"south":{"texture":"#0","uv":[3.75,1,7.25,7.25]},"up":{"rotation":180,"texture":"#0","uv":[0.25,7.25,3.75,10.75]},"west":{"texture":"#0","uv":[3.75,1,7.25,7.25]}},"from":[1,-11,1],"rotation":{"angle":0,"axis":"y","origin":[8,-3,8]},"to":[15,14,15]},{"faces":{"north":{"texture":"#0","uv":[11.25,1,13.75,3.75]},"south":{"texture":"#0","uv":[11.5,4.25,14.75,6.25]}},"from":[3,18,8],"rotation":{"angle":0,"axis":"y","origin":[8,-3,8]},"to":[13,29,8]}],"groups":[{"children":[0,1,2],"name":"group","origin":[8,8,8]}],"textures":{"0":"custom/decorations/bin","particle":"custom/decorations/bin"}}