{"credit":"Made with Blockbench","display":{"firstperson_lefthand":{"rotation":[65,0,0],"scale":[0.8,0.8,0.8],"translation":[1,6,5.25]},"firstperson_righthand":{"rotation":[65,0,0],"scale":[0.8,0.8,0.8],"translation":[0,6,5.25]},"fixed":{"rotation":[-90,0,0],"scale":[2,2,2],"translation":[0,0,-15]},"ground":{"scale":[0.7,0.7,0.7],"translation":[0,5.25,0]},"gui":{"rotation":[30,45,0],"scale":[1.2,1.2,1.2],"translation":[0.25,5.75,0]},"head":{"rotation":[0,53,0],"scale":[1.6,1.6,1.6],"translation":[0,18.5,0]},"thirdperson_lefthand":{"rotation":[96,17,15],"translation":[-2.25,0.75,6.5]},"thirdperson_righthand":{"rotation":[96,17,15],"translation":[-2.25,0.75,6.5]}},"elements":[{"faces":{"down":{"texture":"#0","uv":[14.5,1,15.5,1.5]},"east":{"rotation":270,"texture":"#0","uv":[14.5,1,15.5,1.5]},"south":{"texture":"#0","uv":[14.5,0,15.5,1]},"up":{"rotation":180,"texture":"#0","uv":[14.5,1,15.5,1.5]},"west":{"rotation":90,"texture":"#0","uv":[14.5,1,15.5,1.5]}},"from":[6.85,0.85,11.85],"name":"bottle_one_cap","rotation":{"angle":0,"axis":"x","origin":[14.5,-4,20]},"to":[9.15,3.15,13.15]},{"faces":{"down":{"texture":"#0","tintindex":0,"uv":[13,1.5,14.5,4.5]},"east":{"rotation":270,"texture":"#0","tintindex":0,"uv":[13,1.5,14.5,4.5]},"north":{"rotation":180,"texture":"#0","tintindex":0,"uv":[13,4.5,14.5,6]},"south":{"texture":"#0","tintindex":0,"uv":[13,0,14.5,1.5]},"up":{"rotation":180,"texture":"#0","tintindex":0,"uv":[13,1.5,14.5,4.5]},"west":{"rotation":90,"texture":"#0","tintindex":0,"uv":[13,1.5,14.5,4.5]}},"from":[6.5,0.5,3],"name":"bottle_one_bottom","rotation":{"angle":0,"axis":"x","origin":[14.5,-4,20]},"to":[9.5,3.5,9]},{"faces":{"down":{"texture":"#0","tintindex":0,"uv":[15.5,1.5,14.5,3.5]},"east":{"rotation":270,"texture":"#0","tintindex":0,"uv":[14.5,1.5,15.5,3.5]},"south":{"texture":"#0","tintindex":0,"uv":[1.5,3,2.5,4]},"up":{"rotation":180,"texture":"#0","tintindex":0,"uv":[15.5,1.5,14.5,3.5]},"west":{"rotation":90,"texture":"#0","tintindex":0,"uv":[14.5,1.5,15.5,3.5]}},"from":[7,1,9],"name":"bottle_one_neck","rotation":{"angle":0,"axis":"x","origin":[14.5,-4,20]},"to":[9,3,13]},{"faces":{"down":{"texture":"#0","uv":[0,14,1.5,14.5]},"east":{"rotation":270,"texture":"#0","uv":[0,14,1.5,14.5]},"up":{"rotation":180,"texture":"#0","uv":[0,14,1.5,14.5]},"west":{"rotation":90,"texture":"#0","uv":[0,14,1.5,14.5]}},"from":[6.4,0.4,6.9],"rotation":{"angle":0,"axis":"x","origin":[14.5,-4,20]},"to":[9.6,3.6,8.1]}],"groups":[{"children":[0,1,2,3],"name":"bottle_one","origin":[8,8,8]}],"textures":{"0":"custom/decorations/bunch_of_bottles","particle":"custom/decorations/bunch_of_bottles"}}