{"credit":"Made with Blockbench","display":{"firstperson_lefthand":{"rotation":[-15,0,0],"scale":[0.8,0.8,0.8],"translation":[0.75,6,1.5]},"firstperson_righthand":{"rotation":[-15,0,0],"scale":[0.8,0.8,0.8],"translation":[-0.5,6,1.5]},"fixed":{"rotation":[-90,0,0],"scale":[2,2,2],"translation":[0,0,-16]},"ground":{"scale":[0.7,0.7,0.7],"translation":[0,5.25,0]},"gui":{"rotation":[30,45,0],"scale":[1.2,1.2,1.2],"translation":[0.25,3,0]},"head":{"scale":[1.6,1.6,1.6],"translation":[0,18.75,0]},"thirdperson_lefthand":{"rotation":[45,45,0],"translation":[-0.25,1.75,2]},"thirdperson_righthand":{"rotation":[45,45,0],"translation":[-0.25,1.75,2]}},"elements":[{"faces":{"east":{"texture":"#0","uv":[14.5,1,15.5,1.5]},"north":{"texture":"#0","uv":[14.5,1,15.5,1.5]},"south":{"texture":"#0","uv":[14.5,1,15.5,1.5]},"up":{"texture":"#0","uv":[14.5,0,15.5,1]},"west":{"texture":"#0","uv":[14.5,1,15.5,1.5]}},"from":[6.85,8.85,6.85],"name":"bottle_one_cap","rotation":{"angle":0,"axis":"y","origin":[14.5,17,14]},"to":[9.15,10.15,9.15]},{"faces":{"down":{"texture":"#0","tintindex":0,"uv":[0,11,1.5,12.5]},"east":{"texture":"#0","tintindex":0,"uv":[13,1.5,14.5,4.5]},"north":{"texture":"#0","tintindex":0,"uv":[13,1.5,14.5,4.5]},"south":{"texture":"#0","tintindex":0,"uv":[13,1.5,14.5,4.5]},"up":{"texture":"#0","tintindex":0,"uv":[13,0,14.5,1.5]},"west":{"texture":"#0","tintindex":0,"uv":[13,1.5,14.5,4.5]}},"from":[6.5,0,6.5],"name":"bottle_one_bottom","rotation":{"angle":0,"axis":"y","origin":[14.5,8,14]},"to":[9.5,6,9.5]},{"faces":{"east":{"texture":"#0","tintindex":0,"uv":[14.5,1.5,15.5,3.5]},"north":{"texture":"#0","tintindex":0,"uv":[15.5,1.5,14.5,3.5]},"south":{"texture":"#0","tintindex":0,"uv":[15.5,1.5,14.5,3.5]},"up":{"texture":"#0","tintindex":0,"uv":[1.5,3,2.5,4]},"west":{"texture":"#0","tintindex":0,"uv":[14.5,1.5,15.5,3.5]}},"from":[7,6,7],"name":"bottle_one_neck","rotation":{"angle":0,"axis":"y","origin":[15.5,14,15]},"to":[9,10,9]},{"faces":{"east":{"texture":"#0","uv":[0,14,1.5,14.5]},"north":{"texture":"#0","uv":[0,14,1.5,14.5]},"south":{"texture":"#0","uv":[0,14,1.5,14.5]},"west":{"texture":"#0","uv":[0,14,1.5,14.5]}},"from":[6.4,3.9,6.4],"rotation":{"angle":0,"axis":"y","origin":[10,8,11]},"to":[9.6,5.1,9.6]}],"groups":[{"children":[0,1,2,3],"name":"bottle_one","origin":[8,8,8]}],"textures":{"0":"custom/decorations/bunch_of_bottles","particle":"custom/decorations/bunch_of_bottles"}}