{"credit":"Made with Blockbench","display":{"firstperson_lefthand":{"rotation":[-15,100,0],"scale":[0.8,0.8,0.8],"translation":[-2,6,0]},"firstperson_righthand":{"rotation":[-15,0,0],"scale":[0.8,0.8,0.8],"translation":[-2,6,0]},"fixed":{"rotation":[-90,0,0],"scale":[2,2,2],"translation":[0,0,-15]},"ground":{"scale":[0.7,0.7,0.7],"translation":[0,3,0]},"gui":{"rotation":[15,18,0],"scale":[1.2,1.2,1.2],"translation":[-0.25,3.75,0]},"head":{"scale":[1.2,1.2,1.2],"translation":[0,16,0]},"thirdperson_lefthand":{"rotation":[45,-45,0],"scale":[0.5,0.5,0.5],"translation":[0.25,1.75,1.5]},"thirdperson_righthand":{"rotation":[45,45,0],"scale":[0.5,0.5,0.5],"translation":[-0.25,1.75,2]}},"elements":[{"faces":{"east":{"texture":"#0","uv":[1.5,1,2.5,1.5]},"north":{"texture":"#0","uv":[1.5,1,2.5,1.5]},"south":{"texture":"#0","uv":[1.5,1,2.5,1.5]},"up":{"texture":"#0","uv":[1.5,0,2.5,1]},"west":{"texture":"#0","uv":[1.5,1,2.5,1.5]}},"from":[10.4,8.9,10.9],"name":"bottle_one_cap","rotation":{"angle":0,"axis":"y","origin":[17.5,17,18]},"to":[12.6,10.1,13.1]},{"faces":{"down":{"texture":"#0","uv":[0,4.5,1.5,6]},"east":{"texture":"#0","uv":[0,1.5,1.5,4.5]},"north":{"texture":"#0","uv":[0,1.5,1.5,4.5]},"south":{"texture":"#0","uv":[0,1.5,1.5,4.5]},"up":{"texture":"#0","uv":[0,0,1.5,1.5]},"west":{"texture":"#0","uv":[0,1.5,1.5,4.5]}},"from":[10,0,10.5],"name":"bottle_one_bottom","rotation":{"angle":0,"axis":"y","origin":[17.5,8,18]},"to":[13,6,13.5]},{"faces":{"east":{"texture":"#0","uv":[1.5,1.5,2.5,3.5]},"north":{"texture":"#0","uv":[2.5,1.5,1.5,3.5]},"south":{"texture":"#0","uv":[2.5,1.5,1.5,3.5]},"up":{"texture":"#0","uv":[1.5,3,2.5,4]},"west":{"texture":"#0","uv":[1.5,1.5,2.5,3.5]}},"from":[10.5,6,11],"name":"bottle_one_neck","rotation":{"angle":0,"axis":"y","origin":[18.5,14,19]},"to":[12.5,10,13]},{"faces":{"east":{"texture":"#0","uv":[1.5,7.5,2.5,8]},"north":{"texture":"#0","uv":[1.5,7.5,2.5,8]},"south":{"texture":"#0","uv":[1.5,7.5,2.5,8]},"up":{"texture":"#0","uv":[1.5,6.5,2.5,7.5]},"west":{"texture":"#0","uv":[1.5,7.5,2.5,8]}},"from":[10.4,7.9,1.9],"name":"bottle_one_cap","rotation":{"angle":0,"axis":"y","origin":[17.5,16,9]},"to":[12.6,9.1,4.1]},{"faces":{"down":{"texture":"#0","uv":[0,11,1.5,12.5]},"east":{"texture":"#0","uv":[0,8,1.5,11]},"north":{"texture":"#0","uv":[0,8,1.5,11]},"south":{"texture":"#0","uv":[0,8,1.5,11]},"up":{"texture":"#0","uv":[0,6.5,1.5,8]},"west":{"texture":"#0","uv":[0,8,1.5,11]}},"from":[10,-1,1.5],"name":"bottle_one_bottom","rotation":{"angle":0,"axis":"y","origin":[17.5,7,9]},"to":[13,5,4.5]},{"faces":{"east":{"texture":"#0","uv":[1.5,8,2.5,10]},"north":{"texture":"#0","uv":[2.5,8,1.5,10]},"south":{"texture":"#0","uv":[2.5,8,1.5,10]},"up":{"texture":"#0","uv":[1.5,3,2.5,4]},"west":{"texture":"#0","uv":[1.5,8,2.5,10]}},"from":[10.5,5,2],"name":"bottle_one_neck","rotation":{"angle":0,"axis":"y","origin":[18.5,13,10]},"to":[12.5,9,4]},{"faces":{"east":{"texture":"#0","tintindex":0,"uv":[0,13,1.5,13.5]},"north":{"texture":"#0","tintindex":0,"uv":[0,13,1.5,13.5]},"south":{"texture":"#0","tintindex":0,"uv":[0,13,1.5,13.5]},"west":{"texture":"#0","tintindex":0,"uv":[0,13,1.5,13.5]}},"from":[9.9,2.9,1.4],"rotation":{"angle":0,"axis":"y","origin":[13,7,6]},"to":[13.1,4.1,4.6]},{"faces":{"east":{"texture":"#0","uv":[1.5,1,2.5,1.5]},"north":{"texture":"#0","uv":[1.5,1,2.5,1.5]},"south":{"texture":"#0","uv":[1.5,1,2.5,1.5]},"up":{"texture":"#0","uv":[1.5,0,2.5,1]},"west":{"texture":"#0","uv":[1.5,1,2.5,1.5]}},"from":[3.4,8.9,3.9],"name":"bottle_one_cap","rotation":{"angle":0,"axis":"y","origin":[10.5,17,11]},"to":[5.6,10.1,6.1]},{"faces":{"down":{"texture":"#0","uv":[10,4.5,11.5,6]},"east":{"texture":"#0","uv":[10,1.5,11.5,4.5]},"north":{"texture":"#0","uv":[10,1.5,11.5,4.5]},"south":{"texture":"#0","uv":[10,1.5,11.5,4.5]},"up":{"texture":"#0","uv":[10,0,11.5,1.5]},"west":{"texture":"#0","uv":[10,1.5,11.5,4.5]}},"from":[3,0,3.5],"name":"bottle_one_bottom","rotation":{"angle":0,"axis":"y","origin":[10.5,8,11]},"to":[6,6,6.5]},{"faces":{"east":{"texture":"#0","uv":[11.5,1.5,12.5,3.5]},"north":{"texture":"#0","uv":[12.5,1.5,11.5,3.5]},"south":{"texture":"#0","uv":[12.5,1.5,11.5,3.5]},"up":{"texture":"#0","uv":[1.5,3,2.5,4]},"west":{"texture":"#0","uv":[11.5,1.5,12.5,3.5]}},"from":[3.5,6,4],"name":"bottle_one_neck","rotation":{"angle":0,"axis":"y","origin":[11.5,14,12]},"to":[5.5,10,6]},{"faces":{"east":{"texture":"#0","uv":[14.5,1,15.5,1.5]},"north":{"texture":"#0","uv":[14.5,1,15.5,1.5]},"south":{"texture":"#0","uv":[14.5,1,15.5,1.5]},"up":{"texture":"#0","uv":[14.5,0,15.5,1]},"west":{"texture":"#0","uv":[14.5,1,15.5,1.5]}},"from":[2.4,7.9,10.9],"name":"bottle_one_cap","rotation":{"angle":0,"axis":"y","origin":[9.5,16,18]},"to":[4.6,9.1,13.1]},{"faces":{"down":{"texture":"#0","tintindex":0,"uv":[0,11,1.5,12.5]},"east":{"texture":"#0","tintindex":0,"uv":[13,1.5,14.5,4.5]},"north":{"texture":"#0","tintindex":0,"uv":[13,1.5,14.5,4.5]},"south":{"texture":"#0","tintindex":0,"uv":[13,1.5,14.5,4.5]},"up":{"texture":"#0","tintindex":0,"uv":[13,0,14.5,1.5]},"west":{"texture":"#0","tintindex":0,"uv":[13,1.5,14.5,4.5]}},"from":[2,-1,10.5],"name":"bottle_one_bottom","rotation":{"angle":0,"axis":"y","origin":[9.5,7,18]},"to":[5,5,13.5]},{"faces":{"east":{"texture":"#0","tintindex":0,"uv":[14.5,1.5,15.5,3.5]},"north":{"texture":"#0","tintindex":0,"uv":[15.5,1.5,14.5,3.5]},"south":{"texture":"#0","tintindex":0,"uv":[15.5,1.5,14.5,3.5]},"up":{"texture":"#0","tintindex":0,"uv":[1.5,3,2.5,4]},"west":{"texture":"#0","tintindex":0,"uv":[14.5,1.5,15.5,3.5]}},"from":[2.5,5,11],"name":"bottle_one_neck","rotation":{"angle":0,"axis":"y","origin":[10.5,13,19]},"to":[4.5,9,13]},{"faces":{"east":{"texture":"#0","uv":[0,14,1.5,14.5]},"north":{"texture":"#0","uv":[0,14,1.5,14.5]},"south":{"texture":"#0","uv":[0,14,1.5,14.5]},"west":{"texture":"#0","uv":[0,14,1.5,14.5]}},"from":[1.9,2.9,10.4],"rotation":{"angle":0,"axis":"y","origin":[5,7,15]},"to":[5.1,4.1,13.6]}],"groups":[{"children":[0,1,2],"name":"bottle_one","origin":[8,8,8]},{"children":[3,4,5,6],"name":"bottle_one","origin":[8,8,8]},{"children":[7,8,9],"name":"bottle_one","origin":[8,8,8]},{"children":[10,11,12,13],"name":"bottle_one","origin":[8,8,8]}],"textures":{"0":"custom/decorations/bunch_of_bottles","particle":"custom/decorations/bunch_of_bottles"}}