{"credit":"Made with Blockbench","display":{"firstperson_lefthand":{"rotation":[-6,36,0],"translation":[5.25,7.25,0.5]},"firstperson_righthand":{"rotation":[-6,36,0],"translation":[5.25,7.25,0.5]},"fixed":{"rotation":[-90,0,0],"scale":[2.01,2.01,2.01],"translation":[0,0,-15]},"ground":{"scale":[0.5,0.5,0.5],"translation":[0,1.5,0]},"gui":{"rotation":[22,-130,0],"translation":[-1.75,3.75,0]},"head":{"scale":[1.4,1.4,1.4],"translation":[0.25,17.75,0.75]},"thirdperson_lefthand":{"rotation":[45,90,0],"scale":[0.7,0.7,0.7],"translation":[0.5,3.25,5.25]},"thirdperson_righthand":{"rotation":[45,90,0],"scale":[0.7,0.7,0.7],"translation":[0.5,3.25,5.25]}},"elements":[{"faces":{"down":{"texture":"#0","uv":[4,8,6,10]},"east":{"texture":"#0","uv":[0,10,2,16]},"north":{"texture":"#0","uv":[2,10,4,16]},"south":{"texture":"#0","uv":[6,10,8,16]},"up":{"texture":"#0","uv":[2,8,4,10]},"west":{"texture":"#0","uv":[4,10,6,16]}},"from":[7,4,7],"shade":false,"to":[9,10,9]},{"faces":{"down":{"texture":"#0","uv":[6,1,9,4]},"east":{"texture":"#0","uv":[3,4,6,8]},"north":{"texture":"#0","uv":[3,4,6,8]},"south":{"texture":"#0","uv":[3,4,6,8]},"up":{"texture":"#0","uv":[3,1,6,4]},"west":{"texture":"#0","uv":[3,4,6,8]}},"from":[6.5,0,6.5],"shade":false,"to":[9.5,4,9.5]},{"faces":{"down":{"texture":"#0","uv":[0,0,0,3]},"east":{"texture":"#0","uv":[9,0,12,4]},"north":{"texture":"#0","uv":[0,0,0,4]},"south":{"texture":"#0","uv":[0,0,0,4]},"up":{"texture":"#0","uv":[0,0,0,3]},"west":{"texture":"#0","uv":[9,0,12,4]}},"from":[8,10.5,6.5],"rotation":{"angle":45,"axis":"y","origin":[8,8,8]},"shade":false,"to":[8,14.5,9.5]},{"faces":{"down":{"rotation":90,"texture":"#0","uv":[0,0,0,3]},"east":{"texture":"#0","uv":[0,0,0,4]},"north":{"texture":"#0","uv":[9,0,12,4]},"south":{"texture":"#0","uv":[9,0,12,4]},"up":{"rotation":270,"texture":"#0","uv":[0,0,0,3]},"west":{"texture":"#0","uv":[0,0,0,4]}},"from":[6.5,10.5,8],"rotation":{"angle":45,"axis":"y","origin":[8,8,8]},"shade":false,"to":[9.5,14.5,8]},{"faces":{"down":{"texture":"#1_0","uv":[10,8,12.4,10.4]},"up":{"texture":"#1_0","uv":[10,8,12,10]}},"from":[6.8,10.7,6.8],"rotation":{"angle":0,"axis":"y","origin":[9,12,5]},"shade":false,"to":[9.2,10.7,9.2]},{"faces":{"east":{"texture":"#1_0","uv":[14,10,16,12]},"west":{"texture":"#1_0","uv":[16,10,14,12]}},"from":[6.8,8.3,6.8],"rotation":{"angle":0,"axis":"y","origin":[9,12,5]},"shade":false,"to":[6.8,10.7,9.2]},{"faces":{"north":{"texture":"#1_0","uv":[12,10,10,13]},"south":{"texture":"#1_0","uv":[12,10,10,13]}},"from":[6.8,7.1,6.8],"rotation":{"angle":0,"axis":"y","origin":[9,12,5]},"shade":false,"to":[9.2,10.7,6.8]},{"faces":{"east":{"texture":"#1_0","uv":[14,10,16,12]},"west":{"texture":"#1_0","uv":[14,10,16,12]}},"from":[9.2,8.3,6.8],"rotation":{"angle":0,"axis":"y","origin":[9,12,5]},"shade":false,"to":[9.2,10.7,9.2]},{"faces":{"north":{"texture":"#1_0","uv":[14,10,16,12]},"south":{"texture":"#1_0","uv":[14,10,16,12]}},"from":[6.8,8.3,9.2],"rotation":{"angle":0,"axis":"y","origin":[9,12,5]},"shade":false,"to":[9.2,10.7,9.2]},{"faces":{"north":{"texture":"#1_0","uv":[14,12,15,14]},"south":{"texture":"#1_0","uv":[14,12,15,14]}},"from":[6.8,5.9,9.2],"rotation":{"angle":0,"axis":"y","origin":[8,7,8]},"shade":false,"to":[8,8.3,9.2]},{"faces":{"east":{"texture":"#1_0","uv":[14,13,15,14]},"west":{"texture":"#1_0","uv":[14,13,15,14]}},"from":[6.8,7.1,8],"rotation":{"angle":0,"axis":"y","origin":[8,7,8]},"shade":false,"to":[6.8,8.3,9.2]},{"faces":{"north":{"texture":"#1_0","uv":[14,13,15,14]},"south":{"texture":"#1_0","uv":[14,13,15,14]}},"from":[8,5.9,6.8],"rotation":{"angle":0,"axis":"y","origin":[8,7,8]},"shade":false,"to":[9.2,7.1,6.8]},{"faces":{"east":{"texture":"#1_0","uv":[14,13,15,14]},"west":{"texture":"#1_0","uv":[14,13,15,14]}},"from":[9.2,7.1,8],"rotation":{"angle":0,"axis":"y","origin":[8,7,8]},"shade":false,"to":[9.2,8.3,9.2]}],"groups":[{"children":[0,1,2,3,{"children":[4,5,6,7,8,9,10,11,12],"name":"group","origin":[8,8,8]}],"name":"group","origin":[8,8,8]}],"textures":{"0":"custom/decorations/candle_1","1_0":"custom/decorations/candle_1","particle":"custom/decorations/candle_1"}}