{"credit":"Made with Blockbench","display":{"firstperson_lefthand":{"rotation":[-6,36,0],"translation":[5.25,7.25,0.5]},"firstperson_righthand":{"rotation":[-6,36,0],"translation":[5.25,7.25,0.5]},"fixed":{"rotation":[-90,0,0],"scale":[2.01,2.01,2.01],"translation":[0,0,-15]},"ground":{"scale":[0.5,0.5,0.5],"translation":[0,1.5,0]},"gui":{"rotation":[22,-130,0],"translation":[-1.75,3.75,0]},"head":{"scale":[1.4,1.4,1.4],"translation":[0.25,17.75,0.75]},"thirdperson_lefthand":{"rotation":[45,90,0],"scale":[0.7,0.7,0.7],"translation":[0.5,3.25,5.25]},"thirdperson_righthand":{"rotation":[45,90,0],"scale":[0.7,0.7,0.7],"translation":[0.5,3.25,5.25]}},"elements":[{"faces":{"down":{"texture":"#0","uv":[4,8,6,10]},"east":{"texture":"#0","uv":[0,10,2,16]},"north":{"texture":"#0","uv":[2,10,4,16]},"south":{"texture":"#0","uv":[6,10,8,16]},"up":{"texture":"#0","uv":[2,8,4,10]},"west":{"texture":"#0","uv":[4,10,6,16]}},"from":[6,0,10],"rotation":{"angle":0,"axis":"y","origin":[7,4,11]},"to":[8,6,12]},{"faces":{"east":{"texture":"#0","uv":[9,0,12,4]},"west":{"texture":"#0","uv":[9,0,12,4]}},"from":[7,6.5,9.5],"rotation":{"angle":45,"axis":"y","origin":[7,4,11]},"shade":false,"to":[7,10.5,12.5]},{"faces":{"north":{"texture":"#0","uv":[9,0,12,4]},"south":{"texture":"#0","uv":[9,0,12,4]}},"from":[5.5,6.5,11],"rotation":{"angle":45,"axis":"y","origin":[7,4,11]},"shade":false,"to":[8.5,10.5,11]},{"faces":{"down":{"texture":"#0","uv":[4,8,6,10]},"east":{"texture":"#0","uv":[0,10,2,13]},"north":{"texture":"#0","uv":[2,10,4,13]},"south":{"texture":"#0","uv":[6,10,8,13]},"up":{"texture":"#0","uv":[2,8,4,10]},"west":{"texture":"#0","uv":[4,10,6,13]}},"from":[3,0,3],"rotation":{"angle":0,"axis":"y","origin":[4,4,4]},"shade":false,"to":[5,3,5]},{"faces":{"east":{"texture":"#0","uv":[9,0,12,4]},"west":{"texture":"#0","uv":[9,0,12,4]}},"from":[4,4.5,2.5],"rotation":{"angle":45,"axis":"y","origin":[4,2,4]},"shade":false,"to":[4,8.5,5.5]},{"faces":{"north":{"texture":"#0","uv":[9,0,12,4]},"south":{"texture":"#0","uv":[9,0,12,4]}},"from":[2.5,4.5,4],"rotation":{"angle":45,"axis":"y","origin":[4,2,4]},"shade":false,"to":[5.5,8.5,4]},{"faces":{"down":{"texture":"#0","uv":[4,8,6,10]},"east":{"texture":"#0","uv":[2,10,4,13]},"north":{"texture":"#0","uv":[2,10,4,13]},"south":{"texture":"#0","uv":[2,10,4,13]},"up":{"texture":"#0","uv":[2,8,4,10]},"west":{"texture":"#0","uv":[2,10,4,13]}},"from":[11,-1,6],"rotation":{"angle":0,"axis":"y","origin":[12,0,7]},"shade":false,"to":[13,2,8]},{"faces":{"east":{"texture":"#0","uv":[9,0,12,4]},"west":{"texture":"#0","uv":[9,0,12,4]}},"from":[12,2.5,5.5],"rotation":{"angle":45,"axis":"y","origin":[12,0,7]},"shade":false,"to":[12,6.5,8.5]},{"faces":{"north":{"texture":"#0","uv":[9,0,12,4]},"south":{"texture":"#0","uv":[9,0,12,4]}},"from":[10.5,2.5,7],"rotation":{"angle":45,"axis":"y","origin":[12,0,7]},"shade":false,"to":[13.5,6.5,7]},{"faces":{"down":{"texture":"#1","uv":[16,0,0,16]},"up":{"rotation":180,"texture":"#1","uv":[0,0,16,16]}},"from":[0,0.25,0],"shade":false,"to":[16,0.25,16]},{"faces":{"down":{"texture":"#0","uv":[10,8,12.4,10.4]},"up":{"texture":"#0","uv":[10,8,12,10]}},"from":[5.8,6.7,9.8],"shade":false,"to":[8.2,6.7,12.2]},{"faces":{"east":{"texture":"#0","uv":[14,10,16,12]},"west":{"texture":"#0","uv":[16,10,14,12]}},"from":[5.8,4.3,9.8],"shade":false,"to":[5.8,6.7,12.2]},{"faces":{"north":{"texture":"#0","uv":[12,10,10,13]},"south":{"texture":"#0","uv":[12,10,10,13]}},"from":[5.8,3.1,9.8],"shade":false,"to":[8.2,6.7,9.8]},{"faces":{"east":{"texture":"#0","uv":[14,10,16,12]},"west":{"texture":"#0","uv":[14,10,16,12]}},"from":[8.2,4.3,9.8],"shade":false,"to":[8.2,6.7,12.2]},{"faces":{"north":{"texture":"#0","uv":[14,10,16,12]},"south":{"texture":"#0","uv":[14,10,16,12]}},"from":[5.8,4.3,12.2],"shade":false,"to":[8.2,6.7,12.2]},{"faces":{"north":{"texture":"#0","uv":[14,12,15,14]},"south":{"texture":"#0","uv":[14,12,15,14]}},"from":[5.8,1.9,12.2],"rotation":{"angle":0,"axis":"y","origin":[7,3,11]},"shade":false,"to":[7,4.3,12.2]},{"faces":{"east":{"texture":"#0","uv":[14,13,15,14]},"west":{"texture":"#0","uv":[14,13,15,14]}},"from":[5.8,3.1,11],"rotation":{"angle":0,"axis":"y","origin":[7,3,11]},"shade":false,"to":[5.8,4.3,12.2]},{"faces":{"north":{"texture":"#0","uv":[14,13,15,14]},"south":{"texture":"#0","uv":[14,13,15,14]}},"from":[7,1.9,9.8],"rotation":{"angle":0,"axis":"y","origin":[7,3,11]},"shade":false,"to":[8.2,3.1,9.8]},{"faces":{"east":{"texture":"#0","uv":[14,13,15,14]},"west":{"texture":"#0","uv":[14,13,15,14]}},"from":[8.2,3.1,11],"rotation":{"angle":0,"axis":"y","origin":[7,3,11]},"shade":false,"to":[8.2,4.3,12.2]},{"faces":{"down":{"texture":"#0","uv":[10,8,12.4,10.4]},"up":{"texture":"#0","uv":[10,8,12,10]}},"from":[10.8,2.7,5.8],"rotation":{"angle":0,"axis":"y","origin":[13,4,4]},"shade":false,"to":[13.2,2.7,8.2]},{"faces":{"east":{"texture":"#0","uv":[14,10,16,12]},"west":{"texture":"#0","uv":[16,10,14,12]}},"from":[10.8,0.3,5.8],"rotation":{"angle":0,"axis":"y","origin":[13,4,4]},"shade":false,"to":[10.8,2.7,8.2]},{"faces":{"north":{"texture":"#0","uv":[12,10,10,13]},"south":{"texture":"#0","uv":[12,10,10,13]}},"from":[10.8,-0.9,5.8],"rotation":{"angle":0,"axis":"y","origin":[13,4,4]},"shade":false,"to":[13.2,2.7,5.8]},{"faces":{"east":{"texture":"#0","uv":[14,10,16,12]},"west":{"texture":"#0","uv":[14,10,16,12]}},"from":[13.2,0.3,5.8],"rotation":{"angle":0,"axis":"y","origin":[13,4,4]},"shade":false,"to":[13.2,2.7,8.2]},{"faces":{"north":{"texture":"#0","uv":[14,10,16,12]},"south":{"texture":"#0","uv":[14,10,16,12]}},"from":[10.8,0.3,8.2],"rotation":{"angle":0,"axis":"y","origin":[13,4,4]},"shade":false,"to":[13.2,2.7,8.2]},{"faces":{"north":{"texture":"#0","uv":[14,12,15,14]},"south":{"texture":"#0","uv":[14,12,15,14]}},"from":[10.8,-2.1,8.2],"rotation":{"angle":0,"axis":"y","origin":[12,-1,7]},"shade":false,"to":[12,0.3,8.2]},{"faces":{"east":{"texture":"#0","uv":[14,13,15,14]},"west":{"texture":"#0","uv":[14,13,15,14]}},"from":[10.8,-0.9,7],"rotation":{"angle":0,"axis":"y","origin":[12,-1,7]},"shade":false,"to":[10.8,0.3,8.2]},{"faces":{"north":{"texture":"#0","uv":[14,13,15,14]},"south":{"texture":"#0","uv":[14,13,15,14]}},"from":[12,-2.1,5.8],"rotation":{"angle":0,"axis":"y","origin":[12,-1,7]},"shade":false,"to":[13.2,-0.9,5.8]},{"faces":{"east":{"texture":"#0","uv":[14,13,15,14]},"west":{"texture":"#0","uv":[14,13,15,14]}},"from":[13.2,-0.9,7],"rotation":{"angle":0,"axis":"y","origin":[12,-1,7]},"shade":false,"to":[13.2,0.3,8.2]},{"faces":{"down":{"texture":"#0","uv":[10,8,12.4,10.4]},"up":{"texture":"#0","uv":[10,8,12,10]}},"from":[2.8,4.7,2.8],"rotation":{"angle":0,"axis":"y","origin":[5,6,1]},"shade":false,"to":[5.2,4.7,5.2]},{"faces":{"east":{"texture":"#0","uv":[14,10,16,12]},"west":{"texture":"#0","uv":[16,10,14,12]}},"from":[2.8,2.3,2.8],"rotation":{"angle":0,"axis":"y","origin":[5,6,1]},"shade":false,"to":[2.8,4.7,5.2]},{"faces":{"north":{"texture":"#0","uv":[12,10,10,13]},"south":{"texture":"#0","uv":[12,10,10,13]}},"from":[2.8,1.1,2.8],"rotation":{"angle":0,"axis":"y","origin":[5,6,1]},"shade":false,"to":[5.2,4.7,2.8]},{"faces":{"east":{"texture":"#0","uv":[14,10,16,12]},"west":{"texture":"#0","uv":[14,10,16,12]}},"from":[5.2,2.3,2.8],"rotation":{"angle":0,"axis":"y","origin":[5,6,1]},"shade":false,"to":[5.2,4.7,5.2]},{"faces":{"north":{"texture":"#0","uv":[14,10,16,12]},"south":{"texture":"#0","uv":[14,10,16,12]}},"from":[2.8,2.3,5.2],"rotation":{"angle":0,"axis":"y","origin":[5,6,1]},"shade":false,"to":[5.2,4.7,5.2]},{"faces":{"north":{"texture":"#0","uv":[14,12,15,14]},"south":{"texture":"#0","uv":[14,12,15,14]}},"from":[2.8,-0.1,5.2],"rotation":{"angle":0,"axis":"y","origin":[4,1,4]},"shade":false,"to":[4,2.3,5.2]},{"faces":{"east":{"texture":"#0","uv":[14,13,15,14]},"west":{"texture":"#0","uv":[14,13,15,14]}},"from":[2.8,1.1,4],"rotation":{"angle":0,"axis":"y","origin":[4,1,4]},"shade":false,"to":[2.8,2.3,5.2]},{"faces":{"north":{"texture":"#0","uv":[14,13,15,14]},"south":{"texture":"#0","uv":[14,13,15,14]}},"from":[4,-0.1,2.8],"rotation":{"angle":0,"axis":"y","origin":[4,1,4]},"shade":false,"to":[5.2,1.1,2.8]},{"faces":{"east":{"texture":"#0","uv":[14,13,15,14]},"west":{"texture":"#0","uv":[14,13,15,14]}},"from":[5.2,1.1,4],"rotation":{"angle":0,"axis":"y","origin":[4,1,4]},"shade":false,"to":[5.2,2.3,5.2]}],"groups":[{"children":[0,1,2],"name":"group","origin":[8,8,8]},{"children":[3,4,5],"name":"group","origin":[8,8,8]},{"children":[6,7,8,9],"name":"group","origin":[8,8,8]},{"children":[10,11,12,13,14,15,16,17,18],"name":"group","origin":[8,8,8]},{"children":[19,20,21,22,23,24,25,26,27],"name":"group","origin":[8,8,8]},{"children":[28,29,30,31,32,33,34,35,36],"name":"group","origin":[8,8,8]}],"textures":{"0":"custom/decorations/candle_1","1":"custom/decorations/candle_3","particle":"custom/decorations/candle_1"}}