{"credit":"Made with Blockbench","display":{"firstperson_lefthand":{"rotation":[0,21,0],"scale":[0.3,0.3,0.3],"translation":[0,3.5,3.25]},"firstperson_righthand":{"rotation":[0,21,0],"scale":[0.3,0.3,0.3],"translation":[0,3.5,3.25]},"fixed":{"rotation":[90,0,0],"scale":[2,2,2],"translation":[0,0,-22.5]},"ground":{"scale":[0.3,0.3,0.3],"translation":[0,1.5,0]},"gui":{"rotation":[30,135,0],"scale":[0.5,0.5,0.5],"translation":[0,0.75,0]},"head":{"translation":[0,1,0]},"thirdperson_lefthand":{"rotation":[13,45,0],"scale":[0.2,0.2,0.2]},"thirdperson_righthand":{"rotation":[13,45,0],"scale":[0.2,0.2,0.2]}},"elements":[{"faces":{"down":{"texture":"#0","uv":[6,2.5,6.5,3.5]},"east":{"texture":"#0","uv":[6,0,9,3.5]},"north":{"texture":"#0","uv":[6,0,9,3.5]},"south":{"texture":"#0","uv":[6,0,9,3.5]},"up":{"texture":"#0","uv":[6,0,9,3]},"west":{"texture":"#0","uv":[6,0,9,3.5]}},"from":[5,13,5],"rotation":{"angle":0,"axis":"y","origin":[14,6,7]},"to":[11,20,11]},{"faces":{"down":{"texture":"#0","uv":[2,2,4,4]},"east":{"texture":"#0","uv":[6.5,3.5,8.5,7.5]},"north":{"texture":"#0","uv":[6.5,3.5,8.5,7.5]},"south":{"texture":"#0","uv":[6.5,3.5,8.5,7.5]},"up":{"texture":"#0","uv":[2,2,4,4]},"west":{"texture":"#0","uv":[6.5,3.5,8.5,7.5]}},"from":[6,5,6],"rotation":{"angle":0,"axis":"y","origin":[14,6,7]},"to":[10,13,10]},{"faces":{"north":{"texture":"#0","uv":[6,4,6.5,8.5]},"south":{"texture":"#0","uv":[6,4,6.5,8.5]}},"from":[9,-9,3],"to":[10,0,3]},{"faces":{"down":{"texture":"#0","uv":[0,0,6,6]},"east":{"texture":"#0","uv":[0,6,6,8.5]},"north":{"texture":"#0","uv":[0,6,6,8.5]},"south":{"texture":"#0","uv":[0,6,6,8.5]},"up":{"texture":"#0","uv":[0,0,6,6]},"west":{"texture":"#0","uv":[0,6,6,8.5]}},"from":[2,0,2],"to":[14,5,14]}],"groups":[{"children":[0,1,2,3],"name":"group","origin":[8,8,8]}],"textures":{"0":"custom/decorations/ceiling_fan","particle":"custom/decorations/ceiling_fan"}}