{"credit":"Made with Blockbench","display":{"firstperson_lefthand":{"rotation":[0,131,0],"translation":[4.25,4.25,-4.75]},"firstperson_righthand":{"rotation":[0,133,0],"translation":[4.25,4.25,-4.75]},"fixed":{"rotation":[-90,0,0],"scale":[2,2,2],"translation":[0,0,-16]},"ground":{"scale":[0.4,0.4,0.4],"translation":[0,6,0]},"gui":{"rotation":[30,45,0],"scale":[0.8,0.8,0.8],"translation":[-1,4.5,0]},"head":{"rotation":[0,149,0],"scale":[1.6,1.6,1.6],"translation":[0,19.25,0]},"thirdperson_lefthand":{"rotation":[50,1,0],"scale":[0.8,0.8,0.8],"translation":[0,4,4.75]},"thirdperson_righthand":{"rotation":[50,42,0],"scale":[0.8,0.8,0.8],"translation":[0,4,4.75]}},"elements":[{"faces":{"down":{"rotation":270,"texture":"#0","tintindex":0,"uv":[5,1.5,10,6.5]},"east":{"texture":"#0","tintindex":0,"uv":[0,1.5,5,3]},"north":{"texture":"#0","tintindex":0,"uv":[0,0,5,1.5]},"south":{"texture":"#0","tintindex":0,"uv":[5,0,0,1.5]},"up":{"rotation":270,"texture":"#0","tintindex":0,"uv":[5,1.5,10,6.5]},"west":{"texture":"#0","tintindex":0,"uv":[5,0,10,1.5]}},"from":[1,0,2],"rotation":{"angle":22.5,"axis":"y","origin":[8,8,8]},"to":[11,3,12]},{"faces":{"down":{"rotation":90,"texture":"#0","tintindex":0,"uv":[5,1.5,10,6.5]},"east":{"texture":"#0","tintindex":0,"uv":[5,0,10,1.5]},"north":{"texture":"#0","tintindex":0,"uv":[5,0,0,1.5]},"south":{"texture":"#0","tintindex":0,"uv":[0,0,5,1.5]},"up":{"rotation":90,"texture":"#0","tintindex":0,"uv":[5,1.5,10,6.5]},"west":{"texture":"#0","tintindex":0,"uv":[0,1.5,5,3]}},"from":[8,3,5],"rotation":{"angle":-22.5,"axis":"z","origin":[8,8,8]},"to":[18,6,15]}],"textures":{"0":"custom/decorations/clothes_piles1","particle":"custom/decorations/clothes_piles1"}}