{"credit":"Made with Blockbench","display":{"firstperson_lefthand":{"rotation":[0,110,0],"translation":[9,5.5,-6.25]},"firstperson_righthand":{"rotation":[0,110,0],"translation":[9,5.5,-6.25]},"fixed":{"rotation":[-90,0,0],"scale":[2,2,2],"translation":[0,0,-16]},"ground":{"scale":[0.4,0.4,0.4],"translation":[0,2.25,0]},"gui":{"rotation":[30,135,0],"scale":[0.7,0.7,0.7],"translation":[-0.25,0,0]},"head":{"scale":[1.61,1.61,1.61],"translation":[-0.75,8,-11.25]},"thirdperson_lefthand":{"rotation":[90,0,0],"translation":[-5.5,5,12]},"thirdperson_righthand":{"rotation":[90,0,0],"translation":[-6.5,5,12]}},"elements":[{"faces":{"east":{"texture":"#0","uv":[4,14,0,16]},"north":{"texture":"#0","uv":[6.25,12,12.5,14]},"south":{"texture":"#0","uv":[6.25,12,12.5,14]},"up":{"texture":"#0","uv":[0,14,6.25,10]},"west":{"texture":"#0","uv":[4,14,0,16]}},"from":[-4.5,-0.5,-0.5],"rotation":{"angle":0,"axis":"x","origin":[8.35,0.41585,16.22304]},"to":[21.5,8.5,16.5]},{"faces":{"down":{"texture":"#0","uv":[0,14,6.25,10]},"east":{"rotation":180,"texture":"#0","uv":[0,14,4,16]},"north":{"rotation":180,"texture":"#0","uv":[6.25,12,12.5,14]},"south":{"rotation":180,"texture":"#0","uv":[6.25,12,12.5,14]},"west":{"rotation":180,"texture":"#0","uv":[0,14,4,16]}},"from":[21.5,8.5,16.5],"rotation":{"angle":0,"axis":"x","origin":[8.35,0.41585,16.22304]},"to":[-4.5,-0.5,-0.5]},{"faces":{"down":{"rotation":180,"texture":"#0","uv":[6.25,4,12.5,0]},"east":{"texture":"#0","uv":[14.25,4,10.25,6]},"north":{"texture":"#0","uv":[6.25,6,12.5,8]},"south":{"texture":"#0","uv":[6.25,6,12.5,8]},"up":{"texture":"#0","uv":[6.25,12,12.5,8]},"west":{"texture":"#0","uv":[10.25,4,14.25,6]}},"from":[-4,0,0],"rotation":{"angle":0,"axis":"x","origin":[8.35,0.41585,16.22304]},"to":[21,8,16]},{"faces":{"north":{"texture":"#0","uv":[13.75,2.75,12.5,4]},"south":{"texture":"#0","uv":[12.5,2.75,13.75,4]}},"from":[-6,8,2],"rotation":{"angle":0,"axis":"x","origin":[8.35,0.41585,16.22304]},"to":[-1,13,2]},{"faces":{"north":{"texture":"#0","uv":[13.75,2.75,12.5,4]},"south":{"texture":"#0","uv":[12.5,2.75,13.75,4]}},"from":[-6,8,14],"rotation":{"angle":0,"axis":"x","origin":[8.35,0.41585,16.22304]},"to":[-1,13,14]},{"faces":{"north":{"texture":"#0","uv":[12.5,2.75,13.75,4]},"south":{"texture":"#0","uv":[13.75,2.75,12.5,4]}},"from":[18,8,14],"rotation":{"angle":0,"axis":"x","origin":[8.35,0.41585,16.22304]},"to":[23,13,14]},{"faces":{"north":{"texture":"#0","uv":[12.5,2.75,13.75,4]},"south":{"texture":"#0","uv":[13.75,2.75,12.5,4]}},"from":[18,8,2],"rotation":{"angle":0,"axis":"x","origin":[8.35,0.41585,16.22304]},"to":[23,13,2]},{"faces":{"east":{"texture":"#2_0","uv":[5,4,7.5,6.5]},"north":{"texture":"#2_0","uv":[5,4,7.5,6.5]},"south":{"texture":"#2_0","uv":[5,4,7.5,6.5]},"up":{"texture":"#2_0","uv":[5,6.5,7.5,9]},"west":{"texture":"#2_0","uv":[5,4,7.5,6.5]}},"from":[3.5,7.74302,0.04483],"rotation":{"angle":22.5,"axis":"x","origin":[8.35,0.41585,11.22304]},"to":[13.5,17.74302,10.04483]},{"faces":{"down":{"texture":"#2_0","uv":[0,4,5,9]},"up":{"texture":"#2_0","uv":[0,4,5,9]}},"from":[-1.5,7.74302,-4.95517],"rotation":{"angle":22.5,"axis":"x","origin":[8.35,0.41585,11.22304]},"to":[18.5,7.74302,15.04483]},{"faces":{"east":{"texture":"#0","uv":[14.5,8,12.5,10]},"north":{"texture":"#0","uv":[12.5,6,14.5,8]},"south":{"texture":"#0","uv":[12.5,7.5,12.75,7.75]},"up":{"texture":"#0","uv":[12.5,7.5,12.75,7.75]},"west":{"texture":"#0","uv":[12.5,8,14.5,10]}},"from":[4.5,4,4],"rotation":{"angle":0,"axis":"y","origin":[0,-8,-5]},"to":[12.5,12,12]}],"groups":[{"children":[{"children":[{"children":[],"name":"group","origin":[14,13,6]}],"name":"group","origin":[14,13,6]},{"children":[{"children":[0,1,2,3,4,5,6,{"children":[7,8,9],"name":"group","origin":[8.35,8.41585,16.22304]}],"name":"group","origin":[8,8,8]}],"name":"cosmo_head","origin":[8,8,8]}],"name":"patrick_chest_lid","origin":[8,8,8]}],"texture_size":[64,64],"textures":{"0":"custom/decorations/cosmo_chest","2_0":"custom/entities/cosmo/cosmo_base"}}