{"credit":"Made with Blockbench","display":{"firstperson_lefthand":{"rotation":[0,137,0],"translation":[11.25,-10.5,-12.5]},"firstperson_righthand":{"rotation":[0,137,0],"translation":[11.25,-10.5,-12.5]},"fixed":{"rotation":[90,0,0],"scale":[4,4,4],"translation":[4,-7,-60]},"ground":{"scale":[0.3,0.3,0.3],"translation":[0,1,0]},"gui":{"rotation":[0,180,0],"scale":[0.5,0.5,0.5],"translation":[-0.5,-5.25,0]},"thirdperson_lefthand":{"rotation":[69,0,0],"scale":[0.2,0.2,0.2],"translation":[0,-1,-1.75]},"thirdperson_righthand":{"rotation":[69,0,0],"scale":[0.2,0.2,0.2],"translation":[0,-1,-1.75]}},"elements":[{"faces":{"down":{"rotation":180,"texture":"#1","uv":[1,0,1.5,0.375]},"east":{"rotation":270,"texture":"#1","uv":[1,0,1.5,0.375]},"north":{"texture":"#1","uv":[0,0,0.5,0.5]},"south":{"texture":"#1","uv":[0.5,0,0,0.5]},"up":{"texture":"#1","uv":[1,0,1.5,0.375]},"west":{"rotation":270,"texture":"#1","uv":[1,0,1.5,0.375]}},"from":[-10,16,5.5],"rotation":{"angle":0,"axis":"y","origin":[8,7,8]},"to":[-8,18,7]},{"faces":{"down":{"rotation":180,"texture":"#1","uv":[1,0,1.5,0.375]},"east":{"rotation":270,"texture":"#1","uv":[1,0,1.5,0.375]},"north":{"texture":"#1","uv":[0.5,0,0,0.5]},"south":{"texture":"#1","uv":[0,0,0.5,0.5]},"up":{"texture":"#1","uv":[1,0,1.5,0.375]},"west":{"rotation":270,"texture":"#1","uv":[1,0,1.5,0.375]}},"from":[22,16,5.5],"rotation":{"angle":0,"axis":"y","origin":[8,7,8]},"to":[24,18,7]},{"faces":{"down":{"rotation":180,"texture":"#1","uv":[1,0,1.5,0.375]},"east":{"rotation":270,"texture":"#1","uv":[1,0,1.5,0.375]},"north":{"texture":"#1","uv":[0.5,0,0,0.5]},"south":{"texture":"#1","uv":[0,0,0.5,0.5]},"up":{"texture":"#1","uv":[1,0,1.5,0.375]},"west":{"rotation":270,"texture":"#1","uv":[1,0,1.5,0.375]}},"from":[22,29,5.5],"rotation":{"angle":0,"axis":"y","origin":[8,7,8]},"to":[24,31,7]},{"faces":{"down":{"rotation":180,"texture":"#1","uv":[1,0,1.5,0.375]},"east":{"rotation":270,"texture":"#1","uv":[1,0,1.5,0.375]},"north":{"texture":"#1","uv":[0,0,0.5,0.5]},"south":{"texture":"#1","uv":[0.5,0,0,0.5]},"up":{"texture":"#1","uv":[1,0,1.5,0.375]},"west":{"rotation":270,"texture":"#1","uv":[1,0,1.5,0.375]}},"from":[-10,29,5.5],"rotation":{"angle":0,"axis":"y","origin":[8,7,8]},"to":[-8,31,7]},{"faces":{"down":{"texture":"#1","uv":[0,0,8,0.25]},"east":{"texture":"#1","uv":[0,0,0.25,3.75]},"north":{"texture":"#1","uv":[0,0,8.5,4]},"south":{"texture":"#1","uv":[0,0,8.5,4]},"up":{"texture":"#1","uv":[0,0,8,0.25]},"west":{"texture":"#1","uv":[0,0,0.25,3.75]}},"from":[-10,16,6.25],"rotation":{"angle":0,"axis":"y","origin":[8,7,8]},"to":[24,31,6.25]},{"faces":{"down":{"texture":"#1","uv":[0,0,8,0.25]},"east":{"texture":"#1","uv":[0,0,0.25,3.75]},"north":{"texture":"#2","uv":[0,0,16,8]},"south":{"texture":"#2","uv":[16,0,0,8]},"up":{"texture":"#1","uv":[0,0,8,0.25]},"west":{"texture":"#1","uv":[0,0,0.25,3.75]}},"from":[-10,1,6.25],"rotation":{"angle":0,"axis":"y","origin":[8,7,8]},"to":[24,16,6.25]},{"faces":{"down":{"texture":"#1","uv":[0.5,0.125,8,0.25]},"east":{"texture":"#1","uv":[0,0,0.25,3.75]},"north":{"texture":"#1","uv":[0.5,0,8,0.375]},"south":{"texture":"#1","uv":[0.5,0,8,0.375]},"up":{"texture":"#1","uv":[0.5,0.125,8,0.25]},"west":{"texture":"#1","uv":[0,0,0.25,3.75]}},"from":[-8,29.5,6],"rotation":{"angle":0,"axis":"y","origin":[8,7,8]},"to":[22,31,6.5]},{"faces":{"down":{"texture":"#1","uv":[0.5,0.125,8,0.25]},"east":{"texture":"#1","uv":[0,0,0.25,3.75]},"north":{"texture":"#1","uv":[0.5,0,8,0.375]},"south":{"texture":"#1","uv":[0.5,0,8,0.375]},"up":{"texture":"#1","uv":[0.5,0.125,8,0.25]},"west":{"texture":"#1","uv":[0,0,0.25,3.75]}},"from":[-8,16,6],"rotation":{"angle":0,"axis":"y","origin":[8,7,8]},"to":[22,17.5,6.5]}],"groups":[{"children":[0,1,2,3,4,5,6,7],"name":"group","origin":[8,8,8]}],"textures":{"1":"custom/decorations/cosmos_cosmetics_sign","2":"custom/decorations/cosmos_cosmetics_sign_lower","particle":"custom/decorations/cosmos_cosmetics_sign_lower"}}