{"credit":"Made with Blockbench","display":{"head":{"scale":[1.61,1.61,1.61],"translation":[-0.75,8,-11.25]},"thirdperson_lefthand":{"rotation":[90,0,0],"translation":[-5.5,5,12]},"thirdperson_righthand":{"rotation":[90,0,0],"translation":[-6.5,5,12]}},"elements":[{"faces":{"down":{"texture":"#0","uv":[0,6,6.25,10]},"east":{"texture":"#0","uv":[6.25,4,10.25,6]},"north":{"texture":"#0","uv":[0,4,6.25,6]},"south":{"texture":"#0","uv":[6.25,14,12.5,16]},"up":{"rotation":180,"texture":"#0","uv":[0,0,6.25,4]},"west":{"texture":"#0","uv":[6.25,4,10.25,6]}},"from":[-4,0,0],"rotation":{"angle":0,"axis":"y","origin":[4,8,8]},"to":[21,8,16]},{"faces":{"down":{"texture":"#0","uv":[12.5,1.5,14,3]},"up":{"texture":"#0","uv":[12.5,1.5,14,3]}},"from":[18,0.5,-3],"to":[24,0.5,3]},{"faces":{"down":{"rotation":270,"texture":"#0","uv":[14,1.5,15.5,3]},"up":{"rotation":270,"texture":"#0","uv":[14,1.5,15.5,3]}},"from":[-7,0.5,-3],"to":[-1,0.5,3]},{"faces":{"down":{"rotation":90,"texture":"#0","uv":[12.5,1.5,14,3]},"up":{"rotation":90,"texture":"#0","uv":[12.5,1.5,14,3]}},"from":[-7,0.5,14],"to":[-1,0.5,20]},{"faces":{"down":{"rotation":90,"texture":"#0","uv":[14,1.5,15.5,3]},"up":{"rotation":90,"texture":"#0","uv":[14,1.5,15.5,3]}},"from":[18,0.5,13],"to":[24,0.5,19]}],"groups":[{"children":[{"children":[0],"name":"valentine_chest_base","origin":[8,8,8]}],"name":"valentine_chest_base","origin":[8,8,8]},1,2,3,4],"texture_size":[64,64],"textures":{"0":"custom/decorations/easter_chest"}}