{"credit":"Made with Blockbench","display":{"firstperson_lefthand":{"rotation":[0,25,0],"translation":[26.5,-2.25,-21.5]},"firstperson_righthand":{"rotation":[0,25,0],"translation":[26.5,-2.25,-21.5]},"fixed":{"rotation":[-90,0,0],"scale":[4,4,4],"translation":[0,0,-8]},"ground":{"scale":[0.2,0.2,0.2],"translation":[0,3.75,0]},"gui":{"scale":[0.35,0.35,0.35]},"head":{"translation":[0,3.5,-4]},"thirdperson_lefthand":{"rotation":[32,39,0],"scale":[0.2,0.2,0.2],"translation":[-0.25,0,-0.25]},"thirdperson_righthand":{"rotation":[32,39,0],"scale":[0.2,0.2,0.2],"translation":[-0.25,0,-0.25]}},"elements":[{"faces":{"down":{"texture":"#0","uv":[9.625,4.25,10.245,4.875]},"east":{"texture":"#0","uv":[9.625,0,10.245,4.25]},"north":{"texture":"#0","uv":[9.625,0,10.245,4.25]},"south":{"texture":"#0","uv":[9.625,0,10.245,4.25]},"up":{"texture":"#0","uv":[9.625,4.25,10.245,4.875]},"west":{"texture":"#0","uv":[9.625,0,10.245,4.25]}},"from":[-13,-2,4],"rotation":{"angle":0,"axis":"y","origin":[11,8,13]},"to":[-10.5,15,6.5]},{"faces":{"down":{"texture":"#0","uv":[9.625,4.25,10.245,4.875]},"east":{"texture":"#0","uv":[9.625,0,10.245,4.25]},"north":{"texture":"#0","uv":[9.625,0,10.245,4.25]},"south":{"texture":"#0","uv":[9.625,0,10.245,4.25]},"up":{"texture":"#0","uv":[9.625,4.25,10.245,4.875]},"west":{"texture":"#0","uv":[9.625,0,10.245,4.25]}},"from":[26.5,-2,4],"rotation":{"angle":0,"axis":"y","origin":[11,8,13]},"to":[29,15,6.5]},{"faces":{"north":{"texture":"#0","uv":[0,0,10,4]},"south":{"texture":"#0","uv":[0,0,10,4]}},"from":[-12,-2,5.25],"rotation":{"angle":0,"axis":"y","origin":[11,8,13]},"to":[28,14,5.25]},{"faces":{"north":{"texture":"#0","uv":[0,4.875,10,6.875]},"south":{"texture":"#0","uv":[0,4.875,10,6.75]}},"from":[-12,15,5.25],"rotation":{"angle":0,"axis":"y","origin":[11,8,13]},"to":[28,23,5.25]},{"faces":{"east":{"texture":"#0","uv":[14,0.25,10.25,4]},"west":{"texture":"#0","uv":[10.25,0.25,14,4]}},"from":[-13,-2,6],"to":[-13,13,21]},{"faces":{"east":{"texture":"#0","uv":[14,0.25,10.25,4]},"west":{"texture":"#0","uv":[10.25,0.25,14,4]}},"from":[29,-2,6],"to":[29,13,21]}],"groups":[{"children":[0,1,2,3,4,5],"name":"group","origin":[8,8,8]}],"textures":{"0":"custom/decorations/fabrick_furniture_sign","particle":"custom/decorations/fabrick_furniture_sign"}}