{"credit":"Made with Blockbench","display":{"firstperson_lefthand":{"rotation":[0,110,0],"translation":[8.75,-1.5,-4.75]},"firstperson_righthand":{"rotation":[0,110,0],"translation":[8.75,-1.5,-4.75]},"fixed":{"rotation":[-90,0,0],"scale":[2,2,2],"translation":[0,0,16]},"ground":{"scale":[0.4,0.4,0.4],"translation":[0,4.75,0]},"gui":{"rotation":[30,135,0],"scale":[0.8,0.8,0.8],"translation":[0,0.25,0]},"head":{"translation":[0,13.5,0]},"thirdperson_lefthand":{"rotation":[34,-40,0],"scale":[0.4,0.4,0.4],"translation":[0,0.75,0.5]},"thirdperson_righthand":{"rotation":[34,-40,0],"scale":[0.4,0.4,0.4],"translation":[0,0.75,0.5]}},"elements":[{"faces":{"down":{"texture":"#0","tintindex":0,"uv":[9.5,4.5,14,9]},"east":{"texture":"#0","tintindex":0,"uv":[0,11,4.5,12]},"north":{"texture":"#0","tintindex":0,"uv":[0,11,4.5,12]},"south":{"texture":"#0","tintindex":0,"uv":[0,11,4.5,12]},"up":{"texture":"#0","tintindex":0,"uv":[9.5,4.5,14,9]},"west":{"texture":"#0","tintindex":0,"uv":[0,11,4.5,12]}},"from":[3.5,0,3.5],"to":[12.5,2,12.5]},{"faces":{"down":{"texture":"#0","tintindex":0,"uv":[9.5,4.5,14,9]},"east":{"texture":"#0","tintindex":0,"uv":[0,5.5,4.5,6.5]},"north":{"texture":"#0","tintindex":0,"uv":[0,5.5,4.5,6.5]},"south":{"texture":"#0","tintindex":0,"uv":[0,5.5,4.5,6.5]},"up":{"texture":"#0","tintindex":0,"uv":[9.5,4.5,14,9]},"west":{"texture":"#0","tintindex":0,"uv":[0,5.5,4.5,6.5]}},"from":[3.5,11,3.5],"to":[12.5,13,12.5]},{"faces":{"east":{"texture":"#0","tintindex":0,"uv":[0.5,4,4,11]},"north":{"texture":"#0","tintindex":0,"uv":[0.5,4,4,11]},"south":{"texture":"#0","tintindex":0,"uv":[0.5,4,4,11]},"up":{"texture":"#0","tintindex":0,"uv":[0.5,0.5,4,4]},"west":{"texture":"#0","tintindex":0,"uv":[0.5,4,4,11]}},"from":[4.5,2,4.5],"to":[11.5,16,11.5]},{"faces":{"east":{"texture":"#0","tintindex":0,"uv":[5.5,2,7,2.5]},"north":{"texture":"#0","tintindex":0,"uv":[5.5,2,7,2.5]},"south":{"texture":"#0","tintindex":0,"uv":[5.5,2,7,2.5]},"up":{"texture":"#0","tintindex":0,"uv":[8.5,0,10,1.5]},"west":{"texture":"#0","tintindex":0,"uv":[5.5,2,7,2.5]}},"from":[6.5,16,6.5],"to":[9.5,17,9.5]},{"faces":{"down":{"texture":"#0","tintindex":0,"uv":[7.5,10,5,11.5]},"east":{"texture":"#0","tintindex":0,"uv":[7.5,8.5,9,10]},"north":{"texture":"#0","tintindex":0,"uv":[5,8.5,7.5,10]},"south":{"texture":"#0","tintindex":0,"uv":[7.5,8.5,5,10]},"up":{"texture":"#0","tintindex":0,"uv":[7.5,7,5,8.5]},"west":{"texture":"#0","tintindex":0,"uv":[7.5,8.5,9,10]}},"from":[1.5,6,6.5],"to":[6.5,9,9.5]},{"faces":{"down":{"rotation":180,"texture":"#0","tintindex":0,"uv":[7.5,10,5,11.5]},"east":{"texture":"#0","tintindex":0,"uv":[7.5,8.5,9,10]},"north":{"texture":"#0","tintindex":0,"uv":[7.5,8.5,5,10]},"south":{"texture":"#0","tintindex":0,"uv":[5,8.5,7.5,10]},"up":{"rotation":180,"texture":"#0","tintindex":0,"uv":[7.5,7,5,8.5]},"west":{"texture":"#0","tintindex":0,"uv":[7.5,8.5,9,10]}},"from":[9.5,6,6.5],"to":[14.5,9,9.5]},{"faces":{"down":{"rotation":90,"texture":"#0","tintindex":0,"uv":[5,4,8,6]},"east":{"texture":"#0","tintindex":0,"uv":[5,2,8,4]},"north":{"texture":"#0","tintindex":0,"uv":[8,2,10,4]},"up":{"rotation":270,"texture":"#0","tintindex":0,"uv":[5,0,8,2]},"west":{"texture":"#0","tintindex":0,"uv":[8,2,5,4]}},"from":[6,5.5,1.5],"to":[10,9.5,7.5]}],"textures":{"0":"custom/decorations/fire_hydrant","particle":"custom/decorations/fire_hydrant"}}