{"credit":"Made with Blockbench","display":{"firstperson_lefthand":{"translation":[7.75,7.5,0]},"firstperson_righthand":{"rotation":[0,180,0],"translation":[4.5,7.5,-7.5]},"fixed":{"rotation":[-90,0,0],"scale":[4,4,4],"translation":[0,-14.25,-36]},"ground":{"translation":[0,12,0]},"gui":{"rotation":[5,-86,0],"scale":[0.4,0.4,0.4],"translation":[-3.75,3.5,0]},"head":{"rotation":[-1,0,0]}},"elements":[{"faces":{"east":{"texture":"#0","uv":[0,0,15.75,15.75]},"west":{"texture":"#0","uv":[15.75,0,0,15.75]}},"from":[8,-16,-16],"to":[8,16,16]}],"textures":{"0":"custom/decorations/fish_stream","particle":"custom/decorations/fish_stream"}}