{"credit":"Made with Blockbench","display":{"firstperson_lefthand":{"rotation":[0,100,0],"translation":[6.5,0,-10]},"firstperson_righthand":{"rotation":[0,100,0],"translation":[6.5,0,-10]},"fixed":{"rotation":[0,180,0],"scale":[2,2,2],"translation":[0,32,16]},"ground":{"scale":[0.3,0.3,0.3],"translation":[0,8.25,-2.25]},"gui":{"rotation":[11,60,34],"scale":[0.5,0.5,0.5],"translation":[-3.75,3.75,0]},"head":{"translation":[0,13.75,0]},"thirdperson_lefthand":{"rotation":[40,139,0],"scale":[0.5,0.5,0.5],"translation":[0,2,5]},"thirdperson_righthand":{"rotation":[40,139,0],"scale":[0.5,0.5,0.5],"translation":[0,2,5]}},"elements":[{"faces":{"down":{"texture":"#0","uv":[10,9,14,13]},"east":{"texture":"#0","uv":[8,0,4,5.5]},"north":{"texture":"#0","uv":[8,0,12,5.5]},"south":{"texture":"#0","uv":[0,0,4,5.5]},"up":{"rotation":180,"texture":"#0","uv":[6,9,10,13]},"west":{"texture":"#0","uv":[4,0,8,5.5]}},"from":[4,0,8],"rotation":{"angle":-22.5,"axis":"x","origin":[8,6,10]},"to":[12,11,16]},{"faces":{"east":{"texture":"#0","uv":[12.5,3.5,15.5,4.5]},"north":{"texture":"#0","uv":[12.5,3.5,15.5,4.5]},"south":{"texture":"#0","uv":[12.5,3.5,15.5,4.5]},"up":{"texture":"#0","uv":[12.5,0.5,15.5,3.5]},"west":{"texture":"#0","uv":[12.5,3.5,15.5,4.5]}},"from":[5,11,8],"rotation":{"angle":-22.5,"axis":"x","origin":[8,6,10]},"to":[11,13,14]},{"faces":{"down":{"rotation":270,"texture":"#0","uv":[1,9,4.5,10]},"east":{"texture":"#0","uv":[1,9,4.5,5.5]},"north":{"rotation":270,"texture":"#0","uv":[4.5,5.5,8.5,6.5]},"south":{"texture":"#0","uv":[0.5,5.5,1.5,9]},"up":{"rotation":270,"texture":"#0","uv":[1,9,4.5,10]},"west":{"rotation":180,"texture":"#0","uv":[1,9,4.5,5.5]}},"from":[7,1,15],"rotation":{"angle":0,"axis":"x","origin":[8,6,10]},"to":[9,8,22]},{"faces":{"down":{"rotation":180,"texture":"#0","uv":[1,5.5,4.5,9]},"east":{"rotation":270,"texture":"#0","uv":[0,5.5,1,9]},"north":{"texture":"#0","uv":[1,9,4.5,10]},"south":{"texture":"#0","uv":[4.5,9,1,10]},"up":{"rotation":180,"texture":"#0","uv":[1,5.5,4.5,9]},"west":{"rotation":180,"texture":"#0","uv":[11.5,4.5,8,5.5]}},"from":[12,2,9.1],"rotation":{"angle":-22.5,"axis":"z","origin":[11.51656,3.00527,12.47818]},"to":[19,4,16.1]},{"faces":{"down":{"texture":"#0","uv":[1,5.5,4.5,9]},"east":{"rotation":180,"texture":"#0","uv":[11.5,4.5,8,5.5]},"north":{"texture":"#0","uv":[4.5,9,1,10]},"south":{"texture":"#0","uv":[1,9,4.5,10]},"up":{"texture":"#0","uv":[1,9,4.5,5.5]},"west":{"rotation":270,"texture":"#0","uv":[0,5.5,1,9]}},"from":[-3,2,9.2],"rotation":{"angle":22.5,"axis":"z","origin":[4.5166,2.97905,12.50431]},"to":[4,4,16.2]},{"faces":{"down":{"texture":"#0","uv":[10.5,9.5,13.5,12.5]},"east":{"texture":"#0","uv":[3,10,6,14.5]},"north":{"texture":"#0","uv":[7,10.5,9,12.5]},"south":{"texture":"#0","uv":[0,10,3,14.5]},"up":{"rotation":180,"texture":"#0","uv":[10.5,9.5,13.5,12.5]},"west":{"texture":"#0","uv":[6,10,3,14.5]}},"from":[5,-7,12],"to":[11,2,18]},{"faces":{"down":{"rotation":180,"texture":"#0","uv":[4.5,5.5,8.5,9]},"east":{"rotation":90,"texture":"#0","uv":[7.5,5.5,8.5,9]},"north":{"texture":"#0","uv":[6,12,10,13]},"south":{"texture":"#0","uv":[8,4,12,5]},"up":{"texture":"#0","uv":[4.5,5.5,8.5,9]},"west":{"rotation":90,"texture":"#0","uv":[7.5,9,8.5,5.5]}},"from":[4,-16,16],"to":[12,-14,23]},{"faces":{"down":{"texture":"#0","uv":[7,10.5,9,12.5]},"east":{"texture":"#0","uv":[10.5,5.5,12.5,9]},"north":{"texture":"#0","uv":[11,10.5,13,13]},"south":{"texture":"#0","uv":[8.5,5.5,10.5,9]},"up":{"texture":"#0","uv":[7,10.5,9,12.5]},"west":{"texture":"#0","uv":[12.5,5.5,10.5,9]}},"from":[6,-14,14],"to":[10,-7,18]}],"groups":[{"children":[0,1,2,3,4],"name":"group","origin":[8,8,8]},5,6,7],"textures":{"0":"custom/decorations/fish_statue","particle":"custom/decorations/fish_statue"}}