{"credit":"Made with Blockbench","display":{"firstperson_lefthand":{"rotation":[0,110,0],"translation":[3,3,0]},"firstperson_righthand":{"translation":[3,3,0]},"fixed":{"rotation":[-90,0,0],"scale":[2,2,2],"translation":[0,0,-14]},"ground":{"translation":[0,8.75,0]},"gui":{"rotation":[0,139,0]},"head":{"scale":[1.6,1.6,1.6],"translation":[0,13,0]},"thirdperson_lefthand":{"scale":[0.4,0.4,0.4]},"thirdperson_righthand":{"scale":[0.4,0.4,0.4]}},"elements":[{"faces":{"north":{"texture":"#0","uv":[0,0,16,16]},"south":{"texture":"#0","uv":[16,16,0,0]}},"from":[0,0,8],"rotation":{"angle":22.5,"axis":"x","origin":[8,8,8]},"to":[16,16,8]},{"faces":{"east":{"texture":"#0","uv":[16,16,0,0]},"west":{"texture":"#0","uv":[16,16,0,0]}},"from":[8,0,0],"rotation":{"angle":-22.5,"axis":"z","origin":[8,8,8]},"to":[8,16,16]}],"textures":{"0":"custom/decorations/flies","particle":"custom/decorations/flies"}}