{"credit":"Made with Blockbench","display":{"firstperson_lefthand":{"rotation":[0,116,0],"translation":[23.5,-5.25,-25]},"firstperson_righthand":{"rotation":[0,116,0],"translation":[23.5,-5.25,-25]},"fixed":{"rotation":[90,0,0],"scale":[2,2,2],"translation":[0,0,-16]},"ground":{"scale":[0.4,0.4,0.4],"translation":[0,7.25,0]},"gui":{"scale":[0.3,0.3,0.3],"translation":[0,-1.75,0]},"thirdperson_lefthand":{"rotation":[50,0,0],"scale":[0.2,0.2,0.2]},"thirdperson_righthand":{"rotation":[50,0,0],"scale":[0.2,0.2,0.2]}},"elements":[{"faces":{"down":{"texture":"#0","uv":[0,3.5,0.5,4]},"east":{"texture":"#0","uv":[0,0,0.5,4]},"north":{"texture":"#0","uv":[11.5,0,12,4]},"south":{"texture":"#0","uv":[0,0,0.5,4]},"up":{"texture":"#0","uv":[0,0,0.5,0.5]},"west":{"texture":"#0","uv":[0,0,0.5,4]}},"from":[-16,16,7],"to":[-14,32,9]},{"faces":{"down":{"texture":"#0","uv":[0,8.75,0.5,9.25]},"east":{"texture":"#0","uv":[0,7,0.5,9.25]},"north":{"texture":"#0","uv":[11.5,7,12,9.25]},"south":{"texture":"#0","uv":[0,7,0.5,9.25]},"west":{"texture":"#0","uv":[0,7,0.5,9.25]}},"from":[-16,-5,7],"to":[-14,4,9]},{"faces":{"down":{"texture":"#0","uv":[0,8.75,0.5,9.25]},"east":{"texture":"#0","uv":[0,7,0.5,9.25]},"north":{"texture":"#0","uv":[0,7,0.5,9.25]},"south":{"texture":"#0","uv":[11.5,7,12,9.25]},"west":{"texture":"#0","uv":[0,7,0.5,9.25]}},"from":[30,-5,7],"to":[32,4,9]},{"faces":{"down":{"rotation":180,"texture":"#0","uv":[0,3.5,0.5,4]},"east":{"texture":"#0","uv":[0,0,0.5,4]},"north":{"texture":"#0","uv":[0,0,0.5,4]},"south":{"texture":"#0","uv":[11.5,0,12,4]},"up":{"rotation":90,"texture":"#0","uv":[0,0,0.5,0.5]},"west":{"texture":"#0","uv":[0,0,0.5,4]}},"from":[30,16,7],"to":[32,32,9]},{"faces":{"down":{"rotation":180,"texture":"#0","uv":[0.5,0,11.5,0.5]},"north":{"texture":"#0","uv":[0.5,0,11.5,0.5]},"south":{"texture":"#0","uv":[0.5,0,11.5,0.5]},"up":{"texture":"#0","uv":[0.5,0,11.5,0.5]}},"from":[-14,30,7],"to":[30,32,9]},{"faces":{"down":{"texture":"#0","uv":[0.5,8.75,11.5,9.25]},"north":{"texture":"#0","uv":[0.5,8.75,11.5,9.25]},"south":{"texture":"#0","uv":[0.5,8.75,11.5,9.25]},"up":{"texture":"#0","uv":[0.5,8.75,11.5,9.25]}},"from":[-14,-5,7],"to":[30,-3,9]},{"faces":{"down":{"rotation":180,"texture":"#0","uv":[10.25,6.5,12,7]},"north":{"texture":"#0","uv":[10.25,6.5,12,7]},"south":{"texture":"#0","uv":[0,6.5,1.75,7]},"up":{"texture":"#0","uv":[0,6.5,1.75,7]},"west":{"texture":"#0","uv":[12,6.5,11.5,7]}},"from":[-16,4,7],"to":[-9,6,9]},{"faces":{"down":{"texture":"#0","uv":[0.5,3.5,2.25,4]},"east":{"texture":"#0","uv":[9.75,3.5,10.25,4]},"north":{"texture":"#0","uv":[9.75,3.5,11.5,4]},"south":{"texture":"#0","uv":[0.5,3.5,2.25,4]},"up":{"rotation":180,"texture":"#0","uv":[9.75,3.5,11.5,4]}},"from":[-14,16,7],"to":[-7,18,9]},{"faces":{"down":{"rotation":180,"texture":"#0","uv":[0.5,3.5,2.25,4]},"north":{"texture":"#0","uv":[0.5,3.5,2.25,4]},"south":{"texture":"#0","uv":[9.75,3.5,11.5,4]},"up":{"rotation":180,"texture":"#0","uv":[0.5,3.5,2.25,4]},"west":{"texture":"#0","uv":[9.75,3.5,10.25,4]}},"from":[23,16,7],"to":[30,18,9]},{"faces":{"down":{"rotation":180,"texture":"#0","uv":[0,6.5,1.75,7]},"east":{"texture":"#0","uv":[12,6.5,11.5,7]},"north":{"texture":"#0","uv":[0,6.5,1.75,7]},"south":{"texture":"#0","uv":[10.25,6.5,12,7]},"up":{"texture":"#0","uv":[10.25,6.5,12,7]}},"from":[25,4,7],"to":[32,6,9]},{"faces":{"down":{"rotation":180,"texture":"#0","uv":[1.75,6.5,2.25,7]},"east":{"texture":"#0","uv":[9.75,4,10.25,7]},"north":{"texture":"#0","uv":[1.75,4,2.25,7]},"south":{"texture":"#0","uv":[9.75,4,10.25,7]},"west":{"texture":"#0","uv":[9.75,4,10.25,7]}},"from":[23,4,7],"to":[25,16,9]},{"faces":{"down":{"rotation":180,"texture":"#0","uv":[1.75,6.5,2.25,7]},"east":{"texture":"#0","uv":[9.75,4,10.25,7]},"north":{"texture":"#0","uv":[9.75,4,10.25,7]},"south":{"texture":"#0","uv":[1.75,4,2.25,7]},"west":{"texture":"#0","uv":[9.75,4,10.25,7]}},"from":[-9,4,7],"to":[-7,16,9]},{"faces":{"north":{"texture":"#0","uv":[0.5,0.5,11.5,3.5]},"south":{"texture":"#0","uv":[0.5,0.5,11.5,3.5]}},"from":[-14,18,8],"to":[30,30,8]},{"faces":{"north":{"texture":"#0","uv":[0.5,7,11.5,8.75]},"south":{"texture":"#0","uv":[0.5,7,11.5,8.75]}},"from":[-14,-3,8],"to":[30,4,8]},{"faces":{"north":{"texture":"#0","uv":[2.25,3.5,9.75,7]},"south":{"texture":"#0","uv":[2.25,3.5,9.75,7]}},"from":[-7,4,8],"to":[23,18,8]}],"groups":[{"children":[],"name":"group","origin":[8,8,8]},0,1,2,3,4,5,6,7,8,9,10,11,12,13,14],"textures":{"0":"custom/decorations/fracture_forge_sign","particle":"custom/decorations/fracture_forge_sign"}}