{
	"credit": "Made with Blockbench",
	"textures": {
		"0": "custom/decorations/globe_statue",
		"particle": "custom/decorations/globe_statue"
	},
	"elements": [
		{
			"from": [-2, 0, -2],
			"to": [18, 20, 18],
			"faces": {
				"north": {"uv": [5.125, 0, 10.125, 5], "texture": "#0"},
				"east": {"uv": [0, 0, 5, 5], "texture": "#0"},
				"south": {"uv": [10.25, 0, 15.25, 5], "texture": "#0"},
				"west": {"uv": [10.25, 5.125, 15.25, 10.125], "texture": "#0"},
				"up": {"uv": [5.125, 5.125, 10.125, 10.125], "rotation": 180, "texture": "#0"},
				"down": {"uv": [5, 5.125, 0, 10.125], "texture": "#0"}
			}
		},
		{
			"name": "cube inverted",
			"from": [18, 20, 18],
			"to": [-2, 0, -2],
			"faces": {
				"north": {"uv": [10.25, 5, 15.25, 0], "texture": "#0"},
				"east": {"uv": [10.25, 10.125, 15.25, 5.125], "texture": "#0"},
				"south": {"uv": [5.125, 5, 10.125, 0], "texture": "#0"},
				"west": {"uv": [0, 5, 5, 0], "texture": "#0"},
				"up": {"uv": [0, 5.125, 5, 10.125], "texture": "#0"},
				"down": {"uv": [10.125, 5.125, 5.125, 10.125], "rotation": 180, "texture": "#0"}
			}
		}
	],
	"display": {
		"thirdperson_righthand": {
			"rotation": [63, 0, 0],
			"scale": [0.4, 0.4, 0.4]
		},
		"thirdperson_lefthand": {
			"rotation": [63, 0, 0],
			"scale": [0.4, 0.4, 0.4]
		},
		"firstperson_righthand": {
			"rotation": [10, -14, 0],
			"translation": [-33.25, -6.5, -12.75]
		},
		"firstperson_lefthand": {
			"rotation": [10, -14, 0],
			"translation": [-33.25, -6.5, -12.75]
		},
		"ground": {
			"translation": [0, 10.5, 0]
		},
		"gui": {
			"rotation": [30, 45, 0],
			"translation": [0, -1, 0],
			"scale": [0.5, 0.5, 0.5]
		},
		"head": {
			"translation": [0, 22.25, 0],
			"scale": [2, 2, 2]
		},
		"fixed": {
			"rotation": [-90, 0, 0],
			"translation": [0, 0, 57],
			"scale": [2, 2, 2]
		}
	}
}