{"credit":"Made with Blockbench","display":{"firstperson_lefthand":{"rotation":[0,128,0],"translation":[7.75,-1.25,-4]},"firstperson_righthand":{"rotation":[0,128,0],"translation":[7.5,-1.25,-4]},"fixed":{"rotation":[90,180,0],"scale":[2.25,2.25,2.25],"translation":[0,2.25,-1.75]},"ground":{"scale":[0.4,0.4,0.4],"translation":[0,3.75,0]},"gui":{"rotation":[30,145,0],"scale":[0.9,0.9,0.9]},"head":{"rotation":[8,0,0],"scale":[1.61,1.6,1.6],"translation":[0,-11.75,-4]},"thirdperson_lefthand":{"rotation":[50,39,0],"scale":[0.4,0.4,0.4],"translation":[0,1,0]},"thirdperson_righthand":{"rotation":[50,39,0],"scale":[0.4,0.4,0.4],"translation":[0,1,0]}},"elements":[{"faces":{"east":{"texture":"#0","tintindex":0,"uv":[12,4,11,6]},"north":{"texture":"#0","tintindex":0,"uv":[10,4,12,6]},"south":{"texture":"#0","tintindex":0,"uv":[12,4,10,6]},"up":{"texture":"#0","tintindex":0,"uv":[10,2,12,3]},"west":{"texture":"#0","tintindex":0,"uv":[0,0,1,2]}},"from":[12,8,7],"rotation":{"angle":0,"axis":"y","origin":[12,8,15]},"to":[16,12,9]},{"faces":{"down":{"rotation":180,"texture":"#0","tintindex":0,"uv":[10,2,12,3]},"north":{"rotation":180,"texture":"#0","tintindex":0,"uv":[10,4,12,6]},"south":{"rotation":180,"texture":"#0","tintindex":0,"uv":[12,4,10,6]},"west":{"rotation":180,"texture":"#0","tintindex":0,"uv":[12,4,11,6]}},"from":[16,12,9],"rotation":{"angle":0,"axis":"y","origin":[12,8,15]},"to":[12,8,7]},{"faces":{"down":{"rotation":180,"texture":"#0","tintindex":0,"uv":[10,2,12,3]},"east":{"rotation":180,"texture":"#0","tintindex":0,"uv":[12,4,11,6]},"north":{"rotation":180,"texture":"#0","tintindex":0,"uv":[12,4,10,6]},"south":{"rotation":180,"texture":"#0","tintindex":0,"uv":[10,4,12,6]}},"from":[4,12,9],"rotation":{"angle":0,"axis":"y","origin":[12,8,15]},"to":[0,8,7]},{"faces":{"east":{"texture":"#0","tintindex":0,"uv":[5,2,4,8]},"north":{"texture":"#0","tintindex":0,"uv":[0,2,4,8]},"south":{"texture":"#0","tintindex":0,"uv":[6,2,10,8]},"up":{"texture":"#0","tintindex":0,"uv":[0,1,4,2]},"west":{"texture":"#0","tintindex":0,"uv":[4,2,5,8]}},"from":[4,0,7],"rotation":{"angle":0,"axis":"y","origin":[12,8,15]},"to":[12,12,9]},{"faces":{"east":{"rotation":180,"texture":"#0","tintindex":0,"uv":[5,2,4,8]},"north":{"rotation":180,"texture":"#0","tintindex":0,"uv":[0,2,4,8]},"south":{"rotation":180,"texture":"#0","tintindex":0,"uv":[6,2,10,8]},"up":{"texture":"#0","tintindex":0,"uv":[0,1,4,2]},"west":{"rotation":180,"texture":"#0","tintindex":0,"uv":[4,2,5,8]}},"from":[12,12,9],"rotation":{"angle":0,"axis":"y","origin":[12,8,15]},"to":[4,0,7]},{"faces":{"east":{"texture":"#0","tintindex":0,"uv":[0,0,1,2]},"north":{"texture":"#0","tintindex":0,"uv":[12,4,10,6]},"south":{"texture":"#0","tintindex":0,"uv":[10,4,12,6]},"up":{"texture":"#0","tintindex":0,"uv":[12,2,10,3]},"west":{"texture":"#0","tintindex":0,"uv":[11,4,12,6]}},"from":[0,8,7],"rotation":{"angle":0,"axis":"y","origin":[12,8,15]},"to":[4,12,9]},{"faces":{"north":{"texture":"#0","uv":[0,8,5.5,11.5]},"south":{"texture":"#0","uv":[5.5,8,0,11.5]}},"from":[2.5,10,8],"to":[13.5,17,8]}],"groups":[{"children":[0,1,2,3,4,5],"name":"group","origin":[8,8,8]},6],"textures":{"0":"custom/decorations/hanger_shirt","particle":"custom/decorations/hanger_shirt"}}