{"credit":"Made with Blockbench","display":{"firstperson_lefthand":{"rotation":[0,128,0],"translation":[7.75,-1.25,-4]},"firstperson_righthand":{"rotation":[0,128,0],"translation":[7.5,-1.25,-4]},"fixed":{"rotation":[90,180,0],"scale":[2.25,2.25,2.25],"translation":[0,2.25,-1.75]},"ground":{"scale":[0.4,0.4,0.4],"translation":[0,3.75,0]},"gui":{"rotation":[30,145,0],"scale":[0.8,0.8,0.8],"translation":[0,0.5,0]},"head":{"rotation":[8,0,0],"scale":[1.61,1.6,1.6],"translation":[0,-11.75,-4]},"thirdperson_lefthand":{"rotation":[50,39,0],"scale":[0.4,0.4,0.4],"translation":[0,1,0]},"thirdperson_righthand":{"rotation":[50,39,0],"scale":[0.4,0.4,0.4],"translation":[0,1,0]}},"elements":[{"faces":{"down":{"texture":"#1","tintindex":0,"uv":[0,0,4,1]},"east":{"texture":"#1","tintindex":0,"uv":[4,1,5,8]},"north":{"texture":"#1","tintindex":0,"uv":[0,1,4,8]},"south":{"texture":"#1","tintindex":0,"uv":[0,1,4,8]},"west":{"texture":"#1","tintindex":0,"uv":[4,1,5,8]}},"from":[4,-2,7],"rotation":{"angle":0,"axis":"y","origin":[12,8,15]},"to":[12,12,9]},{"faces":{"east":{"rotation":180,"texture":"#1","tintindex":0,"uv":[4,1,5,8]},"north":{"rotation":180,"texture":"#1","tintindex":0,"uv":[0,1,4,8]},"south":{"rotation":180,"texture":"#1","tintindex":0,"uv":[0,1,4,8]},"up":{"texture":"#1","tintindex":0,"uv":[0,0,4,1]},"west":{"rotation":180,"texture":"#1","tintindex":0,"uv":[4,1,5,8]}},"from":[12,12,9],"rotation":{"angle":0,"axis":"y","origin":[12,8,15]},"to":[4,-2,7]},{"faces":{"north":{"texture":"#1","uv":[0,8,5.5,11.5]},"south":{"texture":"#1","uv":[5.5,8,0,11.5]}},"from":[2.5,10,8],"to":[13.5,17,8]}],"groups":[{"children":[0,1],"name":"group","origin":[8,8,8]},2],"textures":{"1":"custom/decorations/hanger_pants"}}