{"credit":"Made with Blockbench","display":{"firstperson_lefthand":{"rotation":[0,118,0],"translation":[14.25,-8,-11.5]},"firstperson_righthand":{"rotation":[0,-67,0],"translation":[14.5,-8,-11.5]},"fixed":{"rotation":[-90,0,0],"scale":[2,2,2],"translation":[0,0,18]},"ground":{"scale":[0.4,0.4,0.4],"translation":[0,4.25,0]},"gui":{"rotation":[30,45,0],"scale":[0.5,0.5,0.5],"translation":[0,-3.75,0]},"head":{"translation":[0,14.25,0]},"thirdperson_lefthand":{"rotation":[40,-157,0],"scale":[0.4,0.4,0.4],"translation":[0.5,0,0]},"thirdperson_righthand":{"rotation":[40,-157,0],"scale":[0.4,0.4,0.4],"translation":[0.5,0,0]}},"elements":[{"faces":{"down":{"texture":"#0","uv":[8,4,11,7]},"east":{"texture":"#0","uv":[4,1,7,6]},"north":{"texture":"#0","uv":[4,1,7,6]},"south":{"texture":"#0","uv":[4,1,7,6]},"up":{"texture":"#0","uv":[8,4,11,7]},"west":{"texture":"#0","uv":[4,1,7,6]}},"from":[-7,17,5],"rotation":{"angle":0,"axis":"y","origin":[-5,-8,8]},"to":[-1,27,11]},{"faces":{"down":{"texture":"#0","uv":[8,12.5,9,13.5]},"east":{"texture":"#0","uv":[5,0,6,1]},"north":{"texture":"#0","uv":[5,0,6,1]},"south":{"texture":"#0","uv":[5,0,6,1]},"up":{"texture":"#0","uv":[9,5,10,6]},"west":{"texture":"#0","uv":[5,0,6,1]}},"from":[-5,27,7],"to":[-3,29,9]},{"faces":{"down":{"texture":"#0","uv":[8,4,11,7]},"east":{"texture":"#0","uv":[4,1,7,6]},"north":{"texture":"#0","uv":[4,1,7,6]},"south":{"texture":"#0","uv":[4,1,7,6]},"up":{"texture":"#0","uv":[8,4,11,7]},"west":{"texture":"#0","uv":[4,1,7,6]}},"from":[17,17,5],"rotation":{"angle":0,"axis":"y","origin":[15,-8,8]},"to":[23,27,11]},{"faces":{"down":{"texture":"#0","uv":[8,12.5,9,13.5]},"east":{"texture":"#0","uv":[5,0,6,1]},"north":{"texture":"#0","uv":[5,0,6,1]},"south":{"texture":"#0","uv":[5,0,6,1]},"up":{"texture":"#0","uv":[9,5,10,6]},"west":{"texture":"#0","uv":[5,0,6,1]}},"from":[19,27,7],"rotation":{"angle":0,"axis":"y","origin":[28,8,8]},"to":[21,29,9]},{"faces":{"down":{"rotation":180,"texture":"#0","uv":[8,4,11,7]},"east":{"texture":"#0","uv":[4,1,7,6]},"north":{"texture":"#0","uv":[4,1,7,6]},"south":{"texture":"#0","uv":[4,1,7,6]},"up":{"rotation":180,"texture":"#0","uv":[8,4,11,7]},"west":{"texture":"#0","uv":[4,1,7,6]}},"from":[5,20,5],"rotation":{"angle":0,"axis":"y","origin":[-5,31.17865,8]},"to":[11,30,11]},{"faces":{"down":{"rotation":180,"texture":"#0","uv":[7,11.5,11,15.5]},"east":{"texture":"#0","uv":[3.5,6,7.5,7]},"north":{"texture":"#0","uv":[3.5,6,7.5,7]},"south":{"texture":"#0","uv":[3.5,6,7.5,7]},"up":{"rotation":180,"texture":"#0","uv":[7,7.5,11,11.5]},"west":{"texture":"#0","uv":[3.5,6,7.5,7]}},"from":[4,18,4],"rotation":{"angle":0,"axis":"y","origin":[-5,31.17865,8]},"to":[12,20,12]},{"faces":{"down":{"texture":"#0","uv":[8,12.5,9,13.5]},"east":{"texture":"#0","uv":[5,0,6,1]},"north":{"texture":"#0","uv":[5,0,6,1]},"south":{"texture":"#0","uv":[5,0,6,1]},"up":{"texture":"#0","uv":[9,5,10,6]},"west":{"texture":"#0","uv":[5,0,6,1]}},"from":[7,30,7],"to":[9,32,9]},{"faces":{"down":{"texture":"#0","uv":[1,0.5,3,2.5]},"east":{"texture":"#0","uv":[4.5,7,6.5,14.5]},"north":{"texture":"#0","uv":[4.5,7,6.5,14.5]},"south":{"texture":"#0","uv":[4.5,7,6.5,14.5]},"up":{"texture":"#0","uv":[1,0.5,3,2.5]},"west":{"texture":"#0","uv":[4.5,7,6.5,14.5]}},"from":[6,0,6],"to":[10,15,10]},{"faces":{"down":{"texture":"#0","uv":[7.5,12,10.5,15]},"east":{"texture":"#0","uv":[0.5,0,3.5,3]},"north":{"texture":"#0","uv":[0.5,0,3.5,3]},"south":{"texture":"#0","uv":[0.5,0,3.5,3]},"up":{"texture":"#0","uv":[8,4,11,7]},"west":{"texture":"#0","uv":[0.5,0,3.5,3]}},"from":[5,12,5],"to":[11,18,11]},{"faces":{"down":{"rotation":90,"texture":"#0","uv":[1,6.5,3,12.5]},"east":{"texture":"#0","uv":[8.5,4.5,10.5,6.5]},"north":{"rotation":270,"texture":"#0","uv":[1,6.5,3,12.5]},"south":{"rotation":90,"texture":"#0","uv":[1,6.5,3,12.5]},"up":{"rotation":90,"texture":"#0","uv":[1,6.5,3,12.5]},"west":{"texture":"#0","uv":[1,3,3,3.5]}},"from":[10,13,6],"rotation":{"angle":0,"axis":"y","origin":[8,10.17865,8]},"to":[22,17,10]},{"faces":{"down":{"rotation":270,"texture":"#0","uv":[1,6.5,3,12.5]},"east":{"texture":"#0","uv":[1,3,3,3.5]},"north":{"rotation":90,"texture":"#0","uv":[1,6.5,3,12.5]},"south":{"rotation":270,"texture":"#0","uv":[1,6.5,3,12.5]},"up":{"rotation":270,"texture":"#0","uv":[1,6.5,3,12.5]},"west":{"texture":"#0","uv":[8.5,4.5,10.5,6.5]}},"from":[-6,13,6],"to":[6,17,10]}],"groups":[{"children":[{"children":[0,1],"name":"group","origin":[8,8,8]},{"children":[2,3],"name":"group","origin":[8,8,8]},{"children":[4,5,6],"name":"group","origin":[8,8,8]},7,8],"name":"group","origin":[8,8,8]},9,10],"textures":{"0":"custom/decorations/lamppost","particle":"custom/decorations/lamppost"}}