{"credit":"Made with Blockbench","display":{"firstperson_lefthand":{"rotation":[-22,16,0],"translation":[6.25,3.5,-2.5]},"firstperson_righthand":{"rotation":[-22,16,0],"translation":[6.25,3.5,-2.5]},"fixed":{"rotation":[-90,0,0],"scale":[2,2,2],"translation":[0,0,-17]},"ground":{"scale":[0.6,0.6,0.6],"translation":[0,4.5,0]},"gui":{"translation":[0,2.25,0]},"head":{"scale":[1.5,1.5,1.5],"translation":[0,18.25,0]},"thirdperson_lefthand":{"rotation":[42,0,0],"scale":[0.5,0.5,0.5],"translation":[0,1.75,1.25]},"thirdperson_righthand":{"rotation":[42,0,0],"scale":[0.5,0.5,0.5],"translation":[0,1.75,1.25]}},"elements":[{"faces":{"down":{"texture":"#0","uv":[6,0,12,6]},"east":{"texture":"#0","uv":[0,0,6,11]},"north":{"texture":"#0","uv":[0,0,6,11]},"south":{"texture":"#0","uv":[0,0,6,11]},"up":{"texture":"#0","uv":[6,6,12,12]},"west":{"texture":"#0","uv":[0,0,6,11]}},"from":[5,0,5],"to":[11,11,11]},{"faces":{"east":{"rotation":180,"texture":"#0","uv":[0,0,6,11]},"north":{"rotation":180,"texture":"#0","uv":[0,0,6,11]},"south":{"rotation":180,"texture":"#0","uv":[0,0,6,11]},"up":{"texture":"#0","uv":[6,0,12,6]},"west":{"rotation":180,"texture":"#0","uv":[0,0,6,11]}},"from":[11,11,11],"to":[5,0,5]}],"textures":{"0":"custom/decorations/lantern1","particle":"custom/decorations/lantern1"}}