{"credit":"Made with Blockbench","display":{"firstperson_lefthand":{"rotation":[0,-161,0],"translation":[8.75,0,0]},"firstperson_righthand":{"rotation":[0,-161,0],"translation":[8.75,0,0]},"fixed":{"rotation":[-180,0,0],"translation":[0,0,-23.5]},"ground":{"scale":[0.2,0.2,0.2],"translation":[0,6.25,0]},"gui":{"rotation":[-90,0,0],"scale":[1.17,1,0.33]},"head":{"rotation":[-91,0,0]},"thirdperson_lefthand":{"rotation":[-90,0,0],"scale":[2,2,3.44],"translation":[-6,19,0]},"thirdperson_righthand":{"rotation":[-90,0,0],"scale":[2,2,3.44],"translation":[-6,19,0]}},"elements":[{"faces":{"down":{"texture":"#0","uv":[15.75,5.75,16,16]},"east":{"rotation":270,"texture":"#0","uv":[15.75,5.75,16,16]},"up":{"rotation":180,"texture":"#0","uv":[15.75,5.75,16,16]},"west":{"rotation":90,"texture":"#0","uv":[15.75,5.75,16,16]}},"from":[1.5,0,-16],"rotation":{"angle":0,"axis":"y","origin":[10,8,-8]},"to":[14.5,13,32]},{"faces":{"down":{"rotation":180,"texture":"#0","uv":[15.75,5.75,16,16]},"east":{"rotation":90,"texture":"#0","uv":[15.75,5.75,16,16]},"up":{"texture":"#0","uv":[15.75,5.75,16,16]},"west":{"rotation":270,"texture":"#0","uv":[15.75,5.75,16,16]}},"from":[14.55,13,32],"rotation":{"angle":0,"axis":"y","origin":[22,21,40]},"to":[1.55,0,-16]}],"texture_size":[64,64],"textures":{"0":"custom/decorations/legendary_chest_glow","particle":"custom/decorations/legendary_chest_glow"}}