{"credit":"Made with Blockbench","display":{"firstperson_lefthand":{"rotation":[0,56,0],"translation":[6.25,0,-6.25]},"firstperson_righthand":{"rotation":[0,56,0],"translation":[6.25,0,-6.25]},"fixed":{"rotation":[-90,0,0],"scale":[2,2,2],"translation":[0,0,-16]},"ground":{"scale":[0.4,0.4,0.4],"translation":[0,4.25,0]},"gui":{"rotation":[30,45,0],"scale":[0.8,0.8,0.8],"translation":[0,2,0]},"head":{"scale":[1.6,1.6,1.6],"translation":[0,18.5,0]},"thirdperson_lefthand":{"rotation":[47,45,0],"scale":[0.3,0.3,0.3],"translation":[0,1.75,0.75]},"thirdperson_righthand":{"rotation":[47,135,0],"scale":[0.3,0.3,0.3],"translation":[0,1.75,0.75]}},"elements":[{"faces":{"down":{"texture":"#0","uv":[0,0,6,6]},"east":{"texture":"#0","uv":[0,6,6,11]},"north":{"texture":"#0","uv":[0,6,6,11]},"south":{"texture":"#0","uv":[0,6,6,11]},"up":{"texture":"#0","uv":[0,0,6,6]},"west":{"texture":"#0","uv":[6,6,12,11]}},"from":[2,0,2],"to":[14,10,14]},{"faces":{"down":{"rotation":270,"texture":"#0","uv":[6,3.5,8,6]},"east":{"rotation":270,"texture":"#0","uv":[8.5,7.5,9,8]},"north":{"rotation":90,"texture":"#0","uv":[6,3.5,8,6]},"south":{"rotation":270,"texture":"#0","uv":[6,3.5,8,6]},"up":{"rotation":270,"texture":"#0","uv":[6,3.5,8,6]},"west":{"rotation":270,"texture":"#0","uv":[8,4,10,6]}},"from":[-2,3,7.5],"rotation":{"angle":0,"axis":"z","origin":[2.00525,6.4869,9.50783]},"to":[3,7,11.5]},{"faces":{"north":{"texture":"#0","uv":[10,3,12.5,4.5]},"south":{"texture":"#0","uv":[12.5,3,10,4.5]}},"from":[-6,6,11],"rotation":{"angle":22.5,"axis":"y","origin":[-1.4956,6.4764,10.01916]},"to":[-1,9,11]}],"textures":{"0":"custom/decorations/log_stool","particle":"custom/decorations/log_stool"}}