{"credit":"Made with Blockbench","display":{"firstperson_lefthand":{"rotation":[0,-11,0],"translation":[11.5,0,-9.75]},"firstperson_righthand":{"rotation":[0,-11,0],"translation":[11.5,0,-9.75]},"fixed":{"rotation":[-90,0,0],"scale":[2,2,2],"translation":[0,0,-16]},"ground":{"scale":[0.4,0.4,0.4],"translation":[0,4.5,0]},"gui":{"rotation":[30,45,0],"scale":[0.7,0.7,0.7],"translation":[0.75,1.5,0]},"head":{"translation":[0,14.25,0]},"thirdperson_lefthand":{"rotation":[20,0,0],"scale":[0.4,0.4,0.4],"translation":[0,1.75,1.5]},"thirdperson_righthand":{"rotation":[20,0,0],"scale":[0.4,0.4,0.4],"translation":[0,1.75,1.5]}},"elements":[{"faces":{"down":{"rotation":90,"texture":"#0","uv":[14,12,0,6]},"east":{"rotation":180,"texture":"#0","uv":[14,12,0,6]},"north":{"texture":"#1","uv":[3,0,0,3]},"south":{"texture":"#1","uv":[0,0,3,3]},"up":{"rotation":90,"texture":"#0","uv":[0,0,14,6]},"west":{"rotation":180,"texture":"#0","uv":[0,0,14,6]}},"from":[0,0,0],"to":[6,6,14]},{"faces":{"down":{"texture":"#0","uv":[14,12,0,6]},"east":{"texture":"#1","uv":[3,0,0,3]},"north":{"rotation":180,"texture":"#0","uv":[0,0,14,6]},"south":{"rotation":180,"texture":"#0","uv":[14,12,0,6]},"up":{"rotation":180,"texture":"#0","uv":[0,0,14,6]},"west":{"texture":"#1","uv":[0,0,3,3]}},"from":[0.00699,6,7.01394],"rotation":{"angle":22.5,"axis":"y","origin":[2.99652,8.993,7.01046]},"to":[14.00699,12,13.01394]},{"faces":{"down":{"rotation":90,"texture":"#0","uv":[0,0,14,6]},"east":{"rotation":180,"texture":"#0","uv":[0,0,14,6]},"north":{"rotation":180,"texture":"#1","uv":[3,0,0,3]},"south":{"rotation":180,"texture":"#1","uv":[0,0,3,3]},"up":{"rotation":270,"texture":"#0","uv":[14,12,0,6]},"west":{"texture":"#0","uv":[14,12,0,6]}},"from":[9.01394,0.01401,2],"rotation":{"angle":-22.5,"axis":"y","origin":[11.00697,3.00701,6.98603]},"to":[15.01394,6.01401,16]}],"textures":{"0":"custom/decorations/log_stack","1":"custom/decorations/log_stool","particle":"custom/decorations/log_stack"}}