{"credit":"Made with Blockbench","display":{"firstperson_lefthand":{"rotation":[0,118,0],"translation":[12.75,-11.75,-12.75]},"firstperson_righthand":{"rotation":[0,118,0],"translation":[12.75,-11.75,-12.75]},"fixed":{"rotation":[-90,0,0],"scale":[2,2,2],"translation":[0,0,16]},"ground":{"scale":[0.29,0.29,0.29],"translation":[0,3.5,0]},"gui":{"rotation":[30,135,0],"scale":[0.49,0.49,0.49],"translation":[0,-2.5,0]},"head":{"scale":[1.6,1.6,1.6],"translation":[0,-28.75,0]},"thirdperson_lefthand":{"rotation":[56,22,0],"scale":[0.3,0.3,0.3]},"thirdperson_righthand":{"rotation":[56,22,0],"scale":[0.3,0.3,0.3]}},"elements":[{"faces":{"down":{"texture":"#0","uv":[2,2,0,4]},"east":{"texture":"#0","uv":[4,0,2,2]},"north":{"texture":"#0","uv":[0,0,2,2]},"south":{"texture":"#0","uv":[6,0,4,2]},"up":{"rotation":180,"texture":"#0","uv":[4,2,2,4]},"west":{"texture":"#0","uv":[2,0,4,2]}},"from":[4,22,4],"rotation":{"angle":0,"axis":"y","origin":[12,30,12]},"to":[12,30,12]},{"faces":{"down":{"texture":"#0","uv":[4,2,6,3]},"east":{"texture":"#0","uv":[6,3,7,6]},"north":{"texture":"#0","uv":[4,3,6,6]},"south":{"texture":"#0","uv":[7,3,9,6]},"up":{"texture":"#0","uv":[4,2,6,3]},"west":{"texture":"#0","uv":[6,3,7,6]}},"from":[4,10,6],"rotation":{"angle":0,"axis":"y","origin":[12,18,14]},"to":[12,22,10]},{"faces":{"east":{"texture":"#0","uv":[6.5,0,7,2]},"north":{"texture":"#0","uv":[6,0,6.5,2]},"south":{"texture":"#0","uv":[6,0,6.5,2]},"west":{"texture":"#0","uv":[6.5,0,7,2]}},"from":[7,2,7],"rotation":{"angle":0,"axis":"y","origin":[15,10,15]},"to":[9,10,9]},{"faces":{"down":{"rotation":90,"texture":"#0","uv":[3,7,6,7.5]},"east":{"texture":"#0","uv":[3,6.5,6,7]},"north":{"texture":"#0","uv":[6,6.25,6.5,6.75]},"south":{"texture":"#0","uv":[6,6.25,6.5,6.75]},"up":{"rotation":90,"texture":"#0","uv":[3,6,6,6.5]},"west":{"texture":"#0","uv":[3,6.5,6,7]}},"from":[7,0,2],"rotation":{"angle":0,"axis":"y","origin":[15,8,10]},"to":[9,2,14]},{"faces":{"down":{"texture":"#0","uv":[3,7,6,7.5]},"east":{"texture":"#0","uv":[6,6.25,6.5,6.75]},"north":{"texture":"#0","uv":[3,6.5,6,7]},"south":{"texture":"#0","uv":[3,6.5,6,7]},"up":{"rotation":180,"texture":"#0","uv":[3,6,6,6.5]},"west":{"texture":"#0","uv":[6,6.25,6.5,6.75]}},"from":[2,0,7],"rotation":{"angle":0,"axis":"y","origin":[8,1,8]},"to":[14,2,9]}],"texture_size":[64,64],"textures":{"0":"custom/decorations/mannequin","particle":"custom/decorations/mannequin"}}