{"credit":"Made with Blockbench","display":{"thirdperson_lefthand":{"rotation":[90,0,0],"translation":[-5.5,5,12]},"thirdperson_righthand":{"rotation":[90,0,0],"translation":[-6.5,5,12]}},"elements":[{"faces":{"down":{"texture":"#0","uv":[0,6,6.25,10]},"east":{"texture":"#0","uv":[6.25,4,10.25,6]},"north":{"texture":"#0","uv":[0,4,6.25,6]},"south":{"texture":"#0","uv":[6.25,14,12.5,16]},"up":{"rotation":180,"texture":"#0","uv":[0,0,6.25,4]},"west":{"texture":"#0","uv":[6.25,4,10.25,6]}},"from":[-4,0,0],"rotation":{"angle":0,"axis":"y","origin":[4,8,8]},"to":[21,8,16]}],"texture_size":[64,64],"textures":{"0":"custom/decorations/medium_chest","particle":"custom/decorations/medium_chest"}}