{"credit":"Made with Blockbench","display":{"head":{"scale":[1.61,1.61,1.61],"translation":[-0.75,8,-11.25]},"thirdperson_lefthand":{"rotation":[90,0,0],"translation":[-5.5,5,12]},"thirdperson_righthand":{"rotation":[90,0,0],"translation":[-6.5,5,12]}},"elements":[{"faces":{"down":{"texture":"#2","uv":[0,6,6.25,10]},"east":{"texture":"#2","uv":[6.25,4,10.25,6]},"north":{"texture":"#2","uv":[0,4,6.25,6]},"south":{"texture":"#2","uv":[6.25,14,12.5,16]},"up":{"rotation":180,"texture":"#2","uv":[0,0,6.25,4]},"west":{"texture":"#2","uv":[6.25,4,10.25,6]}},"from":[-4,0,0],"rotation":{"angle":0,"axis":"y","origin":[4,8,8]},"to":[21,8,16]},{"faces":{"down":{"texture":"#2","uv":[12.5,8.5,13.75,9.25]},"up":{"rotation":180,"texture":"#2","uv":[12.5,8.5,13.75,9.25]}},"from":[-7,1,-3],"rotation":{"angle":45,"axis":"y","origin":[-3.5,1,-1.5]},"to":[-2,1,0]},{"faces":{"down":{"rotation":180,"texture":"#2","uv":[12.5,8.5,13.75,9.25]},"up":{"texture":"#2","uv":[12.5,8.5,13.75,9.25]}},"from":[6,1,11],"rotation":{"angle":-45,"axis":"y","origin":[-3.5,1,-1.5]},"to":[11,1,14]},{"faces":{"down":{"rotation":180,"texture":"#2","uv":[12.5,8.5,13.75,9.25]},"up":{"texture":"#2","uv":[12.5,8.5,13.75,9.25]}},"from":[-1,1,28],"rotation":{"angle":45,"axis":"y","origin":[-3.5,1,-1.5]},"to":[4,1,31]},{"faces":{"down":{"texture":"#2","uv":[12.5,8.5,13.75,9.25]},"up":{"rotation":180,"texture":"#2","uv":[12.5,8.5,13.75,9.25]}},"from":[17,1,-12],"rotation":{"angle":-22.5,"axis":"y","origin":[-3.5,1,-1.5]},"to":[22,1,-9]}],"groups":[{"children":[{"children":[0],"name":"valentine_chest_base","origin":[8,8,8]}],"name":"valentine_chest_base","origin":[8,8,8]},1,2,3,4],"texture_size":[64,64],"textures":{"2":"custom/decorations/patrick_chest","particle":"custom/decorations/patrick_chest"}}