{"credit":"Made with Blockbench","display":{"firstperson_lefthand":{"rotation":[91,90,0],"translation":[14,0.5,3.75]},"firstperson_righthand":{"translation":[-8.5,0.75,-8.75]},"fixed":{"rotation":[-90,0,0],"scale":[2,2,2],"translation":[0,1.75,-16]},"ground":{"scale":[0.4,0.4,0.4],"translation":[0,7.75,0]},"gui":{"rotation":[30,-45,0],"scale":[0.49,0.49,0.49],"translation":[-0.25,2.25,0]},"thirdperson_lefthand":{"rotation":[23,103,0],"scale":[0.79,0.79,0.79],"translation":[1.25,2.5,14.5]},"thirdperson_righthand":{"rotation":[39,0,0],"scale":[0.79,0.79,0.79],"translation":[-5.25,5.75,4.75]}},"elements":[{"faces":{"down":{"texture":"#0","uv":[0,5.75,8,7]},"east":{"rotation":90,"texture":"#0","uv":[8,5.75,8.5,7]},"north":{"texture":"#0","uv":[0,8,8,8.5]},"south":{"texture":"#0","uv":[0,8,8,8.5]},"up":{"texture":"#0","uv":[0,1.75,8,3]},"west":{"rotation":90,"texture":"#0","uv":[8,5.75,8.5,7]}},"from":[-8,3,6],"rotation":{"angle":-22.5,"axis":"y","origin":[8,8,8]},"to":[24,5,11]},{"faces":{"down":{"texture":"#0","uv":[0,5.75,8,7]},"east":{"rotation":90,"texture":"#0","uv":[8,5.75,8.5,7]},"north":{"texture":"#0","uv":[0,8,8,8.5]},"south":{"texture":"#0","uv":[0,8,8,8.5]},"up":{"texture":"#0","uv":[0,1.75,8,3]},"west":{"rotation":90,"texture":"#0","uv":[8,5.75,8.5,7]}},"from":[-9,2,9],"rotation":{"angle":22.5,"axis":"x","origin":[8,8,8]},"to":[23,4,14]},{"faces":{"down":{"texture":"#0","uv":[0,5.75,8,7]},"east":{"rotation":90,"texture":"#0","uv":[8,5.75,8.5,7]},"north":{"texture":"#0","uv":[0,8,8,8.5]},"south":{"texture":"#0","uv":[0,8,8,8.5]},"up":{"texture":"#0","uv":[0,5.75,8,7]},"west":{"rotation":90,"texture":"#0","uv":[8,5.75,8.5,7]}},"from":[-8,0,4],"rotation":{"angle":22.5,"axis":"y","origin":[8,8,8]},"to":[24,2,9]}],"textures":{"0":"custom/furniture/wooden_table","particle":"custom/furniture/wooden_table"}}