{"credit":"Made with Blockbench","display":{"head":{"scale":[1.6,1.6,1.6],"translation":[-0.75,8,-11.25]}},"elements":[{"faces":{"east":{"texture":"#0","uv":[4,14,0,16]},"north":{"texture":"#0","uv":[6.25,12,12.5,14]},"south":{"texture":"#0","uv":[6.25,12,12.5,14]},"up":{"texture":"#0","uv":[0,14,6.25,10]},"west":{"texture":"#0","uv":[0,14,4,16]}},"from":[-4.5,-0.5,-0.5],"rotation":{"angle":0,"axis":"x","origin":[8,0,16]},"to":[21.5,8.5,16.5]},{"faces":{"down":{"texture":"#0","uv":[0,14,6.25,10]},"east":{"rotation":180,"texture":"#0","uv":[0,14,4,16]},"north":{"rotation":180,"texture":"#0","uv":[6.25,12,12.5,14]},"south":{"rotation":180,"texture":"#0","uv":[6.25,12,12.5,14]},"west":{"rotation":180,"texture":"#0","uv":[0,14,4,16]}},"from":[21.5,8.5,16.5],"rotation":{"angle":0,"axis":"x","origin":[8,0,16]},"to":[-4.5,-0.5,-0.5]},{"faces":{"down":{"rotation":180,"texture":"#0","uv":[6.25,4,12.5,0]},"east":{"texture":"#0","uv":[14.25,4,10.25,6]},"north":{"texture":"#0","uv":[6.25,6,12.5,8]},"south":{"texture":"#0","uv":[6.25,6,12.5,8]},"up":{"texture":"#0","uv":[6.25,12,12.5,8]},"west":{"texture":"#0","uv":[10.25,4,14.25,6]}},"from":[-4,0,0],"rotation":{"angle":0,"axis":"x","origin":[8,0,16]},"to":[21,8,16]},{"faces":{"down":{"rotation":180,"texture":"#0","uv":[13,6.5,13.5,7]},"east":{"texture":"#0","uv":[14.25,6,13.75,7.75]},"north":{"texture":"#0","uv":[12.5,6,13.75,7.75]},"south":{"texture":"#0","uv":[14,6,13.75,7.75]},"up":{"rotation":180,"texture":"#0","uv":[12.5,7.75,13.75,8.25]},"west":{"texture":"#0","uv":[13.75,6,14.25,7.75]}},"from":[6,-3,-2],"rotation":{"angle":0,"axis":"x","origin":[8,0,16]},"to":[11,4,0]}],"groups":[{"children":[0,1,2,3],"name":"group","origin":[14,13,6]}],"texture_size":[64,64],"textures":{"0":"custom/decorations/rare_chest","particle":"custom/decorations/rare_chest"}}