{"ambientocclusion":false,"display":{"firstperson_lefthand":{"rotation":[0,118,0],"scale":[0.3,0.3,0.3],"translation":[0,6,3]},"firstperson_righthand":{"rotation":[0,118,0],"scale":[0.3,0.3,0.3],"translation":[0,6,2.5]},"fixed":{"rotation":[8,0,0],"scale":[2,2,2],"translation":[0,0,-10]},"ground":{"scale":[0.2,0.2,0.2],"translation":[0,3.25,0]},"gui":{"rotation":[0,-180,0],"scale":[0.3,0.3,0.3]},"head":{"scale":[2,2,2],"translation":[4,26.25,-0.25]},"thirdperson_lefthand":{"rotation":[15,0,0],"scale":[0.2,0.2,0.2],"translation":[1.25,1.5,0.5]},"thirdperson_righthand":{"translation":[0,0,12]}},"elements":[{"faces":{"down":{"rotation":180,"texture":"#0","uv":[5.313,0,10.625,6.778]},"up":{"texture":"#0","uv":[10.625,0,5.313,6.778]}},"from":[-10,7,-16],"rotation":{"angle":45,"axis":"x","origin":[8,8,8]},"shade":false,"to":[28,7,32]}],"textures":{"0":"custom/ui/realm_logo","particle":"custom/ui/realm_logo"}}