{"credit":"Made with Blockbench","display":{"firstperson_lefthand":{"rotation":[0,36,0],"translation":[5,3.25,-1.25]},"firstperson_righthand":{"rotation":[0,36,0],"translation":[5,3.25,-1.25]},"fixed":{"rotation":[-90,0,0],"scale":[2,2,2],"translation":[0,0,-15]},"ground":{"scale":[0.3,0.3,0.3],"translation":[0,1.75,0]},"gui":{"rotation":[30,45,0],"translation":[1.75,4.5,0]},"head":{"translation":[0,14,0]},"thirdperson_lefthand":{"rotation":[26,45,0],"scale":[0.3,0.3,0.3],"translation":[0.5,1.25,0.25]},"thirdperson_righthand":{"rotation":[26,45,0],"scale":[0.3,0.3,0.3],"translation":[0.5,1.25,0.25]}},"elements":[{"faces":{"down":{"texture":"#0","uv":[14.5,0,15.5,1]},"east":{"texture":"#0","uv":[0,0,3,3]},"north":{"texture":"#0","uv":[0,0,3,3]},"south":{"texture":"#0","uv":[0,0,3,3]},"up":{"texture":"#0","uv":[3,0,6,3]},"west":{"texture":"#0","uv":[0,0,3,3]}},"from":[4,0,4],"to":[10,6,10]}],"groups":[{"children":[0],"name":"group","origin":[8,8,8]}],"textures":{"0":"custom/decorations/rocks","particle":"custom/decorations/rocks"}}