{"credit":"Made with Blockbench","display":{"firstperson_lefthand":{"rotation":[0,-72,0],"translation":[5,3.25,-1.25]},"firstperson_righthand":{"rotation":[0,-125,0],"translation":[5,3.25,-1.25]},"fixed":{"rotation":[-90,0,0],"scale":[2,2,2],"translation":[0,0,-14]},"ground":{"scale":[0.3,0.3,0.3],"translation":[0,1.75,0]},"gui":{"rotation":[30,45,0],"scale":[0.7,0.7,0.7],"translation":[0,2.75,0]},"head":{"rotation":[0,77,0],"translation":[0,14,0]},"thirdperson_lefthand":{"rotation":[26,-48,0],"scale":[0.3,0.3,0.3],"translation":[0,1.25,0.75]},"thirdperson_righthand":{"rotation":[26,45,0],"scale":[0.3,0.3,0.3],"translation":[0,1.25,0.75]}},"elements":[{"faces":{"down":{"texture":"#0","uv":[14.5,0,15.5,1]},"east":{"texture":"#0","uv":[0,0,3,3]},"north":{"texture":"#0","uv":[0,0,3,3]},"south":{"texture":"#0","uv":[0,0,3,3]},"up":{"texture":"#0","uv":[3,0,6,3]},"west":{"texture":"#0","uv":[0,0,3,3]}},"from":[8,1,11],"rotation":{"angle":22.5,"axis":"x","origin":[8,8,8]},"to":[14,7,17]},{"faces":{"down":{"texture":"#0","uv":[14.5,0,15.5,1]},"east":{"texture":"#0","uv":[6,0,10,4]},"north":{"texture":"#0","uv":[6,0,10,4]},"south":{"texture":"#0","uv":[6,0,10,4]},"up":{"texture":"#0","uv":[10,0,14,4]},"west":{"texture":"#0","uv":[6,0,10,4]}},"from":[2,0,1],"to":[10,8,9]}],"groups":[{"children":[0,1],"name":"group","origin":[8,8,8]}],"textures":{"0":"custom/decorations/rocks","particle":"custom/decorations/rocks"}}