{"credit":"Made with Blockbench","display":{"firstperson_lefthand":{"rotation":[-6,147,0],"translation":[9.25,0,-3.75]},"firstperson_righthand":{"rotation":[-6,147,0],"translation":[9.25,0,-3.75]},"fixed":{"rotation":[-6,0,0],"scale":[4,4,4],"translation":[0,0,12]},"ground":{"scale":[0.5,0.5,0.5],"translation":[0,8,0]},"gui":{"rotation":[0,180,0],"scale":[0.5,0.5,0.5],"translation":[0,-4,0]},"head":{"translation":[0,13.5,0]},"thirdperson_lefthand":{"scale":[2,2,2],"translation":[-6,0,12.75]},"thirdperson_righthand":{"scale":[2,2,2],"translation":[-6,0,12.75]}},"elements":[{"faces":{"north":{"texture":"#1","uv":[0,0,16,16]},"south":{"texture":"#1","uv":[16,0,0,16]}},"from":[-8,0,6],"rotation":{"angle":0,"axis":"y","origin":[8,8,3]},"to":[24,32,6]}],"groups":[{"children":[0],"name":"group","origin":[8,8,8]}],"textures":{"1":"custom/decorations/rusty_bucket_sign"}}