{"credit":"Made with Blockbench","display":{"firstperson_lefthand":{"rotation":[-6,147,0],"translation":[9.25,0,-3.75]},"firstperson_righthand":{"rotation":[-6,147,0],"translation":[9.25,0,-3.75]},"fixed":{"rotation":[-6,0,0],"scale":[4,4,4],"translation":[0,-32,12]},"ground":{"scale":[0.5,0.5,0.5],"translation":[0,8,0]},"gui":{"rotation":[0,180,0],"scale":[0.5,0.5,0.5],"translation":[0,-4,0]},"head":{"translation":[0,13.5,0]},"thirdperson_lefthand":{"rotation":[47,0,0],"scale":[2,2,2],"translation":[-6,0,0]},"thirdperson_righthand":{"rotation":[47,0,0],"scale":[2,2,2],"translation":[-6,0,0]}},"elements":[{"faces":{"down":{"rotation":270,"texture":"#0","uv":[0,0,0.75,16]},"east":{"rotation":180,"texture":"#0","uv":[0,0,0.75,16]},"north":{"texture":"#0","uv":[0,0,16,16]},"south":{"texture":"#0","uv":[0,0,16,16]},"up":{"rotation":90,"texture":"#0","uv":[0,0,0.75,16]},"west":{"texture":"#0","uv":[0,0,0.75,16]}},"from":[-8,0,7],"rotation":{"angle":0,"axis":"y","origin":[8,8,3]},"to":[24,32,8.5]}],"groups":[{"children":[0],"name":"group","origin":[8,8,8]}],"textures":{"0":"custom/decorations/rusty_bucket_sign_back","particle":"custom/decorations/rusty_bucket_sign_back"}}