{"credit":"Made with Blockbench","display":{"firstperson_lefthand":{"translation":[10,0,0]},"firstperson_righthand":{"translation":[10,0,0]},"fixed":{"rotation":[-90,0,0],"scale":[2,2,2],"translation":[0,0,-16]},"ground":{"scale":[0.4,0.4,0.4],"translation":[0,1.5,0]},"gui":{"rotation":[30,-45,0],"scale":[0.65,0.65,0.65],"translation":[0,-0.75,0]},"head":{"scale":[1.6,1.6,1.6]},"thirdperson_lefthand":{"rotation":[90,0,0],"translation":[-6,-0.25,10.5]},"thirdperson_righthand":{"rotation":[90,0,0],"translation":[-6,-0.25,10.5]}},"elements":[{"faces":{"east":{"texture":"#0","uv":[7,0,8,8]},"north":{"texture":"#0","uv":[7,0,8,8]},"south":{"texture":"#0","uv":[7,0,8,8]},"up":{"rotation":270,"texture":"#0","uv":[7,0,8,1]},"west":{"texture":"#0","uv":[7,0,8,8]}},"from":[-1.06813,11,7.50006],"rotation":{"angle":0,"axis":"y","origin":[7.96597,18.49994,8.03409]},"to":[-0.06813,19,8.50006]},{"faces":{"down":{"rotation":270,"texture":"#0","uv":[0,11,4,14]},"east":{"texture":"#0","uv":[0,3,4,14]},"north":{"texture":"#0","uv":[7,3,4,14]},"south":{"texture":"#0","uv":[4,3,7,14]},"up":{"rotation":270,"texture":"#0","uv":[0,0,4,3]},"west":{"texture":"#0","uv":[0,3,4,14]}},"from":[14.93187,0,6.00006],"rotation":{"angle":0,"axis":"y","origin":[7.96597,18.49994,8.03409]},"to":[17.93187,11,10.00006]},{"faces":{"down":{"rotation":90,"texture":"#0","uv":[0,11,4,14]},"east":{"texture":"#0","uv":[0,3,4,14]},"north":{"texture":"#0","uv":[4,3,7,14]},"south":{"texture":"#0","uv":[7,3,4,14]},"up":{"rotation":270,"texture":"#0","uv":[0,0,4,3]},"west":{"texture":"#0","uv":[0,3,4,14]}},"from":[-2.06813,0,6.00006],"rotation":{"angle":0,"axis":"y","origin":[7.96597,18.49994,8.03409]},"to":[0.93187,11,10.00006]},{"faces":{"east":{"texture":"#0","uv":[7,0,8,8]},"north":{"texture":"#0","uv":[7,0,8,8]},"south":{"texture":"#0","uv":[7,0,8,8]},"up":{"rotation":270,"texture":"#0","uv":[7,0,8,1]},"west":{"texture":"#0","uv":[7,0,8,8]}},"from":[15.93187,11,7.50006],"rotation":{"angle":0,"axis":"y","origin":[7.96597,18.49994,8.03409]},"to":[16.93187,19,8.50006]}],"groups":[{"children":[],"name":"group","origin":[8,8,8]},{"children":[0,1,2,3],"name":"group","origin":[8,8,8]}],"textures":{"0":"custom/decorations/scan_table_rods","particle":"custom/decorations/scan_table_rods"}}