{"credit":"Made with Blockbench","display":{"firstperson_lefthand":{"rotation":[0,139,0],"translation":[18.5,-2.5,-13.5]},"firstperson_righthand":{"rotation":[0,139,0],"translation":[18.5,-2.5,-13.5]},"fixed":{"rotation":[-90,0,0],"scale":[2,2,2],"translation":[0,0,-16]},"ground":{"scale":[0.3,0.3,0.3],"translation":[0,9.5,0]},"gui":{"rotation":[30,135,0],"scale":[0.4,0.4,0.4],"translation":[0,0.25,0]},"head":{"rotation":[-90,0,0],"scale":[2,2,2],"translation":[0,0,-16]},"thirdperson_lefthand":{"rotation":[46,0,0],"scale":[0.3,0.3,0.3],"translation":[0,1.25,1.25]},"thirdperson_righthand":{"rotation":[46,0,0],"scale":[0.3,0.3,0.3],"translation":[0,1.25,1.25]}},"elements":[{"faces":{"down":{"texture":"#1","uv":[4,0,8,4]},"east":{"texture":"#1","uv":[0,0,4,4]},"north":{"texture":"#1","uv":[4,8,8,12]},"south":{"texture":"#1","uv":[0,0,4,4]},"up":{"texture":"#1","uv":[4,0,8,4]},"west":{"texture":"#1","uv":[0,0,4,4]}},"from":[3,13,3],"rotation":{"angle":-22.5,"axis":"x","origin":[8,13.2,8]},"to":[13,23,13]},{"faces":{"down":{"rotation":270,"texture":"#0","uv":[10,1.5,15.5,7]},"up":{"texture":"#0","uv":[10,1.5,15.5,7]}},"from":[-3,23.1,-3],"rotation":{"angle":-22.5,"axis":"x","origin":[8,13.2,8]},"to":[19,23.1,19]},{"faces":{"east":{"texture":"#0","uv":[11.5,0.25,14,1.5]},"north":{"texture":"#0","uv":[11.5,0.25,14,1.5]},"south":{"texture":"#0","uv":[11.5,0.25,14,1.5]},"up":{"texture":"#0","uv":[11.5,3,14,5.5]},"west":{"texture":"#0","uv":[11.5,0.25,14,1.5]}},"from":[3,23,3],"rotation":{"angle":-22.5,"axis":"x","origin":[8,13.2,8]},"to":[13,28,13]},{"faces":{"east":{"texture":"#0","tintindex":0,"uv":[11.5,7,14,8.25]},"north":{"texture":"#0","tintindex":0,"uv":[11.5,7,14,8.25]},"south":{"texture":"#0","tintindex":0,"uv":[11.5,7,14,8.25]},"west":{"texture":"#0","tintindex":0,"uv":[11.5,7,14,8.25]}},"from":[2.75,22.75,2.75],"rotation":{"angle":-22.5,"axis":"x","origin":[8,13.2,8]},"to":[13.25,28.25,13.25]},{"faces":{"north":{"texture":"#0","uv":[6,3.75,8,5]},"south":{"texture":"#0","uv":[6,3.75,8,5]}},"from":[4,-4,10],"rotation":{"angle":-22.5,"axis":"x","origin":[8,1,10]},"to":[12,1,10]},{"faces":{"down":{"texture":"#0","uv":[4.25,8,5,8.75]},"east":{"texture":"#0","uv":[4.25,4,5,8]},"north":{"texture":"#0","uv":[4.25,4,5,8]},"south":{"texture":"#0","uv":[4.25,4,5,8]},"up":{"texture":"#0","uv":[4.25,8,5,8.75]},"west":{"texture":"#0","uv":[4.25,4,5,8]}},"from":[6.5,-16,6.5],"rotation":{"angle":0,"axis":"x","origin":[8,0,8]},"to":[9.5,0,9.5]},{"faces":{"north":{"texture":"#0","uv":[6,3.75,8,5]},"south":{"texture":"#0","uv":[6,3.75,8,5]}},"from":[4,-4,6],"rotation":{"angle":22.5,"axis":"x","origin":[8,1,6]},"to":[12,1,6]},{"faces":{"east":{"texture":"#0","uv":[0,5,1,8]},"north":{"texture":"#0","uv":[2,5,1,8]},"south":{"texture":"#0","uv":[4,5,3,8]},"up":{"texture":"#0","uv":[1,4,2,5]},"west":{"texture":"#0","uv":[2,5,3,8]}},"from":[8,-11.5,6],"rotation":{"angle":22.5,"axis":"z","origin":[10,1,8]},"to":[12,0.5,10]},{"faces":{"east":{"texture":"#0","uv":[0,5,1,8]},"north":{"texture":"#0","uv":[1,5,2,8]},"south":{"texture":"#0","uv":[3,5,4,8]},"up":{"texture":"#0","uv":[1,4,2,5]},"west":{"texture":"#0","uv":[2,5,3,8]}},"from":[4,-11.5,6],"rotation":{"angle":-22.5,"axis":"z","origin":[6,1.5,8.05]},"to":[8,0.5,10]},{"faces":{"down":{"texture":"#0","tintindex":0,"uv":[0.75,0.75,1,1]},"east":{"texture":"#0","tintindex":0,"uv":[2,1,3,4]},"north":{"texture":"#0","tintindex":0,"uv":[5,1,3,4]},"south":{"texture":"#0","tintindex":0,"uv":[3,1,5,4]},"up":{"rotation":180,"texture":"#0","uv":[0,0,2,1]},"west":{"texture":"#0","tintindex":0,"uv":[2,1,3,4]}},"from":[4,1,6],"rotation":{"angle":0,"axis":"y","origin":[8,-7,8]},"to":[12,13,10]},{"faces":{"down":{"rotation":90,"texture":"#0","uv":[5,3.75,6,5]},"north":{"rotation":270,"texture":"#0","uv":[6,3.75,7,5]},"south":{"rotation":90,"texture":"#0","uv":[8,3.75,9,5]},"up":{"rotation":90,"texture":"#0","uv":[7,3.75,8,5]}},"from":[-9,10,6.1],"rotation":{"angle":22.5,"axis":"z","origin":[4,10,8]},"to":[-4,14,10.1]},{"faces":{"down":{"rotation":90,"texture":"#0","tintindex":0,"uv":[7,1,8,3.75]},"east":{"rotation":90,"texture":"#0","tintindex":0,"uv":[6,0,7,1]},"north":{"rotation":270,"texture":"#0","tintindex":0,"uv":[7,1,6,3.75]},"south":{"rotation":90,"texture":"#0","tintindex":0,"uv":[6,1,7,3.75]},"up":{"rotation":90,"texture":"#0","tintindex":0,"uv":[5,1,6,3.75]},"west":{"rotation":90,"texture":"#0","tintindex":0,"uv":[7,0,8,1]}},"from":[-4,10,6.1],"rotation":{"angle":22.5,"axis":"z","origin":[4,10,8]},"to":[7,14,10.1]},{"faces":{"down":{"rotation":270,"texture":"#0","uv":[5,3.75,6,5]},"north":{"rotation":90,"texture":"#0","uv":[8,3.75,9,5]},"south":{"rotation":270,"texture":"#0","uv":[6,3.75,7,5]},"up":{"rotation":270,"texture":"#0","uv":[7,3.75,8,5]}},"from":[20,10,6.1],"rotation":{"angle":-22.5,"axis":"z","origin":[12,10,8]},"to":[25,14,10.1]},{"faces":{"down":{"rotation":270,"texture":"#0","tintindex":0,"uv":[7,1,8,3.75]},"east":{"rotation":90,"texture":"#0","tintindex":0,"uv":[7,0,8,1]},"north":{"rotation":90,"texture":"#0","tintindex":0,"uv":[6,1,7,3.75]},"south":{"rotation":270,"texture":"#0","tintindex":0,"uv":[7,1,6,3.75]},"up":{"rotation":270,"texture":"#0","tintindex":0,"uv":[5,1,6,3.75]},"west":{"rotation":90,"texture":"#0","tintindex":0,"uv":[6,0,7,1]}},"from":[9,10,6.1],"rotation":{"angle":-22.5,"axis":"z","origin":[12,10,8]},"to":[20,14,10.1]},{"faces":{"north":{"texture":"#0","uv":[0,1,2,4]},"up":{"rotation":180,"texture":"#0","uv":[0,0,2,1]}},"from":[3.75,0.75,5.75],"rotation":{"angle":0,"axis":"y","origin":[0,8,8]},"to":[12.25,13.25,10.25]},{"faces":{"down":{"rotation":270,"texture":"#0","uv":[8,3.75,7,5]},"north":{"rotation":90,"texture":"#0","uv":[6,3.75,7,5]},"south":{"rotation":270,"texture":"#0","uv":[8,3.75,9,5]},"up":{"rotation":270,"texture":"#0","uv":[5,3.75,6,5]}},"from":[-4,14,10.1],"rotation":{"angle":22.5,"axis":"z","origin":[4,10,8]},"to":[-9,10,6.1]},{"faces":{"down":{"rotation":90,"texture":"#0","uv":[8,3.75,7,5]},"north":{"rotation":270,"texture":"#0","uv":[8,3.75,9,5]},"south":{"rotation":90,"texture":"#0","uv":[6,3.75,7,5]},"up":{"rotation":90,"texture":"#0","uv":[5,3.75,6,5]}},"from":[25,14,10.1],"rotation":{"angle":-22.5,"axis":"z","origin":[12,10,8]},"to":[20,10,6.1]},{"faces":{"down":{"rotation":180,"texture":"#0","uv":[1,4,2,5]},"east":{"rotation":180,"texture":"#0","uv":[3,5,2,8]},"north":{"rotation":180,"texture":"#0","uv":[4,5,3,8]},"south":{"rotation":180,"texture":"#0","uv":[2,5,1,8]},"west":{"rotation":180,"texture":"#0","uv":[1,5,0,8]}},"from":[8,0.5,10],"rotation":{"angle":-22.5,"axis":"z","origin":[6,1.5,8.05]},"to":[4,-11.5,6]},{"faces":{"down":{"rotation":180,"texture":"#0","uv":[1,4,2,5]},"east":{"rotation":180,"texture":"#0","uv":[3,5,2,8]},"north":{"rotation":180,"texture":"#0","uv":[4,5,3,8]},"south":{"rotation":180,"texture":"#0","uv":[2,5,1,8]},"west":{"rotation":180,"texture":"#0","uv":[1,5,0,8]}},"from":[12,0.5,10],"rotation":{"angle":22.5,"axis":"z","origin":[10,1,8]},"to":[8,-11.5,6]}],"groups":[{"children":[{"children":[0,1,2,3],"name":"group","origin":[8,13,8]},4,5,6,{"children":[7],"name":"group","origin":[10,0,8]},{"children":[8],"name":"group","origin":[6,0,8]},9,{"children":[10,11],"name":"group","origin":[8,8,8]},{"children":[12,13],"name":"group","origin":[8,8,8]},14],"name":"group","origin":[8,8,8]},{"children":[15,16,17,18],"name":"group","origin":[4,10,8]}],"textures":{"0":"custom/decorations/farmer","1":"custom/decorations/pumpkins","particle":"custom/decorations/farmer"}}