{"credit":"Made with Blockbench","display":{"firstperson_lefthand":{"rotation":[75,0,30]},"firstperson_righthand":{"rotation":[75,0,30]},"fixed":{"rotation":[-90,0,0],"scale":[2,2,2],"translation":[0,0,-16.75]},"ground":{"scale":[0.49,0.49,0.49],"translation":[0,1.75,0]},"gui":{"rotation":[90,-180,0],"scale":[1.1,1.1,1.1],"translation":[0,-0.25,0]},"head":{"translation":[0,15,0]},"thirdperson_lefthand":{"rotation":[-30,-180,0],"scale":[0.45,0.45,0.45],"translation":[0,3.25,-1.25]},"thirdperson_righthand":{"rotation":[-30,0,0],"scale":[0.45,0.45,0.45],"translation":[0,3.5,-1]}},"elements":[{"faces":{"up":{"rotation":180,"texture":"#0","uv":[9,6,13,11.5]}},"from":[4,0,2.25],"rotation":{"angle":0,"axis":"y","origin":[6,8,9.25]},"to":[12,0,13.25]},{"faces":{"up":{"rotation":180,"texture":"#0","uv":[0,0,4,5.5]}},"from":[4,0.5,4.25],"rotation":{"angle":45,"axis":"y","origin":[6,8,9.25]},"to":[12,0.5,15.25]}],"gui_light":"front","textures":{"0":"custom/decorations/stack_of_papers","particle":"custom/decorations/stack_of_papers"}}