{"credit":"Made with Blockbench","display":{"firstperson_lefthand":{"rotation":[27,89,-36],"translation":[9.5,-4.25,-4.75]},"firstperson_righthand":{"rotation":[27,89,-36],"translation":[9.5,-4.25,-4.75]},"fixed":{"rotation":[90,0,0],"scale":[2,2,2],"translation":[0,0,-28]},"ground":{"scale":[0.3,0.3,0.3],"translation":[0,1.75,0]},"gui":{"rotation":[-14,-180,0],"scale":[0.6,0.6,0.6],"translation":[0,-3.5,0]},"head":{"rotation":[12,0,0],"scale":[0.8,0.8,0.8],"translation":[0,-12.5,-8]},"thirdperson_lefthand":{"rotation":[29,20,0],"scale":[0.2,0.2,0.2]},"thirdperson_righthand":{"rotation":[29,20,0],"scale":[0.2,0.2,0.2]}},"elements":[{"faces":{"north":{"texture":"#0","tintindex":0,"uv":[0.5,6.5,7.5,16]},"south":{"texture":"#0","tintindex":0,"uv":[0.5,6.5,7.5,16]}},"from":[1,0,8],"to":[15,19,8]},{"faces":{"north":{"texture":"#0","uv":[0,3.5,8,6.5]},"south":{"texture":"#0","uv":[0,3.5,8,6.5]}},"from":[0,17,8],"to":[16,23,8]}],"groups":[{"children":[0,1],"name":"group","origin":[8,8,8]}],"textures":{"0":"custom/decorations/streamer_large","particle":"custom/decorations/streamer_large"}}