{"credit":"Made with Blockbench","display":{"firstperson_lefthand":{"rotation":[0,110,0],"translation":[9,5.5,-6.25]},"firstperson_righthand":{"rotation":[0,110,0],"translation":[9,5.5,-6.25]},"fixed":{"rotation":[-90,0,0],"scale":[2,2,2],"translation":[0,0,-16]},"ground":{"scale":[0.4,0.4,0.4],"translation":[0,2.25,0]},"gui":{"rotation":[30,135,0],"scale":[0.7,0.7,0.7],"translation":[-0.25,0,0]},"head":{"scale":[1.61,1.61,1.61],"translation":[-0.75,8,-11.25]},"thirdperson_lefthand":{"rotation":[90,0,0],"translation":[-5.5,5,12]},"thirdperson_righthand":{"rotation":[90,0,0],"translation":[-6.5,5,12]}},"elements":[{"faces":{"east":{"texture":"#1","uv":[4,14,0,16]},"north":{"texture":"#1","uv":[6.25,12,12.5,14]},"south":{"texture":"#1","uv":[6.25,12,12.5,14]},"up":{"texture":"#1","uv":[0,14,6.25,10]},"west":{"texture":"#1","uv":[0,14,4,16]}},"from":[-4.5,-0.5,-0.5],"rotation":{"angle":0,"axis":"x","origin":[8.68182,1.02891,15.71091]},"to":[21.5,8.5,16.5]},{"faces":{"down":{"texture":"#1","uv":[0,14,6.25,10]},"east":{"rotation":180,"texture":"#1","uv":[0,14,4,16]},"north":{"rotation":180,"texture":"#1","uv":[6.25,12,12.5,14]},"south":{"rotation":180,"texture":"#1","uv":[6.25,12,12.5,14]},"west":{"rotation":180,"texture":"#1","uv":[0,14,4,16]}},"from":[21.5,8.5,16.5],"rotation":{"angle":0,"axis":"x","origin":[8.68182,1.02891,15.71091]},"to":[-4.5,-0.5,-0.5]},{"faces":{"down":{"rotation":180,"texture":"#1","uv":[6.25,4,12.5,0]},"east":{"texture":"#1","uv":[14.25,4,10.25,6]},"north":{"texture":"#1","uv":[6.25,6,12.5,8]},"south":{"texture":"#1","uv":[6.25,6,12.5,8]},"up":{"texture":"#1","uv":[6.25,12,12.5,8]},"west":{"texture":"#1","uv":[10.25,4,14.25,6]}},"from":[-4,0,0],"rotation":{"angle":0,"axis":"x","origin":[8.68182,1.02891,15.71091]},"to":[21,8,16]},{"faces":{"north":{"texture":"#1","uv":[12.5,8,15.25,10.75]},"south":{"texture":"#1","uv":[12.5,8,15.25,10.75]}},"from":[1.84346,6,3.31597],"rotation":{"angle":-45,"axis":"y","origin":[8.68182,1.02891,15.71091]},"to":[12.84346,17,3.31597]},{"faces":{"north":{"texture":"#1","uv":[12.5,8,15.25,10.75]},"south":{"texture":"#1","uv":[12.5,8,15.25,10.75]}},"from":[15.57676,6,14.37255],"rotation":{"angle":45,"axis":"y","origin":[8.68182,1.02891,15.71091]},"to":[26.57676,17,14.37255]},{"faces":{"north":{"texture":"#1","uv":[12.5,8,15.25,10.75]},"south":{"texture":"#1","uv":[12.5,8,15.25,10.75]}},"from":[2.14173,4,6.59437],"rotation":{"angle":45,"axis":"y","origin":[8.68182,1.02891,15.71091]},"to":[13.14173,15,6.59437]},{"faces":{"north":{"texture":"#1","uv":[12.5,8,15.25,10.75]},"south":{"texture":"#1","uv":[12.5,8,15.25,10.75]}},"from":[-5.93472,4,16.751],"rotation":{"angle":-45,"axis":"y","origin":[8.68182,1.02891,15.71091]},"to":[5.06528,15,16.751]},{"faces":{"down":{"texture":"#1","uv":[13.75,6.75,16,7]},"east":{"texture":"#1","uv":[16,6,15.5,6.5]},"north":{"texture":"#1","uv":[13.25,6,15.5,6.5]},"south":{"texture":"#1","uv":[13.25,6,15.5,6.5]},"up":{"texture":"#1","uv":[13.75,6.5,16,7]},"west":{"texture":"#1","uv":[15.5,6,16,6.5]}},"from":[4,0,-2.1],"rotation":{"angle":0,"axis":"x","origin":[8.68182,1.02891,15.71091]},"to":[13,2,-0.1]},{"faces":{"down":{"texture":"#missing","uv":[0,0,0.75,0.5]},"east":{"texture":"#1","uv":[13.75,6.5,13.25,7.25]},"north":{"texture":"#1","uv":[12.5,6,13.25,6.75]},"south":{"texture":"#1","uv":[12.5,6,13.25,6.75]},"up":{"texture":"#1","uv":[14.25,6.5,14.5,7]},"west":{"texture":"#1","uv":[13.25,6.5,13.75,7.25]}},"from":[7,2,-2],"rotation":{"angle":0,"axis":"x","origin":[8.68182,1.02891,15.71091]},"to":[10,5,0]},{"faces":{"down":{"rotation":180,"texture":"#1","uv":[15,7,15.75,7.5]},"east":{"rotation":270,"texture":"#1","uv":[15,7.5,13.75,7]},"north":{"texture":"#1","uv":[12.5,6.75,13.25,8]},"south":{"texture":"#1","uv":[13.25,6.75,12.5,8]},"up":{"texture":"#missing","uv":[0,0,0.75,0.5]},"west":{"rotation":270,"texture":"#1","uv":[15,7,13.75,7.5]}},"from":[7.92725,-4.43076,-2.08],"rotation":{"angle":-45,"axis":"z","origin":[8.68182,1.02891,15.71091]},"to":[10.92725,0.56924,-0.08]},{"faces":{"down":{"rotation":180,"texture":"#1","uv":[15,7,15.75,7.5]},"east":{"rotation":270,"texture":"#1","uv":[15,7.5,13.75,7]},"north":{"texture":"#1","uv":[13.25,6.75,12.5,8]},"south":{"texture":"#1","uv":[12.5,6.75,13.25,8]},"west":{"rotation":270,"texture":"#1","uv":[15,7,13.75,7.5]}},"from":[6.17926,-4.17363,-2],"rotation":{"angle":45,"axis":"z","origin":[8.68182,1.02891,15.71091]},"to":[9.17926,0.82637,0]}],"groups":[{"children":[{"children":[0,1,2,{"children":[],"color":0,"name":"group","origin":[14,13,6]}],"color":0,"name":"group","origin":[14,13,6]},{"children":[3,4],"color":0,"name":"group","origin":[16.5,19.5,8]},{"children":[5,6],"color":0,"name":"group","origin":[1.5,17.5,8]},7,8,9,10],"color":0,"name":"patrick_chest_lid","origin":[8,8,8]}],"texture_size":[64,64],"textures":{"1":"custom/decorations/summer_chest"}}