{"ambientocclusion":false,"credit":"Made with Blockbench","display":{"firstperson_lefthand":{"rotation":[-9,71,0],"translation":[7.25,0,-4.25]},"firstperson_righthand":{"rotation":[-9,-107,0],"translation":[7.25,0,-4.25]},"fixed":{"rotation":[-90,0,0],"scale":[2,2,2],"translation":[0,0,-24]},"ground":{"scale":[0.4,0.4,0.4],"translation":[0,5.5,0]},"gui":{"rotation":[-30,-135,0],"scale":[0.5,0.5,0.5],"translation":[0,-2.25,0]},"head":{"scale":[1.6,1.6,1.6],"translation":[0,19.25,0]},"thirdperson_lefthand":{"rotation":[39,0,0],"scale":[0.8,0.8,0.8],"translation":[0,1.75,2.5]},"thirdperson_righthand":{"rotation":[39,0,0],"scale":[0.8,0.8,0.8],"translation":[0,1.75,2.5]}},"elements":[{"faces":{"north":{"texture":"#1","uv":[0,0,16,16]},"south":{"texture":"#1","uv":[0,0,16,16]}},"from":[0,4.4,8],"rotation":{"angle":45,"axis":"y","origin":[7.97312,23.39995,8.02692]},"to":[16,20.4,8]},{"faces":{"east":{"texture":"#1","uv":[0,0,16,16]},"west":{"texture":"#1","uv":[0,0,16,16]}},"from":[7.9462,4.4,0.00005],"rotation":{"angle":45,"axis":"y","origin":[7.97312,23.39995,8.02692]},"to":[7.9462,20.4,16.00005]}],"groups":[{"children":[0,1],"name":"group","origin":[8,8,8]}],"textures":{"1":"custom/decorations/torch_fire"}}