{"ambientocclusion":false,"credit":"Made with Blockbench","display":{"firstperson_lefthand":{"rotation":[-9,71,0],"translation":[7.25,0,-4.25]},"firstperson_righthand":{"rotation":[-9,-107,0],"translation":[7.25,0,-4.25]},"fixed":{"rotation":[-90,0,0],"scale":[2,2,2],"translation":[0,0,-15.25]},"ground":{"scale":[0.4,0.4,0.4],"translation":[0,4.5,0]},"gui":{"rotation":[30,-135,0],"scale":[0.5,0.5,0.5],"translation":[0,-1.5,0]},"head":{"scale":[1.6,1.6,1.6],"translation":[0,19.25,0]},"thirdperson_lefthand":{"rotation":[39,0,0],"scale":[0.8,0.8,0.8],"translation":[0,1.75,2.5]},"thirdperson_righthand":{"rotation":[39,0,0],"scale":[0.8,0.8,0.8],"translation":[0,1.75,2.5]}},"elements":[{"faces":{"down":{"texture":"#0","uv":[2,5.5,2.5,6]},"east":{"texture":"#0","uv":[2,4,4,6]},"north":{"texture":"#0","uv":[2,4,4,6]},"south":{"texture":"#0","uv":[2,4,4,6]},"west":{"texture":"#0","uv":[2,4,4,6]}},"from":[5.9999,20.0009,5.9999],"rotation":{"angle":0,"axis":"y","origin":[8,8,8]},"to":[10.0001,24.0011,10.0001]},{"faces":{"down":{"texture":"#0","uv":[2.5,15.5,3.5,16]},"east":{"texture":"#0","uv":[2.5,6,3.5,16]},"north":{"texture":"#0","uv":[2.5,6,3.5,16]},"south":{"texture":"#0","uv":[2.5,6,3.5,16]},"up":{"texture":"#0","uv":[2.5,15,3.5,16]},"west":{"texture":"#0","uv":[2.5,6,3.5,16]}},"from":[6.99,-0.01,6.99],"rotation":{"angle":0,"axis":"y","origin":[8,8,8]},"to":[9.01,20.01,9.01]}],"groups":[{"children":[0,1],"name":"group","origin":[8,8,8]}],"textures":{"0":"custom/decorations/tall_torch","particle":"custom/decorations/tall_torch"}}