{"credit":"Made with Blockbench","display":{"firstperson_lefthand":{"translation":[5,1.5,-2.5]},"firstperson_righthand":{"translation":[5,1.5,-2.5]},"fixed":{"rotation":[-90,0,0],"scale":[2,2,2],"translation":[0,0,-14]},"ground":{"scale":[0.4,0.4,0.4],"translation":[0,1,0]},"gui":{"rotation":[30,45,0],"scale":[1.2,1.2,1.2],"translation":[0,1.75,0]},"head":{"scale":[1.6,1.6,1.6],"translation":[0,2,0]},"thirdperson_lefthand":{"rotation":[38,0,0],"scale":[0.5,0.5,0.5],"translation":[0,1.5,1.5]},"thirdperson_righthand":{"rotation":[38,0,0],"scale":[0.5,0.5,0.5],"translation":[0,1.5,1.5]}},"elements":[{"faces":{"down":{"texture":"#0","uv":[11,0,3,8]},"east":{"texture":"#0","uv":[0,0,6,0]},"north":{"texture":"#0","uv":[0,0,6,0]},"south":{"texture":"#0","uv":[0,0,6,0]},"up":{"texture":"#0","uv":[3,0,11,8]},"west":{"texture":"#0","uv":[0,0,6,0]}},"from":[4,11,4],"to":[12,11,12]},{"faces":{"down":{"texture":"#0","uv":[6,2,8,4]},"east":{"texture":"#0","uv":[0,0,3,7]},"north":{"texture":"#0","uv":[0,0,3,7]},"south":{"texture":"#0","uv":[0,0,3,7]},"west":{"texture":"#0","uv":[0,0,3,7]}},"from":[6.5,4,6.5],"to":[9.5,11,9.5]},{"faces":{"down":{"texture":"#0","uv":[0,0,1,1]},"east":{"texture":"#0","uv":[1,7,2,11]},"north":{"texture":"#0","uv":[1,7,2,11]},"south":{"texture":"#0","uv":[1,7,2,11]},"up":{"texture":"#0","uv":[0,0,1,1]},"west":{"texture":"#0","uv":[1,7,2,11]}},"from":[7.5,0,7.5],"to":[8.5,4,8.5]},{"faces":{"east":{"texture":"#1","uv":[0,4,5,9]},"north":{"texture":"#1","uv":[0,4,5,9]},"south":{"texture":"#1","uv":[0,4,5,9]},"west":{"texture":"#1","uv":[0,4,5,9]}},"from":[5.5,5,5.5],"to":[10.5,10,10.5]},{"faces":{"east":{"rotation":180,"texture":"#1","uv":[0,4,5,9]},"north":{"rotation":180,"texture":"#1","uv":[0,4,5,9]},"south":{"rotation":180,"texture":"#1","uv":[0,4,5,9]},"west":{"rotation":180,"texture":"#1","uv":[0,4,5,9]}},"from":[10.5,10,10.5],"to":[5.5,5,5.5]},{"faces":{"east":{"texture":"#1","uv":[1,10,4,13]},"north":{"texture":"#1","uv":[1,10,4,13]},"south":{"texture":"#1","uv":[1,10,4,13]},"west":{"texture":"#1","uv":[1,10,4,13]}},"from":[6.5,0,6.5],"to":[9.5,3,9.5]},{"faces":{"east":{"rotation":180,"texture":"#1","uv":[1,10,4,13]},"north":{"rotation":180,"texture":"#1","uv":[1,10,4,13]},"south":{"rotation":180,"texture":"#1","uv":[1,10,4,13]},"west":{"rotation":180,"texture":"#1","uv":[1,10,4,13]}},"from":[9.5,3,9.5],"to":[6.5,0,6.5]},{"faces":{"east":{"texture":"#1","uv":[1,0,4,3]},"north":{"texture":"#1","uv":[1,0,4,3]},"south":{"texture":"#1","uv":[1,0,4,3]},"up":{"texture":"#1","uv":[6,0,9,3]},"west":{"texture":"#1","uv":[1,0,4,3]}},"from":[6.5,11,6.5],"to":[9.5,14,9.5]},{"faces":{"down":{"texture":"#1","uv":[6,0,9,3]},"east":{"rotation":180,"texture":"#1","uv":[1,0,4,3]},"north":{"rotation":180,"texture":"#1","uv":[1,0,4,3]},"south":{"rotation":180,"texture":"#1","uv":[1,0,4,3]},"west":{"rotation":180,"texture":"#1","uv":[1,0,4,3]}},"from":[9.5,14,9.5],"to":[6.5,11,6.5]}],"groups":[{"children":[0,1,2],"name":"group","origin":[8,8,8]},3,4,5,6,7,8],"textures":{"0":"custom/decorations/turbo_sprinkler","1":"custom/decorations/turbo_sprinkler_animation","particle":"custom/decorations/turbo_sprinkler"}}