{"credit":"Made with Blockbench","display":{"head":{"scale":[1.61,1.61,1.61],"translation":[-0.75,8,-11.25]},"thirdperson_lefthand":{"rotation":[90,0,0],"translation":[-5.5,5,12]},"thirdperson_righthand":{"rotation":[90,0,0],"translation":[-6.5,5,12]}},"elements":[{"faces":{"east":{"texture":"#1","uv":[4,14,0,16]},"north":{"texture":"#1","uv":[6.25,12,12.5,14]},"south":{"texture":"#1","uv":[6.25,12,12.5,14]},"up":{"texture":"#1","uv":[0,14,6.25,10]},"west":{"texture":"#1","uv":[0,14,4,16]}},"from":[-4.5,-0.5,-0.5],"rotation":{"angle":0,"axis":"x","origin":[8,0,16]},"to":[21.5,8.5,16.5]},{"faces":{"down":{"texture":"#1","uv":[0,14,6.25,10]},"east":{"rotation":180,"texture":"#1","uv":[0,14,4,16]},"north":{"rotation":180,"texture":"#1","uv":[6.25,12,12.5,14]},"south":{"rotation":180,"texture":"#1","uv":[6.25,12,12.5,14]},"west":{"rotation":180,"texture":"#1","uv":[0,14,4,16]}},"from":[21.5,8.5,16.5],"rotation":{"angle":0,"axis":"x","origin":[8,0,16]},"to":[-4.5,-0.5,-0.5]},{"faces":{"down":{"rotation":180,"texture":"#1","uv":[6.25,4,12.5,0]},"east":{"texture":"#1","uv":[14.25,4,10.25,6]},"north":{"texture":"#1","uv":[6.25,6,12.5,8]},"south":{"texture":"#1","uv":[6.25,6,12.5,8]},"up":{"texture":"#1","uv":[6.25,12,12.5,8]},"west":{"texture":"#1","uv":[10.25,4,14.25,6]}},"from":[-4,0,0],"rotation":{"angle":0,"axis":"x","origin":[8,0,16]},"to":[21,8,16]},{"faces":{"down":{"rotation":180,"texture":"#1","uv":[12.5,7.5,14.25,7.75]},"east":{"texture":"#1","uv":[14.75,6,14.25,7.5]},"north":{"texture":"#1","uv":[12.5,6,14.25,7.5]},"south":{"texture":"#1","uv":[12.5,6,14.25,7.5]},"up":{"rotation":180,"texture":"#1","uv":[12.5,7.5,14.25,8]},"west":{"texture":"#1","uv":[14.25,6,14.75,7.5]}},"from":[5,-2,-2],"rotation":{"angle":0,"axis":"x","origin":[8,0,16]},"to":[12,4,0]}],"groups":[{"children":[0,1,2,3,{"children":[],"name":"group","origin":[14,13,6]}],"name":"group","origin":[14,13,6]}],"texture_size":[64,64],"textures":{"1":"custom/decorations/valentine_chest"}}