{"credit":"Made with Blockbench","display":{"head":{"scale":[1.61,1.61,1.61],"translation":[-0.75,8,-11.25]},"thirdperson_lefthand":{"rotation":[90,0,0],"translation":[-5.5,5,12]},"thirdperson_righthand":{"rotation":[90,0,0],"translation":[-6.5,5,12]}},"elements":[{"faces":{"down":{"texture":"#1","uv":[0,6,6.25,10]},"east":{"texture":"#1","uv":[6.25,4,10.25,6]},"north":{"texture":"#1","uv":[0,4,6.25,6]},"south":{"texture":"#1","uv":[6.25,14,12.5,16]},"up":{"rotation":180,"texture":"#1","uv":[0,0,6.25,4]},"west":{"texture":"#1","uv":[6.25,4,10.25,6]}},"from":[-4,0,0],"rotation":{"angle":0,"axis":"y","origin":[4,8,8]},"to":[21,8,16]}],"groups":[{"children":[0],"name":"valentine_chest_base","origin":[8,8,8]}],"texture_size":[64,64],"textures":{"1":"custom/decorations/valentine_chest"}}