{"credit":"Made with Blockbench","display":{"firstperson_lefthand":{"rotation":[5,122,0],"translation":[5.75,0.75,-3.25]},"firstperson_righthand":{"rotation":[5,122,0],"translation":[5.75,0.75,-3.25]},"fixed":{"rotation":[-90,0,0],"scale":[2,2,2],"translation":[0,0,-16]},"ground":{"scale":[0.3,0.3,0.3],"translation":[0,2,0]},"gui":{"rotation":[30,135,0],"translation":[0,1.75,0]},"head":{"scale":[1.4,1.4,1.4],"translation":[0,17.5,0]},"thirdperson_lefthand":{"rotation":[16,-40,0],"scale":[0.3,0.3,0.3],"translation":[0,1.25,0]},"thirdperson_righthand":{"rotation":[16,-40,0],"scale":[0.3,0.3,0.3],"translation":[0,1.25,0]}},"elements":[{"faces":{"down":{"texture":"#0","tintindex":0,"uv":[0.5,0.5,0.75,0.75]},"east":{"texture":"#0","tintindex":0,"uv":[6.75,4,8.25,4.25]},"north":{"texture":"#0","tintindex":0,"uv":[6.75,4,8.25,4.25]},"south":{"texture":"#0","tintindex":0,"uv":[6.75,4,8.25,4.25]},"up":{"texture":"#0","tintindex":0,"uv":[0,0,1.5,1.5]},"west":{"texture":"#0","tintindex":0,"uv":[6.75,4,8.25,4.25]}},"from":[5,0,5],"to":[11,1,11]},{"faces":{"down":{"texture":"#0","tintindex":0,"uv":[0.5,0.5,0.75,0.75]},"east":{"texture":"#0","tintindex":0,"uv":[6.5,2.5,8.5,4]},"north":{"texture":"#0","tintindex":0,"uv":[6.5,2.5,8.5,4]},"south":{"texture":"#0","tintindex":0,"uv":[6.5,2.5,8.5,4]},"up":{"texture":"#0","tintindex":0,"uv":[3.75,0,5.75,2]},"west":{"texture":"#0","tintindex":0,"uv":[6.5,2.5,8.5,4]}},"from":[4,1,4],"to":[12,7,12]},{"faces":{"down":{"texture":"#0","tintindex":0,"uv":[0,0,1,1]},"east":{"texture":"#0","tintindex":0,"uv":[7,1.75,8,2.5]},"north":{"texture":"#0","tintindex":0,"uv":[7,1.75,8,2.5]},"south":{"texture":"#0","tintindex":0,"uv":[7,1.75,8,2.5]},"up":{"texture":"#0","tintindex":0,"uv":[0,0,1,1]},"west":{"texture":"#0","tintindex":0,"uv":[7,1.75,8,2.5]}},"from":[6,7,6],"to":[10,10,10]},{"faces":{"down":{"texture":"#0","tintindex":0,"uv":[0.5,0.5,0.75,0.75]},"east":{"texture":"#0","tintindex":0,"uv":[6.75,1.5,8.25,1.75]},"north":{"texture":"#0","tintindex":0,"uv":[6.75,1.5,8.25,1.75]},"south":{"texture":"#0","tintindex":0,"uv":[6.75,1.5,8.25,1.75]},"up":{"texture":"#0","tintindex":0,"uv":[6.75,0,8.25,1.5]},"west":{"texture":"#0","tintindex":0,"uv":[6.75,1.5,8.25,1.75]}},"from":[5,10,5],"to":[11,11,11]}],"groups":[{"children":[0,1,2,3],"name":"group","origin":[8,8,8]}],"textures":{"0":"custom/decorations/vases","particle":"custom/decorations/vases"}}