{"credit":"Made with Blockbench","display":{"firstperson_lefthand":{"rotation":[5,122,0],"translation":[9.5,-2.5,-6.75]},"firstperson_righthand":{"rotation":[5,122,0],"translation":[9.5,-2.5,-6.75]},"fixed":{"rotation":[-90,0,0],"scale":[2,2,2],"translation":[0,0,-16]},"ground":{"scale":[0.3,0.3,0.3],"translation":[0,2,0]},"gui":{"rotation":[30,135,0],"scale":[0.65,0.65,0.65],"translation":[0,-1.25,0]},"head":{"scale":[1.4,1.4,1.4],"translation":[0,17.5,0]},"thirdperson_lefthand":{"rotation":[16,-40,0],"scale":[0.2,0.2,0.2]},"thirdperson_righthand":{"rotation":[16,-40,0],"scale":[0.2,0.2,0.2]}},"elements":[{"faces":{"down":{"texture":"#0","tintindex":0,"uv":[0.5,0.5,0.75,0.75]},"east":{"texture":"#0","tintindex":0,"uv":[3.25,4.25,6.25,7]},"north":{"texture":"#0","tintindex":0,"uv":[3.25,4.25,6.25,7]},"south":{"texture":"#0","tintindex":0,"uv":[3.25,4.25,6.25,7]},"up":{"texture":"#0","tintindex":0,"uv":[0,0,3,3]},"west":{"texture":"#0","tintindex":0,"uv":[3.25,4.25,6.25,7]}},"from":[2,1,2],"to":[14,12,14]},{"faces":{"down":{"texture":"#0","tintindex":0,"uv":[0.5,0.5,0.75,0.75]},"east":{"texture":"#0","tintindex":0,"uv":[3.5,7,6,7.25]},"north":{"texture":"#0","tintindex":0,"uv":[3.5,7,6,7.25]},"south":{"texture":"#0","tintindex":0,"uv":[3.5,7,6,7.25]},"up":{"texture":"#0","tintindex":0,"uv":[0,0,2.5,2.5]},"west":{"texture":"#0","tintindex":0,"uv":[3.5,7,6,7.25]}},"from":[3,0,3],"to":[13,1,13]},{"faces":{"down":{"texture":"#0","tintindex":0,"uv":[0,0,1.5,1.5]},"east":{"texture":"#0","tintindex":0,"uv":[4,2.5,5.5,4.25]},"north":{"texture":"#0","tintindex":0,"uv":[4,2.5,5.5,4.25]},"south":{"texture":"#0","tintindex":0,"uv":[4,2.5,5.5,4.25]},"up":{"texture":"#0","tintindex":0,"uv":[0,0,1.5,1.5]},"west":{"texture":"#0","tintindex":0,"uv":[4,2.5,5.5,4.25]}},"from":[5,12,5],"to":[11,19,11]},{"faces":{"down":{"texture":"#0","tintindex":0,"uv":[0.5,0.5,0.75,0.75]},"east":{"texture":"#0","tintindex":0,"uv":[3.75,2,5.75,2.5]},"north":{"texture":"#0","tintindex":0,"uv":[3.75,2,5.75,2.5]},"south":{"texture":"#0","tintindex":0,"uv":[3.75,2,5.75,2.5]},"up":{"texture":"#0","tintindex":0,"uv":[3.75,0,5.75,2]},"west":{"texture":"#0","tintindex":0,"uv":[3.75,2,5.75,2.5]}},"from":[4,19,4],"to":[12,21,12]},{"faces":{"down":{"texture":"#0","tintindex":0,"uv":[0,0,0.75,0]},"east":{"texture":"#0","tintindex":0,"uv":[0,0,0,1.75]},"north":{"texture":"#0","tintindex":0,"uv":[5.5,2.5,6.25,4.25]},"south":{"texture":"#0","tintindex":0,"uv":[3.25,2.5,4,4.25]},"up":{"texture":"#0","tintindex":0,"uv":[0,0,0.75,0]},"west":{"texture":"#0","tintindex":0,"uv":[0,0,0,1.75]}},"from":[2,12,8],"to":[5,19,8]},{"faces":{"down":{"texture":"#0","tintindex":0,"uv":[0,0,0.75,0]},"east":{"texture":"#0","tintindex":0,"uv":[0,0,0,1.75]},"north":{"texture":"#0","tintindex":0,"uv":[3.25,2.5,4,4.25]},"south":{"texture":"#0","tintindex":0,"uv":[4,2.5,3.25,4.25]},"up":{"texture":"#0","tintindex":0,"uv":[0,0,0.75,0]},"west":{"texture":"#0","tintindex":0,"uv":[0,0,0,1.75]}},"from":[11,12,8],"to":[14,19,8]}],"groups":[{"children":[0,1,2,3,4,5],"name":"group","origin":[8,8,8]}],"textures":{"0":"custom/decorations/vases","particle":"custom/decorations/vases"}}