{"credit":"Made with Blockbench","display":{"firstperson_lefthand":{"rotation":[5,122,0],"translation":[9.5,-2.5,-6.75]},"firstperson_righthand":{"rotation":[5,122,0],"translation":[9.5,-2.5,-6.75]},"fixed":{"rotation":[-90,0,0],"scale":[2,2,2],"translation":[0,0,-16]},"ground":{"scale":[0.3,0.3,0.3],"translation":[0,2,0]},"gui":{"rotation":[30,135,0],"scale":[0.6,0.6,0.6],"translation":[0,-1.75,0]},"head":{"scale":[1.4,1.4,1.4],"translation":[0,17.5,0]},"thirdperson_lefthand":{"rotation":[16,-40,0],"scale":[0.2,0.2,0.2]},"thirdperson_righthand":{"rotation":[16,-40,0],"scale":[0.2,0.2,0.2]}},"elements":[{"faces":{"down":{"texture":"#0","tintindex":0,"uv":[0.5,0.5,0.75,0.75]},"east":{"texture":"#0","tintindex":0,"uv":[10,6.25,12,8]},"north":{"texture":"#0","tintindex":0,"uv":[10,6.25,12,8]},"south":{"texture":"#0","tintindex":0,"uv":[10,6.25,12,8]},"up":{"texture":"#0","tintindex":0,"uv":[0,0,2,2]},"west":{"texture":"#0","tintindex":0,"uv":[10,6.25,12,8]}},"from":[4,0,4],"to":[12,7,12]},{"faces":{"down":{"texture":"#0","tintindex":0,"uv":[0.5,0.5,0.75,0.75]},"east":{"texture":"#0","tintindex":0,"uv":[9.5,3.5,12.5,6.25]},"north":{"texture":"#0","tintindex":0,"uv":[9.5,3.5,12.5,6.25]},"south":{"texture":"#0","tintindex":0,"uv":[9.5,3.5,12.5,6.25]},"up":{"texture":"#0","tintindex":0,"uv":[0,0,3,3]},"west":{"texture":"#0","tintindex":0,"uv":[9.5,3.5,12.5,6.25]}},"from":[2,7,2],"to":[14,18,14]},{"faces":{"down":{"texture":"#0","tintindex":0,"uv":[0,0,2,2]},"east":{"texture":"#0","tintindex":0,"uv":[10,3,12,3.5]},"north":{"texture":"#0","tintindex":0,"uv":[10,3,12,3.5]},"south":{"texture":"#0","tintindex":0,"uv":[10,3,12,3.5]},"up":{"texture":"#0","tintindex":0,"uv":[0,0,2,2]},"west":{"texture":"#0","tintindex":0,"uv":[10,3,12,3.5]}},"from":[4,18,4],"to":[12,20,12]},{"faces":{"down":{"texture":"#0","tintindex":0,"uv":[0.5,0.5,0.75,0.75]},"east":{"texture":"#0","tintindex":0,"uv":[9.75,2.5,12.25,3]},"north":{"texture":"#0","tintindex":0,"uv":[9.75,2.5,12.25,3]},"south":{"texture":"#0","tintindex":0,"uv":[9.75,2.5,12.25,3]},"up":{"texture":"#0","tintindex":0,"uv":[9.75,0,12.25,2.5]},"west":{"texture":"#0","tintindex":0,"uv":[9.75,2.5,12.25,3]}},"from":[3,20,3],"to":[13,22,13]},{"faces":{"down":{"texture":"#0","tintindex":0,"uv":[0,0,0.75,0]},"east":{"texture":"#0","tintindex":0,"uv":[0,0,0,2]},"north":{"texture":"#0","tintindex":0,"uv":[12.5,3.75,13.25,5.75]},"south":{"texture":"#0","tintindex":0,"uv":[13.25,3.75,12.5,5.75]},"up":{"texture":"#0","tintindex":0,"uv":[0,0,0.75,0]},"west":{"texture":"#0","tintindex":0,"uv":[0,0,0,2]}},"from":[-1,9,8],"to":[2,17,8]},{"faces":{"down":{"texture":"#0","tintindex":0,"uv":[0,0,0.75,0]},"east":{"texture":"#0","tintindex":0,"uv":[0,0,0,2]},"north":{"texture":"#0","tintindex":0,"uv":[13.25,3.75,12.5,5.75]},"south":{"texture":"#0","tintindex":0,"uv":[12.5,3.75,13.25,5.75]},"up":{"texture":"#0","tintindex":0,"uv":[0,0,0.75,0]},"west":{"texture":"#0","tintindex":0,"uv":[0,0,0,2]}},"from":[14,9,8],"to":[17,17,8]}],"groups":[{"children":[0,1,2,3,4,5],"name":"group","origin":[8,8,8]}],"textures":{"0":"custom/decorations/vases","particle":"custom/decorations/vases"}}