{"credit":"Made with Blockbench","display":{"firstperson_lefthand":{"rotation":[5,23,0],"translation":[9.5,-2.5,-6.75]},"firstperson_righthand":{"rotation":[5,23,0],"translation":[9.5,-2.5,-6.75]},"fixed":{"rotation":[-90,0,0],"scale":[2,2,2],"translation":[0,0,-16]},"ground":{"scale":[0.3,0.3,0.3],"translation":[0,1.75,0]},"gui":{"rotation":[30,45,0],"scale":[0.7,0.7,0.7],"translation":[0,-0.5,0]},"head":{"scale":[1.4,1.4,1.4],"translation":[0,17.5,0]},"thirdperson_lefthand":{"rotation":[16,-40,0],"scale":[0.2,0.2,0.2]},"thirdperson_righthand":{"rotation":[16,-40,0],"scale":[0.2,0.2,0.2]}},"elements":[{"faces":{"down":{"texture":"#0","tintindex":0,"uv":[0,0,2.5,2.5]},"east":{"texture":"#0","tintindex":0,"uv":[0.25,3.5,2.75,4]},"north":{"texture":"#0","tintindex":0,"uv":[0.25,3.5,2.75,4]},"south":{"texture":"#0","tintindex":0,"uv":[0.25,3.5,2.75,4]},"up":{"texture":"#0","tintindex":0,"uv":[0,0,2.5,2.5]},"west":{"texture":"#0","tintindex":0,"uv":[0.25,3.5,2.75,4]}},"from":[3,12,3],"to":[13,14,13]},{"faces":{"down":{"texture":"#0","tintindex":0,"uv":[0.5,0.5,0.75,1]},"east":{"texture":"#0","tintindex":0,"uv":[0,3,3,3.5]},"north":{"texture":"#0","tintindex":0,"uv":[0,3,3,3.5]},"south":{"texture":"#0","tintindex":0,"uv":[0,3,3,3.5]},"up":{"texture":"#0","tintindex":0,"uv":[0,0,3,3]},"west":{"texture":"#0","tintindex":0,"uv":[0,3,3,3.5]}},"from":[2,14,2],"to":[14,16,14]},{"faces":{"down":{"texture":"#0","tintindex":0,"uv":[0.5,0.5,0.75,1]},"east":{"texture":"#0","tintindex":0,"uv":[0,4,3,6.5]},"north":{"texture":"#0","tintindex":0,"uv":[0,4,3,6.5]},"south":{"texture":"#0","tintindex":0,"uv":[0,4,3,6.5]},"up":{"texture":"#0","tintindex":0,"uv":[0,0,3,3]},"west":{"texture":"#0","tintindex":0,"uv":[0,4,3,6.5]}},"from":[2,2,2],"to":[14,12,14]},{"faces":{"down":{"texture":"#0","tintindex":0,"uv":[0.5,0.5,0.75,1]},"east":{"texture":"#0","tintindex":0,"uv":[0.5,6.25,2.5,6.75]},"north":{"texture":"#0","tintindex":0,"uv":[0.5,6.25,2.5,6.75]},"south":{"texture":"#0","tintindex":0,"uv":[0.5,6.25,2.5,6.75]},"up":{"texture":"#0","tintindex":0,"uv":[0,0,2,2]},"west":{"texture":"#0","tintindex":0,"uv":[0.5,6.25,2.5,6.75]}},"from":[4,0,4],"to":[12,2,12]}],"groups":[{"children":[0,1,2,3],"name":"group","origin":[8,8,8]}],"textures":{"0":"custom/decorations/vases","particle":"custom/decorations/vases"}}