{"credit":"Made with Blockbench","display":{"firstperson_lefthand":{"rotation":[0,42,0],"translation":[10.75,0,-7]},"firstperson_righthand":{"rotation":[0,42,0],"translation":[10.75,0,-7]},"fixed":{"rotation":[-90,0,0],"scale":[2,2,2],"translation":[0,0,-16]},"ground":{"scale":[0.39,0.39,0.39],"translation":[0,2.75,0]},"gui":{"rotation":[30,45,0],"scale":[0.95,0.95,0.95],"translation":[0,0.75,0]},"head":{"translation":[0,14.75,0]},"thirdperson_lefthand":{"rotation":[61,61,0],"scale":[0.39,0.39,0.39],"translation":[0,1.25,1.25]},"thirdperson_righthand":{"rotation":[61,61,0],"scale":[0.39,0.39,0.39],"translation":[0,1.25,1.25]}},"elements":[{"faces":{"east":{"rotation":180,"texture":"#0","tintindex":0,"uv":[11,9.5,13,11.75]},"north":{"rotation":180,"texture":"#0","tintindex":0,"uv":[9,9.5,11,11.75]},"south":{"rotation":180,"texture":"#0","tintindex":0,"uv":[9,9.5,11,11.75]},"west":{"rotation":180,"texture":"#0","tintindex":0,"uv":[11,9.5,13,11.75]}},"from":[12.25,10.25,12.25],"rotation":{"angle":0,"axis":"y","origin":[20,18,20]},"to":[3.75,0.75,3.75]},{"faces":{"east":{"texture":"#0","tintindex":0,"uv":[11,9.5,13,11.75]},"north":{"texture":"#0","tintindex":0,"uv":[9,9.5,11,11.75]},"south":{"texture":"#0","tintindex":0,"uv":[9,9.5,11,11.75]},"west":{"texture":"#0","tintindex":0,"uv":[11,9.5,13,11.75]}},"from":[3.75,0.75,3.75],"rotation":{"angle":0,"axis":"y","origin":[12,9,12]},"to":[12.25,10.25,12.25]},{"faces":{"east":{"texture":"#0","uv":[5.25,9.25,6.75,9.5]},"north":{"texture":"#0","uv":[3.25,9.25,4.75,9.5]},"south":{"texture":"#0","uv":[3.25,9.25,4.75,9.5]},"west":{"texture":"#0","uv":[5.25,9.25,6.75,9.5]}},"from":[5,10,5],"rotation":{"angle":0,"axis":"y","origin":[13,18,13]},"to":[11,11,11]},{"faces":{"down":{"texture":"#0","uv":[0.5,9.5,0.75,9.75]},"east":{"texture":"#0","uv":[5,9.5,7,11.75]},"north":{"texture":"#0","uv":[3,9.5,5,11.75]},"south":{"texture":"#0","uv":[3,9.5,5,11.75]},"up":{"rotation":270,"texture":"#0","uv":[7,10,9,12]},"west":{"texture":"#0","uv":[5,9.5,7,11.75]}},"from":[4,1,4],"rotation":{"angle":0,"axis":"y","origin":[12,9,12]},"to":[12,10,12]},{"faces":{"down":{"texture":"#0","uv":[0.25,9.5,0.5,9.75]},"east":{"texture":"#0","uv":[5,8.75,7,9.25]},"north":{"texture":"#0","uv":[3,8.75,5,9.25]},"south":{"texture":"#0","uv":[3,8.75,5,9.25]},"up":{"rotation":90,"texture":"#0","uv":[7,10,9,12]},"west":{"texture":"#0","uv":[5,8.75,7,9.25]}},"from":[4,11,4],"rotation":{"angle":0,"axis":"y","origin":[12,19,12]},"to":[12,13,12]},{"faces":{"down":{"texture":"#0","uv":[0.5,9.5,0.75,9.75]},"east":{"texture":"#0","uv":[3.25,11.75,4.75,12]},"north":{"texture":"#0","uv":[3.25,11.75,4.75,12]},"south":{"texture":"#0","uv":[3.25,11.75,4.75,12]},"west":{"texture":"#0","uv":[3.25,11.75,4.75,12]}},"from":[5,0,5],"rotation":{"angle":0,"axis":"y","origin":[13,8,13]},"to":[11,1,11]}],"groups":[0,1,{"children":[2,3,4,5],"name":"group","origin":[13,8,13]}],"texture_size":[64,64],"textures":{"0":"custom/decorations/vases","particle":"custom/decorations/vases"}}