{"credit":"Made with Blockbench","display":{"firstperson_lefthand":{"translation":[22.5,-9.75,-21]},"firstperson_righthand":{"translation":[22.5,-9.75,-21]},"fixed":{"rotation":[-90,0,0],"scale":[4,4,4],"translation":[0,0,2]},"ground":{"scale":[0.2,0.2,0.2],"translation":[0,4.5,0]},"gui":{"rotation":[19,0,0],"scale":[0.4,0.4,0.4],"translation":[0,1.25,0]},"head":{"scale":[3.2,3.2,3.2],"translation":[0,8,0]},"thirdperson_lefthand":{"rotation":[90,0,0],"scale":[2,2,2],"translation":[-6,-2,-17]},"thirdperson_righthand":{"rotation":[90,0,0],"scale":[2,2,2],"translation":[-6,-2,-17]}},"elements":[{"faces":{"east":{"texture":"#1","uv":[7,7,0,9.75]},"north":{"texture":"#1","uv":[0,7,7,9.75]},"south":{"texture":"#1","uv":[0,7,7,9.75]},"up":{"texture":"#1","uv":[0,0,7,7]},"west":{"texture":"#1","uv":[0,7,7,9.75]}},"from":[1,18,1],"rotation":{"angle":0,"axis":"y","origin":[8,16,8]},"to":[15,24,15]},{"faces":{"down":{"texture":"#1","uv":[0,7,7,0]}},"from":[1,23.9,1],"rotation":{"angle":0,"axis":"y","origin":[8,16,8]},"to":[15,23.9,15]},{"faces":{"east":{"texture":"#0","uv":[0,0,16,16]},"north":{"texture":"#0","uv":[0,0,16,16]},"south":{"texture":"#0","uv":[0,0,16,16]},"west":{"texture":"#0","uv":[0,0,16,16]}},"from":[4,16,4],"rotation":{"angle":0,"axis":"y","origin":[8,16,8]},"to":[12,24,12]},{"faces":{"east":{"texture":"#0","uv":[0,0,16,16]},"north":{"texture":"#0","uv":[0,0,16,16]},"south":{"texture":"#0","uv":[0,0,16,16]},"west":{"texture":"#0","uv":[0,0,16,16]}},"from":[4,-8,4],"rotation":{"angle":0,"axis":"y","origin":[8,16,8]},"to":[12,0,12]},{"faces":{"east":{"texture":"#0","uv":[0,0,16,16]},"north":{"texture":"#0","uv":[0,0,16,16]},"south":{"texture":"#0","uv":[0,0,16,16]},"west":{"texture":"#0","uv":[0,0,16,16]}},"from":[4,-16,4],"rotation":{"angle":0,"axis":"y","origin":[8,16,8]},"to":[12,-8,12]},{"faces":{"east":{"texture":"#0","uv":[0,0,16,16]},"north":{"texture":"#0","uv":[0,0,16,16]},"south":{"texture":"#0","uv":[0,0,16,16]},"west":{"texture":"#0","uv":[0,0,16,16]}},"from":[4,0,4],"rotation":{"angle":0,"axis":"y","origin":[8,16,8]},"to":[12,8,12]},{"faces":{"east":{"texture":"#0","uv":[0,0,16,16]},"north":{"texture":"#0","uv":[0,0,16,16]},"south":{"texture":"#0","uv":[0,0,16,16]},"west":{"texture":"#0","uv":[0,0,16,16]}},"from":[4,8,4],"rotation":{"angle":0,"axis":"y","origin":[8,16,8]},"to":[12,16,12]}],"groups":[{"children":[0,1,2,3,4,5,6],"name":"group","origin":[8,8,8]}],"textures":{"0":"custom/decorations/water_pillar","1":"custom/decorations/water_pillar_top","particle":"custom/decorations/water_pillar"}}