{"credit":"Made with Blockbench","display":{"firstperson_lefthand":{"rotation":[0,123,0],"translation":[23,-7,-15.75]},"firstperson_righthand":{"rotation":[0,123,0],"translation":[13.5,-7,-15.75]},"fixed":{"translation":[0,-4.5,-5]},"ground":{"scale":[0.4,0.4,0.4],"translation":[0,1.75,0]},"gui":{"rotation":[0,180,0],"scale":[0.5,0.5,0.5],"translation":[-2.25,-3.25,0]},"head":{"scale":[1.6,1.6,1.6],"translation":[0,16.75,0]},"thirdperson_lefthand":{"rotation":[90,-90,0],"scale":[4,4,4],"translation":[-6,-2,56]},"thirdperson_righthand":{"rotation":[-90,90,0],"scale":[4,4,4],"translation":[-6,-2,-36]}},"elements":[{"faces":{"north":{"rotation":180,"texture":"#0","uv":[5.63,2.5,0.75,13.75]},"south":{"rotation":180,"texture":"#0","uv":[0.75,2.5,5.63,13.75]}},"from":[-2.25,5,8.35],"rotation":{"angle":0,"axis":"z","origin":[5,21,8]},"to":[7.5,27.5,8.35]},{"faces":{"north":{"rotation":180,"texture":"#0","uv":[5.63,2.5,0.75,13.75]},"south":{"rotation":180,"texture":"#0","uv":[0.75,2.5,5.63,13.75]}},"from":[-2.25,5,7.65],"rotation":{"angle":0,"axis":"z","origin":[5,21,8]},"to":[7.5,27.5,7.65]},{"faces":{"north":{"rotation":180,"texture":"#0","tintindex":0,"uv":[10.755,13.625,5.875,2.375]},"south":{"rotation":180,"texture":"#0","tintindex":0,"uv":[5.875,13.625,10.755,2.375]}},"from":[-2.25,5,8],"rotation":{"angle":0,"axis":"z","origin":[5,21,8]},"to":[7.5,27.5,8]},{"faces":{"down":{"rotation":180,"texture":"#0","uv":[0,0,0.375,0.25]},"east":{"rotation":180,"texture":"#0","uv":[0,0,1,1.5]},"north":{"rotation":180,"texture":"#0","uv":[0,0,1,1.5]},"south":{"rotation":180,"texture":"#0","uv":[0,0,1,1.5]},"up":{"rotation":180,"texture":"#0","uv":[0.25,0.75,0.375,0.875]},"west":{"rotation":180,"texture":"#0","uv":[0,0,1,1.5]}},"from":[7,0.25,7],"rotation":{"angle":0,"axis":"z","origin":[5,21,8]},"to":[9,3.25,9]},{"faces":{"down":{"rotation":180,"texture":"#0","uv":[0.75,13.75,5.25,14.5]},"east":{"rotation":180,"texture":"#0","uv":[0,14.375,0.75,15.125]},"north":{"rotation":180,"texture":"#0","uv":[5.25,13.75,0.75,14.5]},"south":{"rotation":180,"texture":"#0","uv":[0.75,13.75,5.25,14.5]},"up":{"texture":"#0","uv":[5.25,13.75,0.75,14.5]},"west":{"rotation":180,"texture":"#0","uv":[0,14.375,0.75,15.125]}},"from":[-1.75,27.5,7.25],"rotation":{"angle":0,"axis":"z","origin":[5,21,8]},"to":[7.25,29,8.75]},{"faces":{"down":{"rotation":180,"texture":"#0","uv":[0,14.375,0.75,15.125]},"east":{"rotation":180,"texture":"#0","uv":[11,1.5,11.75,14.5]},"north":{"rotation":180,"texture":"#0","uv":[0,1.5,0.75,14.5]},"south":{"rotation":180,"texture":"#0","uv":[0,1.5,0.75,14.5]},"up":{"rotation":180,"texture":"#0","uv":[0,14.375,0.75,15.125]},"west":{"rotation":180,"texture":"#0","uv":[11,1.5,11.75,14.5]}},"from":[7.25,3.25,7.25],"rotation":{"angle":0,"axis":"z","origin":[5,21,8]},"to":[8.75,29,8.75]}],"groups":[{"children":[0,1,2,3,4,5],"name":"group","origin":[8,8,8]}],"textures":{"0":"custom/decorations/windmill_blade"}}