{"credit":"Made with Blockbench","display":{"firstperson_lefthand":{"rotation":[9,109,-19],"translation":[4.5,2,-1.25]},"firstperson_righthand":{"rotation":[9,-69,19],"translation":[4.5,2,-1.25]},"fixed":{"rotation":[-90,0,0],"scale":[2,2,2],"translation":[2.25,0,-16.75]},"ground":{"scale":[0.4,0.4,0.4],"translation":[0,3.25,0]},"gui":{"rotation":[30,-24,0],"translation":[1,3,0]},"head":{"scale":[1.6,1.6,1.6],"translation":[0,19,0]},"thirdperson_lefthand":{"rotation":[60,88,0],"scale":[0.9,0.9,0.9],"translation":[0.25,4.5,0.5]},"thirdperson_righthand":{"rotation":[60,-88,0],"scale":[0.9,0.9,0.9],"translation":[0.25,4.5,0.5]}},"elements":[{"faces":{"down":{"texture":"#0","uv":[0,4.5,4,5]},"east":{"texture":"#0","uv":[4,0.5,4.5,4.5]},"north":{"texture":"#0","uv":[0,0.5,4,4.5]},"south":{"texture":"#0","uv":[4,4.5,8,8.5]},"up":{"texture":"#0","uv":[0,0,4,0.5]},"west":{"texture":"#0","uv":[4,0.5,4.5,4.5]}},"from":[4,0,4],"to":[12,8,5]},{"faces":{"down":{"rotation":180,"texture":"#0","uv":[0,4.5,4,5]},"east":{"texture":"#0","uv":[4,0.5,4.5,4.5]},"north":{"texture":"#0","uv":[4,4.5,8,8.5]},"south":{"texture":"#0","uv":[0,0.5,4,4.5]},"up":{"rotation":180,"texture":"#0","uv":[0,0,4,0.5]},"west":{"texture":"#0","uv":[4,0.5,4.5,4.5]}},"from":[4,0,11],"to":[12,8,12]},{"faces":{"down":{"rotation":90,"texture":"#0","uv":[0.5,4.5,3.5,5]},"east":{"texture":"#0","uv":[4.5,4.5,7.5,8.5]},"north":{"texture":"#0","uv":[4,0.5,4.5,4.5]},"south":{"texture":"#0","uv":[4,0.5,4.5,4.5]},"up":{"rotation":270,"texture":"#0","uv":[0.5,0,3.5,0.5]},"west":{"texture":"#0","uv":[4.5,0.5,7.5,4.5]}},"from":[4,0,5],"to":[5,8,11]},{"faces":{"down":{"rotation":270,"texture":"#0","uv":[0.5,4.5,3.5,5]},"east":{"texture":"#0","uv":[4.5,0.5,7.5,4.5]},"north":{"texture":"#0","uv":[4,0.5,4.5,4.5]},"south":{"texture":"#0","uv":[4,0.5,4.5,4.5]},"up":{"rotation":90,"texture":"#0","uv":[0.5,0,3.5,0.5]},"west":{"texture":"#0","uv":[4.5,4.5,7.5,8.5]}},"from":[11,0,5],"to":[12,8,11]},{"faces":{"down":{"texture":"#0","uv":[0.5,5,3.5,8]},"east":{"texture":"#0","uv":[0.5,4.5,3.5,5]},"north":{"texture":"#0","uv":[0.5,4.5,3.5,5]},"south":{"texture":"#0","uv":[0.5,4.5,3.5,5]},"up":{"texture":"#0","uv":[0.5,5,3.5,8]},"west":{"texture":"#0","uv":[0.5,4.5,3.5,5]}},"from":[5,0,5],"to":[11,1,11]},{"faces":{"down":{"rotation":180,"texture":"#0","uv":[8,2,11.5,2.5]},"east":{"texture":"#0","uv":[2,6,3,7]},"north":{"texture":"#0","uv":[8,1.5,11.5,2.5]},"south":{"rotation":180,"texture":"#0","uv":[8,2.5,11.5,1.5]},"up":{"rotation":180,"texture":"#0","uv":[8,0.5,11.5,1.5]},"west":{"texture":"#0","uv":[2,6,3,7]}},"from":[2.75,0,7],"rotation":{"angle":-45,"axis":"z","origin":[8,8,8]},"to":[9.75,2,9]},{"faces":{"north":{"texture":"#0","uv":[9.5,5,8,8]},"south":{"texture":"#0","uv":[8,5,9.5,8]}},"from":[12,2,8],"to":[15,8,8]}],"textures":{"0":"custom/decorations/wooden_watering_can","particle":"custom/decorations/wooden_watering_can"}}