{"credit":"Made with Blockbench","display":{"firstperson_lefthand":{"translation":[5,1.5,-2.5]},"firstperson_righthand":{"translation":[5,1.5,-2.5]},"fixed":{"rotation":[-90,0,0],"scale":[2,2,2],"translation":[0,0,-16]},"ground":{"scale":[0.4,0.4,0.4],"translation":[0,1,0]},"gui":{"rotation":[30,45,0],"scale":[1.2,1.2,1.2],"translation":[0,1.75,0]},"head":{"scale":[1.6,1.6,1.6],"translation":[0,2,0]},"thirdperson_lefthand":{"rotation":[38,0,0],"scale":[0.5,0.5,0.5],"translation":[0,1.5,1.5]},"thirdperson_righthand":{"rotation":[38,0,0],"scale":[0.5,0.5,0.5],"translation":[0,1.5,1.5]}},"elements":[{"faces":{"down":{"texture":"#0","uv":[10,0,4,6]},"up":{"texture":"#0","uv":[4,0,10,6]}},"from":[5,11,5],"to":[11,11,11]},{"faces":{"down":{"texture":"#0","uv":[6,2,8,4]},"east":{"texture":"#0","uv":[0,0,3,7]},"north":{"texture":"#0","uv":[0,0,3,7]},"south":{"texture":"#0","uv":[0,0,3,7]},"west":{"texture":"#0","uv":[0,0,3,7]}},"from":[6.5,4,6.5],"to":[9.5,11,9.5]},{"faces":{"down":{"texture":"#0","uv":[0,0,1,1]},"east":{"texture":"#0","uv":[1,7,2,11]},"north":{"texture":"#0","uv":[1,7,2,11]},"south":{"texture":"#0","uv":[1,7,2,11]},"up":{"texture":"#0","uv":[0,0,1,1]},"west":{"texture":"#0","uv":[1,7,2,11]}},"from":[7.5,0,7.5],"to":[8.5,4,8.5]}],"groups":[{"children":[0,1,2],"name":"group","origin":[8,8,8]}],"textures":{"0":"custom/decorations/wooden_sprinkler","particle":"custom/decorations/wooden_sprinkler"}}