{
	"parent": "item/generated",

	"credit": "This \"display\" section was half-brought to you by Blockbench. woo.",
	"display": {
		"thirdperson_righthand": {
			"rotation": [0, 90, 55],
			"translation": [0, 4, 2.5],
			"scale": [0, 0, 0]
		},
		"thirdperson_lefthand": {
			"rotation": [0, -90, -55],
			"translation": [0, 4, 2.5],
			"scale": [0, 0, 0]
		},
		"firstperson_righthand": {
			"translation": [0, 4.1, 1.7],
			"scale": [0.5, 0.5, 0.5]
		},
		"firstperson_lefthand": {
			"translation": [0, 4.1, 1.7],
			"scale": [0.5, 0.5, 0.5]
		}
	}
}