{"credit":"Made with Blockbench","display":{"firstperson_lefthand":{"rotation":[0,16,0],"translation":[9.5,-8.75,-7.25]},"firstperson_righthand":{"rotation":[0,16,0],"translation":[9.5,-8.75,-7.25]},"fixed":{"translation":[0,-8.5,0]},"ground":{"scale":[0.4,0.4,0.4],"translation":[0,5.75,0]},"gui":{"scale":[0.5,0.5,0.5],"translation":[0,-4,0]},"head":{"translation":[0,-30.25,4.5]},"thirdperson_lefthand":{"rotation":[90,0,0],"scale":[2,2,2],"translation":[-6,-2,-38]},"thirdperson_righthand":{"rotation":[90,0,0],"scale":[2,2,2],"translation":[-6,-2,-38]}},"elements":[{"faces":{"north":{"texture":"#0","uv":[0.25,6,5.75,14]},"south":{"texture":"#0","uv":[0.25,6,5.75,14]}},"from":[-3,0,8],"to":[19,32,8]}],"textures":{"0":"custom/decorations/or_banner","particle":"custom/decorations/or_banner"}}