{"credit":"Made with Blockbench","display":{"ground":{"scale":[0.4,0.4,0.4]},"gui":{"rotation":[18,180,0],"scale":[0.6,0.6,0.6],"translation":[-2.5,-1.25,0]},"head":{"scale":[3.2,3.2,3.2],"translation":[-23.25,0,0]}},"elements":[{"faces":{"east":{"texture":"#0","uv":[0,0,0.625,5.5]},"north":{"texture":"#0","uv":[0,0,0.625,5.5]},"south":{"texture":"#0","uv":[0,0,0.625,5.5]},"west":{"texture":"#0","uv":[0,0,0.625,5.5]}},"from":[13.75,-0.25,6.5],"to":[16.75,22.25,9.5]},{"faces":{"east":{"texture":"#0","uv":[0,0,0.625,5.5]},"north":{"texture":"#0","uv":[0,0,0.625,5.5]},"south":{"texture":"#0","uv":[0,0,0.625,5.5]},"west":{"texture":"#0","uv":[0,0,0.625,5.5]}},"from":[16.75,22.25,9.5],"to":[13.75,-0.25,6.5]},{"faces":{"north":{"texture":"#0","uv":[0.125,0,6.125,5.5]},"south":{"texture":"#0","uv":[6.125,0,0.125,5.5]}},"from":[-9,0,8],"to":[15,22,8]}],"textures":{"0":"custom/decorations/or_flag","particle":"custom/decorations/or_flag"}}