{
    "ambientocclusion": false,
    "textures": {
        "bottom": "block/oak_door_bottom",
        "top": "block/oak_door_top",
        "particle": "block/oak_door_top"
    },
    "elements": [{
            "from": [0, 16, 0],
            "to": [3, 32, 16],
            "faces": {
                "north": {
                    "uv": [3, 0, 0, 16],
                    "texture": "#top",
                    "cullface": "north"
                },
                "east": {
                    "uv": [16, 0, 0, 16],
                    "texture": "#top"
                },
                "south": {
                    "uv": [0, 0, 3, 16],
                    "texture": "#top",
                    "cullface": "south"
                },
                "west": {
                    "uv": [0, 0, 16, 16],
                    "texture": "#top",
                    "cullface": "west"
                },
                "up": {
                    "uv": [13, 0, 16, 16],
                    "texture": "#bottom",
                    "cullface": "up"
                }
            }
        }, {
            "from": [0, 0, 0],
            "to": [3, 16, 16],
            "faces": {
                "north": {
                    "uv": [3, 0, 0, 16],
                    "texture": "#bottom",
                    "cullface": "north"
                },
                "east": {
                    "uv": [16, 0, 0, 16],
                    "texture": "#bottom"
                },
                "south": {
                    "uv": [0, 0, 3, 16],
                    "texture": "#bottom",
                    "cullface": "south"
                },
                "west": {
                    "uv": [0, 0, 16, 16],
                    "texture": "#bottom",
                    "cullface": "west"
                },
                "down": {
                    "uv": [13, 0, 16, 16],
                    "texture": "#bottom",
                    "cullface": "down"
                }
            }
        }
    ]
}