{
	"credit": "DSprl",
	"textures": {
		"particle": "custom/long_table",
		"texture": "custom/long_table"
	},
	"elements": [
		{
			"name": "Box1",
			"from": [-2.9486, 6.875, 3.699],
			"to": [5.9514, 7.865, 12.179],
			"rotation": {"angle": 0, "axis": "z", "origin": [-10.625, 3.46875, 9.78125]},
			"faces": {
				"north": {"uv": [0, 10, 10.33333, 10.5], "texture": "#texture"},
				"east": {"uv": [0, 10, 4.16667, 10.5], "texture": "#texture"},
				"south": {"uv": [0, 10, 10.33333, 10.5], "texture": "#texture"},
				"west": {"uv": [0, 10, 4.16667, 10.5], "texture": "#texture"},
				"up": {"uv": [6.33333, 3.5, 10.33333, 7.33333], "texture": "#texture"},
				"down": {"uv": [6.33333, 3.5, 10.33333, 7.33333], "texture": "#texture"}
			}
		},
		{
			"name": "Box1",
			"from": [5.9514, 6.875, 3.6995],
			"to": [19.5764, 7.875, 12.1995],
			"rotation": {"angle": 0, "axis": "y", "origin": [-10.625, 3.46875, 9.78125]},
			"faces": {
				"north": {"uv": [0, 10, 10.33333, 10.5], "texture": "#texture"},
				"east": {"uv": [0, 10, 4.16667, 10.5], "texture": "#texture"},
				"south": {"uv": [0, 10, 10.33333, 10.5], "texture": "#texture"},
				"west": {"uv": [0, 10, 4.16667, 10.5], "texture": "#texture"},
				"up": {"uv": [0, 3.5, 7.5, 7.33333], "texture": "#texture"},
				"down": {"uv": [0, 3.5, 7.5, 7.33333], "texture": "#texture"}
			}
		},
		{
			"name": "Box1",
			"from": [-3.0312, 3.4688, 5.286],
			"to": [-2.2812, 7.0938, 7.12975],
			"rotation": {"angle": 0, "axis": "y", "origin": [-10.625, 3.46875, 9.78125]},
			"faces": {
				"north": {"uv": [1.16667, 7.16667, 3, 7.66667], "rotation": 90, "texture": "#texture"},
				"east": {"uv": [0.66667, 8, 2.5, 9], "rotation": 90, "texture": "#texture"},
				"south": {"uv": [1.16667, 7.16667, 3, 7.66667], "rotation": 90, "texture": "#texture"},
				"west": {"uv": [5.16667, 3.33333, 7, 4.33333], "rotation": 90, "texture": "#texture"},
				"up": {"uv": [1.16667, 7.16667, 3, 7.66667], "rotation": 90, "texture": "#texture"},
				"down": {"uv": [1.16667, 7.16667, 3, 7.66667], "rotation": 90, "texture": "#texture"}
			}
		},
		{
			"name": "Box1",
			"from": [-3.0312, -0.1876, 5.0145],
			"to": [-2.2812, 1.65615, 6.73325],
			"rotation": {"angle": 0, "axis": "y", "origin": [-10.625, 3.25, 9.78125]},
			"faces": {
				"north": {"uv": [3, 7.83333, 1.83333, 8.33333], "rotation": 270, "texture": "#texture"},
				"east": {"uv": [3, 8.5, 2.16667, 7.66667], "rotation": 90, "texture": "#texture"},
				"south": {"uv": [3, 7.83333, 1.83333, 8.33333], "rotation": 270, "texture": "#texture"},
				"west": {"uv": [3, 8.16667, 2.16667, 7.33333], "rotation": 90, "texture": "#texture"},
				"up": {"uv": [3, 7.83333, 1.83333, 8.33333], "rotation": 270, "texture": "#texture"},
				"down": {"uv": [3, 7.83333, 1.83333, 8.33333], "rotation": 270, "texture": "#texture"}
			}
		},
		{
			"name": "Box1",
			"from": [-3.0312, -0.1876, 9.0249],
			"to": [-2.2812, 1.65615, 10.74365],
			"rotation": {"angle": 0, "axis": "y", "origin": [-10.625, 3.25, 9.78125]},
			"faces": {
				"north": {"uv": [3, 7.83333, 1.83333, 8.33333], "rotation": 270, "texture": "#texture"},
				"east": {"uv": [3, 8.5, 2.16667, 7.66667], "rotation": 90, "texture": "#texture"},
				"south": {"uv": [3, 7.83333, 1.83333, 8.33333], "rotation": 270, "texture": "#texture"},
				"west": {"uv": [3, 8.5, 2.16667, 7.66667], "rotation": 90, "texture": "#texture"},
				"up": {"uv": [14, 3.66667, 15, 4.16667], "texture": "#texture"},
				"down": {"uv": [14, 3.66667, 15, 4.16667], "texture": "#texture"}
			}
		},
		{
			"name": "Box1",
			"from": [-3.0312, 1.6562, 5.1746],
			"to": [-2.2812, 3.49995, 10.58085],
			"rotation": {"angle": 0, "axis": "y", "origin": [-10.625, 3.46875, 9.78125]},
			"faces": {
				"north": {"uv": [12.66667, 11.5, 13.66667, 12], "rotation": 90, "texture": "#texture"},
				"east": {"uv": [12.66667, 11.5, 13.66667, 14.33333], "rotation": 90, "texture": "#texture"},
				"south": {"uv": [12.66667, 11.5, 13.66667, 12], "rotation": 90, "texture": "#texture"},
				"west": {"uv": [12.66667, 11.5, 13.66667, 14.33333], "rotation": 90, "texture": "#texture"},
				"up": {"uv": [13, 11.5, 13.5, 14.33333], "rotation": 90, "texture": "#texture"},
				"down": {"uv": [13, 11.5, 13.5, 14.33333], "rotation": 90, "texture": "#texture"}
			}
		},
		{
			"name": "Box1",
			"from": [-3.625, 3.4688, 7.25],
			"to": [20.03125, 4.7188, 8.4375],
			"rotation": {"angle": 0, "axis": "y", "origin": [-10.625, 3.46875, 9.78125]},
			"faces": {
				"north": {"uv": [0, 10.16667, 11.5, 10.83333], "rotation": 180, "texture": "#texture"},
				"east": {"uv": [6.16667, 11.16667, 6.83333, 11.83333], "texture": "#texture"},
				"south": {"uv": [0, 10.16667, 11.5, 10.83333], "texture": "#texture"},
				"west": {"uv": [6.16667, 11.16667, 6.83333, 11.83333], "texture": "#texture"},
				"up": {"uv": [0, 10, 11.5, 10.66667], "rotation": 180, "texture": "#texture"},
				"down": {"uv": [0, 10.16667, 11.5, 10.83333], "texture": "#texture"}
			}
		},
		{
			"name": "Box1",
			"from": [-3.0312, 3.5, 8.5441],
			"to": [-2.2812, 7.125, 10.38785],
			"rotation": {"angle": 0, "axis": "y", "origin": [-10.625, 3.5, 9.78125]},
			"faces": {
				"north": {"uv": [1.16667, 7.16667, 3, 7.66667], "rotation": 90, "texture": "#texture"},
				"east": {"uv": [0.83333, 8.16667, 2.66667, 9.16667], "rotation": 90, "texture": "#texture"},
				"south": {"uv": [1.16667, 7.16667, 3, 7.66667], "rotation": 90, "texture": "#texture"},
				"west": {"uv": [3.83333, 2.33333, 5.66667, 3.33333], "rotation": 90, "texture": "#texture"},
				"up": {"uv": [1.16667, 7.16667, 3, 7.66667], "rotation": 90, "texture": "#texture"},
				"down": {"uv": [1.16667, 7.16667, 3, 7.66667], "rotation": 90, "texture": "#texture"}
			}
		},
		{
			"name": "Box1",
			"from": [18.4063, -0.1876, 4.9832],
			"to": [19.1563, 1.65615, 6.70195],
			"rotation": {"angle": 0, "axis": "y", "origin": [4.8125, 3.25, 25.25]},
			"faces": {
				"north": {"uv": [3, 7.83333, 1.83333, 8.33333], "rotation": 270, "texture": "#texture"},
				"east": {"uv": [3, 8.5, 2.16667, 7.66667], "rotation": 90, "texture": "#texture"},
				"south": {"uv": [3, 7.83333, 1.83333, 8.33333], "rotation": 270, "texture": "#texture"},
				"west": {"uv": [3, 8.16667, 2.16667, 7.33333], "rotation": 90, "texture": "#texture"},
				"up": {"uv": [3, 7.83333, 1.83333, 8.33333], "rotation": 270, "texture": "#texture"},
				"down": {"uv": [3, 7.83333, 1.83333, 8.33333], "rotation": 270, "texture": "#texture"}
			}
		},
		{
			"name": "Box1",
			"from": [18.4063, -0.1876, 8.9936],
			"to": [19.1563, 1.65615, 10.71235],
			"rotation": {"angle": 0, "axis": "y", "origin": [4.8125, 3.25, 25.25]},
			"faces": {
				"north": {"uv": [3, 7.83333, 1.83333, 8.33333], "rotation": 270, "texture": "#texture"},
				"east": {"uv": [3, 7.66667, 2.16667, 8.5], "rotation": 90, "texture": "#texture"},
				"south": {"uv": [3, 7.83333, 1.83333, 8.33333], "rotation": 270, "texture": "#texture"},
				"west": {"uv": [3, 8.5, 2.16667, 7.66667], "rotation": 90, "texture": "#texture"},
				"up": {"uv": [14, 3.66667, 15, 4.16667], "texture": "#texture"},
				"down": {"uv": [14, 3.66667, 15, 4.16667], "texture": "#texture"}
			}
		},
		{
			"name": "Box1",
			"from": [18.4063, 1.6562, 5.1433],
			"to": [19.1563, 3.49995, 10.54955],
			"rotation": {"angle": 0, "axis": "y", "origin": [4.8125, 3.46875, 25.25]},
			"faces": {
				"north": {"uv": [12.66667, 11.5, 13.66667, 12], "rotation": 90, "texture": "#texture"},
				"east": {"uv": [12.66667, 14.33333, 13.66667, 11.5], "rotation": 90, "texture": "#texture"},
				"south": {"uv": [12.66667, 11.5, 13.66667, 12], "rotation": 90, "texture": "#texture"},
				"west": {"uv": [12.66667, 11.5, 13.66667, 14.33333], "rotation": 90, "texture": "#texture"},
				"up": {"uv": [13, 11.5, 13.5, 14.33333], "rotation": 90, "texture": "#texture"},
				"down": {"uv": [13, 11.5, 13.5, 14.33333], "rotation": 90, "texture": "#texture"}
			}
		},
		{
			"name": "Box1",
			"from": [18.4063, 3.5, 8.5128],
			"to": [19.1563, 7.125, 10.35655],
			"rotation": {"angle": 0, "axis": "y", "origin": [4.8125, 3.5, 25.25]},
			"faces": {
				"north": {"uv": [1.16667, 7.16667, 3, 7.66667], "rotation": 90, "texture": "#texture"},
				"east": {"uv": [3.83333, 2.33333, 5.66667, 3.33333], "rotation": 90, "texture": "#texture"},
				"south": {"uv": [1.16667, 7.16667, 3, 7.66667], "rotation": 90, "texture": "#texture"},
				"west": {"uv": [3.83333, 2.33333, 5.66667, 3.33333], "rotation": 90, "texture": "#texture"},
				"up": {"uv": [1.16667, 7.16667, 3, 7.66667], "rotation": 90, "texture": "#texture"},
				"down": {"uv": [1.16667, 7.16667, 3, 7.66667], "rotation": 90, "texture": "#texture"}
			}
		},
		{
			"name": "Box1",
			"from": [18.4063, 3.4688, 5.2548],
			"to": [19.1563, 7.0938, 7.09855],
			"rotation": {"angle": 0, "axis": "y", "origin": [4.8125, 3.46875, 25.25]},
			"faces": {
				"north": {"uv": [1.16667, 7.16667, 3, 7.66667], "rotation": 90, "texture": "#texture"},
				"east": {"uv": [5.16667, 3.5, 7, 4.5], "rotation": 90, "texture": "#texture"},
				"south": {"uv": [1.16667, 7.16667, 3, 7.66667], "rotation": 90, "texture": "#texture"},
				"west": {"uv": [5.16667, 3.33333, 7, 4.33333], "rotation": 90, "texture": "#texture"},
				"up": {"uv": [1.16667, 7.16667, 3, 7.66667], "rotation": 90, "texture": "#texture"},
				"down": {"uv": [1.16667, 7.16667, 3, 7.66667], "rotation": 90, "texture": "#texture"}
			}
		}
	],
	"display": {
		"fixed": {
			"rotation": [-90, 0, 0],
			"translation": [0, 0, -15],
			"scale": [2, 2, 2]
		}
	}
}