{
	"credit": "DSprl",
	"textures": {
		"particle": "custom/bed/bed_frame1",
		"frame": "custom/bed/bed_frame1",
		"sheet": "custom/bed/bed_sheet",
		"color": "custom/bed/cortinas"
	},
	"elements": [
		{
			"name": "Box1",
			"from": [-13.9978, -13.3312, -6.6894],
			"to": [30.3311, -6.9985, 22.641],
			"rotation": {"angle": 0, "axis": "y", "origin": [0, 0, 7.975]},
			"faces": {
				"north": {"uv": [0, 2.22222, 15.55556, 4.44445], "texture": "#frame"},
				"east": {"uv": [0, 0, 10.22222, 2.22222], "texture": "#frame"},
				"south": {"uv": [0, 2.22222, 15.55556, 4.44445], "texture": "#frame"},
				"west": {"uv": [0, 0, 10.22222, 2.22222], "texture": "#frame"},
				"up": {"uv": [15.55556, 14.66667, 0, 4.44445], "rotation": 270, "texture": "#frame"},
				"down": {"uv": [15.55556, 14.66667, 0, 4.44445], "rotation": 270, "texture": "#frame"}
			}
		},
		{
			"name": "Box1",
			"from": [17.6688, -6.9985, -5.8895],
			"to": [29.6645, -5.9986, 21.8411],
			"rotation": {"angle": 0, "axis": "y", "origin": [0, 0, 7.975]},
			"faces": {
				"north": {"uv": [0, 0, 14.88889, 0.55556], "rotation": 90, "texture": "#sheet"},
				"east": {"uv": [14.88889, 0, 14.44444, 9.55556], "rotation": 270, "texture": "#sheet"},
				"south": {"uv": [0, 0, 14.88889, 0.55556], "rotation": 90, "texture": "#sheet"},
				"west": {"uv": [14.88889, 0, 14.44444, 9.55556], "rotation": 270, "texture": "#sheet"},
				"up": {"uv": [0, 0, 14.88889, 9.55556], "rotation": 270, "texture": "#sheet"},
				"down": {"uv": [0, 0, 14.88889, 9.55556], "rotation": 90, "texture": "#sheet"}
			}
		},
		{
			"name": "asd",
			"from": [-13.6645, -6.9985, -6.0228],
			"to": [11.999, -5.332, 21.9744],
			"rotation": {"angle": 0, "axis": "y", "origin": [0, 0, 7.975]},
			"faces": {
				"north": {"uv": [2.11111, 8.77778, 11.11111, 9.55556], "texture": "#color", "tintindex": 0},
				"east": {"uv": [0, 0, 0.55556, 9.55556], "rotation": 90, "texture": "#color", "tintindex": 0},
				"south": {"uv": [2.11111, 8.77778, 11.11111, 9.55556], "rotation": 180, "texture": "#color", "tintindex": 0},
				"west": {"uv": [10.55556, 0, 11.11111, 9.55556], "rotation": 90, "texture": "#color", "tintindex": 0},
				"up": {"uv": [2.11111, 0, 11.11111, 9.55556], "rotation": 180, "texture": "#color", "tintindex": 0},
				"down": {"uv": [0, 0, 11.11111, 9.55556], "rotation": 90, "texture": "#color", "tintindex": 0}
			}
		},
		{
			"name": "asd2",
			"from": [11.9355, -6.9985, -6.0228],
			"to": [17.999, -5.332, 21.9744],
			"rotation": {"angle": 0, "axis": "y", "origin": [0, 0, 7.975]},
			"faces": {
				"north": {"uv": [0, 8.77778, 1.88889, 9.55556], "texture": "#color"},
				"east": {"uv": [0, 0, 0.55556, 9.55556], "rotation": 90, "texture": "#color"},
				"south": {"uv": [0, 8.77778, 2, 9.55556], "rotation": 180, "texture": "#color"},
				"west": {"uv": [10.55556, 0, 11.11111, 9.55556], "rotation": 90, "texture": "#color"},
				"up": {"uv": [0, 0, 2, 9.55556], "rotation": 180, "texture": "#color"},
				"down": {"uv": [0, 0, 11.11111, 9.55556], "rotation": 90, "texture": "#color"}
			}
		},
		{
			"name": "Box1",
			"from": [18.3895, -8.9411, -1.0233],
			"to": [28.0552, -3.9416, 17.9748],
			"rotation": {"angle": 22.5, "axis": "z", "origin": [19.3322, -4.3321, -1.0233]},
			"faces": {
				"north": {"uv": [0, 9.55555, 3.33333, 11.44444], "rotation": 180, "texture": "#sheet"},
				"east": {"uv": [3.33333, 9.55555, 9.55556, 11.44444], "rotation": 180, "texture": "#sheet"},
				"south": {"uv": [0, 9.55555, 3.33333, 11.44444], "rotation": 180, "texture": "#sheet"},
				"west": {"uv": [3.33333, 9.55555, 9.55556, 11.44444], "rotation": 180, "texture": "#sheet"},
				"up": {"uv": [0, 11.44444, 6.22222, 14.88889], "rotation": 270, "texture": "#sheet"},
				"down": {"uv": [0, 11.44444, 6.22222, 14.88889], "rotation": 270, "texture": "#sheet"}
			}
		},
		{
			"name": "Box1",
			"from": [-14.3311, -0.9992, 20.9745],
			"to": [-12.3313, 23.3317, 22.9743],
			"rotation": {"angle": 0, "axis": "y", "origin": [0, 0, 7.975]},
			"faces": {
				"north": {"uv": [8.77778, 15.33333, 0.66667, 14.66667], "rotation": 270, "texture": "#frame"},
				"east": {"uv": [8.77778, 14.66667, 0.66667, 15.33333], "rotation": 270, "texture": "#frame"},
				"south": {"uv": [8.77778, 15.33333, 0.66667, 14.66667], "rotation": 270, "texture": "#frame"},
				"west": {"uv": [8.77778, 14.66667, 0.66667, 15.33333], "rotation": 270, "texture": "#frame"},
				"up": {"uv": [14.66667, 16, 0, 0], "rotation": 270, "texture": "#frame"},
				"down": {"uv": [1.33333, 0, 16, 16], "rotation": 90, "texture": "#frame"}
			}
		},
		{
			"name": "Box1",
			"from": [28.6646, -15.9977, 20.6412],
			"to": [31.331, -0.9992, 23.3076],
			"rotation": {"angle": 0, "axis": "y", "origin": [0, 0, 7.975]},
			"faces": {
				"north": {"uv": [11.11111, 1.33333, 15.88889, 2.22222], "rotation": 90, "texture": "#frame"},
				"east": {"uv": [11.11111, 2.22222, 15.88889, 1.33333], "rotation": 90, "texture": "#frame"},
				"south": {"uv": [11.11111, 1.33333, 15.88889, 2.22222], "rotation": 90, "texture": "#frame"},
				"west": {"uv": [11.11111, 2.22222, 15.88889, 1.33333], "rotation": 90, "texture": "#frame"},
				"up": {"uv": [11.11111, 2.22222, 10.22222, 1.33333], "rotation": 270, "texture": "#frame"},
				"down": {"uv": [11.11111, 2.22222, 10.22222, 1.33333], "rotation": 270, "texture": "#frame"}
			}
		},
		{
			"name": "Box1",
			"from": [29.2645, -7.332, -5.023],
			"to": [29.5978, 23.6649, 20.9744],
			"rotation": {"angle": 0, "axis": "y", "origin": [0, 0, 7.975]},
			"faces": {
				"north": {"uv": [1, 0, 2, 16], "rotation": 270, "texture": "#frame"},
				"east": {"uv": [0, 4.44445, 15.55556, 14.66667], "rotation": 90, "texture": "#frame"},
				"south": {"uv": [14.5, 0, 15.5, 16], "rotation": 90, "texture": "#frame"},
				"west": {"uv": [0, 4.44445, 15.55556, 14.66667], "rotation": 90, "texture": "#frame"},
				"up": {"uv": [14.66667, 16, 0, 0], "rotation": 270, "texture": "#frame"},
				"down": {"uv": [1.33333, 0, 16, 16], "rotation": 90, "texture": "#frame"}
			}
		},
		{
			"name": "Box1",
			"from": [-14.6641, 23.9984, -7.0227],
			"to": [30.998, 27.6647, -5.0229],
			"rotation": {"angle": 0, "axis": "y", "origin": [0, 0, 7.975]},
			"faces": {
				"north": {"uv": [0, 2.55556, 15.55556, 3.88889], "texture": "#frame"},
				"east": {"uv": [8.44444, 0.88889, 9.77778, 1.66667], "rotation": 270, "texture": "#frame"},
				"south": {"uv": [0, 2.55556, 15.55556, 3.88889], "texture": "#frame"},
				"west": {"uv": [8.44444, 0.88889, 9.77778, 1.66667], "rotation": 270, "texture": "#frame"},
				"up": {"uv": [0, 2.55556, 15.55556, 3.55556], "texture": "#frame"},
				"down": {"uv": [0, 2.55556, 15.55556, 3.55556], "texture": "#frame"}
			}
		},
		{
			"name": "Box1",
			"from": [-14.9974, 27.6647, -7.356],
			"to": [31.3313, 28.3313, -4.6896],
			"rotation": {"angle": 0, "axis": "y", "origin": [0, 0, 7.975]},
			"faces": {
				"north": {"uv": [0, 4.22222, 15.55556, 4.44444], "rotation": 180, "texture": "#frame"},
				"east": {"uv": [0.77778, 2.44445, 1.77778, 2.66667], "texture": "#frame"},
				"south": {"uv": [0, 4.22222, 15.55556, 4.44444], "rotation": 180, "texture": "#frame"},
				"west": {"uv": [0.77778, 2.44445, 1.77778, 2.66667], "texture": "#frame"},
				"up": {"uv": [0, 2.55556, 15.55556, 3.88889], "texture": "#frame"},
				"down": {"uv": [0, 2.55556, 15.55556, 3.88889], "texture": "#frame"}
			}
		},
		{
			"name": "Box1",
			"from": [-14.3311, 23.9984, -5.023],
			"to": [-12.3313, 27.6647, 20.9744],
			"rotation": {"angle": 0, "axis": "y", "origin": [0, 0, 7.975]},
			"faces": {
				"north": {"uv": [8.55556, 0.44444, 3.55556, 1.77778], "rotation": 90, "texture": "#frame"},
				"east": {"uv": [0.11111, 0.33333, 9.66667, 1.66667], "texture": "#frame"},
				"south": {"uv": [8.55556, 0.44444, 3.55556, 1.77778], "rotation": 90, "texture": "#frame"},
				"west": {"uv": [0.66667, 0.33333, 10.22222, 1.66667], "texture": "#frame"},
				"up": {"uv": [12, 10.88889, 8.88889, 10.11111], "rotation": 270, "texture": "#frame"},
				"down": {"uv": [12, 10.88889, 8.88889, 10.11111], "rotation": 270, "texture": "#frame"}
			}
		},
		{
			"name": "Box1",
			"from": [-15.9973, 28.3313, -8.0226],
			"to": [31.9979, 28.9979, -4.6896],
			"rotation": {"angle": 0, "axis": "y", "origin": [0, 0, 7.975]},
			"faces": {
				"north": {"uv": [0, 2.22222, 15.55556, 2.44445], "texture": "#frame"},
				"east": {"uv": [0, 2.44445, 1.55556, 2.66667], "rotation": 180, "texture": "#frame"},
				"south": {"uv": [0, 2.22222, 15.55556, 2.44445], "texture": "#frame"},
				"west": {"uv": [0, 2.44445, 1.55556, 2.66667], "rotation": 180, "texture": "#frame"},
				"up": {"uv": [0, 2.55556, 15.55556, 3.88889], "texture": "#frame"},
				"down": {"uv": [0, 2.55556, 15.55556, 3.88889], "texture": "#frame"}
			}
		},
		{
			"name": "Box1",
			"from": [-15.9976, 28.3313, -4.6897],
			"to": [-11.998, 28.9979, 20.6411],
			"rotation": {"angle": 0, "axis": "y", "origin": [0, 0, 7.975]},
			"faces": {
				"north": {"uv": [1, 0, 2, 16], "rotation": 270, "texture": "#frame"},
				"east": {"uv": [10.22222, 0.33333, 0, 0.11111], "rotation": 180, "texture": "#frame"},
				"south": {"uv": [14, 0, 15, 16], "rotation": 90, "texture": "#frame"},
				"west": {"uv": [10.22222, 0.33333, 0, 0.11111], "rotation": 180, "texture": "#frame"},
				"up": {"uv": [0.11111, 0.55556, 9.88889, 1.88889], "rotation": 270, "texture": "#frame"},
				"down": {"uv": [1.22222, 2.55556, 11, 3.88889], "rotation": 270, "texture": "#frame"}
			}
		},
		{
			"name": "Box1",
			"from": [-14.9977, 23.3318, -4.6897],
			"to": [-11.998, 23.9984, 20.6411],
			"rotation": {"angle": 0, "axis": "y", "origin": [0, 0, 7.975]},
			"faces": {
				"north": {"uv": [4, 0.33333, 5.11111, 1.55556], "rotation": 90, "texture": "#frame"},
				"east": {"uv": [10.22222, 0.33333, 0, 0.11111], "rotation": 180, "texture": "#frame"},
				"south": {"uv": [4, 0.33333, 5.11111, 1.55556], "rotation": 90, "texture": "#frame"},
				"west": {"uv": [10.22222, 0.33333, 0, 0.11111], "rotation": 180, "texture": "#frame"},
				"up": {"uv": [0, 0.55556, 10.11111, 1.55556], "rotation": 90, "texture": "#frame"},
				"down": {"uv": [0, 0.55556, 10.11111, 1.55556], "rotation": 90, "texture": "#frame"}
			}
		},
		{
			"name": "Box1",
			"from": [-14.3311, -0.9992, -7.0227],
			"to": [-12.3313, 23.3317, -5.0229],
			"rotation": {"angle": 0, "axis": "y", "origin": [0, 0, 7.975]},
			"faces": {
				"north": {"uv": [8.77778, 15.33333, 0.66667, 14.66667], "rotation": 270, "texture": "#frame"},
				"east": {"uv": [8.77778, 14.66667, 0.66667, 15.33333], "rotation": 270, "texture": "#frame"},
				"south": {"uv": [8.77778, 15.33333, 0.66667, 14.66667], "rotation": 270, "texture": "#frame"},
				"west": {"uv": [8.77778, 14.66667, 0.66667, 15.33333], "rotation": 270, "texture": "#frame"},
				"up": {"uv": [14.66667, 16, 0, 0], "rotation": 270, "texture": "#frame"},
				"down": {"uv": [1.33333, 0, 16, 16], "rotation": 90, "texture": "#frame"}
			}
		},
		{
			"name": "Box1",
			"from": [28.9979, -0.9992, 20.9745],
			"to": [30.9977, 23.3317, 22.9743],
			"rotation": {"angle": 0, "axis": "y", "origin": [0, 0, 7.975]},
			"faces": {
				"north": {"uv": [8.77778, 15.33333, 0.66667, 14.66667], "rotation": 270, "texture": "#frame"},
				"east": {"uv": [8.77778, 14.66667, 0.66667, 15.33333], "rotation": 270, "texture": "#frame"},
				"south": {"uv": [8.77778, 15.33333, 0.66667, 14.66667], "rotation": 270, "texture": "#frame"},
				"west": {"uv": [8.77778, 14.66667, 0.66667, 15.33333], "rotation": 270, "texture": "#frame"},
				"up": {"uv": [14.66667, 16, 0, 0], "rotation": 270, "texture": "#frame"},
				"down": {"uv": [1.33333, 0, 16, 16], "rotation": 90, "texture": "#frame"}
			}
		},
		{
			"name": "Box1",
			"from": [28.9979, -0.9992, -7.0227],
			"to": [30.9977, 23.3317, -5.0229],
			"rotation": {"angle": 0, "axis": "y", "origin": [0, 0, 7.975]},
			"faces": {
				"north": {"uv": [8.77778, 15.33333, 0.66667, 14.66667], "rotation": 270, "texture": "#frame"},
				"east": {"uv": [8.77778, 14.66667, 0.66667, 15.33333], "rotation": 270, "texture": "#frame"},
				"south": {"uv": [8.77778, 15.33333, 0.66667, 14.66667], "rotation": 270, "texture": "#frame"},
				"west": {"uv": [8.77778, 14.66667, 0.66667, 15.33333], "rotation": 270, "texture": "#frame"},
				"up": {"uv": [14.66667, 16, 0, 0], "rotation": 270, "texture": "#frame"},
				"down": {"uv": [1.33333, 0, 16, 16], "rotation": 90, "texture": "#frame"}
			}
		},
		{
			"name": "Box1",
			"from": [28.6646, -15.9977, -7.356],
			"to": [31.331, -0.9992, -4.6896],
			"rotation": {"angle": 0, "axis": "y", "origin": [0, 0, 7.975]},
			"faces": {
				"north": {"uv": [11.11111, 1.33333, 15.88889, 2.22222], "rotation": 90, "texture": "#frame"},
				"east": {"uv": [11.11111, 2.22222, 15.88889, 1.33333], "rotation": 90, "texture": "#frame"},
				"south": {"uv": [11.11111, 1.33333, 15.88889, 2.22222], "rotation": 90, "texture": "#frame"},
				"west": {"uv": [11.11111, 2.22222, 15.88889, 1.33333], "rotation": 90, "texture": "#frame"},
				"up": {"uv": [11.11111, 2.22222, 10.22222, 1.33333], "rotation": 270, "texture": "#frame"},
				"down": {"uv": [11.11111, 2.22222, 10.22222, 1.33333], "rotation": 270, "texture": "#frame"}
			}
		},
		{
			"name": "Box1",
			"from": [-14.6644, -15.9977, 20.6412],
			"to": [-11.998, -0.9992, 23.3076],
			"rotation": {"angle": 0, "axis": "y", "origin": [0, 0, 7.975]},
			"faces": {
				"north": {"uv": [11.11111, 1.33333, 15.88889, 2.22222], "rotation": 90, "texture": "#frame"},
				"east": {"uv": [11.11111, 2.22222, 15.88889, 1.33333], "rotation": 90, "texture": "#frame"},
				"south": {"uv": [11.11111, 1.33333, 15.88889, 2.22222], "rotation": 90, "texture": "#frame"},
				"west": {"uv": [11.11111, 2.22222, 15.88889, 1.33333], "rotation": 90, "texture": "#frame"},
				"up": {"uv": [11.11111, 2.22222, 10.22222, 1.33333], "rotation": 270, "texture": "#frame"},
				"down": {"uv": [11.11111, 2.22222, 10.22222, 1.33333], "rotation": 270, "texture": "#frame"}
			}
		},
		{
			"name": "Box1",
			"from": [-14.6644, -15.9977, -7.356],
			"to": [-11.998, -0.9992, -4.6896],
			"rotation": {"angle": 0, "axis": "y", "origin": [0, 0, 7.975]},
			"faces": {
				"north": {"uv": [11.11111, 1.33333, 15.88889, 2.22222], "rotation": 90, "texture": "#frame"},
				"east": {"uv": [11.11111, 2.22222, 15.88889, 1.33333], "rotation": 90, "texture": "#frame"},
				"south": {"uv": [11.11111, 1.33333, 15.88889, 2.22222], "rotation": 90, "texture": "#frame"},
				"west": {"uv": [11.11111, 2.22222, 15.88889, 1.33333], "rotation": 90, "texture": "#frame"},
				"up": {"uv": [11.11111, 2.22222, 10.22222, 1.33333], "rotation": 270, "texture": "#frame"},
				"down": {"uv": [11.11111, 2.22222, 10.22222, 1.33333], "rotation": 270, "texture": "#frame"}
			}
		},
		{
			"name": "Box1",
			"from": [-14.9977, 27.6647, -4.6897],
			"to": [-11.998, 28.3313, 20.6411],
			"rotation": {"angle": 0, "axis": "y", "origin": [0, 0, 7.975]},
			"faces": {
				"north": {"uv": [4, 0.33333, 5.11111, 1.55556], "rotation": 90, "texture": "#frame"},
				"east": {"uv": [10.22222, 0.33333, 0, 0.11111], "rotation": 180, "texture": "#frame"},
				"south": {"uv": [4, 0.33333, 5.11111, 1.55556], "rotation": 90, "texture": "#frame"},
				"west": {"uv": [10.22222, 1.77778, 0, 1.55556], "texture": "#frame"},
				"up": {"uv": [0, 0.55556, 10.11111, 1.55556], "rotation": 90, "texture": "#frame"},
				"down": {"uv": [0, 0.55556, 10.11111, 1.55556], "rotation": 90, "texture": "#frame"}
			}
		},
		{
			"name": "Box1",
			"from": [28.6646, 23.9984, -5.023],
			"to": [30.6644, 27.6647, 20.9744],
			"rotation": {"angle": 0, "axis": "y", "origin": [0, 0, 7.975]},
			"faces": {
				"north": {"uv": [8.55556, 0.44444, 3.55556, 1.77778], "rotation": 90, "texture": "#frame"},
				"east": {"uv": [0.44444, 0.33333, 10.22222, 1.66667], "texture": "#frame"},
				"south": {"uv": [8.55556, 0.44444, 3.55556, 1.77778], "rotation": 90, "texture": "#frame"},
				"west": {"uv": [0.22222, 0.33333, 10, 1.66667], "texture": "#frame"},
				"up": {"uv": [12, 10.88889, 8.88889, 10.11111], "rotation": 270, "texture": "#frame"},
				"down": {"uv": [12, 10.88889, 8.88889, 10.11111], "rotation": 270, "texture": "#frame"}
			}
		},
		{
			"name": "Box1",
			"from": [28.3313, 23.3318, -4.6897],
			"to": [31.331, 23.9984, 20.6411],
			"rotation": {"angle": 0, "axis": "y", "origin": [0, 0, 7.975]},
			"faces": {
				"north": {"uv": [4, 0.33333, 5.11111, 1.55556], "rotation": 90, "texture": "#frame"},
				"east": {"uv": [10.22222, 0.33333, 0, 0.11111], "rotation": 180, "texture": "#frame"},
				"south": {"uv": [4, 0.33333, 5.11111, 1.55556], "rotation": 90, "texture": "#frame"},
				"west": {"uv": [10.22222, 0.33333, 0, 0.11111], "rotation": 180, "texture": "#frame"},
				"up": {"uv": [0, 0.55556, 10.11111, 1.55556], "rotation": 90, "texture": "#frame"},
				"down": {"uv": [0, 0.55556, 10.11111, 1.55556], "rotation": 90, "texture": "#frame"}
			}
		},
		{
			"name": "Box1",
			"from": [27.998, 28.3313, -4.6897],
			"to": [31.9976, 28.9979, 20.6411],
			"rotation": {"angle": 0, "axis": "y", "origin": [0, 0, 7.975]},
			"faces": {
				"north": {"uv": [1, 0, 2, 16], "rotation": 270, "texture": "#frame"},
				"east": {"uv": [10.22222, 0.33333, 0, 0.11111], "rotation": 180, "texture": "#frame"},
				"south": {"uv": [14, 0, 15, 16], "rotation": 90, "texture": "#frame"},
				"west": {"uv": [10.22222, 0.33333, 0, 0.11111], "rotation": 180, "texture": "#frame"},
				"up": {"uv": [0, 0.44444, 9.77778, 1.77778], "rotation": 270, "texture": "#frame"},
				"down": {"uv": [1.22222, 2.55556, 11, 3.88889], "rotation": 270, "texture": "#frame"}
			}
		},
		{
			"name": "Box1",
			"from": [-14.9977, 27.6647, -4.6897],
			"to": [-11.998, 28.3313, 20.6411],
			"rotation": {"angle": 0, "axis": "y", "origin": [0, 0, 7.975]},
			"faces": {
				"north": {"uv": [4, 0.33333, 5.11111, 1.55556], "rotation": 90, "texture": "#frame"},
				"east": {"uv": [10.22222, 0.33333, 0, 0.11111], "rotation": 180, "texture": "#frame"},
				"south": {"uv": [4, 0.33333, 5.11111, 1.55556], "rotation": 90, "texture": "#frame"},
				"west": {"uv": [10.22222, 1.77778, 0, 1.55556], "texture": "#frame"},
				"up": {"uv": [0, 0.55556, 10.11111, 1.55556], "rotation": 90, "texture": "#frame"},
				"down": {"uv": [0, 0.55556, 10.11111, 1.55556], "rotation": 90, "texture": "#frame"}
			}
		},
		{
			"name": "Box1",
			"from": [28.3313, 27.6647, -4.6897],
			"to": [31.331, 28.3313, 20.6411],
			"rotation": {"angle": 0, "axis": "y", "origin": [0, 0, 7.975]},
			"faces": {
				"north": {"uv": [4, 0.33333, 5.11111, 1.55556], "rotation": 90, "texture": "#frame"},
				"east": {"uv": [10.22222, 0.33333, 0, 0.11111], "rotation": 180, "texture": "#frame"},
				"south": {"uv": [4, 0.33333, 5.11111, 1.55556], "rotation": 90, "texture": "#frame"},
				"west": {"uv": [10.22222, 1.77778, 0, 1.55556], "texture": "#frame"},
				"up": {"uv": [0, 0.55556, 10.11111, 1.55556], "rotation": 90, "texture": "#frame"},
				"down": {"uv": [0, 0.55556, 10.11111, 1.55556], "rotation": 90, "texture": "#frame"}
			}
		},
		{
			"name": "Box1",
			"from": [-14.9974, 23.3318, -7.356],
			"to": [31.3313, 23.9984, -4.6896],
			"rotation": {"angle": 0, "axis": "y", "origin": [0, 0, 7.975]},
			"faces": {
				"north": {"uv": [0, 4.22222, 15.55556, 4.44444], "rotation": 180, "texture": "#frame"},
				"east": {"uv": [0.77778, 2.44445, 1.77778, 2.66667], "texture": "#frame"},
				"south": {"uv": [0, 4.22222, 15.55556, 4.44444], "rotation": 180, "texture": "#frame"},
				"west": {"uv": [0.77778, 2.44445, 1.77778, 2.66667], "texture": "#frame"},
				"up": {"uv": [0, 2.55556, 15.55556, 3.88889], "texture": "#frame"},
				"down": {"uv": [0, 2.55556, 15.55556, 3.88889], "texture": "#frame"}
			}
		},
		{
			"name": "Box1",
			"from": [-15.9973, 28.3313, 20.3079],
			"to": [31.9979, 28.9979, 23.6409],
			"rotation": {"angle": 0, "axis": "y", "origin": [0, 0, 7.975]},
			"faces": {
				"north": {"uv": [0, 2.22222, 15.55556, 2.44445], "texture": "#frame"},
				"east": {"uv": [0, 2.44445, 1.55556, 2.66667], "rotation": 180, "texture": "#frame"},
				"south": {"uv": [0, 2.22222, 15.55556, 2.44445], "texture": "#frame"},
				"west": {"uv": [0, 2.44445, 1.55556, 2.66667], "rotation": 180, "texture": "#frame"},
				"up": {"uv": [0, 2.55556, 15.55556, 3.88889], "texture": "#frame"},
				"down": {"uv": [0, 2.55556, 15.55556, 3.88889], "texture": "#frame"}
			}
		},
		{
			"name": "Box1",
			"from": [-14.6641, 23.9984, 20.9745],
			"to": [30.998, 27.6647, 22.9743],
			"rotation": {"angle": 0, "axis": "y", "origin": [0, 0, 7.975]},
			"faces": {
				"north": {"uv": [0, 2.55556, 15.55556, 3.88889], "texture": "#frame"},
				"east": {"uv": [8.55556, 0.55556, 9.88889, 1.33333], "rotation": 270, "texture": "#frame"},
				"south": {"uv": [0, 2.55556, 15.55556, 3.88889], "texture": "#frame"},
				"west": {"uv": [8.33333, 0.44444, 9.66667, 1.22222], "rotation": 90, "texture": "#frame"},
				"up": {"uv": [0, 2.55556, 15.55556, 3.55556], "texture": "#frame"},
				"down": {"uv": [0, 2.55556, 15.55556, 3.55556], "texture": "#frame"}
			}
		},
		{
			"name": "Box1",
			"from": [-14.9974, 23.3318, 20.6412],
			"to": [31.3313, 23.9984, 23.3076],
			"rotation": {"angle": 0, "axis": "y", "origin": [0, 0, 7.975]},
			"faces": {
				"north": {"uv": [0, 4.22222, 15.55556, 4.44444], "rotation": 180, "texture": "#frame"},
				"east": {"uv": [0.77778, 2.44445, 1.77778, 2.66667], "texture": "#frame"},
				"south": {"uv": [0, 4.22222, 15.55556, 4.44444], "rotation": 180, "texture": "#frame"},
				"west": {"uv": [0.77778, 2.44445, 1.77778, 2.66667], "texture": "#frame"},
				"up": {"uv": [0, 2.55556, 15.55556, 3.88889], "texture": "#frame"},
				"down": {"uv": [0, 2.55556, 15.55556, 3.88889], "texture": "#frame"}
			}
		},
		{
			"name": "Box1",
			"from": [-14.9974, 27.6647, 20.6412],
			"to": [31.3313, 28.3313, 23.3076],
			"rotation": {"angle": 0, "axis": "y", "origin": [0, 0, 7.975]},
			"faces": {
				"north": {"uv": [0, 4.22222, 15.55556, 4.44444], "rotation": 180, "texture": "#frame"},
				"east": {"uv": [0.77778, 2.44445, 1.77778, 2.66667], "texture": "#frame"},
				"south": {"uv": [0, 4.22222, 15.55556, 4.44444], "rotation": 180, "texture": "#frame"},
				"west": {"uv": [0.77778, 2.44445, 1.77778, 2.66667], "texture": "#frame"},
				"up": {"uv": [0, 2.55556, 15.55556, 3.88889], "texture": "#frame"},
				"down": {"uv": [0, 2.55556, 15.55556, 3.88889], "texture": "#frame"}
			}
		}
	],
	"display": {
		"head": {
			"translation": [0, -3.5, 0],
			"scale": [1.8, 1.8, 1.85]
		}
	}
}