{
	"credit": "DSprl",
	"textures": {
		"color": "custom/bed/cortinas"
	},
	"elements": [
		{
			"name": "Box1",
			"from": [-14.6644, -5.9988, -4.6646],
			"to": [-12.6646, 23.3316, 20.3351],
			"rotation": {"angle": 0, "axis": "y", "origin": [-14.6644, 23.3318, -1.6649]},
			"faces": {
				"north": {"uv": [0.11111, 13.11111, 11.11111, 12.44444], "rotation": 90, "texture": "#color", "tintindex": 0},
				"east": {"uv": [0, 9.55556, 11.22222, 16], "rotation": 90, "texture": "#color", "tintindex": 0},
				"south": {"uv": [0.11111, 11, 11.11111, 10.33333], "rotation": 90, "texture": "#color", "tintindex": 0},
				"west": {"uv": [0, 9.55556, 11.22222, 16], "rotation": 90, "texture": "#color", "tintindex": 0},
				"down": {"uv": [10.55556, 11.66667, 9.55556, 11.22222], "rotation": 270, "texture": "#color", "tintindex": 0}
			}
		},
		{
			"name": "Box1",
			"from": [-12.13, -6.6655, -6.6961],
			"to": [27.8697, 23.3316, -4.6963],
			"rotation": {"angle": 0, "axis": "y", "origin": [-9.9982, 25.6649, -2.9981]},
			"faces": {
				"north": {"uv": [0, 9.55555, 11.11111, 16], "rotation": 90, "texture": "#color", "tintindex": 0},
				"east": {"uv": [0.11111, 11, 11.11111, 10.33333], "rotation": 90, "texture": "#color", "tintindex": 0},
				"south": {"uv": [0, 9.55555, 11.11111, 16], "rotation": 90, "texture": "#color", "tintindex": 0},
				"west": {"uv": [0.11111, 13.22222, 11.11111, 12.55556], "rotation": 90, "texture": "#color", "tintindex": 0},
				"down": {"uv": [10.55556, 11.66667, 9.55556, 11.22222], "texture": "#color", "tintindex": 0}
			}
		},
		{
			"name": "Box1",
			"from": [-12.13, -6.6655, 21.3039],
			"to": [27.8697, 23.3316, 23.3037],
			"rotation": {"angle": 0, "axis": "y", "origin": [-9.9982, 25.6649, -2.9981]},
			"faces": {
				"north": {"uv": [0, 9.55555, 11.11111, 16], "rotation": 90, "texture": "#color", "tintindex": 0},
				"east": {"uv": [0.11111, 11, 11.11111, 10.33333], "rotation": 90, "texture": "#color", "tintindex": 0},
				"south": {"uv": [0, 9.55555, 11.11111, 16], "rotation": 90, "texture": "#color", "tintindex": 0},
				"west": {"uv": [0.11111, 13.22222, 11.11111, 12.55556], "rotation": 90, "texture": "#color", "tintindex": 0},
				"down": {"uv": [10.55556, 11.66667, 9.55556, 11.22222], "texture": "#color", "tintindex": 0}
			}
		}
	],
	"display": {
		"head": {
			"translation": [0, -3.5, 0],
			"scale": [1.8, 1.8, 1.85]
		}
	}
}