{
	"credit": "DSprl",
	"textures": {
		"color": "custom/bed/cortinas"
	},
	"elements": [
		{
			"name": "Box1",
			"from": [25.6649, -6.6654, -6.9977],
			"to": [28.6646, 23.3316, -4.9979],
			"rotation": {"angle": -22.5, "axis": "y", "origin": [25.6649, 23.3318, -6.9977]},
			"faces": {
				"north": {"uv": [0.11111, 12.44445, 11.11111, 13.11111], "rotation": 90, "texture": "#color", "tintindex": 0},
				"east": {"uv": [0, 13.66667, 11, 13], "rotation": 90, "texture": "#color", "tintindex": 0},
				"south": {"uv": [0.11111, 11.22222, 11.11111, 11.88889], "rotation": 90, "texture": "#color", "tintindex": 0},
				"west": {"uv": [0.11111, 11, 11.11111, 10.33333], "rotation": 90, "texture": "#color", "tintindex": 0},
				"up": {"uv": [10.55556, 11.66667, 9.55556, 11.22222], "rotation": 180, "texture": "#color", "tintindex": 0},
				"down": {"uv": [10.55556, 11.66667, 9.55556, 11.22222], "rotation": 180, "texture": "#color", "tintindex": 0}
			}
		},
		{
			"name": "Box1",
			"from": [22.3319, -1.3325, -5.6645],
			"to": [25.3316, 23.3317, -4.6646],
			"rotation": {"angle": 22.5, "axis": "y", "origin": [22.3319, 23.3318, -5.6645]},
			"faces": {
				"north": {"uv": [0.66667, 11, 7.22222, 11.77778], "rotation": 90, "texture": "#color", "tintindex": 0},
				"east": {"uv": [0.33333, 14.33333, 7, 14.66667], "rotation": 90, "texture": "#color", "tintindex": 0},
				"south": {"uv": [0.66667, 11, 7.22222, 11.77778], "rotation": 90, "texture": "#color", "tintindex": 0},
				"west": {"uv": [0.33333, 14.33333, 7, 14.66667], "rotation": 90, "texture": "#color", "tintindex": 0},
				"up": {"uv": [8.77778, 13.88889, 7.77778, 13.55556], "rotation": 270, "texture": "#color", "tintindex": 0},
				"down": {"uv": [8.77778, 13.88889, 7.88889, 13.66667], "rotation": 180, "texture": "#color", "tintindex": 0}
			}
		},
		{
			"name": "Box1",
			"from": [20.6654, 3.667, -5.9978],
			"to": [23.6651, 23.3317, -4.9979],
			"rotation": {"angle": -22.5, "axis": "y", "origin": [20.6654, 23.3318, -5.9978]},
			"faces": {
				"north": {"uv": [0.55556, 12.44444, 5.77778, 11.66667], "rotation": 90, "texture": "#color", "tintindex": 0},
				"east": {"uv": [0.55556, 12.44444, 5.77778, 12.11111], "rotation": 90, "texture": "#color", "tintindex": 0},
				"south": {"uv": [0.55556, 12.44444, 5.77778, 13.22222], "rotation": 90, "texture": "#color", "tintindex": 0},
				"west": {"uv": [2, 11.55556, 7.22222, 11.22222], "rotation": 90, "texture": "#color", "tintindex": 0},
				"up": {"uv": [0.55556, 12.44444, 1.55556, 12.11111], "texture": "#color", "tintindex": 0},
				"down": {"uv": [0.55556, 12.44444, 1.55556, 12.11111], "texture": "#color", "tintindex": 0}
			}
		},
		{
			"name": "Box1",
			"from": [-11.998, -6.6654, 21.3328],
			"to": [-8.9983, 23.3316, 23.3326],
			"rotation": {"angle": -22.5, "axis": "y", "origin": [-8.9983, 23.3318, 23.3326]},
			"faces": {
				"north": {"uv": [0.11111, 10.22222, 11.11111, 10.88889], "rotation": 90, "texture": "#color", "tintindex": 0},
				"east": {"uv": [0.11111, 11, 11.11111, 10.33333], "rotation": 90, "texture": "#color", "tintindex": 0},
				"south": {"uv": [0.11111, 10.22222, 11.11111, 10.88889], "rotation": 90, "texture": "#color", "tintindex": 0},
				"west": {"uv": [0, 13.66667, 11, 13], "rotation": 90, "texture": "#color", "tintindex": 0},
				"up": {"uv": [10.55556, 11.66667, 9.55556, 11.22222], "texture": "#color", "tintindex": 0},
				"down": {"uv": [10.55556, 11.66667, 9.55556, 11.22222], "texture": "#color", "tintindex": 0}
			}
		},
		{
			"name": "Box1",
			"from": [-9.4084, -1.3325, 22.3765],
			"to": [-6.4087, 23.3317, 23.3764],
			"rotation": {"angle": 22.5, "axis": "y", "origin": [-9.9982, 23.3318, 23.3326]},
			"faces": {
				"north": {"uv": [0.66667, 11, 7.22222, 11.77778], "rotation": 90, "texture": "#color", "tintindex": 0},
				"east": {"uv": [0.77778, 14.44444, 7.44444, 14.77778], "rotation": 90, "texture": "#color", "tintindex": 0},
				"south": {"uv": [0.66667, 11, 7.22222, 11.77778], "rotation": 90, "texture": "#color", "tintindex": 0},
				"west": {"uv": [1.66667, 11.22222, 8.33333, 11.55556], "rotation": 90, "texture": "#color", "tintindex": 0},
				"up": {"uv": [8.77778, 13.88889, 7.77778, 13.55556], "rotation": 90, "texture": "#color", "tintindex": 0},
				"down": {"uv": [8.77778, 13.88889, 7.88889, 13.66667], "texture": "#color", "tintindex": 0}
			}
		},
		{
			"name": "Box1",
			"from": [-8.4283, 3.667, 19.4957],
			"to": [-5.4286, 23.3317, 20.4956],
			"rotation": {"angle": -22.5, "axis": "y", "origin": [-9.6649, 23.3318, 23.3326]},
			"faces": {
				"north": {"uv": [0.55556, 12.44444, 5.77778, 13.22222], "rotation": 90, "texture": "#color", "tintindex": 0},
				"east": {"uv": [0.55556, 12.44444, 5.77778, 12.11111], "rotation": 90, "texture": "#color", "tintindex": 0},
				"south": {"uv": [0.55556, 12.44444, 5.77778, 11.66667], "rotation": 90, "texture": "#color", "tintindex": 0},
				"west": {"uv": [0.55556, 12.44444, 5.77778, 12.11111], "rotation": 90, "texture": "#color", "tintindex": 0},
				"up": {"uv": [0.55556, 12.44444, 1.55556, 12.11111], "rotation": 180, "texture": "#color", "tintindex": 0},
				"down": {"uv": [0.55556, 12.44444, 1.55556, 12.11111], "rotation": 180, "texture": "#color", "tintindex": 0}
			}
		},
		{
			"name": "Box1",
			"from": [-15.331, -5.6655, 16.9999],
			"to": [-13.3312, 23.3316, 19.9996],
			"rotation": {"angle": 22.5, "axis": "y", "origin": [-13.3312, 23.3318, 16.9999]},
			"faces": {
				"north": {"uv": [0.11111, 11, 11.11111, 10.33333], "rotation": 90, "texture": "#color", "tintindex": 0},
				"east": {"uv": [0.11111, 10.22222, 11.11111, 10.88889], "rotation": 90, "texture": "#color", "tintindex": 0},
				"south": {"uv": [0.11111, 13.22222, 11.11111, 12.55556], "rotation": 90, "texture": "#color", "tintindex": 0},
				"west": {"uv": [0, 11.11111, 11, 11.77778], "rotation": 90, "texture": "#color", "tintindex": 0},
				"up": {"uv": [10.55556, 11.66667, 9.55556, 11.22222], "rotation": 270, "texture": "#color", "tintindex": 0},
				"down": {"uv": [10.55556, 11.66667, 9.55556, 11.22222], "rotation": 90, "texture": "#color", "tintindex": 0}
			}
		},
		{
			"name": "Box1",
			"from": [-14.2466, 6.0001, 15.3793],
			"to": [-13.2467, 25.6648, 18.379],
			"rotation": {"angle": 0, "axis": "y", "origin": [0, 0, 8]},
			"faces": {
				"north": {"uv": [0.55556, 12.44444, 5.77778, 12.11111], "rotation": 90, "texture": "#color", "tintindex": 0},
				"east": {"uv": [0.55556, 12.44444, 5.77778, 11.66667], "rotation": 90, "texture": "#color", "tintindex": 0},
				"south": {"uv": [0.55556, 12.44444, 5.77778, 12.11111], "rotation": 90, "texture": "#color", "tintindex": 0},
				"west": {"uv": [0, 12.44444, 5.22222, 13.22222], "rotation": 90, "texture": "#color", "tintindex": 0},
				"up": {"uv": [0.55556, 12.44444, 1.55556, 12.11111], "rotation": 90, "texture": "#color", "tintindex": 0},
				"down": {"uv": [0.55556, 12.44444, 1.55556, 12.11111], "rotation": 270, "texture": "#color", "tintindex": 0}
			}
		},
		{
			"name": "Box1",
			"from": [-14.6644, -5.9988, -4.6646],
			"to": [-12.6646, 23.3316, -1.6649],
			"rotation": {"angle": -22.5, "axis": "y", "origin": [-14.6644, 23.3318, -1.6649]},
			"faces": {
				"north": {"uv": [0.11111, 13.11111, 11.11111, 12.44444], "rotation": 90, "texture": "#color", "tintindex": 0},
				"east": {"uv": [0.11111, 10.66667, 11.11111, 11.33333], "rotation": 90, "texture": "#color", "tintindex": 0},
				"south": {"uv": [0.11111, 11, 11.11111, 10.33333], "rotation": 90, "texture": "#color", "tintindex": 0},
				"west": {"uv": [0.22222, 12.55556, 11.22222, 13.22222], "rotation": 90, "texture": "#color", "tintindex": 0},
				"up": {"uv": [10.55556, 11.66667, 9.55556, 11.22222], "rotation": 90, "texture": "#color", "tintindex": 0},
				"down": {"uv": [10.55556, 11.66667, 9.55556, 11.22222], "rotation": 270, "texture": "#color", "tintindex": 0}
			}
		},
		{
			"name": "Box1",
			"from": [-14.3255, -1.3325, -1.9989],
			"to": [-13.3256, 23.3317, 1.0008],
			"rotation": {"angle": 22.5, "axis": "y", "origin": [-14.6644, 23.3318, -1.6649]},
			"faces": {
				"north": {"uv": [0.33333, 14.33333, 7, 14.66667], "rotation": 90, "texture": "#color", "tintindex": 0},
				"east": {"uv": [0.66667, 11, 7.22222, 11.77778], "rotation": 90, "texture": "#color", "tintindex": 0},
				"south": {"uv": [0.44444, 13.11111, 7.11111, 13.44444], "rotation": 90, "texture": "#color", "tintindex": 0},
				"west": {"uv": [3.33333, 10.22222, 9.88889, 11], "rotation": 90, "texture": "#color", "tintindex": 0},
				"up": {"uv": [8.77778, 13.88889, 7.77778, 13.55556], "rotation": 180, "texture": "#color", "tintindex": 0},
				"down": {"uv": [8.77778, 13.88889, 7.88889, 13.66667], "rotation": 270, "texture": "#color", "tintindex": 0}
			}
		},
		{
			"name": "Box1",
			"from": [-9.3775, 4.0003, -6.58],
			"to": [-6.3778, 23.665, -5.5801],
			"rotation": {"angle": 0, "axis": "y", "origin": [0, 0, 8]},
			"faces": {
				"north": {"uv": [0, 11, 5.22222, 11.77778], "rotation": 90, "texture": "#color", "tintindex": 0},
				"east": {"uv": [0.55556, 12.44444, 5.77778, 12.11111], "rotation": 90, "texture": "#color", "tintindex": 0},
				"south": {"uv": [0, 12.44444, 5.22222, 11.66667], "rotation": 90, "texture": "#color", "tintindex": 0},
				"west": {"uv": [0.55556, 12.44444, 5.77778, 12.11111], "rotation": 90, "texture": "#color", "tintindex": 0},
				"up": {"uv": [0.55556, 12.44444, 1.55556, 12.11111], "rotation": 180, "texture": "#color", "tintindex": 0},
				"down": {"uv": [0.55556, 12.44444, 1.55556, 12.11111], "rotation": 180, "texture": "#color", "tintindex": 0}
			}
		},
		{
			"name": "Box1",
			"from": [-10.13, -5.6655, -6.6961],
			"to": [-7.1303, 23.3316, -4.6963],
			"rotation": {"angle": 22.5, "axis": "y", "origin": [-9.9982, 25.6649, -2.9981]},
			"faces": {
				"north": {"uv": [0, 11.11111, 11, 11.77778], "rotation": 90, "texture": "#color", "tintindex": 0},
				"east": {"uv": [0.11111, 11, 11.11111, 10.33333], "rotation": 90, "texture": "#color", "tintindex": 0},
				"south": {"uv": [0.11111, 10.22222, 11.11111, 10.88889], "rotation": 90, "texture": "#color", "tintindex": 0},
				"west": {"uv": [0.11111, 13.22222, 11.11111, 12.55556], "rotation": 90, "texture": "#color", "tintindex": 0},
				"up": {"uv": [10.55556, 11.66667, 9.55556, 11.22222], "texture": "#color", "tintindex": 0},
				"down": {"uv": [10.55556, 11.66667, 9.55556, 11.22222], "texture": "#color", "tintindex": 0}
			}
		},
		{
			"name": "Box1",
			"from": [25.3316, -5.9988, 20.3329],
			"to": [28.3313, 23.3316, 22.3327],
			"rotation": {"angle": -22.5, "axis": "y", "origin": [25.3316, 23.3318, 20.3329]},
			"faces": {
				"north": {"uv": [0.22222, 12.55556, 11.22222, 13.22222], "rotation": 90, "texture": "#color", "tintindex": 0},
				"east": {"uv": [0.11111, 13.11111, 11.11111, 12.44444], "rotation": 90, "texture": "#color", "tintindex": 0},
				"south": {"uv": [0.11111, 10.66667, 11.11111, 11.33333], "rotation": 90, "texture": "#color", "tintindex": 0},
				"west": {"uv": [0.11111, 11, 11.11111, 10.33333], "rotation": 90, "texture": "#color", "tintindex": 0},
				"up": {"uv": [10.55556, 11.66667, 9.55556, 11.22222], "rotation": 180, "texture": "#color", "tintindex": 0},
				"down": {"uv": [10.55556, 11.66667, 9.55556, 11.22222], "rotation": 180, "texture": "#color", "tintindex": 0}
			}
		},
		{
			"name": "Box1",
			"from": [22.6659, -1.3325, 20.6718],
			"to": [25.6656, 23.3317, 21.6717],
			"rotation": {"angle": 22.5, "axis": "y", "origin": [25.3316, 23.3318, 20.3329]},
			"faces": {
				"north": {"uv": [3.33333, 10.22222, 9.88889, 11], "rotation": 90, "texture": "#color", "tintindex": 0},
				"east": {"uv": [0.33333, 14.33333, 7, 14.66667], "rotation": 90, "texture": "#color", "tintindex": 0},
				"south": {"uv": [0.66667, 11, 7.22222, 11.77778], "rotation": 90, "texture": "#color", "tintindex": 0},
				"west": {"uv": [0.44444, 13.11111, 7.11111, 13.44444], "rotation": 90, "texture": "#color", "tintindex": 0},
				"up": {"uv": [8.77778, 13.88889, 7.77778, 13.55556], "rotation": 270, "texture": "#color", "tintindex": 0},
				"down": {"uv": [8.77778, 13.88889, 7.88889, 13.66667], "rotation": 180, "texture": "#color", "tintindex": 0}
			}
		}
	],
	"display": {
		"head": {
			"translation": [0, -3.5, 0],
			"scale": [1.8, 1.8, 1.85]
		}
	}
}