{"textures":{"texture":"custom/bucket","particle":"custom/bucket"},"elements":[{"from":[9.3125,0.0312,4.6562],"to":[11.3125,5.4687,4.99995],"rotation":{"angle":-45,"axis":"y","origin":[9.3125,0.03125,4.65625]},"faces":{"north":{"uv":[0,7,3,16],"texture":"#texture"},"south":{"uv":[0,7,3,16],"texture":"#texture"},"west":{"uv":[0,7,0.5,16],"texture":"#texture"},"up":{"uv":[0,7,3,7.5],"texture":"#texture"},"down":{"uv":[0,15.5,3,16],"texture":"#texture"}}},{"from":[10.4158,0.0312,7.9679],"to":[10.74913,5.4687,9.97832],"rotation":{"angle":-45,"axis":"y","origin":[10.75,0.03125,7.96875]},"faces":{"north":{"uv":[0,7,0.5,16],"texture":"#texture"},"east":{"uv":[0,7,3,16],"texture":"#texture"},"south":{"uv":[0,7,0.5,16],"texture":"#texture"},"west":{"uv":[0,7,3,16],"texture":"#texture"},"up":{"uv":[0,7,3,7.5],"rotation":90,"texture":"#texture"},"down":{"uv":[0,15.5,3,16],"rotation":270,"texture":"#texture"}}},{"from":[7.3438,0,9.0625],"to":[9.3438,5.4375,9.40625],"faces":{"north":{"uv":[3,7,6,16],"texture":"#texture"},"east":{"uv":[0,7,0.5,16],"texture":"#texture"},"south":{"uv":[3,7,6,16],"texture":"#texture"},"west":{"uv":[0,7,0.5,16],"texture":"#texture"},"up":{"uv":[0,7,3,7.5],"texture":"#texture"},"down":{"uv":[0,15.5,3,16],"texture":"#texture"}}},{"from":[5.9063,0,6.0625],"to":[6.25005,7,8.0625],"faces":{"north":{"uv":[6,4,6.5,16],"texture":"#texture"},"east":{"uv":[6,4,9,16],"texture":"#texture"},"south":{"uv":[6,4,6.5,16],"texture":"#texture"},"west":{"uv":[6,4,9,16],"texture":"#texture"},"up":{"uv":[0,7,3,7.5],"rotation":90,"texture":"#texture"},"down":{"uv":[0,15.5,3,16],"rotation":270,"texture":"#texture"}}},{"from":[5.5677,0.0312,4.599],"to":[7.5677,5.4687,4.94275],"rotation":{"angle":45,"axis":"y","origin":[7.59375,0.03125,4.90625]},"faces":{"north":{"uv":[0,7,3,16],"texture":"#texture"},"east":{"uv":[0,7,0.5,16],"texture":"#texture"},"south":{"uv":[0,7,3,16],"texture":"#texture"},"up":{"uv":[0,7,3,7.5],"rotation":180,"texture":"#texture"},"down":{"uv":[0,15.5,3,16],"rotation":180,"texture":"#texture"}}},{"from":[5.8533,-0.0312,7.7509],"to":[6.18663,5.4063,9.76132],"rotation":{"angle":45,"axis":"y","origin":[6.1875,-0.03125,7.75]},"faces":{"north":{"uv":[0,7,0.5,16],"texture":"#texture"},"east":{"uv":[0,7,3,16],"texture":"#texture"},"south":{"uv":[0,7,0.5,16],"texture":"#texture"},"west":{"uv":[0,7,3,16],"texture":"#texture"},"up":{"uv":[0,7,3,7.5],"rotation":90,"texture":"#texture"},"down":{"uv":[0,15.5,3,16],"rotation":270,"texture":"#texture"}}},{"from":[10.4062,0,6.0312],"to":[10.74995,7,8.0312],"faces":{"north":{"uv":[8.5,4,9,16],"texture":"#texture"},"east":{"uv":[6,4,9,16],"texture":"#texture"},"south":{"uv":[6,4,6.5,16],"texture":"#texture"},"west":{"uv":[6,4,9,16],"texture":"#texture"},"up":{"uv":[0,7,3,7.5],"rotation":90,"texture":"#texture"},"down":{"uv":[0,15.5,3,16],"rotation":270,"texture":"#texture"}}},{"from":[6,0,4.6667],"to":[10.66667,0.001,9.33337],"faces":{"up":{"uv":[9,9,16,16],"texture":"#texture"},"down":{"uv":[9,9,16,16],"texture":"#texture"}}},{"from":[7.3333,0,4.6667],"to":[9.3333,5.4375,5.01045],"faces":{"north":{"uv":[3,7,6,16],"texture":"#texture"},"east":{"uv":[0,7,0.5,16],"texture":"#texture"},"south":{"uv":[3,7,6,16],"texture":"#texture"},"west":{"uv":[0,7,0.5,16],"texture":"#texture"},"up":{"uv":[0,7,3,7.5],"texture":"#texture"}}}]}