{
	"credit": "DSprl",
	"textures": {
		"0": "custom/chair_planks",
		"1": "custom/chair_base",
		"2": "custom/chair_top",
		"particle": "custom/chair_planks"
	},
	"elements": [
		{
			"from": [3.5, 2.75, 6],
			"to": [5, 4.25, 9],
			"faces": {
				"north": {"uv": [0, 1.99972, 1.99972, 3.99944], "rotation": 270, "texture": "#0"},
				"east": {"uv": [0, 11.99977, 1.99912, 15.99861], "rotation": 90, "texture": "#0"},
				"south": {"uv": [0, 1.99972, 1.99972, 3.99944], "rotation": 90, "texture": "#0"},
				"west": {"uv": [0, 11.99977, 1.99912, 15.99861], "rotation": 270, "texture": "#0"},
				"up": {"uv": [0, 11.99977, 1.99912, 15.99861], "texture": "#0"},
				"down": {"uv": [0, 11.99977, 1.99912, 15.99861], "rotation": 180, "texture": "#0"}
			}
		},
		{
			"from": [11, 2.75, 6],
			"to": [12.5, 4.25, 9],
			"faces": {
				"north": {"uv": [0, 1.99972, 1.99972, 3.99944], "rotation": 270, "texture": "#0"},
				"east": {"uv": [0, 11.99977, 1.99912, 15.99861], "rotation": 90, "texture": "#0"},
				"south": {"uv": [0, 1.99972, 1.99972, 3.99944], "rotation": 90, "texture": "#0"},
				"west": {"uv": [0, 11.99977, 1.99912, 15.99861], "rotation": 270, "texture": "#0"},
				"up": {"uv": [0, 11.99977, 1.99912, 15.99861], "texture": "#0"},
				"down": {"uv": [0, 11.99977, 1.99912, 15.99861], "rotation": 180, "texture": "#0"}
			}
		},
		{
			"from": [11, 11.75, -3],
			"to": [12.5, 13.25, 9],
			"faces": {
				"east": {"uv": [0, 5.99976, 15.99894, 7.99888], "texture": "#0"},
				"south": {"uv": [0, 1.99972, 2, 3.99972], "rotation": 90, "texture": "#0"},
				"west": {"uv": [0, 5.99976, 16, 7.99976], "rotation": 180, "texture": "#0"},
				"up": {"uv": [0, 5.99976, 16, 7.99976], "rotation": 270, "texture": "#0"},
				"down": {"uv": [0, 5.99976, 15.99894, 7.99888], "rotation": 90, "texture": "#0"}
			}
		},
		{
			"from": [3.5, 11.75, -3],
			"to": [5, 13.25, 9],
			"faces": {
				"east": {"uv": [0, 5.99976, 15.99894, 7.99888], "texture": "#0"},
				"south": {"uv": [0, 1.99972, 1.99972, 3.99944], "rotation": 90, "texture": "#0"},
				"west": {"uv": [0, 5.99976, 15.99894, 7.99888], "rotation": 180, "texture": "#0"},
				"up": {"uv": [0, 5.99976, 15.99894, 7.99888], "rotation": 270, "texture": "#0"},
				"down": {"uv": [0, 5.99976, 15.99894, 7.99888], "rotation": 90, "texture": "#0"}
			}
		},
		{
			"from": [2.75, 2, -0.75],
			"to": [13.25, 12.5, 0.75],
			"faces": {
				"north": {"uv": [0, 0, 14, 14], "texture": "#2"},
				"east": {"uv": [0, 0, 14, 2], "rotation": 90, "texture": "#0"},
				"south": {"uv": [0, 0, 14, 14], "texture": "#1"},
				"west": {"uv": [0, 1.99972, 13.99988, 3.99944], "rotation": 270, "texture": "#0"},
				"up": {"uv": [0, 0, 14, 2], "texture": "#0"},
				"down": {"uv": [0, 0, 14, 2], "rotation": 180, "texture": "#0"}
			}
		},
		{
			"from": [5, 12.125, -12.75],
			"to": [11, 12.875, -10.5],
			"faces": {
				"north": {"uv": [7.99973, 8.99959, 15.99923, 10.33193], "rotation": 180, "texture": "#0"},
				"south": {"uv": [7.99973, 8.99959, 15.99923, 10.33193], "texture": "#0"},
				"up": {"uv": [7.99948, 7.99948, 15.99898, 10.99906], "texture": "#0"},
				"down": {"uv": [7.99948, 7.99948, 15.99898, 10.99906], "rotation": 180, "texture": "#0"}
			}
		},
		{
			"from": [8.4125, 12.1625, -13.3125],
			"to": [9.0875, 12.8375, -1.6875],
			"faces": {
				"north": {"uv": [4.9999, 6.33285, 5.89839, 7.3309], "rotation": 270, "texture": "#0"},
				"east": {"uv": [0, 5.99976, 15.56631, 6.99841], "rotation": 180, "texture": "#0"},
				"south": {"uv": [1.33295, 4.66621, 2.23143, 5.66426], "rotation": 90, "texture": "#0"},
				"west": {"uv": [0, 5.99976, 15.56631, 6.99841], "texture": "#0"},
				"up": {"uv": [0, 5.99976, 15.56631, 6.99841], "rotation": 90, "texture": "#0"},
				"down": {"uv": [0, 5.99976, 15.56631, 6.99841], "rotation": 270, "texture": "#0"}
			}
		},
		{
			"from": [6.9125, 12.1625, -13.3125],
			"to": [7.5875, 12.8375, -1.6875],
			"faces": {
				"north": {"uv": [6.66654, 6.33285, 7.56502, 7.3309], "rotation": 270, "texture": "#0"},
				"east": {"uv": [0, 5.99976, 15.56631, 6.99841], "rotation": 180, "texture": "#0"},
				"south": {"uv": [1.66663, 4.33313, 2.56512, 5.33118], "rotation": 90, "texture": "#0"},
				"west": {"uv": [0, 5.99976, 15.56631, 6.99841], "texture": "#0"},
				"up": {"uv": [0, 5.99976, 15.56631, 6.99841], "rotation": 90, "texture": "#0"},
				"down": {"uv": [0, 5.99976, 15.56631, 6.99841], "rotation": 270, "texture": "#0"}
			}
		},
		{
			"from": [5.6, 12.1625, -13.125],
			"to": [6.275, 12.8375, -1.875],
			"faces": {
				"north": {"uv": [4.9999, 6.33285, 5.89839, 7.3309], "rotation": 270, "texture": "#0"},
				"east": {"uv": [0, 5.99976, 15.56631, 6.99841], "rotation": 180, "texture": "#0"},
				"south": {"uv": [2.33281, 4.66621, 3.23129, 5.66426], "rotation": 90, "texture": "#0"},
				"west": {"uv": [0, 5.99976, 15.56631, 6.99841], "texture": "#0"},
				"up": {"uv": [0, 5.99976, 15.56631, 6.99841], "rotation": 90, "texture": "#0"},
				"down": {"uv": [0, 5.99976, 15.56631, 6.99841], "rotation": 270, "texture": "#0"}
			}
		},
		{
			"from": [9.725, 12.1625, -13.125],
			"to": [10.4, 12.8375, -1.875],
			"faces": {
				"north": {"uv": [6.33285, 6.33285, 7.23134, 7.3309], "rotation": 270, "texture": "#0"},
				"east": {"uv": [0, 5.99976, 15.56631, 6.99841], "rotation": 180, "texture": "#0"},
				"south": {"uv": [1.33295, 4.66621, 2.23143, 5.66426], "rotation": 90, "texture": "#0"},
				"west": {"uv": [0, 5.99976, 15.56631, 6.99841], "texture": "#0"},
				"up": {"uv": [0, 5.99976, 15.56631, 6.99841], "rotation": 90, "texture": "#0"},
				"down": {"uv": [0, 5.99976, 15.56631, 6.99841], "rotation": 270, "texture": "#0"}
			}
		},
		{
			"from": [4.25, 12.125, 5.25],
			"to": [11, 12.875, 6.75],
			"faces": {
				"north": {"uv": [0, 0.99986, 8.99994, 1.99972], "rotation": 180, "texture": "#0"},
				"south": {"uv": [0, 0.99986, 8.99994, 1.99972], "texture": "#0"},
				"up": {"uv": [1.99972, 0, 10.99966, 1.99972], "texture": "#0"},
				"down": {"uv": [1.99972, 0, 10.99966, 1.99972], "rotation": 180, "texture": "#0"}
			}
		},
		{
			"from": [11.375, 4.25, 6.75],
			"to": [12.125, 11.75, 7.5],
			"faces": {
				"north": {"uv": [3.66635, 0.99986, 13.66617, 1.99972], "rotation": 270, "texture": "#0"},
				"east": {"uv": [3.66635, 0.99986, 13.66617, 1.99972], "rotation": 270, "texture": "#0"},
				"south": {"uv": [3.66635, 0.99986, 13.66617, 1.99972], "rotation": 90, "texture": "#0"},
				"west": {"uv": [3.66635, 0.99986, 13.66617, 1.99972], "rotation": 90, "texture": "#0"}
			}
		},
		{
			"from": [3.875, 4.25, 6.75],
			"to": [4.625, 11.75, 7.5],
			"faces": {
				"north": {"uv": [2.33281, 2.99958, 12.33262, 3.99944], "rotation": 270, "texture": "#0"},
				"east": {"uv": [3.66635, 0.99986, 13.66617, 1.99972], "rotation": 270, "texture": "#0"},
				"south": {"uv": [3.66635, 0.99986, 13.66617, 1.99972], "rotation": 90, "texture": "#0"},
				"west": {"uv": [3.66635, 0.99986, 13.66617, 1.99972], "rotation": 90, "texture": "#0"}
			}
		},
		{
			"from": [11, 2.75, 0.75],
			"to": [12.5, 4.25, 2.25],
			"faces": {
				"east": {"uv": [0, 11.99953, 1.99912, 13.99924], "rotation": 270, "texture": "#0"},
				"south": {"uv": [0, 1.99972, 1.99972, 3.99944], "rotation": 90, "texture": "#0"},
				"west": {"uv": [0, 11.99953, 1.99912, 13.99924], "rotation": 90, "texture": "#0"},
				"up": {"uv": [0, 11.99953, 1.99912, 13.99924], "rotation": 180, "texture": "#0"},
				"down": {"uv": [0, 11.99953, 1.99912, 13.99924], "texture": "#0"}
			}
		},
		{
			"from": [3.5, 2.75, 0.75],
			"to": [5, 4.25, 2.25],
			"faces": {
				"east": {"uv": [0, 11.99953, 1.99912, 13.99924], "rotation": 270, "texture": "#0"},
				"south": {"uv": [0, 1.99972, 1.99972, 3.99944], "rotation": 90, "texture": "#0"},
				"west": {"uv": [0, 11.99953, 1.99912, 13.99924], "rotation": 90, "texture": "#0"},
				"up": {"uv": [0, 11.99953, 1.99912, 13.99924], "rotation": 180, "texture": "#0"},
				"down": {"uv": [0, 11.99953, 1.99912, 13.99924], "texture": "#0"}
			}
		},
		{
			"from": [11.1875, 2.9375, 2.25],
			"to": [12.3125, 4.0625, 6],
			"faces": {
				"east": {"uv": [0.33309, 0.33309, 4.16477, 1.66543], "rotation": 180, "texture": "#0"},
				"west": {"uv": [0.33309, 0.33309, 4.16477, 1.66543], "texture": "#0"},
				"up": {"uv": [0.33309, 0.33309, 4.16477, 1.66543], "rotation": 90, "texture": "#0"},
				"down": {"uv": [0.33309, 0.33309, 4.16477, 1.66543], "rotation": 270, "texture": "#0"}
			}
		},
		{
			"from": [3.6875, 2.9375, 2.25],
			"to": [4.8125, 4.0625, 6],
			"faces": {
				"east": {"uv": [0.33309, 0.33309, 4.16477, 1.66543], "rotation": 180, "texture": "#0"},
				"west": {"uv": [0.33309, 0.33309, 4.16477, 1.66543], "texture": "#0"},
				"up": {"uv": [0.33309, 0.33309, 4.16477, 1.66543], "rotation": 90, "texture": "#0"},
				"down": {"uv": [0.33309, 0.33309, 4.16477, 1.66543], "rotation": 270, "texture": "#0"}
			}
		},
		{
			"from": [3.5, 11.75, -14.25],
			"to": [5, 13.25, -3],
			"faces": {
				"north": {"uv": [0, 1.99972, 1.99972, 3.99944], "rotation": 270, "texture": "#0"},
				"east": {"uv": [0.99986, 3.99944, 15.99655, 5.99856], "texture": "#0"},
				"west": {"uv": [0.99986, 3.99944, 15.99655, 5.99856], "rotation": 180, "texture": "#0"},
				"up": {"uv": [0.99986, 3.99944, 15.99655, 5.99856], "rotation": 270, "texture": "#0"},
				"down": {"uv": [0.99986, 3.99944, 15.99655, 5.99856], "rotation": 90, "texture": "#0"}
			}
		},
		{
			"from": [11, 11.75, -14.25],
			"to": [12.5, 13.25, -3],
			"faces": {
				"north": {"uv": [0, 1.99972, 1.99972, 3.99944], "rotation": 270, "texture": "#0"},
				"east": {"uv": [0.99986, 3.99944, 15.99655, 5.99856], "texture": "#0"},
				"west": {"uv": [0.99986, 3.99944, 15.99655, 5.99856], "rotation": 180, "texture": "#0"},
				"up": {"uv": [0.99986, 3.99944, 15.99655, 5.99856], "rotation": 270, "texture": "#0"},
				"down": {"uv": [0.99986, 3.99944, 15.99655, 5.99856], "rotation": 90, "texture": "#0"}
			}
		},
		{
			"from": [4.25, 12.125, -3.75],
			"to": [11, 12.875, -2.25],
			"faces": {
				"north": {"uv": [0, 0.99986, 8.99994, 1.99972], "rotation": 180, "texture": "#0"},
				"south": {"uv": [0, 0.99986, 8.99994, 1.99972], "texture": "#0"},
				"up": {"uv": [1.99972, 0, 10.99966, 1.99972], "texture": "#0"},
				"down": {"uv": [1.66663, 1.99972, 10.66595, 3.99884], "rotation": 180, "texture": "#0"}
			}
		}
	],
	"display": {
		"fixed": {
			"scale": [2, 2, 2]
		}
	}
}