{
	"credit": "DSprl",
	"textures": {
		"0": "custom/desk/desk1",
		"particle": "custom/desk/desk1"
	},
	"elements": [
		{
			"from": [1.04643, 2.4, 8.415],
			"to": [2.04643, 3.4, 8.745],
			"rotation": {"angle": 0, "axis": "z", "origin": [13.31643, 15.415, 3.33]},
			"faces": {
				"east": {"uv": [0, 0, 1, 0.33], "rotation": 90, "texture": "#0"},
				"south": {"uv": [1, 1, 0, 0], "rotation": 180, "texture": "#0"},
				"west": {"uv": [0, 0, 1, 0.33], "rotation": 270, "texture": "#0"},
				"up": {"uv": [0, 0, 1, 0.33], "texture": "#0"},
				"down": {"uv": [0, 0, 1, 0.33], "rotation": 180, "texture": "#0"}
			}
		},
		{
			"from": [1.04643, 10.4, 8.415],
			"to": [2.04643, 11.4, 8.745],
			"rotation": {"angle": 0, "axis": "z", "origin": [13.31643, 15.415, 3.33]},
			"faces": {
				"east": {"uv": [0, 0, 1, 0.33], "rotation": 90, "texture": "#0"},
				"south": {"uv": [1, 1, 0, 0], "rotation": 180, "texture": "#0"},
				"west": {"uv": [3, 4, 4, 4.33], "rotation": 270, "texture": "#0"},
				"up": {"uv": [0, 0, 1, 0.33], "texture": "#0"},
				"down": {"uv": [0, 0, 1, 0.33], "rotation": 180, "texture": "#0"}
			}
		},
		{
			"from": [1.04643, 1.4, 7.085],
			"to": [2.04643, 12.4, 8.415],
			"rotation": {"angle": 0, "axis": "z", "origin": [13.31643, 15.415, 3.33]},
			"faces": {
				"north": {"uv": [13.667, 12.334, 2.667, 11.334], "rotation": 90, "texture": "#0"},
				"east": {"uv": [1.667, 10.667, 12.667, 11.997], "rotation": 90, "texture": "#0"},
				"south": {"uv": [1, 11, 0, 0], "rotation": 180, "texture": "#0"},
				"west": {"uv": [2.334, 11, 13.334, 12.33], "rotation": 270, "texture": "#0"},
				"up": {"uv": [2.667, 11, 3.667, 12.33], "texture": "#0"},
				"down": {"uv": [3.334, 11.334, 4.334, 12.664], "rotation": 180, "texture": "#0"}
			}
		},
		{
			"from": [1.04643, 6.4, -3.575],
			"to": [2.04643, 8.4, 7.085],
			"rotation": {"angle": 0, "axis": "z", "origin": [13.31643, 15.415, 3.33]},
			"faces": {
				"north": {"uv": [1, 2, 0, 0], "texture": "#0"},
				"east": {"uv": [2, 1, 12.66, 3], "rotation": 180, "texture": "#0"},
				"west": {"uv": [2, 1, 12.66, 3], "texture": "#0"},
				"up": {"uv": [2, 1, 12.66, 2], "rotation": 90, "texture": "#0"},
				"down": {"uv": [2, 1, 12.66, 2], "rotation": 270, "texture": "#0"}
			}
		},
		{
			"from": [14.04643, 6.4, -3.575],
			"to": [15.04643, 8.4, 7.085],
			"rotation": {"angle": 0, "axis": "z", "origin": [13.31643, 15.415, 3.33]},
			"faces": {
				"north": {"uv": [2, 2, 1, 0], "texture": "#0"},
				"east": {"uv": [2, 5, 12.66, 7], "rotation": 180, "texture": "#0"},
				"west": {"uv": [2, 1, 12.66, 3], "texture": "#0"},
				"up": {"uv": [2, 1, 12.66, 2], "rotation": 90, "texture": "#0"},
				"down": {"uv": [2, 1, 12.66, 2], "rotation": 270, "texture": "#0"}
			}
		},
		{
			"from": [14.04643, 1.4, 7.085],
			"to": [15.04643, 12.4, 8.415],
			"rotation": {"angle": 0, "axis": "z", "origin": [13.31643, 15.415, 3.33]},
			"faces": {
				"north": {"uv": [13.334, 12.667, 2.334, 11.667], "rotation": 90, "texture": "#0"},
				"east": {"uv": [2.334, 10.667, 13.334, 11.997], "rotation": 90, "texture": "#0"},
				"south": {"uv": [2, 11, 1, 0], "rotation": 180, "texture": "#0"},
				"west": {"uv": [2.334, 11.334, 13.334, 12.664], "rotation": 270, "texture": "#0"},
				"up": {"uv": [3.667, 11, 4.667, 12.33], "texture": "#0"},
				"down": {"uv": [3.667, 10.334, 4.667, 11.664], "rotation": 180, "texture": "#0"}
			}
		},
		{
			"from": [14.04643, 10.4, 8.415],
			"to": [15.04643, 11.4, 8.745],
			"rotation": {"angle": 0, "axis": "z", "origin": [13.31643, 15.415, 3.33]},
			"faces": {
				"east": {"uv": [1, 0, 2, 0.33], "rotation": 90, "texture": "#0"},
				"south": {"uv": [2, 1, 1, 0], "rotation": 180, "texture": "#0"},
				"west": {"uv": [3, 4, 4, 4.33], "rotation": 270, "texture": "#0"},
				"up": {"uv": [1, 0, 2, 0.33], "texture": "#0"},
				"down": {"uv": [1, 0, 2, 0.33], "rotation": 180, "texture": "#0"}
			}
		},
		{
			"from": [14.04643, 2.4, 8.415],
			"to": [15.04643, 3.4, 8.745],
			"rotation": {"angle": 0, "axis": "z", "origin": [13.31643, 15.415, 3.33]},
			"faces": {
				"east": {"uv": [1, 0, 2, 0.33], "rotation": 90, "texture": "#0"},
				"south": {"uv": [2, 1, 1, 0], "rotation": 180, "texture": "#0"},
				"west": {"uv": [1, 0, 2, 0.33], "rotation": 270, "texture": "#0"},
				"up": {"uv": [1, 0, 2, 0.33], "texture": "#0"},
				"down": {"uv": [1, 0, 2, 0.33], "rotation": 180, "texture": "#0"}
			}
		},
		{
			"from": [0.54643, 6.9, -1.255],
			"to": [15.54643, 7.9, -0.255],
			"rotation": {"angle": 0, "axis": "z", "origin": [13.31643, 15.415, 3.33]},
			"faces": {
				"north": {"uv": [15.334, 10.667, 0.334, 9.667], "texture": "#0"},
				"east": {"uv": [2, 10, 3, 11], "rotation": 90, "texture": "#0"},
				"south": {"uv": [15.334, 10.667, 0.334, 9.667], "rotation": 180, "texture": "#0"},
				"west": {"uv": [2, 11, 3, 12], "rotation": 270, "texture": "#0"},
				"up": {"uv": [0.667, 9.667, 15.667, 10.667], "texture": "#0"},
				"down": {"uv": [0.667, 9.667, 15.667, 10.667], "rotation": 180, "texture": "#0"}
			}
		},
		{
			"from": [0.54643, 1.4, -6.585],
			"to": [15.54643, 12.4, -3.585],
			"rotation": {"angle": 0, "axis": "z", "origin": [13.31643, 15.415, 3.33]},
			"faces": {
				"east": {"uv": [3.334, 10, 14.334, 13], "rotation": 90, "texture": "#0"},
				"south": {"uv": [15.667, 11, 0.667, 0], "texture": "#0"},
				"west": {"uv": [2.334, 10, 13.334, 13], "rotation": 270, "texture": "#0"},
				"up": {"uv": [0.667, 10, 15.667, 13], "texture": "#0"},
				"down": {"uv": [0.667, 10, 15.667, 13], "rotation": 180, "texture": "#0"}
			}
		},
		{
			"from": [0.29643, 1.15, -7.245],
			"to": [15.79643, 12.4, -6.585],
			"rotation": {"angle": 0, "axis": "z", "origin": [13.31643, 15.415, 3.33]},
			"faces": {
				"north": {"uv": [15.5, 11.25, 0, 0], "texture": "#0"},
				"east": {"uv": [2.334, 3.334, 13.584, 3.994], "rotation": 90, "texture": "#0"},
				"south": {"uv": [15.5, 11.25, 0, 0], "rotation": 180, "texture": "#0"},
				"west": {"uv": [3, 2.334, 14.25, 2.994], "rotation": 270, "texture": "#0"},
				"up": {"uv": [0.334, 3.334, 15.834, 3.994], "texture": "#0"},
				"down": {"uv": [0.334, 2.667, 15.834, 3.327], "rotation": 180, "texture": "#0"}
			}
		},
		{
			"from": [0.29643, 10.15, -7.575],
			"to": [15.79643, 12.4, -7.245],
			"rotation": {"angle": 0, "axis": "z", "origin": [13.31643, 15.415, 3.33]},
			"faces": {
				"north": {"uv": [15.5, 15.25, 0, 13], "texture": "#0"},
				"east": {"uv": [2.334, 2.334, 4.584, 2.664], "rotation": 90, "texture": "#0"},
				"west": {"uv": [5, 4.667, 7.25, 4.997], "rotation": 270, "texture": "#0"},
				"up": {"uv": [0.334, 5, 15.834, 5.33], "texture": "#0"},
				"down": {"uv": [0.334, 5.667, 15.834, 5.997], "rotation": 180, "texture": "#0"}
			}
		},
		{
			"from": [13.04643, 12.25, -6.835],
			"to": [14.04643, 12.58, -6.505],
			"rotation": {"angle": -45, "axis": "x", "origin": [13.51643, 12.315, -6.67]},
			"faces": {
				"north": {"uv": [1, 0, 2, 0.33], "texture": "#0"},
				"east": {"uv": [0, 15.667, 0.33, 15.997], "texture": "#0"},
				"south": {"uv": [0, 15.667, 1, 15.997], "texture": "#0"},
				"west": {"uv": [0, 15.667, 0.33, 15.997], "texture": "#0"},
				"up": {"uv": [1, 15.997, 0, 15.667], "rotation": 180, "texture": "#0"},
				"down": {"uv": [2, 0.33, 1, 0], "rotation": 180, "texture": "#0"}
			}
		},
		{
			"from": [2.04643, 12.25, -6.835],
			"to": [3.04643, 12.58, -6.505],
			"rotation": {"angle": -45, "axis": "x", "origin": [13.51643, 12.315, -6.67]},
			"faces": {
				"north": {"uv": [1, 0, 2, 0.33], "texture": "#0"},
				"east": {"uv": [0, 15.667, 0.33, 15.997], "texture": "#0"},
				"south": {"uv": [0, 15.667, 1, 15.997], "texture": "#0"},
				"west": {"uv": [0, 15.667, 0.33, 15.997], "texture": "#0"},
				"up": {"uv": [1, 15.997, 0, 15.667], "rotation": 180, "texture": "#0"},
				"down": {"uv": [2, 0.33, 1, 0], "rotation": 180, "texture": "#0"}
			}
		}
	],
	"display": {
		"fixed": {
			"scale": [2, 2, 2]
		}
	}
}