{
	"credit": "DSprl",
	"textures": {
		"particle": "custom/stool"
	},
	"elements": [
		{
			"from": [1.6667, 9, 1.6667],
			"to": [14.33337, 10.33333, 14.33337],
			"faces": {
				"north": {"uv": [12.66667, 11, 6.33333, 11.66667], "texture": "#particle"},
				"east": {"uv": [6.33333, 9.66667, 12.66667, 10.33333], "texture": "#particle"},
				"south": {"uv": [6.33333, 11.66667, 12.66667, 12.33333], "texture": "#particle"},
				"west": {"uv": [6.33333, 10.33333, 12.66667, 11], "texture": "#particle"},
				"up": {"uv": [0, 0, 6.33333, 6.33333], "texture": "#particle"},
				"down": {"uv": [0, 6.33333, 6.33333, 12.66667], "texture": "#particle"}
			}
		},
		{
			"from": [7.3333, 0, 14],
			"to": [8.66663, 9.66667, 15.33333],
			"rotation": {"angle": -22.5, "axis": "x", "origin": [7.33333, 0, 14]},
			"faces": {
				"north": {"uv": [9, 0, 9.66667, 4.83333], "texture": "#particle"},
				"east": {"uv": [11, 0, 11.66667, 4.83333], "texture": "#particle"},
				"south": {"uv": [9.66667, 0, 10.33333, 4.83333], "texture": "#particle"},
				"west": {"uv": [10.33333, 0, 11, 4.83333], "texture": "#particle"},
				"down": {"uv": [11.66667, 0, 12.33333, 0.66667], "texture": "#particle"}
			}
		},
		{
			"from": [0.4844, -0.0288, 7.3438],
			"to": [1.81773, 9.63787, 8.67713],
			"rotation": {"angle": -22.5, "axis": "z", "origin": [2, -0.46875, 7.34375]},
			"faces": {
				"north": {"uv": [8.33333, 0, 9, 4.83333], "texture": "#particle"},
				"east": {"uv": [6.33333, 0, 7, 4.83333], "texture": "#particle"},
				"south": {"uv": [7.66667, 0, 8.33333, 4.83333], "texture": "#particle"},
				"west": {"uv": [7, 0, 7.66667, 4.83333], "texture": "#particle"},
				"down": {"uv": [11.66667, 0, 12.33333, 0.66667], "texture": "#particle"}
			}
		},
		{
			"from": [7.3229, -0.0288, 0.4844],
			"to": [8.65623, 9.63787, 1.81773],
			"rotation": {"angle": 22.5, "axis": "x", "origin": [8.65625, -0.46875, 2]},
			"faces": {
				"north": {"uv": [9, 0, 9.66667, 4.83333], "texture": "#particle"},
				"east": {"uv": [11, 0, 11.66667, 4.83333], "texture": "#particle"},
				"south": {"uv": [9.66667, 0, 10.33333, 4.83333], "texture": "#particle"},
				"west": {"uv": [10.33333, 0, 11, 4.83333], "texture": "#particle"},
				"down": {"uv": [11.66667, 0, 12.33333, 0.66667], "texture": "#particle"}
			}
		},
		{
			"from": [14, 0, 7.3229],
			"to": [15.33333, 9.66667, 8.65623],
			"rotation": {"angle": 22.5, "axis": "z", "origin": [14, 0, 8.65625]},
			"faces": {
				"north": {"uv": [8.33333, 0, 9, 4.83333], "texture": "#particle"},
				"east": {"uv": [6.33333, 0, 7, 4.83333], "texture": "#particle"},
				"south": {"uv": [7.66667, 0, 8.33333, 4.83333], "texture": "#particle"},
				"west": {"uv": [7, 0, 7.66667, 4.83333], "texture": "#particle"},
				"down": {"uv": [11.66667, 2, 12.33333, 2.66667], "texture": "#particle"}
			}
		}
	],
	"display": {
		"fixed": {
			"rotation": [-90, 0, 0],
			"translation": [0, 0, -14],
			"scale": [2, 2, 2]
		}
	}
}