{
	"parent": "item/handheld",
	"textures": {
		"layer0": "items/diamond_hoe"
	},
	"overrides": [
		{ "predicate": { "damaged": 0, "damage": 0 }, "model": "item/diamond_hoe" },
		{ "predicate": { "damaged": 0, "damage": 0.00064061499 }, "model": "map/ec1" },
		{ "predicate": { "damaged": 0, "damage": 0.00128122998 }, "model": "map/ec2" },
		{ "predicate": { "damaged": 0, "damage": 0.00192184497 }, "model": "map/ec3" },
		{ "predicate": { "damaged": 0, "damage": 0.00256245996 }, "model": "map/ec4" },
		{ "predicate": { "damaged": 0, "damage": 0.00320307495 }, "model": "map/ec5" },
		{ "predicate": { "damaged": 0, "damage": 0.00384368994 }, "model": "map/ec6" },
		{ "predicate": { "damaged": 0, "damage": 0.00448430493 }, "model": "map/ec7" },
		{ "predicate": { "damaged": 0, "damage": 0.00512491992 }, "model": "map/ec8" },
		{ "predicate": { "damaged": 0, "damage": 0.00576553491 }, "model": "map/ec9" },
		{ "predicate": { "damaged": 0, "damage": 0.00640614990 }, "model": "map/ec10" },
		{ "predicate": { "damaged": 0, "damage": 0.00704676489 }, "model": "map/ec11" },
		{ "predicate": { "damaged": 0, "damage": 0.00768737988 }, "model": "map/ec12" },
		{ "predicate": { "damaged": 0, "damage": 0.00832799487 }, "model": "map/ec13" },
		{ "predicate": { "damaged": 0, "damage": 0.00896860986 }, "model": "map/ec14" },
		{ "predicate": { "damaged": 0, "damage": 0.00960922485 }, "model": "map/ec15" },
		{ "predicate": { "damaged": 0, "damage": 0.01024983984 }, "model": "map/ec16" },
		{ "predicate": { "damaged": 0, "damage": 0.01089045483 }, "model": "map/ec17" },
		{ "predicate": { "damaged": 0, "damage": 0.01153106982 }, "model": "map/ec18" },
		{ "predicate": { "damaged": 0, "damage": 0.01217168481 }, "model": "map/ec19" },
		{ "predicate": { "damaged": 0, "damage": 0.01281229980 }, "model": "map/ec20" },
		{ "predicate": { "damaged": 1, "damage": 0 }, "model": "item/diamond_hoe" }
	]
}