{"credit":"Made with Blockbench","display":{"firstperson_lefthand":{"rotation":[12,119,0],"translation":[8.25,-0.75,0]},"firstperson_righthand":{"rotation":[12,119,0],"translation":[8.25,-0.75,0]},"fixed":{"rotation":[-90,0,0],"scale":[2,2,2],"translation":[0,0,-10]},"ground":{"scale":[0.49,0.49,0.49],"translation":[0,5.75,0]},"gui":{"rotation":[30,135,0],"translation":[0,1.25,0]},"head":{"scale":[1.6,1.6,1.6],"translation":[0,12,0]},"thirdperson_lefthand":{"rotation":[42,12,0],"translation":[-0.1,5,5]},"thirdperson_righthand":{"rotation":[42,12,0],"translation":[-0.1,5,5]}},"elements":[{"faces":{"down":{"texture":"#0","uv":[11,5,16,0]},"up":{"texture":"#0","uv":[11,0,16,5]}},"from":[3,9,3],"rotation":{"angle":0,"axis":"y","origin":[11,17,11]},"to":[13,9,13]},{"faces":{"down":{"texture":"#0","uv":[8,8,11.5,4.5]},"up":{"texture":"#0","uv":[8,4.5,11.5,8]}},"from":[4.5,11,4.5],"rotation":{"angle":0,"axis":"y","origin":[12,19,10]},"to":[11.5,11,11.5]},{"faces":{"north":{"texture":"#0","uv":[8.5,0,11,4.5]},"south":{"texture":"#0","uv":[8.5,0,11,4.5]}},"from":[5.5,3,8],"rotation":{"angle":0,"axis":"y","origin":[13,11,16]},"to":[10.5,12,8]},{"faces":{"east":{"texture":"#0","uv":[8.5,0,11,4.5]},"west":{"texture":"#0","uv":[8.5,0,11,4.5]}},"from":[8,3,5.5],"rotation":{"angle":0,"axis":"y","origin":[8,7.5,8]},"to":[8,12,10.5]},{"faces":{"down":{"texture":"#0","uv":[0,4.5,1.5,8]},"up":{"rotation":180,"texture":"#0","uv":[0,4.5,1.5,8]}},"from":[6.5,6.5,9.5],"rotation":{"angle":-22.5,"axis":"x","origin":[8,6.5,10]},"to":[9.5,6.5,16.5]},{"faces":{"down":{"rotation":180,"texture":"#0","uv":[0,4.5,1.5,8]},"up":{"texture":"#0","uv":[0,4.5,1.5,8]}},"from":[6.5,6.5,-0.5],"rotation":{"angle":22.5,"axis":"x","origin":[8,6.5,6]},"to":[9.5,6.5,6.5]},{"faces":{"down":{"rotation":270,"texture":"#0","uv":[0,4.5,1.5,8]},"up":{"rotation":270,"texture":"#0","uv":[0,4.5,1.5,8]}},"from":[-0.5,6.5,6.5],"rotation":{"angle":-22.5,"axis":"z","origin":[6,6.5,8]},"to":[6.5,6.5,9.5]},{"faces":{"down":{"rotation":90,"texture":"#0","uv":[0,4.5,1.5,8]},"up":{"rotation":90,"texture":"#0","uv":[0,4.5,1.5,8]}},"from":[9.5,6.5,6.5],"rotation":{"angle":22.5,"axis":"z","origin":[10,6.5,8]},"to":[16.5,6.5,9.5]},{"faces":{"down":{"texture":"#0","uv":[0.5,9.5,1,10]},"east":{"texture":"#0","uv":[0,8,1.5,11.5]},"north":{"texture":"#0","uv":[0,8,1.5,11.5]},"south":{"texture":"#0","uv":[0,8,1.5,11.5]},"up":{"texture":"#0","uv":[1.5,5,3,6.5]},"west":{"texture":"#0","uv":[0,8,1.5,11.5]}},"from":[6.5,-1,6.5],"rotation":{"angle":0,"axis":"y","origin":[15,7,11]},"to":[9.5,6,9.5]},{"faces":{"down":{"texture":"#0","uv":[3,5,6.5,6.5]},"up":{"rotation":180,"texture":"#0","uv":[3,5,6.5,6.5]}},"from":[4.5,6,3.5],"rotation":{"angle":-22.5,"axis":"x","origin":[8,6,6.5]},"to":[11.5,6,6.5]},{"faces":{"down":{"rotation":180,"texture":"#0","uv":[3,5,6.5,6.5]},"up":{"texture":"#0","uv":[3,5,6.5,6.5]}},"from":[4.5,6,9.5],"rotation":{"angle":22.5,"axis":"x","origin":[8,6,9.5]},"to":[11.5,6,12.5]},{"faces":{"down":{"texture":"#0","tintindex":0,"uv":[3.5,5,8.5,0]},"up":{"texture":"#0","tintindex":0,"uv":[3.5,0,8.5,5]}},"from":[3,9,3],"rotation":{"angle":0,"axis":"y","origin":[11,17,11]},"to":[13,9,13]},{"faces":{"east":{"rotation":180,"texture":"#0","tintindex":0,"uv":[1.5,8,3,11.5]},"north":{"rotation":180,"texture":"#0","tintindex":0,"uv":[1.5,8,3,11.5]},"south":{"rotation":180,"texture":"#0","tintindex":0,"uv":[1.5,8,3,11.5]},"west":{"rotation":180,"texture":"#0","tintindex":0,"uv":[1.5,8,3,11.5]}},"from":[9.7,6.2,9.7],"rotation":{"angle":0,"axis":"y","origin":[18,14,14]},"to":[6.3,-1.2,6.3]},{"faces":{"east":{"texture":"#0","tintindex":0,"uv":[1.5,8,3,11.5]},"north":{"texture":"#0","tintindex":0,"uv":[1.5,8,3,11.5]},"south":{"texture":"#0","tintindex":0,"uv":[1.5,8,3,11.5]},"west":{"texture":"#0","tintindex":0,"uv":[1.5,8,3,11.5]}},"from":[6.3,-1.2,6.3],"rotation":{"angle":0,"axis":"y","origin":[15,7,11]},"to":[9.7,6.2,9.7]},{"faces":{"down":{"rotation":180,"texture":"#0","tintindex":0,"uv":[0,3.5,1,4.5]},"up":{"rotation":270,"texture":"#0","tintindex":0,"uv":[0,3.5,1,4.5]}},"from":[7.5,12,8.5],"rotation":{"angle":0,"axis":"y","origin":[8.5,12,9.5]},"to":[9.5,12,10.5]},{"faces":{"down":{"rotation":90,"texture":"#0","tintindex":0,"uv":[0,3.5,1,4.5]},"up":{"texture":"#0","tintindex":0,"uv":[0,3.5,1,4.5]}},"from":[6.5,12,6.5],"rotation":{"angle":0,"axis":"y","origin":[14,20,12]},"to":[8.5,12,8.5]},{"faces":{"down":{"texture":"#0","tintindex":0,"uv":[0,3.5,3.5,0]},"up":{"texture":"#0","tintindex":0,"uv":[0,0,3.5,3.5]}},"from":[4.5,11,4.5],"rotation":{"angle":0,"axis":"y","origin":[12,19,10]},"to":[11.5,11,11.5]}],"groups":[{"children":[0,1,2,3,4,5,6,7,8],"name":"group","origin":[8,8,8]},9,10,{"children":[11,12,13,14,15,16],"name":"group","origin":[12,19,10]}],"texture_size":[32,32],"textures":{"0":"custom/cosmetics/valentine/bouquet","particle":"custom/cosmetics/valentine/bouquet"}}