{"credit":"Made with Blockbench","display":{"gui":{"rotation":[5,30,-45],"scale":[0.54,0.54,0.54],"translation":[-1.5,-1.25,0]},"head":{"rotation":[0,0,-45],"scale":[1.61,1.61,1.61],"translation":[-2.5,-51.75,7.5]}},"elements":[{"faces":{"down":{"texture":"#0","uv":[2.5,8,5,10.5]},"east":{"texture":"#0","uv":[0,0,2.5,8]},"north":{"texture":"#0","uv":[0,0,2.5,8]},"south":{"texture":"#0","uv":[0,0,2.5,8]},"up":{"texture":"#0","uv":[0,8,2.5,10.5]},"west":{"texture":"#0","uv":[0,0,2.5,8]}},"from":[5.5,0,5.5],"rotation":{"angle":0,"axis":"y","origin":[13,8,8]},"to":[10.5,16,10.5]},{"faces":{"north":{"texture":"#0","uv":[5,0,5.5,8]},"south":{"texture":"#0","uv":[5,0,5.5,8]}},"from":[6,7,8],"rotation":{"angle":0,"axis":"z","origin":[6.5,8,8]},"to":[7,23,8]},{"faces":{"east":{"texture":"#0","uv":[5,0,5.5,8]},"west":{"texture":"#0","uv":[5,0,5.5,8]}},"from":[6.5,7,7.5],"rotation":{"angle":0,"axis":"z","origin":[6.5,8,8]},"to":[6.5,23,8.5]},{"faces":{"north":{"texture":"#0","uv":[5,0,5.5,8]},"south":{"texture":"#0","uv":[5,0,5.5,8]}},"from":[9,4,6],"rotation":{"angle":-22.5,"axis":"y","origin":[9.5,5,6]},"to":[10,20,6]},{"faces":{"east":{"texture":"#0","uv":[5,0,5.5,8]},"west":{"texture":"#0","uv":[5,0,5.5,8]}},"from":[9.5,4,5.5],"rotation":{"angle":-22.5,"axis":"y","origin":[9.5,5,6]},"to":[9.5,20,6.5]},{"faces":{"north":{"texture":"#0","uv":[5,0,5.5,8]},"south":{"texture":"#0","uv":[5,0,5.5,8]}},"from":[7,4,5],"rotation":{"angle":22.5,"axis":"x","origin":[7.5,5,5]},"to":[8,20,5]},{"faces":{"east":{"texture":"#0","uv":[5,0,5.5,8]},"west":{"texture":"#0","uv":[5,0,5.5,8]}},"from":[7.5,4,4.5],"rotation":{"angle":22.5,"axis":"x","origin":[7.5,5,5]},"to":[7.5,20,5.5]},{"faces":{"north":{"texture":"#0","uv":[5,0,5.5,8]},"south":{"texture":"#0","uv":[5,0,5.5,8]}},"from":[5,6,9],"rotation":{"angle":-22.5,"axis":"z","origin":[5.5,7,9]},"to":[6,22,9]},{"faces":{"east":{"texture":"#0","uv":[5,0,5.5,8]},"west":{"texture":"#0","uv":[5,0,5.5,8]}},"from":[5.5,6,8.5],"rotation":{"angle":-22.5,"axis":"z","origin":[5.5,7,9]},"to":[5.5,22,9.5]},{"faces":{"north":{"texture":"#0","uv":[5,0,5.5,8]},"south":{"texture":"#0","uv":[5,0,5.5,8]}},"from":[9,6,9],"rotation":{"angle":22.5,"axis":"z","origin":[9.5,7,9]},"to":[10,22,9]},{"faces":{"east":{"texture":"#0","uv":[5,0,5.5,8]},"west":{"texture":"#0","uv":[5,0,5.5,8]}},"from":[9.5,6,8.5],"rotation":{"angle":22.5,"axis":"z","origin":[9.5,7,9]},"to":[9.5,22,9.5]},{"faces":{"east":{"texture":"#0","tintindex":0,"uv":[6.5,2.5,9,4.5]},"west":{"texture":"#0","tintindex":0,"uv":[6.5,2.5,9,4.5]}},"from":[5.5,22,6.5],"rotation":{"angle":-22.5,"axis":"z","origin":[5.5,7,9]},"to":[5.5,26,11.5]},{"faces":{"north":{"texture":"#0","tintindex":0,"uv":[6.5,2.5,9,4.5]},"south":{"texture":"#0","tintindex":0,"uv":[6.5,2.5,9,4.5]}},"from":[3,22,9],"rotation":{"angle":-22.5,"axis":"z","origin":[5.5,7,9]},"to":[8,26,9]},{"faces":{"north":{"texture":"#0","tintindex":0,"uv":[6.5,2.5,9,4.5]},"south":{"texture":"#0","tintindex":0,"uv":[6.5,2.5,9,4.5]}},"from":[4,23,8],"rotation":{"angle":0,"axis":"z","origin":[6.5,8,8]},"to":[9,27,8]},{"faces":{"east":{"texture":"#0","tintindex":0,"uv":[6.5,2.5,9,4.5]},"west":{"texture":"#0","tintindex":0,"uv":[6.5,2.5,9,4.5]}},"from":[6.5,23,5.5],"rotation":{"angle":0,"axis":"z","origin":[6.5,8,8]},"to":[6.5,27,10.5]},{"faces":{"east":{"texture":"#0","tintindex":0,"uv":[6.5,2.5,9,4.5]},"west":{"texture":"#0","tintindex":0,"uv":[6.5,2.5,9,4.5]}},"from":[9.5,22,6.5],"rotation":{"angle":22.5,"axis":"z","origin":[9.5,7,9]},"to":[9.5,26,11.5]},{"faces":{"north":{"texture":"#0","tintindex":0,"uv":[6.5,2.5,9,4.5]},"south":{"texture":"#0","tintindex":0,"uv":[6.5,2.5,9,4.5]}},"from":[7,22,9],"rotation":{"angle":22.5,"axis":"z","origin":[9.5,7,9]},"to":[12,26,9]},{"faces":{"east":{"texture":"#0","tintindex":0,"uv":[6.5,2.5,9,4.5]},"west":{"texture":"#0","tintindex":0,"uv":[6.5,2.5,9,4.5]}},"from":[7.5,20,2.5],"rotation":{"angle":22.5,"axis":"x","origin":[7.5,5,5]},"to":[7.5,24,7.5]},{"faces":{"north":{"texture":"#0","tintindex":0,"uv":[6.5,2.5,9,4.5]},"south":{"texture":"#0","tintindex":0,"uv":[6.5,2.5,9,4.5]}},"from":[5,20,5],"rotation":{"angle":22.5,"axis":"x","origin":[7.5,5,5]},"to":[10,24,5]},{"faces":{"east":{"texture":"#0","tintindex":0,"uv":[6.5,2.5,9,4.5]},"west":{"texture":"#0","tintindex":0,"uv":[6.5,2.5,9,4.5]}},"from":[9.5,20,3.5],"rotation":{"angle":-22.5,"axis":"y","origin":[9.5,5,6]},"to":[9.5,24,8.5]},{"faces":{"north":{"texture":"#0","tintindex":0,"uv":[6.5,2.5,9,4.5]},"south":{"texture":"#0","tintindex":0,"uv":[6.5,2.5,9,4.5]}},"from":[7,20,6],"rotation":{"angle":-22.5,"axis":"y","origin":[9.5,5,6]},"to":[12,24,6]},{"faces":{"east":{"texture":"#0","tintindex":0,"uv":[2.5,0,5,8]},"north":{"texture":"#0","tintindex":0,"uv":[2.5,0,5,8]},"south":{"texture":"#0","tintindex":0,"uv":[2.5,0,5,8]},"west":{"texture":"#0","tintindex":0,"uv":[2.5,0,5,8]}},"from":[5.25,-0.25,5.25],"rotation":{"angle":0,"axis":"y","origin":[13,8,8]},"to":[10.75,16.25,10.75]},{"faces":{"north":{"rotation":90,"texture":"#0","tintindex":0,"uv":[6.5,2.5,5.5,8]},"south":{"rotation":270,"texture":"#0","tintindex":0,"uv":[5.5,2.5,6.5,8]}},"from":[10,14,9],"rotation":{"angle":-45,"axis":"z","origin":[10,15,9]},"to":[20,16,9]},{"faces":{"north":{"rotation":90,"texture":"#0","tintindex":0,"uv":[6.5,0.5,5.5,8]},"south":{"rotation":270,"texture":"#0","tintindex":0,"uv":[5.5,0.5,6.5,8]}},"from":[10,12,7],"rotation":{"angle":-45,"axis":"z","origin":[10,13,7]},"to":[25,14,7]},{"faces":{"north":{"texture":"#0","tintindex":0,"uv":[6.5,0,12,2.5]},"south":{"texture":"#0","tintindex":0,"uv":[6.5,0,12,2.5]}},"from":[-6.5,10,10],"rotation":{"angle":-45,"axis":"y","origin":[1,18,18]},"to":[4.5,15,10]},{"faces":{"east":{"rotation":180,"texture":"#0","tintindex":0,"uv":[2.5,0,5,8]},"north":{"rotation":180,"texture":"#0","tintindex":0,"uv":[2.5,0,5,8]},"south":{"rotation":180,"texture":"#0","tintindex":0,"uv":[2.5,0,5,8]},"west":{"rotation":180,"texture":"#0","tintindex":0,"uv":[2.5,0,5,8]}},"from":[10.75,16.25,10.75],"rotation":{"angle":0,"axis":"y","origin":[18,24,13]},"to":[5.25,-0.25,5.25]}],"groups":[0,{"children":[1,2],"name":"group","origin":[17,20,17]},{"children":[3,4],"name":"group","origin":[17,20,17]},{"children":[5,6],"name":"group","origin":[17,20,17]},{"children":[7,8],"name":"group","origin":[17,20,17]},{"children":[9,10],"name":"group","origin":[17,20,17]},{"children":[11,12,13,14,15,16,17,18,19,20,21,22,23,24],"name":"group","origin":[1,18,18]},25],"texture_size":[32,32],"textures":{"0":"custom/cosmetics/valentine/cupid_quiver","particle":"custom/cosmetics/valentine/cupid_quiver"}}