{"credit":"Made with Blockbench","display":{"gui":{"rotation":[-2,0,0],"scale":[0.7,0.7,0.7]},"head":{"scale":[1.61,1.61,1.61],"translation":[0,-48,2]}},"elements":[{"faces":{"north":{"texture":"#0","uv":[0,0,8,8]},"south":{"texture":"#0","uv":[8,0,0,8]}},"from":[9,0,8],"rotation":{"angle":-45,"axis":"y","origin":[8,8,8]},"to":[25,16,8]},{"faces":{"north":{"texture":"#0","uv":[8,0,0,8]},"south":{"texture":"#0","uv":[0,0,8,8]}},"from":[-9,0,8],"rotation":{"angle":45,"axis":"y","origin":[8,8,8]},"to":[7,16,8]},{"faces":{"north":{"texture":"#0","tintindex":0,"uv":[10.5,1,11.5,2.5]},"south":{"texture":"#0","tintindex":0,"uv":[10.5,1,11.5,2.5]}},"from":[7,8,10],"rotation":{"angle":0,"axis":"y","origin":[15,16,18]},"to":[9,11,10]},{"faces":{"north":{"texture":"#0","tintindex":0,"uv":[12,0,16,5]},"south":{"texture":"#0","tintindex":0,"uv":[12,0,16,5]}},"from":[4,0,9.75],"rotation":{"angle":0,"axis":"y","origin":[12,8,17]},"to":[12,10,9.75]},{"faces":{"north":{"texture":"#0","tintindex":0,"uv":[10.5,0,8,3.5]},"south":{"texture":"#0","tintindex":0,"uv":[8,0,10.5,3.5]}},"from":[2,6,10],"rotation":{"angle":45,"axis":"y","origin":[7,9.5,10]},"to":[7,13,10]},{"faces":{"north":{"texture":"#0","tintindex":0,"uv":[8,0,10.5,3.5]},"south":{"texture":"#0","tintindex":0,"uv":[10.5,0,8,3.5]}},"from":[9,6,10],"rotation":{"angle":-45,"axis":"y","origin":[9,9.5,10]},"to":[14,13,10]}],"texture_size":[32,32],"textures":{"0":"custom/cosmetics/valentine/cupid_wings","particle":"custom/cosmetics/valentine/cupid_wings"}}