{"credit":"Made with Blockbench","display":{"firstperson_lefthand":{"rotation":[0,114,0],"translation":[6.5,4.25,-5.5]},"firstperson_righthand":{"rotation":[0,114,0],"translation":[6.5,4.25,-5.5]},"fixed":{"rotation":[-90,0,0],"scale":[2,2,2],"translation":[0,0,-16.5]},"ground":{"scale":[0.4,0.4,0.4],"translation":[0,4.75,0]},"gui":{"rotation":[30,135,0],"scale":[0.9,0.9,0.9],"translation":[0,3.5,0]},"head":{"rotation":[5,0,0],"scale":[1.85,1.85,1.85],"translation":[0,18.65,1.2]},"thirdperson_lefthand":{"rotation":[42,57,0],"scale":[0.4,0.4,0.4],"translation":[0,2.75,2.25]},"thirdperson_righthand":{"rotation":[42,57,0],"scale":[0.4,0.4,0.4],"translation":[0,2.75,2.25]}},"elements":[{"faces":{"down":{"texture":"#0","uv":[7.5,0.5,15.5,8.5]},"up":{"texture":"#0","uv":[7.5,0.5,15.5,8.5]}},"from":[0,0,0],"to":[16,0,16]},{"faces":{"east":{"texture":"#0","uv":[0,4.5,4,9]},"north":{"texture":"#0","uv":[0,0,4,4.5]},"south":{"texture":"#0","uv":[0,0,4,4.5]},"up":{"texture":"#0","uv":[8,8.5,12,12.5]},"west":{"texture":"#0","uv":[0,4.5,4,9]}},"from":[4,0,4],"to":[12,9,12]},{"faces":{"down":{"texture":"#0","uv":[8,10.5,12,14.5]},"east":{"rotation":180,"texture":"#0","uv":[4,4.5,0,9]},"north":{"rotation":180,"texture":"#0","uv":[0,0,4,4.5]},"south":{"rotation":180,"texture":"#0","uv":[0,0,4,4.5]},"west":{"rotation":180,"texture":"#0","uv":[0,0,4,4.5]}},"from":[12,9,12],"to":[4,0,4]},{"faces":{"north":{"rotation":90,"texture":"#0","uv":[5.5,2,6,9]},"south":{"rotation":90,"texture":"#0","uv":[5.5,2,6,9]}},"from":[2,5,8],"rotation":{"angle":0,"axis":"y","origin":[10,13,16]},"to":[16,6,8]},{"faces":{"north":{"rotation":90,"texture":"#0","tintindex":0,"uv":[4.5,0,7,2]},"south":{"rotation":90,"texture":"#0","tintindex":0,"uv":[7,2,4.5,0]}},"from":[-2,3,8],"rotation":{"angle":0,"axis":"y","origin":[6,11,16]},"to":[2,8,8]},{"faces":{"north":{"texture":"#0","tintindex":0,"uv":[0,14,4,16]},"south":{"texture":"#0","tintindex":0,"uv":[0,14,4,16]}},"from":[4,0,3],"rotation":{"angle":22.5,"axis":"x","origin":[8,2,3]},"to":[12,4,3]},{"faces":{"north":{"rotation":90,"texture":"#0","tintindex":0,"uv":[4.5,0,7,2]},"south":{"rotation":90,"texture":"#0","tintindex":0,"uv":[7,2,4.5,0]}},"from":[15,3,8],"rotation":{"angle":0,"axis":"y","origin":[23,11,16]},"to":[19,8,8]},{"faces":{"east":{"texture":"#0","tintindex":0,"uv":[4,11,8,13]},"north":{"texture":"#0","tintindex":0,"uv":[0,11,4,13]},"south":{"texture":"#0","tintindex":0,"uv":[4,11,8,13]},"west":{"texture":"#0","tintindex":0,"uv":[4,11,8,13]}},"from":[3.75,0.75,3.75],"to":[12.25,5.25,12.25]},{"faces":{"east":{"texture":"#0","tintindex":0,"uv":[4,11,8,13]},"north":{"texture":"#0","tintindex":0,"uv":[4,11,8,13]},"south":{"texture":"#0","tintindex":0,"uv":[4,11,8,13]},"west":{"texture":"#0","tintindex":0,"uv":[4,11,8,13]}},"from":[12.25,5.25,12.25],"to":[3.75,0.75,3.75]}],"groups":[0,1,2,3,{"children":[4,5,6,7,8],"name":"group","origin":[8,8,8]}],"textures":{"0":"custom/cosmetics/valentine/heart_top_hat","particle":"custom/cosmetics/valentine/heart_top_hat"}}