{"ambientocclusion":false,"credit":"Fixed Cross Model - Allows for translucency","elements":[{"faces":{"north":{"texture":"#cross","uv":[8,0,16,16]},"south":{"texture":"#cross","uv":[0,0,8,16]}},"from":[0.8,0,8],"rotation":{"angle":45,"axis":"y","origin":[8,8,8],"rescale":true},"shade":false,"to":[8,16,8]},{"color":6,"faces":{"north":{"texture":"#cross","uv":[0,0,8,16]},"south":{"texture":"#cross","uv":[8,0,16,16]}},"from":[8,0,8],"rotation":{"angle":45,"axis":"y","origin":[8,8,8],"rescale":true},"shade":false,"to":[15.2,16,8]},{"faces":{"east":{"texture":"#cross","uv":[8,0,16,16]},"west":{"texture":"#cross","uv":[0,0,8,16]}},"from":[8,0,0.8],"rotation":{"angle":45,"axis":"y","origin":[8,8,8],"rescale":true},"shade":false,"to":[8,16,8]},{"color":6,"faces":{"east":{"texture":"#cross","uv":[0,0,8,16]},"west":{"texture":"#cross","uv":[8,0,16,16]}},"from":[8,0,8],"rotation":{"angle":45,"axis":"y","origin":[8,8,8],"rescale":true},"shade":false,"to":[8,16,15.2]}],"textures":{"particle":"#cross"}}