{"ambientocclusion":false,"credit":"Made with Blockbench","elements":[{"faces":{"down":{"texture":"#1","tintindex":0,"uv":[0,2,8,10]},"up":{"texture":"#1","tintindex":0,"uv":[0,0,16,16]}},"from":[0,15.2,0],"shade":false,"to":[16,15.2,16]},{"faces":{"east":{"texture":"#1","tintindex":0,"uv":[0,0,8,12]},"west":{"texture":"#1","tintindex":0,"uv":[0,0,8,12]}},"from":[15.2,-8,0],"shade":false,"to":[15.2,16,16]},{"faces":{"east":{"texture":"#1","tintindex":0,"uv":[0,0,8,12]},"west":{"texture":"#1","tintindex":0,"uv":[0,0,8,12]}},"from":[0.8,-8,0],"shade":false,"to":[0.8,16,16]},{"faces":{"down":{"texture":"#1","uv":[0,0,12,0]},"east":{"texture":"#1","uv":[0,0,0,12]},"north":{"texture":"#1","tintindex":0,"uv":[14.5,0,8.5,6]},"south":{"texture":"#1","tintindex":0,"uv":[8.5,0,14.5,6]},"up":{"texture":"#1","uv":[0,0,12,0]},"west":{"texture":"#1","uv":[0,0,0,12]}},"from":[1,4,12],"shade":false,"to":[13,16,12]},{"faces":{"down":{"texture":"#1","uv":[0,0,15,0]},"east":{"texture":"#1","uv":[0,0,0,15]},"north":{"texture":"#1","tintindex":0,"uv":[8.5,6.5,16,14]},"south":{"texture":"#1","tintindex":0,"uv":[16,6.5,8.5,14]},"up":{"texture":"#1","uv":[0,0,15,0]},"west":{"texture":"#1","uv":[0,0,0,15]}},"from":[0,1,4],"shade":false,"to":[15,16,4]}],"textures":{"1":"block/vinecustom","particle":"block/vine"}}