{"ambientocclusion":false,"credit":"Made with Blockbench","elements":[{"faces":{"east":{"texture":"#0","tintindex":0,"uv":[0,0,8,12]},"west":{"texture":"#0","tintindex":0,"uv":[0,0,8,12]}},"from":[15.2,-8,0],"shade":false,"to":[15.2,16,16]},{"faces":{"north":{"texture":"#0","tintindex":0,"uv":[0,0,8,12]},"south":{"texture":"#0","tintindex":0,"uv":[0,0,8,12]}},"from":[0,-8,15.2],"shade":false,"to":[16,16,15.2]},{"faces":{"north":{"texture":"#0","tintindex":0,"uv":[0,0,8,12]},"south":{"texture":"#0","tintindex":0,"uv":[0,0,8,12]}},"from":[0,-8,0.8],"shade":false,"to":[16,16,0.8]}],"textures":{"0":"block/vinecustom","particle":"block/vine"}}