{"ambientocclusion":false,"credit":"Made with Blockbench","elements":[{"faces":{"down":{"texture":"#1","tintindex":0,"uv":[0,2,8,10]},"east":{"texture":"#1","uv":[0,0,0,0]},"north":{"texture":"#1","uv":[0,0,8,12]},"south":{"texture":"#1","uv":[0,0,0,0]},"up":{"texture":"#1","tintindex":0,"uv":[0,2,8,10]},"west":{"texture":"#1","uv":[0,0,0,0]}},"from":[0,15.2,0],"shade":false,"to":[16,15.2,16]},{"faces":{"down":{"texture":"#1","uv":[0,0,16,0]},"east":{"texture":"#1","uv":[0,0,0,16]},"north":{"texture":"#1","tintindex":0,"uv":[0,0,8,12]},"south":{"texture":"#1","tintindex":0,"uv":[0,2,8,12]},"up":{"texture":"#1","uv":[0,0,16,0]},"west":{"texture":"#1","uv":[0,0,0,16]}},"from":[0,-4,2],"shade":false,"to":[16,16,2]},{"faces":{"down":{"rotation":90,"texture":"#1","uv":[0,0,16,0]},"east":{"texture":"#1","tintindex":0,"uv":[0,2,8,12]},"north":{"texture":"#1","uv":[0,0,8,12]},"south":{"texture":"#1","uv":[0,0,0,16]},"up":{"rotation":270,"texture":"#1","uv":[0,0,16,0]},"west":{"texture":"#1","tintindex":0,"uv":[0,0,8,12]}},"from":[2,-4,0],"shade":false,"to":[2,16,16]},{"faces":{"down":{"rotation":270,"texture":"#1","uv":[0,0,16,0]},"east":{"texture":"#1","tintindex":0,"uv":[0,0,8,12]},"north":{"texture":"#1","uv":[0,0,8,12]},"south":{"texture":"#1","uv":[0,0,0,16]},"up":{"rotation":90,"texture":"#1","uv":[0,0,16,0]},"west":{"texture":"#1","tintindex":0,"uv":[0,2,8,12]}},"from":[14,-4,0],"shade":false,"to":[14,16,16]},{"faces":{"down":{"texture":"#1","uv":[0,0,16,0]},"east":{"texture":"#1","uv":[0,0,0,16]},"north":{"texture":"#1","tintindex":0,"uv":[0,0,8,12]},"south":{"texture":"#1","tintindex":0,"uv":[0,0,8,12]},"up":{"texture":"#1","uv":[0,0,16,0]},"west":{"texture":"#1","uv":[0,0,0,16]}},"from":[0,-4,14],"shade":false,"to":[16,16,14]}],"textures":{"1":"block/vinecustom","particle":"block/vine"}}