{"textures":{"texture":"creatures/owl"},"elements":[{"from":[5.875,4.5,-6.625],"to":[10.76389,8.27778,-1.95833],"faces":{"north":{"uv":[0,2.375,2.5,4.375],"texture":"#texture"},"east":{"uv":[5,2.375,2.5,4.375],"texture":"#texture"},"south":{"uv":[0,0,2.5,2],"texture":"#texture"},"west":{"uv":[2.5,2.375,5,4.375],"texture":"#texture"},"up":{"uv":[0,0,2.5,2.25],"rotation":180,"texture":"#texture"},"down":{"uv":[0,0,2.5,2.25],"texture":"#texture"}}},{"from":[5.6527,7.1666,-6.847],"to":[11.1527,8.6666,-6.8455],"faces":{"north":{"uv":[7.5,0,10.5,0.75],"texture":"#texture"},"south":{"uv":[7.5,0,10.5,0.75],"texture":"#texture"}}},{"from":[8.1249,5.2917,-6.9998],"to":[8.4999,6.5417,-6.4998],"faces":{"north":{"uv":[0,4.5,0.25,5.25],"texture":"#texture"},"east":{"uv":[0.25,4.5,0.5,5.25],"texture":"#texture"},"west":{"uv":[0.25,4.5,0.5,5.25],"texture":"#texture"},"up":{"uv":[0.25,5.25,0,5.5],"texture":"#texture"},"down":{"uv":[0,5.25,0.25,5.5],"texture":"#texture"}}},{"from":[5.4026,7.2497,-2.4724],"to":[6.2776,11.2497,2.6526],"rotation":{"angle":-22.5,"axis":"x","origin":[6.27767,11.24969,-2.47237]},"faces":{"north":{"uv":[7.5,0.75,8,2.75],"rotation":180,"texture":"#texture"},"east":{"uv":[8,0.75,11,2.75],"rotation":180,"texture":"#texture"},"south":{"uv":[8,2.75,7.5,0.75],"texture":"#texture"},"west":{"uv":[8,0.75,11,2.75],"rotation":180,"texture":"#texture"},"up":{"uv":[11,3.25,8,2.75],"rotation":270,"texture":"#texture"},"down":{"uv":[8,2.75,11,3.25],"rotation":90,"texture":"#texture"}}},{"from":[6.1527,1.3042,-1.4713],"to":[10.6527,5.8042,2.0287],"rotation":{"angle":22.5,"axis":"x","origin":[6.65267,-5.37531,1.61097]},"faces":{"east":{"uv":[5.25,9.5,7,11.75],"rotation":180,"texture":"#texture"},"south":{"uv":[3,9.5,5.25,11.75],"texture":"#texture"},"west":{"uv":[5.25,9.5,7,11.75],"rotation":180,"texture":"#texture"},"up":{"uv":[3,7.75,5.25,9.5],"texture":"#texture"},"down":{"uv":[5.25,9.5,3,7.75],"texture":"#texture"}}},{"from":[5.6027,-0.6027,-6.351],"to":[11.1027,4.8973,1.149],"rotation":{"angle":22.5,"axis":"x","origin":[6.65267,-5.37531,6.27763]},"faces":{"north":{"uv":[3,11.75,0,8.75],"rotation":180,"texture":"#texture"},"east":{"uv":[6,11.75,3,16],"rotation":90,"texture":"#texture"},"south":{"uv":[0,8.75,3,11.75],"texture":"#texture"},"west":{"uv":[3,11.75,6,16],"rotation":270,"texture":"#texture"},"up":{"uv":[6,11.75,9,16],"texture":"#texture"},"down":{"uv":[3,16,0,11.75],"texture":"#texture"}}},{"from":[6.1944,4.1919,-5.9339],"to":[10.6944,5.1919,4.0661],"rotation":{"angle":22.5,"axis":"x","origin":[6.69437,-5.51396,6.23633]},"faces":{"north":{"uv":[14.25,11.125,12,10.625],"texture":"#texture"},"east":{"uv":[14.25,11.125,14.75,16],"rotation":90,"texture":"#texture"},"south":{"uv":[12,10.625,14.25,11.125],"texture":"#texture"},"west":{"uv":[14.25,11.125,14.75,16],"rotation":270,"texture":"#texture"},"up":{"uv":[12,11.125,14.25,16],"texture":"#texture"},"down":{"uv":[14.25,16,12,11.125],"texture":"#texture"}}},{"from":[6.6944,4.3563,5.0402],"to":[10.1944,4.8563,12.0402],"faces":{"east":{"uv":[14.25,6.875,14.5,10.375],"rotation":90,"texture":"#texture"},"south":{"uv":[12.5,6.625,14.25,6.875],"texture":"#texture"},"west":{"uv":[14.25,6.875,14.5,10.375],"rotation":270,"texture":"#texture"},"up":{"uv":[12.5,6.875,14.25,10.375],"texture":"#texture"},"down":{"uv":[14.25,10.375,12.5,6.875],"texture":"#texture"}}},{"from":[6.3194,8.2777,-6.1805],"to":[10.3194,8.72214,-2.40272],"faces":{"north":{"uv":[0.25,0.25,2.25,0.625],"rotation":180,"texture":"#texture"},"east":{"uv":[0.25,0.25,2.25,0.625],"rotation":180,"texture":"#texture"},"south":{"uv":[0.25,0.25,2.25,0.625],"rotation":180,"texture":"#texture"},"west":{"uv":[0.25,0.25,2.25,0.625],"rotation":180,"texture":"#texture"},"up":{"uv":[0.25,0.25,2.25,2],"rotation":180,"texture":"#texture"}}},{"from":[5.875,0.75,3.75],"to":[7.375,1.25,6.75],"rotation":{"angle":22.5,"axis":"y","origin":[5.875,0.75,3.75]},"faces":{"north":{"uv":[0.5,4.75,0.75,5.5],"rotation":270,"texture":"#texture"},"east":{"uv":[0.75,4.5,2.25,4.75],"texture":"#texture"},"south":{"uv":[2,4.75,2.25,5.5],"rotation":270,"texture":"#texture"},"west":{"uv":[0.75,4.5,2.25,4.75],"texture":"#texture"},"up":{"uv":[0.75,4.75,2.25,5.5],"rotation":90,"texture":"#texture"},"down":{"uv":[0.75,6.25,2.25,5.5],"rotation":270,"texture":"#texture"}}},{"from":[9.75,0.75,3.25],"to":[11.25,1.25,6.25],"rotation":{"angle":-22.5,"axis":"y","origin":[9.75,0.75,3.25]},"faces":{"north":{"uv":[0.5,4.75,0.75,5.5],"rotation":270,"texture":"#texture"},"east":{"uv":[0.75,4.5,2.25,4.75],"texture":"#texture"},"south":{"uv":[2,4.75,2.25,5.5],"rotation":270,"texture":"#texture"},"west":{"uv":[0.75,4.5,2.25,4.75],"texture":"#texture"},"up":{"uv":[0.75,4.75,2.25,5.5],"rotation":90,"texture":"#texture"},"down":{"uv":[0.75,6.25,2.25,5.5],"rotation":270,"texture":"#texture"}}},{"from":[5.5,3.7388,-2.2389],"to":[5.501,9.7388,9.2611],"rotation":{"angle":-45,"axis":"x","origin":[5.5,10,-2.5]},"faces":{"east":{"uv":[11,3.5,7.5,8],"rotation":270,"texture":"#texture"},"west":{"uv":[7.5,3.5,11,8],"rotation":90,"texture":"#texture"}}},{"from":[4.885,10.4446,0.4159],"to":[5.635,11.4446,5.9159],"rotation":{"angle":-45,"axis":"x","origin":[4.77767,11.74969,-0.47237]},"faces":{"north":{"uv":[11.5,1.5,11,0],"rotation":180,"texture":"#texture"},"east":{"uv":[11.5,1.5,14.25,0],"rotation":180,"texture":"#texture"},"south":{"uv":[11,0,11.5,1.5],"rotation":180,"texture":"#texture"},"west":{"uv":[11.5,0,14.25,1.5],"texture":"#texture"},"up":{"uv":[11.5,1.5,14.25,2],"rotation":270,"texture":"#texture"},"down":{"uv":[14.25,2,11.5,1.5],"rotation":270,"texture":"#texture"}}},{"from":[10.1526,7.2497,-2.4724],"to":[11.0276,11.2497,2.6526],"rotation":{"angle":-22.5,"axis":"x","origin":[11.02767,11.24969,-2.47237]},"faces":{"north":{"uv":[7.5,0.75,8,2.75],"rotation":180,"texture":"#texture"},"east":{"uv":[8,0.75,11,2.75],"rotation":180,"texture":"#texture"},"south":{"uv":[8,2.75,7.5,0.75],"texture":"#texture"},"west":{"uv":[8,0.75,11,2.75],"rotation":180,"texture":"#texture"},"up":{"uv":[11,3.25,8,2.75],"rotation":270,"texture":"#texture"},"down":{"uv":[8,2.75,11,3.25],"rotation":90,"texture":"#texture"}}},{"from":[10.51,10.4446,0.4159],"to":[11.26,11.4446,5.9159],"rotation":{"angle":-45,"axis":"x","origin":[10.40267,11.74969,-0.47237]},"faces":{"north":{"uv":[11.5,1.5,11,0],"rotation":180,"texture":"#texture"},"east":{"uv":[11.5,1.5,14.25,0],"rotation":180,"texture":"#texture"},"south":{"uv":[11,0,11.5,1.5],"rotation":180,"texture":"#texture"},"west":{"uv":[11.5,0,14.25,1.5],"texture":"#texture"},"up":{"uv":[11.5,1.5,14.25,2],"rotation":270,"texture":"#texture"},"down":{"uv":[14.25,2,11.5,1.5],"rotation":270,"texture":"#texture"}}},{"from":[11.125,4.2201,-2.0952],"to":[11.126,11.2201,9.0298],"rotation":{"angle":-45,"axis":"x","origin":[11.125,10.875,-1.75]},"faces":{"east":{"uv":[11,3.5,7.5,8],"rotation":270,"texture":"#texture"},"west":{"uv":[7.5,3.5,11,8],"rotation":90,"texture":"#texture"}}}],"display":{"head":{"scale":[1.5,1.5,1.5]}}}