{"textures":{"texture":"creatures/owl"},"elements":[{"from":[5.875,4.75,-6.75],"to":[10.76389,8.52778,-2.08333],"faces":{"north":{"uv":[0,2.375,2.5,4.375],"texture":"#texture"},"east":{"uv":[5,2.375,2.5,4.375],"texture":"#texture"},"south":{"uv":[0,0,2.5,2],"texture":"#texture"},"west":{"uv":[2.5,2.375,5,4.375],"texture":"#texture"},"up":{"uv":[0,0,2.5,2.25],"rotation":180,"texture":"#texture"},"down":{"uv":[0,0,2.5,2.25],"texture":"#texture"}}},{"from":[5.6527,7.4166,-6.972],"to":[11.1527,8.9166,-6.9705],"faces":{"north":{"uv":[7.5,0,10.5,0.75],"texture":"#texture"},"south":{"uv":[7.5,0,10.5,0.75],"texture":"#texture"}}},{"from":[8.1249,5.5417,-7.1248],"to":[8.4999,6.7917,-6.6248],"faces":{"north":{"uv":[0,4.5,0.25,5.25],"texture":"#texture"},"east":{"uv":[0.25,4.5,0.5,5.25],"texture":"#texture"},"west":{"uv":[0.25,4.5,0.5,5.25],"texture":"#texture"},"up":{"uv":[0.25,5.25,0,5.5],"texture":"#texture"},"down":{"uv":[0,5.25,0.25,5.5],"texture":"#texture"}}},{"from":[5.4821,7.8749,-2.625],"to":[6.1071,12.9999,1.375],"rotation":{"angle":22.5,"axis":"x","origin":[9.5,7.875,-2.625]},"faces":{"north":{"uv":[8,2.75,11,3.25],"rotation":270,"texture":"#texture"},"east":{"uv":[8,0.75,11,2.75],"rotation":270,"texture":"#texture"},"south":{"uv":[8,2.75,11,3.25],"rotation":90,"texture":"#texture"},"west":{"uv":[8,0.75,11,2.75],"rotation":90,"texture":"#texture"},"up":{"uv":[8,2.75,7.5,0.75],"texture":"#texture"},"down":{"uv":[8,2.75,7.5,0.75],"rotation":180,"texture":"#texture"}}},{"from":[6.125,1.5545,2.1678],"to":[10.625,6.0545,5.6678],"faces":{"north":{"uv":[5.25,11.75,3,9.5],"texture":"#texture"},"east":{"uv":[5.25,9.5,7,11.75],"rotation":180,"texture":"#texture"},"south":{"uv":[3,9.5,5.25,11.75],"texture":"#texture"},"west":{"uv":[5.25,9.5,7,11.75],"rotation":180,"texture":"#texture"},"up":{"uv":[3,7.75,5.25,9.5],"texture":"#texture"},"down":{"uv":[5.25,9.5,3,7.75],"texture":"#texture"}}},{"from":[5.6027,-0.3527,-6.476],"to":[11.1027,5.1473,1.024],"rotation":{"angle":22.5,"axis":"x","origin":[6.65267,-5.12531,6.15263]},"faces":{"north":{"uv":[3,11.75,0,8.75],"rotation":180,"texture":"#texture"},"east":{"uv":[6,11.75,3,16],"rotation":90,"texture":"#texture"},"south":{"uv":[0,8.75,3,11.75],"texture":"#texture"},"west":{"uv":[3,11.75,6,16],"rotation":270,"texture":"#texture"},"up":{"uv":[6,11.75,9,16],"texture":"#texture"},"down":{"uv":[3,16,0,11.75],"texture":"#texture"}}},{"from":[6.1944,4.4419,-6.0589],"to":[10.6944,5.4419,3.9411],"rotation":{"angle":22.5,"axis":"x","origin":[6.69437,-5.26396,6.11133]},"faces":{"north":{"uv":[14.25,11.125,12,10.625],"texture":"#texture"},"east":{"uv":[14.25,11.125,14.75,16],"rotation":90,"texture":"#texture"},"south":{"uv":[12,10.625,14.25,11.125],"texture":"#texture"},"west":{"uv":[14.25,11.125,14.75,16],"rotation":270,"texture":"#texture"},"up":{"uv":[12,11.125,14.25,16],"texture":"#texture"},"down":{"uv":[14.25,16,12,11.125],"texture":"#texture"}}},{"from":[6.6944,4.6063,4.9152],"to":[10.1944,5.1063,11.9152],"faces":{"east":{"uv":[14.25,6.875,14.5,10.375],"rotation":90,"texture":"#texture"},"south":{"uv":[12.5,6.625,14.25,6.875],"texture":"#texture"},"west":{"uv":[14.25,6.875,14.5,10.375],"rotation":270,"texture":"#texture"},"up":{"uv":[12.5,6.875,14.25,10.375],"texture":"#texture"},"down":{"uv":[14.25,10.375,12.5,6.875],"texture":"#texture"}}},{"from":[6.3194,8.5277,-6.3055],"to":[10.3194,8.97214,-2.52772],"faces":{"north":{"uv":[0.25,0.25,2.25,0.625],"rotation":180,"texture":"#texture"},"east":{"uv":[0.25,0.25,2.25,0.625],"rotation":180,"texture":"#texture"},"south":{"uv":[0.25,0.25,2.25,0.625],"rotation":180,"texture":"#texture"},"west":{"uv":[0.25,0.25,2.25,0.625],"rotation":180,"texture":"#texture"},"up":{"uv":[0.25,0.25,2.25,2],"rotation":180,"texture":"#texture"}}},{"from":[5.875,0.75,3.75],"to":[7.375,1.25,6.75],"rotation":{"angle":22.5,"axis":"y","origin":[5.875,0.75,3.75]},"faces":{"north":{"uv":[0.5,4.75,0.75,5.5],"rotation":270,"texture":"#texture"},"east":{"uv":[0.75,4.5,2.25,4.75],"texture":"#texture"},"south":{"uv":[2,4.75,2.25,5.5],"rotation":270,"texture":"#texture"},"west":{"uv":[0.75,4.5,2.25,4.75],"texture":"#texture"},"up":{"uv":[0.75,4.75,2.25,5.5],"rotation":90,"texture":"#texture"},"down":{"uv":[0.75,6.25,2.25,5.5],"rotation":270,"texture":"#texture"}}},{"from":[9.75,0.75,3.25],"to":[11.25,1.25,6.25],"rotation":{"angle":-22.5,"axis":"y","origin":[9.75,0.75,3.25]},"faces":{"north":{"uv":[0.5,4.75,0.75,5.5],"rotation":270,"texture":"#texture"},"east":{"uv":[0.75,4.5,2.25,4.75],"texture":"#texture"},"south":{"uv":[2,4.75,2.25,5.5],"rotation":270,"texture":"#texture"},"west":{"uv":[0.75,4.5,2.25,4.75],"texture":"#texture"},"up":{"uv":[0.75,4.75,2.25,5.5],"rotation":90,"texture":"#texture"},"down":{"uv":[0.75,6.25,2.25,5.5],"rotation":270,"texture":"#texture"}}},{"from":[5.375,7.0583,-2.1791],"to":[5.376,21.6833,6.1959],"faces":{"east":{"uv":[11,3.5,7.5,8],"texture":"#texture"},"west":{"uv":[7.5,3.5,11,8],"texture":"#texture"}}},{"from":[10.75,7.8749,-2.625],"to":[11.125,12.9999,1.375],"rotation":{"angle":22.5,"axis":"x","origin":[11.125,7.875,-2.625]},"faces":{"north":{"uv":[8,2.75,11,3.25],"rotation":270,"texture":"#texture"},"east":{"uv":[8,0.75,11,2.75],"rotation":270,"texture":"#texture"},"south":{"uv":[8,2.75,11,3.25],"rotation":90,"texture":"#texture"},"west":{"uv":[8,0.75,11,2.75],"rotation":90,"texture":"#texture"},"up":{"uv":[8,2.75,7.5,0.75],"texture":"#texture"},"down":{"uv":[8,2.75,7.5,0.75],"rotation":180,"texture":"#texture"}}},{"from":[10.7799,12.281,-1.0671],"to":[11.2799,17.781,-0.5671],"faces":{"north":{"uv":[14.25,2,11.5,1.5],"rotation":270,"texture":"#texture"},"east":{"uv":[11.5,1.5,14.25,0],"rotation":270,"texture":"#texture"},"south":{"uv":[14.25,2,11.5,1.5],"rotation":270,"texture":"#texture"},"west":{"uv":[11.5,0,14.25,1.5],"rotation":270,"texture":"#texture"},"up":{"uv":[11,0,11.5,1.5],"rotation":180,"texture":"#texture"},"down":{"uv":[11,0,11.5,1.5],"rotation":180,"texture":"#texture"}}},{"from":[5.4049,12.281,-1.0671],"to":[5.9049,17.781,-0.5671],"faces":{"north":{"uv":[14.25,2,11.5,1.5],"rotation":270,"texture":"#texture"},"east":{"uv":[11.5,1.5,14.25,0],"rotation":270,"texture":"#texture"},"south":{"uv":[14.25,2,11.5,1.5],"rotation":270,"texture":"#texture"},"west":{"uv":[11.5,0,14.25,1.5],"rotation":270,"texture":"#texture"},"up":{"uv":[11,0,11.5,1.5],"rotation":180,"texture":"#texture"},"down":{"uv":[11,0,11.5,1.5],"rotation":180,"texture":"#texture"}}},{"from":[11.125,7.0583,-2.226],"to":[11.126,21.6833,5.899],"faces":{"east":{"uv":[11,3.5,7.5,8],"texture":"#texture"},"west":{"uv":[7.5,3.5,11,8],"texture":"#texture"}}}],"display":{"head":{"scale":[1.5,1.5,1.5]}}}