{"textures":{"texture":"creatures/owl"},"elements":[{"from":[5.875,4.875,-7.125],"to":[10.76389,8.65278,-2.45833],"faces":{"north":{"uv":[0,2.375,2.5,4.375],"texture":"#texture"},"east":{"uv":[5,2.375,2.5,4.375],"texture":"#texture"},"south":{"uv":[0,0,2.5,2],"texture":"#texture"},"west":{"uv":[2.5,2.375,5,4.375],"texture":"#texture"},"up":{"uv":[0,0,2.5,2.25],"rotation":180,"texture":"#texture"},"down":{"uv":[0,0,2.5,2.25],"texture":"#texture"}}},{"from":[5.6527,7.5416,-7.347],"to":[11.1527,9.0416,-7.3455],"faces":{"north":{"uv":[7.5,0,10.5,0.75],"texture":"#texture"},"south":{"uv":[7.5,0,10.5,0.75],"texture":"#texture"}}},{"from":[8.1249,5.6667,-7.4998],"to":[8.4999,6.9167,-6.9998],"faces":{"north":{"uv":[0,4.5,0.25,5.25],"texture":"#texture"},"east":{"uv":[0.25,4.5,0.5,5.25],"texture":"#texture"},"west":{"uv":[0.25,4.5,0.5,5.25],"texture":"#texture"},"up":{"uv":[0.25,5.25,0,5.5],"texture":"#texture"},"down":{"uv":[0,5.25,0.25,5.5],"texture":"#texture"}}},{"from":[5.4821,7.9999,-3],"to":[6.1071,13.1249,1],"faces":{"north":{"uv":[8,2.75,11,3.25],"rotation":270,"texture":"#texture"},"east":{"uv":[8,0.75,11,2.75],"rotation":270,"texture":"#texture"},"south":{"uv":[8,2.75,11,3.25],"rotation":90,"texture":"#texture"},"west":{"uv":[8,0.75,11,2.75],"rotation":90,"texture":"#texture"},"up":{"uv":[8,2.75,7.5,0.75],"texture":"#texture"},"down":{"uv":[8,2.75,7.5,0.75],"rotation":180,"texture":"#texture"}}},{"from":[6.125,1.6795,1.7928],"to":[10.625,6.1795,5.2928],"faces":{"north":{"uv":[5.25,11.75,3,9.5],"texture":"#texture"},"east":{"uv":[5.25,9.5,7,11.75],"rotation":180,"texture":"#texture"},"south":{"uv":[3,9.5,5.25,11.75],"texture":"#texture"},"west":{"uv":[5.25,9.5,7,11.75],"rotation":180,"texture":"#texture"},"up":{"uv":[3,7.75,5.25,9.5],"texture":"#texture"},"down":{"uv":[5.25,9.5,3,7.75],"texture":"#texture"}}},{"from":[5.6027,-0.2277,-6.851],"to":[11.1027,5.2723,0.649],"rotation":{"angle":22.5,"axis":"x","origin":[6.65267,-5.00031,5.77763]},"faces":{"north":{"uv":[3,11.75,0,8.75],"rotation":180,"texture":"#texture"},"east":{"uv":[6,11.75,3,16],"rotation":90,"texture":"#texture"},"south":{"uv":[0,8.75,3,11.75],"texture":"#texture"},"west":{"uv":[3,11.75,6,16],"rotation":270,"texture":"#texture"},"up":{"uv":[6,11.75,9,16],"texture":"#texture"},"down":{"uv":[3,16,0,11.75],"texture":"#texture"}}},{"from":[6.1944,4.5669,-6.4339],"to":[10.6944,5.5669,3.5661],"rotation":{"angle":22.5,"axis":"x","origin":[6.69437,-5.13896,5.73633]},"faces":{"north":{"uv":[14.25,11.125,12,10.625],"texture":"#texture"},"east":{"uv":[14.25,11.125,14.75,16],"rotation":90,"texture":"#texture"},"south":{"uv":[12,10.625,14.25,11.125],"texture":"#texture"},"west":{"uv":[14.25,11.125,14.75,16],"rotation":270,"texture":"#texture"},"up":{"uv":[12,11.125,14.25,16],"texture":"#texture"},"down":{"uv":[14.25,16,12,11.125],"texture":"#texture"}}},{"from":[6.6944,4.7313,4.5402],"to":[10.1944,5.2313,11.5402],"faces":{"east":{"uv":[14.25,6.875,14.5,10.375],"rotation":90,"texture":"#texture"},"south":{"uv":[12.5,6.625,14.25,6.875],"texture":"#texture"},"west":{"uv":[14.25,6.875,14.5,10.375],"rotation":270,"texture":"#texture"},"up":{"uv":[12.5,6.875,14.25,10.375],"texture":"#texture"},"down":{"uv":[14.25,10.375,12.5,6.875],"texture":"#texture"}}},{"from":[6.3194,8.6527,-6.6805],"to":[10.3194,9.09714,-2.90272],"faces":{"north":{"uv":[0.25,0.25,2.25,0.625],"rotation":180,"texture":"#texture"},"east":{"uv":[0.25,0.25,2.25,0.625],"rotation":180,"texture":"#texture"},"south":{"uv":[0.25,0.25,2.25,0.625],"rotation":180,"texture":"#texture"},"west":{"uv":[0.25,0.25,2.25,0.625],"rotation":180,"texture":"#texture"},"up":{"uv":[0.25,0.25,2.25,2],"rotation":180,"texture":"#texture"}}},{"from":[6.5,0.25,2.75],"to":[8,0.75,5.75],"rotation":{"angle":-22.5,"axis":"x","origin":[6.5,0.25,2.75]},"faces":{"north":{"uv":[0.5,4.75,0.75,5.5],"rotation":270,"texture":"#texture"},"east":{"uv":[0.75,4.5,2.25,4.75],"texture":"#texture"},"south":{"uv":[2,4.75,2.25,5.5],"rotation":270,"texture":"#texture"},"west":{"uv":[0.75,4.5,2.25,4.75],"texture":"#texture"},"up":{"uv":[0.75,4.75,2.25,5.5],"rotation":90,"texture":"#texture"},"down":{"uv":[0.75,6.25,2.25,5.5],"rotation":270,"texture":"#texture"}}},{"from":[8.875,0.125,2.875],"to":[10.375,0.625,5.875],"rotation":{"angle":-22.5,"axis":"x","origin":[8.875,0.125,2.875]},"faces":{"north":{"uv":[0.5,4.75,0.75,5.5],"rotation":270,"texture":"#texture"},"east":{"uv":[0.75,4.5,2.25,4.75],"texture":"#texture"},"south":{"uv":[2,4.75,2.25,5.5],"rotation":270,"texture":"#texture"},"west":{"uv":[0.75,4.5,2.25,4.75],"texture":"#texture"},"up":{"uv":[0.75,4.75,2.25,5.5],"rotation":90,"texture":"#texture"},"down":{"uv":[0.75,6.25,2.25,5.5],"rotation":270,"texture":"#texture"}}},{"from":[5.375,9.0583,-4.8041],"to":[5.376,23.6833,3.5709],"faces":{"east":{"uv":[11,3.5,7.5,8],"texture":"#texture"},"west":{"uv":[7.5,3.5,11,8],"texture":"#texture"}}},{"from":[10.75,7.9999,-3],"to":[11.125,13.1249,1],"faces":{"north":{"uv":[8,2.75,11,3.25],"rotation":270,"texture":"#texture"},"east":{"uv":[8,0.75,11,2.75],"rotation":270,"texture":"#texture"},"south":{"uv":[8,2.75,11,3.25],"rotation":90,"texture":"#texture"},"west":{"uv":[8,0.75,11,2.75],"rotation":90,"texture":"#texture"},"up":{"uv":[8,2.75,7.5,0.75],"texture":"#texture"},"down":{"uv":[8,2.75,7.5,0.75],"rotation":180,"texture":"#texture"}}},{"from":[10.7799,12.406,-3.1921],"to":[11.2799,17.906,-2.6921],"faces":{"north":{"uv":[14.25,2,11.5,1.5],"rotation":270,"texture":"#texture"},"east":{"uv":[11.5,1.5,14.25,0],"rotation":270,"texture":"#texture"},"south":{"uv":[14.25,2,11.5,1.5],"rotation":270,"texture":"#texture"},"west":{"uv":[11.5,0,14.25,1.5],"rotation":270,"texture":"#texture"},"up":{"uv":[11,0,11.5,1.5],"rotation":180,"texture":"#texture"},"down":{"uv":[11,0,11.5,1.5],"rotation":180,"texture":"#texture"}}},{"from":[5.4049,12.406,-3.1921],"to":[5.9049,17.906,-2.6921],"faces":{"north":{"uv":[14.25,2,11.5,1.5],"rotation":270,"texture":"#texture"},"east":{"uv":[11.5,1.5,14.25,0],"rotation":270,"texture":"#texture"},"south":{"uv":[14.25,2,11.5,1.5],"rotation":270,"texture":"#texture"},"west":{"uv":[11.5,0,14.25,1.5],"rotation":270,"texture":"#texture"},"up":{"uv":[11,0,11.5,1.5],"rotation":180,"texture":"#texture"},"down":{"uv":[11,0,11.5,1.5],"rotation":180,"texture":"#texture"}}},{"from":[11.125,8.8083,-4.601],"to":[11.126,23.4333,3.524],"faces":{"east":{"uv":[11,3.5,7.5,8],"texture":"#texture"},"west":{"uv":[7.5,3.5,11,8],"texture":"#texture"}}}],"display":{"head":{"scale":[1.5,1.5,1.5]}}}