{"textures":{"texture":"creatures/owl"},"elements":[{"from":[5.7223,5.8754,-10.9026],"to":[10.61119,9.65318,-6.23593],"faces":{"north":{"uv":[0,2.375,2.5,4.375],"texture":"#texture"},"east":{"uv":[5,2.375,2.5,4.375],"texture":"#texture"},"west":{"uv":[2.5,2.375,5,4.375],"texture":"#texture"},"up":{"uv":[0,0,2.5,2.25],"rotation":180,"texture":"#texture"},"down":{"uv":[0,0,2.5,2.25],"texture":"#texture"}}},{"from":[5.5,8.542,-11.1246],"to":[11,10.042,-11.1231],"faces":{"north":{"uv":[7.5,0,10.5,0.75],"texture":"#texture"},"south":{"uv":[7.5,0,10.5,0.75],"texture":"#texture"}}},{"from":[7.9722,6.6671,-11.2774],"to":[8.3472,7.9171,-10.7774],"faces":{"north":{"uv":[0,4.5,0.25,5.25],"texture":"#texture"},"east":{"uv":[0.25,4.5,0.5,5.25],"texture":"#texture"},"west":{"uv":[0.25,4.5,0.5,5.25],"texture":"#texture"},"up":{"uv":[0.25,5.25,0,5.5],"texture":"#texture"},"down":{"uv":[0,5.25,0.25,5.5],"texture":"#texture"}}},{"from":[5.9723,6.9377,2.0152],"to":[10.4723,10.9377,5.5152],"rotation":{"angle":-22.5,"axis":"x","origin":[6.5,0,6]},"faces":{"east":{"uv":[5.25,9.5,7,11.75],"rotation":180,"texture":"#texture"},"south":{"uv":[3,9.5,5.25,11.75],"texture":"#texture"},"west":{"uv":[5.25,9.5,7,11.75],"rotation":180,"texture":"#texture"},"up":{"uv":[3,7.75,5.25,9.5],"texture":"#texture"},"down":{"uv":[5.25,9.5,3,7.75],"texture":"#texture"}}},{"from":[5.45,4.7726,-6.6286],"to":[10.95,10.2726,0.8714],"faces":{"north":{"uv":[3,11.75,0,8.75],"rotation":180,"texture":"#texture"},"east":{"uv":[6,11.75,3,16],"rotation":90,"texture":"#texture"},"south":{"uv":[0,8.75,3,11.75],"texture":"#texture"},"west":{"uv":[3,11.75,6,16],"rotation":270,"texture":"#texture"},"up":{"uv":[6,11.75,9,16],"texture":"#texture"},"down":{"uv":[3,16,0,11.75],"texture":"#texture"}}},{"from":[6.0417,9.062,-6.6553],"to":[10.5417,10.062,3.3447],"faces":{"north":{"uv":[14.25,11.125,12,10.625],"texture":"#texture"},"east":{"uv":[14.25,11.125,14.75,16],"rotation":90,"texture":"#texture"},"south":{"uv":[12,10.625,14.25,11.125],"texture":"#texture"},"west":{"uv":[14.25,11.125,14.75,16],"rotation":270,"texture":"#texture"},"up":{"uv":[12,11.125,14.25,16],"texture":"#texture"},"down":{"uv":[14.25,16,12,11.125],"texture":"#texture"}}},{"from":[6.5417,10.2316,-4.2374],"to":[10.0417,10.7316,2.7626],"rotation":{"angle":22.5,"axis":"x","origin":[6.5,0.5,-3]},"faces":{"north":{"uv":[14.25,6.875,12.5,6.625],"texture":"#texture"},"east":{"uv":[14.25,6.875,14.5,10.375],"rotation":90,"texture":"#texture"},"south":{"uv":[12.5,6.625,14.25,6.875],"texture":"#texture"},"west":{"uv":[14.25,6.875,14.5,10.375],"rotation":270,"texture":"#texture"},"up":{"uv":[12.5,6.875,14.25,10.375],"texture":"#texture"},"down":{"uv":[14.25,10.375,12.5,6.875],"texture":"#texture"}}},{"from":[6.1667,9.653,-10.4581],"to":[10.1667,10.09744,-6.68032],"faces":{"north":{"uv":[0.25,0.25,2.25,0.625],"rotation":180,"texture":"#texture"},"east":{"uv":[0.25,0.25,2.25,0.625],"rotation":180,"texture":"#texture"},"south":{"uv":[0.25,0.25,2.25,0.625],"rotation":180,"texture":"#texture"},"west":{"uv":[0.25,0.25,2.25,0.625],"rotation":180,"texture":"#texture"},"up":{"uv":[0.25,0.25,2.25,2],"rotation":180,"texture":"#texture"}}},{"from":[6.3473,3.7938,7.4475],"to":[7.8473,6.7938,7.9475],"rotation":{"angle":-45,"axis":"x","origin":[6.5,0,6]},"faces":{"north":{"uv":[2.25,5.5,0.75,4.75],"rotation":90,"texture":"#texture"},"east":{"uv":[0.75,4.5,2.25,4.75],"rotation":90,"texture":"#texture"},"south":{"uv":[0.75,6.25,2.25,5.5],"rotation":270,"texture":"#texture"},"west":{"uv":[0.75,4.5,2.25,4.75],"rotation":270,"texture":"#texture"},"up":{"uv":[2,4.75,2.25,5.5],"rotation":270,"texture":"#texture"},"down":{"uv":[0.75,5.5,0.5,4.75],"rotation":270,"texture":"#texture"}}},{"from":[8.7223,3.7262,7.6108],"to":[10.2223,6.7262,8.1108],"rotation":{"angle":-45,"axis":"x","origin":[6.5,0,6]},"faces":{"north":{"uv":[2.25,5.5,0.75,4.75],"rotation":90,"texture":"#texture"},"east":{"uv":[0.75,4.5,2.25,4.75],"rotation":90,"texture":"#texture"},"south":{"uv":[0.75,6.25,2.25,5.5],"rotation":270,"texture":"#texture"},"west":{"uv":[0.75,4.5,2.25,4.75],"rotation":270,"texture":"#texture"},"up":{"uv":[2,4.75,2.25,5.5],"rotation":270,"texture":"#texture"},"down":{"uv":[0.75,5.5,0.5,4.75],"rotation":270,"texture":"#texture"}}},{"from":[11.1249,9.875,-5.875],"to":[16.2499,10.25,-1.875],"rotation":{"angle":-45,"axis":"z","origin":[11.125,9.875,-5.875]},"faces":{"north":{"uv":[11,3.25,8,2.75],"texture":"#texture"},"east":{"uv":[8,2.75,7.5,0.75],"rotation":90,"texture":"#texture"},"south":{"uv":[11,3.25,8,2.75],"texture":"#texture"},"west":{"uv":[7.5,0.75,8,2.75],"rotation":90,"texture":"#texture"},"up":{"uv":[11,2.75,8,0.75],"texture":"#texture"},"down":{"uv":[8,0.75,11,2.75],"texture":"#texture"}}},{"from":[13.0915,-0.2256,-6.0671],"to":[13.5915,5.2744,-5.5671],"rotation":{"angle":22.5,"axis":"z","origin":[11.125,9.875,-5.875]},"faces":{"north":{"uv":[14.25,2,11.5,1.5],"rotation":90,"texture":"#texture"},"east":{"uv":[14.25,1.5,11.5,0],"rotation":270,"texture":"#texture"},"south":{"uv":[14.25,2,11.5,1.5],"rotation":90,"texture":"#texture"},"west":{"uv":[14.25,0,11.5,1.5],"rotation":270,"texture":"#texture"},"up":{"uv":[11,0,11.5,1.5],"texture":"#texture"},"down":{"uv":[11,0,11.5,1.5],"texture":"#texture"}}},{"from":[13.4325,-3.6495,-7.476],"to":[13.4335,5.4755,0.649],"rotation":{"angle":22.5,"axis":"z","origin":[11.125,9.875,-5.875]},"faces":{"east":{"uv":[11,6.5,7.5,3.5],"texture":"#texture"},"west":{"uv":[7.5,6.5,11,3.5],"texture":"#texture"}}},{"from":[0.8751,9.75,-5.875],"to":[6.0001,10.125,-1.875],"rotation":{"angle":45,"axis":"z","origin":[6,10.125,-5.875]},"faces":{"north":{"uv":[11,3.25,8,2.75],"rotation":180,"texture":"#texture"},"south":{"uv":[11,3.25,8,2.75],"rotation":180,"texture":"#texture"},"west":{"uv":[7.5,0.75,8,2.75],"rotation":90,"texture":"#texture"},"up":{"uv":[8,0.75,11,2.75],"rotation":180,"texture":"#texture"},"down":{"uv":[11,2.75,8,0.75],"rotation":180,"texture":"#texture"}}},{"from":[3.9398,-3.1495,-7.476],"to":[3.9408,5.9755,0.649],"rotation":{"angle":-22.5,"axis":"z","origin":[6,10.125,-5.875]},"faces":{"east":{"uv":[11,6.5,7.5,3.5],"texture":"#texture"},"west":{"uv":[7.5,6.5,11,3.5],"texture":"#texture"}}},{"from":[3.7237,0.0244,-6.0671],"to":[4.2237,5.5244,-5.5671],"rotation":{"angle":-22.5,"axis":"z","origin":[6,10.125,-5.875]},"faces":{"north":{"uv":[14.25,2,11.5,1.5],"rotation":90,"texture":"#texture"},"east":{"uv":[14.25,1.5,11.5,0],"rotation":270,"texture":"#texture"},"south":{"uv":[14.25,2,11.5,1.5],"rotation":90,"texture":"#texture"},"west":{"uv":[14.25,0,11.5,1.5],"rotation":270,"texture":"#texture"},"up":{"uv":[11,0,11.5,1.5],"texture":"#texture"},"down":{"uv":[11,0,11.5,1.5],"texture":"#texture"}}}],"display":{"head":{"scale":[1.5,1.5,1.5]}}}