{
	"__comment": "Designed by Tacocat with Cubik Studio - https://cubik.studio",
	"textures": {
		"texture": "creatures/owl"
	},
	"elements": [ 	 
		{
			"__comment": "Element",
			"from": [ 5.9317, 11.3333, 3.8979 ],
			"to": [ 10.59837, 15.11108, 8.78679 ],
			"rotation": { "origin": [ 8.2, 8, 6.3 ], "axis": "y", "angle": 22.5 },
			"faces": {
				"down": { "uv": [ 0, 0, 2.5, 2.25 ], "texture": "#texture", "rotation": 90 },
				"up": { "uv": [ 0, 0, 2.5, 2.25 ], "texture": "#texture", "rotation": 90 },
				"north": { "uv": [ 5, 2.375, 2.5, 4.375 ], "texture": "#texture" },
				"south": { "uv": [ 2.5, 2.375, 5, 4.375 ], "texture": "#texture" },
				"west": { "uv": [ 0, 2.375, 2.5, 4.375 ], "texture": "#texture" },
				"east": { "uv": [ 0, 0, 2.5, 2 ], "texture": "#texture" }
			}
		},
		{
			"__comment": "Element",
			"from": [ 5.7094, 14, 3.5091 ],
			"to": [ 5.710899, 15.5, 9.0091 ],
			"rotation": { "origin": [ 8.2, 8, 6.3 ], "axis": "y", "angle": 22.5 },
			"faces": {
				"west": { "uv": [ 7.5, 0, 10.5, 0.75 ], "texture": "#texture" },
				"east": { "uv": [ 7.5, 0, 10.5, 0.75 ], "texture": "#texture" }
			}
		},
		{
			"__comment": "Element",
			"from": [ 5.5566, 12.125, 6.1618 ],
			"to": [ 6.0566, 13.375, 6.5368 ],
			"rotation": { "origin": [ 8.2, 8, 6.3 ], "axis": "y", "angle": 22.5 },
			"faces": {
				"down": { "uv": [ 0, 5.25, 0.25, 5.5 ], "texture": "#texture", "rotation": 90 },
				"up": { "uv": [ 0.25, 5.25, 0, 5.5 ], "texture": "#texture", "rotation": 270 },
				"north": { "uv": [ 0.25, 4.5, 0.5, 5.25 ], "texture": "#texture" },
				"south": { "uv": [ 0.25, 4.5, 0.5, 5.25 ], "texture": "#texture" },
				"west": { "uv": [ 0, 4.5, 0.25, 5.25 ], "texture": "#texture" }
			}
		},
		{
			"__comment": "Element",
			"from": [ 4.75, 5.25, 4.5 ],
			"to": [ 5.75, 11.25, 8.5 ],
			"faces": {
				"down": { "uv": [ 7.5, 0.75, 8, 2.75 ], "texture": "#texture" },
				"up": { "uv": [ 7.5, 0.75, 8, 2.75 ], "texture": "#texture", "rotation": 180 },
				"north": { "uv": [ 8, 2.75, 11, 3.25 ], "texture": "#texture", "rotation": 90 },
				"south": { "uv": [ 8, 2.75, 11, 3.25 ], "texture": "#texture", "rotation": 270 },
				"west": { "uv": [ 8, 0.75, 11, 2.75 ], "texture": "#texture", "rotation": 90 }
			}
		},
		{
			"__comment": "Element",
			"from": [ 6.25, 0.875, 5.125 ],
			"to": [ 10.75, 4.375, 9.625 ],
			"rotation": { "origin": [ 6.25, 0.875, 5.125 ], "axis": "x", "angle": -22.5 },
			"faces": {
				"down": { "uv": [ 3, 9.5, 5.25, 11.75 ], "texture": "#texture" },
				"north": { "uv": [ 3, 7.75, 5.25, 9.5 ], "texture": "#texture" },
				"west": { "uv": [ 5.25, 9.5, 7, 11.75 ], "texture": "#texture", "rotation": 270 },
				"east": { "uv": [ 5.25, 9.5, 7, 11.75 ], "texture": "#texture", "rotation": 90 }
			}
		},
		{
			"__comment": "Element",
			"from": [ 5.7, 3.8333, 3.5667 ],
			"to": [ 11.2, 11.3333, 9.0667 ],
			"faces": {
				"down": { "uv": [ 0, 8.75, 3, 11.75 ], "texture": "#texture" },
				"up": { "uv": [ 0, 8.75, 3, 11.75 ], "texture": "#texture", "rotation": 180 },
				"north": { "uv": [ 0, 11.75, 3, 16 ], "texture": "#texture" },
				"south": { "uv": [ 6, 11.75, 9, 16 ], "texture": "#texture" },
				"west": { "uv": [ 3, 11.75, 6, 16 ], "texture": "#texture" },
				"east": { "uv": [ 6, 11.75, 3, 16 ], "texture": "#texture" }
			}
		},
		{
			"__comment": "Element",
			"from": [ 5.1111, 1.3333, 8.666699 ],
			"to": [ 5.8611, 6.8333, 11.6667 ],
			"rotation": { "origin": [ 5.11111, 1.33333, 8.66667 ], "axis": "x", "angle": -45 },
			"faces": {
				"down": { "uv": [ 11, 0, 11.5, 1.5 ], "texture": "#texture", "rotation": 180 },
				"up": { "uv": [ 11, 0, 11.5, 1.5 ], "texture": "#texture", "rotation": 180 },
				"north": { "uv": [ 11.5, 1.5, 14.25, 2 ], "texture": "#texture", "rotation": 270 },
				"south": { "uv": [ 11.5, 1.5, 14.25, 2 ], "texture": "#texture", "rotation": 270 },
				"west": { "uv": [ 11.5, 0, 14.25, 1.5 ], "texture": "#texture", "rotation": 90 },
				"east": { "uv": [ 14.25, 0, 11.5, 1.5 ], "texture": "#texture", "rotation": 270 }
			}
		},
		{
			"__comment": "Element",
			"from": [ 6.25, 0.875, 8.5 ],
			"to": [ 10.75, 10.875, 9.5 ],
			"faces": {
				"down": { "uv": [ 12, 10.625, 14.25, 11.125 ], "texture": "#texture" },
				"up": { "uv": [ 12, 10.625, 14.25, 11.125 ], "texture": "#texture" },
				"north": { "uv": [ 12, 11.125, 14.25, 16 ], "texture": "#texture" },
				"south": { "uv": [ 12, 11.125, 14.25, 16 ], "texture": "#texture" },
				"west": { "uv": [ 14.25, 11.125, 14.75, 16 ], "texture": "#texture" },
				"east": { "uv": [ 14.25, 11.125, 14.75, 16 ], "texture": "#texture" }
			}
		},
		{
			"__comment": "Element",
			"from": [ 6.75, -2.625, 10.75 ],
			"to": [ 10.25, 4.375, 11.25 ],
			"rotation": { "origin": [ 6.75, -2.625, 10.75 ], "axis": "x", "angle": -22.5 },
			"faces": {
				"down": { "uv": [ 12.5, 6.625, 14.25, 6.875 ], "texture": "#texture" },
				"north": { "uv": [ 12.5, 6.875, 14.25, 10.375 ], "texture": "#texture" },
				"south": { "uv": [ 12.5, 6.875, 14.25, 10.375 ], "texture": "#texture" },
				"west": { "uv": [ 14.25, 6.875, 14.5, 10.375 ], "texture": "#texture" },
				"east": { "uv": [ 14.25, 6.875, 14.5, 10.375 ], "texture": "#texture" }
			}
		},
		{
			"__comment": "Element",
			"from": [ 6.3761, 15.1111, 4.3424 ],
			"to": [ 10.15388, 15.55554, 8.3424 ],
			"rotation": { "origin": [ 8.2, 8, 6.3 ], "axis": "y", "angle": 22.5 },
			"faces": {
				"down": { "uv": [ 0.25, 0.25, 2.25, 0.625 ], "texture": "#texture", "rotation": 270 },
				"up": { "uv": [ 0.25, 0.25, 2.25, 2 ], "texture": "#texture", "rotation": 90 },
				"north": { "uv": [ 0.25, 0.25, 2.25, 0.625 ], "texture": "#texture", "rotation": 180 },
				"south": { "uv": [ 0.25, 0.25, 2.25, 0.625 ], "texture": "#texture", "rotation": 180 },
				"west": { "uv": [ 0.25, 0.25, 2.25, 0.625 ], "texture": "#texture", "rotation": 180 },
				"east": { "uv": [ 0.25, 0.25, 2.25, 0.625 ], "texture": "#texture", "rotation": 180 }
			}
		},
		{
			"__comment": "Element",
			"from": [ 5.875, 0.75, 3.75 ],
			"to": [ 7.375, 1.25, 6.75 ],
			"rotation": { "origin": [ 5.875, 0.75, 3.75 ], "axis": "y", "angle": 22.5 },
			"faces": {
				"down": { "uv": [ 0.75, 6.25, 2.25, 5.5 ], "texture": "#texture", "rotation": 270 },
				"up": { "uv": [ 0.75, 4.75, 2.25, 5.5 ], "texture": "#texture", "rotation": 90 },
				"north": { "uv": [ 0.5, 4.75, 0.75, 5.5 ], "texture": "#texture", "rotation": 270 },
				"south": { "uv": [ 2, 4.75, 2.25, 5.5 ], "texture": "#texture", "rotation": 270 },
				"west": { "uv": [ 0.75, 4.5, 2.25, 4.75 ], "texture": "#texture" },
				"east": { "uv": [ 0.75, 4.5, 2.25, 4.75 ], "texture": "#texture" }
			}
		},
		{
			"__comment": "Element",
			"from": [ 11.125, 5, 4.5 ],
			"to": [ 12.125, 11, 8.5 ],
			"faces": {
				"down": { "uv": [ 7.5, 0.75, 8, 2.75 ], "texture": "#texture" },
				"up": { "uv": [ 7.5, 0.75, 8, 2.75 ], "texture": "#texture", "rotation": 180 },
				"north": { "uv": [ 11, 2.75, 8, 3.25 ], "texture": "#texture", "rotation": 270 },
				"south": { "uv": [ 8, 3.25, 11, 2.75 ], "texture": "#texture", "rotation": 270 },
				"east": { "uv": [ 8, 2.75, 11, 0.75 ], "texture": "#texture", "rotation": 90 }
			}
		},
		{
			"__comment": "Element",
			"from": [ 9.75, 0.75, 3.25 ],
			"to": [ 11.25, 1.25, 6.25 ],
			"rotation": { "origin": [ 9.75, 0.75, 3.25 ], "axis": "y", "angle": -22.5 },
			"faces": {
				"down": { "uv": [ 0.75, 6.25, 2.25, 5.5 ], "texture": "#texture", "rotation": 270 },
				"up": { "uv": [ 0.75, 4.75, 2.25, 5.5 ], "texture": "#texture", "rotation": 90 },
				"north": { "uv": [ 0.5, 4.75, 0.75, 5.5 ], "texture": "#texture", "rotation": 270 },
				"south": { "uv": [ 2, 4.75, 2.25, 5.5 ], "texture": "#texture", "rotation": 270 },
				"west": { "uv": [ 0.75, 4.5, 2.25, 4.75 ], "texture": "#texture" },
				"east": { "uv": [ 0.75, 4.5, 2.25, 4.75 ], "texture": "#texture" }
			}
		},
		{
			"__comment": "Element",
			"from": [ 11.1111, 1.3333, 8.666699 ],
			"to": [ 11.8611, 6.8333, 11.6667 ],
			"rotation": { "origin": [ 11.11111, 1.33333, 8.66667 ], "axis": "x", "angle": -45 },
			"faces": {
				"down": { "uv": [ 11, 0, 11.5, 1.5 ], "texture": "#texture", "rotation": 180 },
				"north": { "uv": [ 11.5, 1.5, 14.25, 2 ], "texture": "#texture", "rotation": 270 },
				"south": { "uv": [ 11.5, 1.5, 14.25, 2 ], "texture": "#texture", "rotation": 270 },
				"west": { "uv": [ 11.5, 0, 14.25, 1.5 ], "texture": "#texture", "rotation": 90 },
				"east": { "uv": [ 11.5, 1.5, 14.25, 0 ], "texture": "#texture", "rotation": 90 }
			}
		}
	],
	"display": {
		"head": {
			"scale":  [ 1.5, 1.5, 1.5 ]
		}
	}
}