{"textures":{"texture":"creatures/owl"},"elements":[{"from":[6,11.3333,4],"to":[10.88889,15.11108,8.66667],"faces":{"north":{"uv":[0,2.375,2.5,4.375],"texture":"#texture"},"east":{"uv":[5,2.375,2.5,4.375],"texture":"#texture"},"south":{"uv":[0,0,2.5,2],"texture":"#texture"},"west":{"uv":[2.5,2.375,5,4.375],"texture":"#texture"},"up":{"uv":[0,0,2.5,2.25],"rotation":180,"texture":"#texture"}}},{"from":[5.7778,14,3.7778],"to":[11.2778,15.5,3.7793],"faces":{"north":{"uv":[7.5,0,10.5,0.75],"texture":"#texture"},"south":{"uv":[7.5,0,10.5,0.75],"texture":"#texture"}}},{"from":[8.25,12.125,3.625],"to":[8.625,13.375,4.125],"faces":{"north":{"uv":[0,4.5,0.25,5.25],"texture":"#texture"},"east":{"uv":[0.25,4.5,0.5,5.25],"texture":"#texture"},"west":{"uv":[0.25,4.5,0.5,5.25],"texture":"#texture"},"up":{"uv":[0.25,5.25,0,5.5],"texture":"#texture"},"down":{"uv":[0,5.25,0.25,5.5],"texture":"#texture"}}},{"from":[4.75,5.25,4.5],"to":[5.75,11.25,8.5],"faces":{"north":{"uv":[8,2.75,11,3.25],"rotation":90,"texture":"#texture"},"south":{"uv":[8,2.75,11,3.25],"rotation":270,"texture":"#texture"},"west":{"uv":[8,0.75,11,2.75],"rotation":90,"texture":"#texture"},"up":{"uv":[7.5,0.75,8,2.75],"rotation":180,"texture":"#texture"},"down":{"uv":[7.5,0.75,8,2.75],"texture":"#texture"}}},{"from":[6.25,0.875,5.125],"to":[10.75,4.375,9.625],"rotation":{"angle":-22.5,"axis":"x","origin":[6.25,0.875,5.125]},"faces":{"north":{"uv":[3,7.75,5.25,9.5],"texture":"#texture"},"east":{"uv":[5.25,9.5,7,11.75],"rotation":90,"texture":"#texture"},"west":{"uv":[5.25,9.5,7,11.75],"rotation":270,"texture":"#texture"},"down":{"uv":[3,9.5,5.25,11.75],"texture":"#texture"}}},{"from":[5.7,3.8333,3.5667],"to":[11.2,11.3333,9.0667],"faces":{"north":{"uv":[0,11.75,3,16],"texture":"#texture"},"east":{"uv":[6,11.75,3,16],"texture":"#texture"},"south":{"uv":[6,11.75,9,16],"texture":"#texture"},"west":{"uv":[3,11.75,6,16],"texture":"#texture"},"up":{"uv":[0,8.75,3,11.75],"rotation":180,"texture":"#texture"},"down":{"uv":[0,8.75,3,11.75],"texture":"#texture"}}},{"from":[5.1111,1.3333,8.6667],"to":[5.8611,6.8333,11.6667],"rotation":{"angle":-45,"axis":"x","origin":[5.11111,1.33333,8.66667]},"faces":{"north":{"uv":[11.5,1.5,14.25,2],"rotation":270,"texture":"#texture"},"east":{"uv":[14.25,0,11.5,1.5],"rotation":270,"texture":"#texture"},"south":{"uv":[11.5,1.5,14.25,2],"rotation":270,"texture":"#texture"},"west":{"uv":[11.5,0,14.25,1.5],"rotation":90,"texture":"#texture"},"up":{"uv":[11,0,11.5,1.5],"rotation":180,"texture":"#texture"},"down":{"uv":[11,0,11.5,1.5],"rotation":180,"texture":"#texture"}}},{"from":[6.25,0.875,8.5],"to":[10.75,10.875,9.5],"faces":{"north":{"uv":[12,11.125,14.25,16],"texture":"#texture"},"east":{"uv":[14.25,11.125,14.75,16],"texture":"#texture"},"south":{"uv":[12,11.125,14.25,16],"texture":"#texture"},"west":{"uv":[14.25,11.125,14.75,16],"texture":"#texture"},"up":{"uv":[12,10.625,14.25,11.125],"texture":"#texture"},"down":{"uv":[12,10.625,14.25,11.125],"texture":"#texture"}}},{"from":[6.75,-2.625,10.75],"to":[10.25,4.375,11.25],"rotation":{"angle":-22.5,"axis":"x","origin":[6.75,-2.625,10.75]},"faces":{"north":{"uv":[12.5,6.875,14.25,10.375],"texture":"#texture"},"east":{"uv":[14.25,6.875,14.5,10.375],"texture":"#texture"},"south":{"uv":[12.5,6.875,14.25,10.375],"texture":"#texture"},"west":{"uv":[14.25,6.875,14.5,10.375],"texture":"#texture"},"down":{"uv":[12.5,6.625,14.25,6.875],"texture":"#texture"}}},{"from":[6.4444,15.1111,4.4444],"to":[10.4444,15.55554,8.22218],"faces":{"north":{"uv":[0.25,0.25,2.25,0.625],"rotation":180,"texture":"#texture"},"east":{"uv":[0.25,0.25,2.25,0.625],"rotation":180,"texture":"#texture"},"south":{"uv":[0.25,0.25,2.25,0.625],"rotation":180,"texture":"#texture"},"west":{"uv":[0.25,0.25,2.25,0.625],"rotation":180,"texture":"#texture"},"up":{"uv":[0.25,0.25,2.25,2],"rotation":180,"texture":"#texture"},"down":{"uv":[0.25,0.25,2.25,0.625],"rotation":180,"texture":"#texture"}}},{"from":[5.875,0.75,3.75],"to":[7.375,1.25,6.75],"rotation":{"angle":22.5,"axis":"y","origin":[5.875,0.75,3.75]},"faces":{"north":{"uv":[0.5,4.75,0.75,5.5],"rotation":270,"texture":"#texture"},"east":{"uv":[0.75,4.5,2.25,4.75],"texture":"#texture"},"south":{"uv":[2,4.75,2.25,5.5],"rotation":270,"texture":"#texture"},"west":{"uv":[0.75,4.5,2.25,4.75],"texture":"#texture"},"up":{"uv":[0.75,4.75,2.25,5.5],"rotation":90,"texture":"#texture"},"down":{"uv":[0.75,6.25,2.25,5.5],"rotation":270,"texture":"#texture"}}},{"from":[11.125,5,4.5],"to":[12.125,11,8.5],"faces":{"north":{"uv":[11,2.75,8,3.25],"rotation":270,"texture":"#texture"},"east":{"uv":[8,2.75,11,0.75],"rotation":90,"texture":"#texture"},"south":{"uv":[8,3.25,11,2.75],"rotation":270,"texture":"#texture"},"up":{"uv":[7.5,0.75,8,2.75],"rotation":180,"texture":"#texture"},"down":{"uv":[7.5,0.75,8,2.75],"texture":"#texture"}}},{"from":[9.75,0.75,3.25],"to":[11.25,1.25,6.25],"rotation":{"angle":-22.5,"axis":"y","origin":[9.75,0.75,3.25]},"faces":{"north":{"uv":[0.5,4.75,0.75,5.5],"rotation":270,"texture":"#texture"},"east":{"uv":[0.75,4.5,2.25,4.75],"texture":"#texture"},"south":{"uv":[2,4.75,2.25,5.5],"rotation":270,"texture":"#texture"},"west":{"uv":[0.75,4.5,2.25,4.75],"texture":"#texture"},"up":{"uv":[0.75,4.75,2.25,5.5],"rotation":90,"texture":"#texture"},"down":{"uv":[0.75,6.25,2.25,5.5],"rotation":270,"texture":"#texture"}}},{"from":[11.1111,1.3333,8.6667],"to":[11.8611,6.8333,11.6667],"rotation":{"angle":-45,"axis":"x","origin":[11.11111,1.33333,8.66667]},"faces":{"north":{"uv":[11.5,1.5,14.25,2],"rotation":270,"texture":"#texture"},"east":{"uv":[11.5,1.5,14.25,0],"rotation":90,"texture":"#texture"},"south":{"uv":[11.5,1.5,14.25,2],"rotation":270,"texture":"#texture"},"west":{"uv":[11.5,0,14.25,1.5],"rotation":90,"texture":"#texture"},"down":{"uv":[11,0,11.5,1.5],"rotation":180,"texture":"#texture"}}}],"display":{"head":{"scale":[1.5,1.5,1.5]}}}