{"textures":{"texture":"creatures/owl"},"elements":[{"from":[5.9167,11.0695,0.1389],"to":[10.80559,14.84728,4.80557],"faces":{"north":{"uv":[0,2.375,2.5,4.375],"texture":"#texture"},"east":{"uv":[5,2.375,2.5,4.375],"texture":"#texture"},"south":{"uv":[0,0,2.5,2],"texture":"#texture"},"west":{"uv":[2.5,2.375,5,4.375],"texture":"#texture"},"up":{"uv":[0,0,2.5,2.25],"rotation":180,"texture":"#texture"},"down":{"uv":[0,0,2.5,2.25],"texture":"#texture"}}},{"from":[5.6944,13.7361,-0.0832],"to":[11.1944,15.2361,-0.0817],"faces":{"north":{"uv":[7.5,0,10.5,0.75],"texture":"#texture"},"south":{"uv":[7.5,0,10.5,0.75],"texture":"#texture"}}},{"from":[8.1666,11.8612,-0.236],"to":[8.5416,13.1112,0.264],"faces":{"north":{"uv":[0,4.5,0.25,5.25],"texture":"#texture"},"east":{"uv":[0.25,4.5,0.5,5.25],"texture":"#texture"},"west":{"uv":[0.25,4.5,0.5,5.25],"texture":"#texture"},"up":{"uv":[0.25,5.25,0,5.5],"texture":"#texture"},"down":{"uv":[0,5.25,0.25,5.5],"texture":"#texture"}}},{"from":[4.6667,7.8751,5.75],"to":[5.6667,13.8751,9.75],"rotation":{"angle":-22.5,"axis":"x","origin":[6.66667,0,12]},"faces":{"north":{"uv":[8,2.75,11,3.25],"rotation":90,"texture":"#texture"},"south":{"uv":[8,2.75,11,3.25],"rotation":270,"texture":"#texture"},"west":{"uv":[8,0.75,11,2.75],"rotation":90,"texture":"#texture"},"up":{"uv":[7.5,0.75,8,2.75],"rotation":180,"texture":"#texture"},"down":{"uv":[7.5,0.75,8,2.75],"texture":"#texture"}}},{"from":[6.1667,5.3861,8.1426],"to":[10.6667,8.8861,12.6426],"rotation":{"angle":-45,"axis":"x","origin":[6.66667,0,12]},"faces":{"north":{"uv":[3,7.75,5.25,9.5],"texture":"#texture"},"east":{"uv":[5.25,9.5,7,11.75],"rotation":90,"texture":"#texture"},"west":{"uv":[5.25,9.5,7,11.75],"rotation":270,"texture":"#texture"},"down":{"uv":[3,9.5,5.25,11.75],"texture":"#texture"}}},{"from":[5.6167,6.4584,4.8167],"to":[11.1167,13.9584,10.3167],"rotation":{"angle":-22.5,"axis":"x","origin":[6.66667,0,12]},"faces":{"north":{"uv":[0,11.75,3,16],"texture":"#texture"},"east":{"uv":[6,11.75,3,16],"texture":"#texture"},"south":{"uv":[6,11.75,9,16],"texture":"#texture"},"west":{"uv":[3,11.75,6,16],"texture":"#texture"},"up":{"uv":[0,8.75,3,11.75],"rotation":180,"texture":"#texture"},"down":{"uv":[0,8.75,3,11.75],"texture":"#texture"}}},{"from":[5.0278,1.3259,2.2279],"to":[5.7778,4.3259,7.7279],"rotation":{"angle":22.5,"axis":"x","origin":[6.66667,0,12]},"faces":{"north":{"uv":[11.5,1.5,11,0],"rotation":180,"texture":"#texture"},"east":{"uv":[14.25,0,11.5,1.5],"texture":"#texture"},"south":{"uv":[11,0,11.5,1.5],"rotation":180,"texture":"#texture"},"west":{"uv":[11.5,0,14.25,1.5],"texture":"#texture"},"up":{"uv":[11.5,1.5,14.25,2],"rotation":270,"texture":"#texture"},"down":{"uv":[14.25,2,11.5,1.5],"rotation":270,"texture":"#texture"}}},{"from":[6.1667,3.5,9.75],"to":[10.6667,13.5,10.75],"rotation":{"angle":-22.5,"axis":"x","origin":[6.66667,0,12]},"faces":{"north":{"uv":[12,11.125,14.25,16],"texture":"#texture"},"east":{"uv":[14.25,11.125,14.75,16],"texture":"#texture"},"south":{"uv":[12,11.125,14.25,16],"texture":"#texture"},"west":{"uv":[14.25,11.125,14.75,16],"texture":"#texture"},"up":{"uv":[12,10.625,14.25,11.125],"texture":"#texture"},"down":{"uv":[12,10.625,14.25,11.125],"texture":"#texture"}}},{"from":[6.6667,0,12],"to":[10.1667,7,12.5],"rotation":{"angle":-45,"axis":"x","origin":[6.66667,0,12]},"faces":{"north":{"uv":[12.5,6.875,14.25,10.375],"texture":"#texture"},"east":{"uv":[14.25,6.875,14.5,10.375],"texture":"#texture"},"south":{"uv":[12.5,6.875,14.25,10.375],"texture":"#texture"},"west":{"uv":[14.25,6.875,14.5,10.375],"texture":"#texture"},"down":{"uv":[12.5,6.625,14.25,6.875],"texture":"#texture"}}},{"from":[6.3611,14.8472,0.5835],"to":[10.3611,15.29164,4.36128],"faces":{"north":{"uv":[0.25,0.25,2.25,0.625],"rotation":180,"texture":"#texture"},"east":{"uv":[0.25,0.25,2.25,0.625],"rotation":180,"texture":"#texture"},"south":{"uv":[0.25,0.25,2.25,0.625],"rotation":180,"texture":"#texture"},"west":{"uv":[0.25,0.25,2.25,0.625],"rotation":180,"texture":"#texture"},"up":{"uv":[0.25,0.25,2.25,2],"rotation":180,"texture":"#texture"}}},{"from":[5.875,0.75,3.75],"to":[7.375,1.25,6.75],"rotation":{"angle":22.5,"axis":"y","origin":[5.875,0.75,3.75]},"faces":{"north":{"uv":[0.5,4.75,0.75,5.5],"rotation":270,"texture":"#texture"},"east":{"uv":[0.75,4.5,2.25,4.75],"texture":"#texture"},"south":{"uv":[2,4.75,2.25,5.5],"rotation":270,"texture":"#texture"},"west":{"uv":[0.75,4.5,2.25,4.75],"texture":"#texture"},"up":{"uv":[0.75,4.75,2.25,5.5],"rotation":90,"texture":"#texture"},"down":{"uv":[0.75,6.25,2.25,5.5],"rotation":270,"texture":"#texture"}}},{"from":[11.0417,7.6251,5.75],"to":[12.0417,13.6251,9.75],"rotation":{"angle":-22.5,"axis":"x","origin":[6.66667,0,12]},"faces":{"north":{"uv":[11,2.75,8,3.25],"rotation":270,"texture":"#texture"},"east":{"uv":[8,2.75,11,0.75],"rotation":90,"texture":"#texture"},"south":{"uv":[8,3.25,11,2.75],"rotation":270,"texture":"#texture"},"up":{"uv":[7.5,0.75,8,2.75],"rotation":180,"texture":"#texture"},"down":{"uv":[7.5,0.75,8,2.75],"texture":"#texture"}}},{"from":[9.75,0.75,3.25],"to":[11.25,1.25,6.25],"rotation":{"angle":-22.5,"axis":"y","origin":[9.75,0.75,3.25]},"faces":{"north":{"uv":[0.5,4.75,0.75,5.5],"rotation":270,"texture":"#texture"},"east":{"uv":[0.75,4.5,2.25,4.75],"texture":"#texture"},"south":{"uv":[2,4.75,2.25,5.5],"rotation":270,"texture":"#texture"},"west":{"uv":[0.75,4.5,2.25,4.75],"texture":"#texture"},"up":{"uv":[0.75,4.75,2.25,5.5],"rotation":90,"texture":"#texture"},"down":{"uv":[0.75,6.25,2.25,5.5],"rotation":270,"texture":"#texture"}}},{"from":[11.0278,1.3259,2.2279],"to":[11.7778,4.3259,7.7279],"rotation":{"angle":22.5,"axis":"x","origin":[6.66667,0,12]},"faces":{"east":{"uv":[11.5,1.5,14.25,0],"rotation":180,"texture":"#texture"},"south":{"uv":[11,0,11.5,1.5],"rotation":180,"texture":"#texture"},"west":{"uv":[11.5,0,14.25,1.5],"texture":"#texture"},"up":{"uv":[11.5,1.5,14.25,2],"rotation":270,"texture":"#texture"},"down":{"uv":[14.25,2,11.5,1.5],"rotation":270,"texture":"#texture"}}}],"display":{"head":{"scale":[1.5,1.5,1.5]}}}