{"textures":{"texture":"creatures/owl"},"elements":[{"from":[5.9166,9.292,-2.7498],"to":[10.80549,13.06978,1.91687],"faces":{"north":{"uv":[0,2.375,2.5,4.375],"texture":"#texture"},"east":{"uv":[5,2.375,2.5,4.375],"texture":"#texture"},"south":{"uv":[0,0,2.5,2],"texture":"#texture"},"west":{"uv":[2.5,2.375,5,4.375],"texture":"#texture"},"up":{"uv":[0,0,2.5,2.25],"rotation":180,"texture":"#texture"},"down":{"uv":[0,0,2.5,2.25],"texture":"#texture"}}},{"from":[5.6944,11.9585,-2.9718],"to":[11.1944,13.4585,-2.9703],"faces":{"north":{"uv":[7.5,0,10.5,0.75],"texture":"#texture"},"south":{"uv":[7.5,0,10.5,0.75],"texture":"#texture"}}},{"from":[8.1666,10.0837,-3.1247],"to":[8.5416,11.3337,-2.6247],"faces":{"north":{"uv":[0,4.5,0.25,5.25],"texture":"#texture"},"east":{"uv":[0.25,4.5,0.5,5.25],"texture":"#texture"},"west":{"uv":[0.25,4.5,0.5,5.25],"texture":"#texture"},"up":{"uv":[0.25,5.25,0,5.5],"texture":"#texture"},"down":{"uv":[0,5.25,0.25,5.5],"texture":"#texture"}}},{"from":[4.6667,6.8103,9.3554],"to":[5.6667,12.8103,13.3554],"rotation":{"angle":-45,"axis":"x","origin":[6.66667,-1.77778,9.77778]},"faces":{"north":{"uv":[8,2.75,11,3.25],"rotation":90,"texture":"#texture"},"south":{"uv":[8,2.75,11,3.25],"rotation":270,"texture":"#texture"},"west":{"uv":[8,0.75,11,2.75],"rotation":90,"texture":"#texture"},"up":{"uv":[7.5,0.75,8,2.75],"rotation":180,"texture":"#texture"},"down":{"uv":[7.5,0.75,8,2.75],"texture":"#texture"}}},{"from":[6.1667,0.0217,2.463],"to":[10.6667,4.5217,5.963],"rotation":{"angle":22.5,"axis":"x","origin":[6.66667,-1.77778,9.77778]},"faces":{"east":{"uv":[5.25,9.5,7,11.75],"rotation":180,"texture":"#texture"},"south":{"uv":[3,9.5,5.25,11.75],"texture":"#texture"},"west":{"uv":[5.25,9.5,7,11.75],"rotation":180,"texture":"#texture"},"down":{"uv":[5.25,9.5,3,7.75],"texture":"#texture"}}},{"from":[5.6167,5.3936,8.4221],"to":[11.1167,12.8936,13.9221],"rotation":{"angle":-45,"axis":"x","origin":[6.66667,-1.77778,9.77778]},"faces":{"north":{"uv":[0,11.75,3,16],"texture":"#texture"},"east":{"uv":[6,11.75,3,16],"texture":"#texture"},"south":{"uv":[6,11.75,9,16],"texture":"#texture"},"west":{"uv":[3,11.75,6,16],"texture":"#texture"},"up":{"uv":[0,8.75,3,11.75],"rotation":180,"texture":"#texture"},"down":{"uv":[0,8.75,3,11.75],"texture":"#texture"}}},{"from":[5.0278,4.173,3.6222],"to":[5.7778,7.173,9.1222],"faces":{"north":{"uv":[11.5,1.5,11,0],"rotation":180,"texture":"#texture"},"east":{"uv":[14.25,0,11.5,1.5],"texture":"#texture"},"south":{"uv":[11,0,11.5,1.5],"rotation":180,"texture":"#texture"},"west":{"uv":[11.5,0,14.25,1.5],"texture":"#texture"},"up":{"uv":[11.5,1.5,14.25,2],"rotation":270,"texture":"#texture"},"down":{"uv":[14.25,2,11.5,1.5],"rotation":270,"texture":"#texture"}}},{"from":[6.1667,2.4353,13.3554],"to":[10.6667,12.4353,14.3554],"rotation":{"angle":-45,"axis":"x","origin":[6.66667,-1.77778,9.77778]},"faces":{"north":{"uv":[12,11.125,14.25,16],"texture":"#texture"},"east":{"uv":[14.25,11.125,14.75,16],"texture":"#texture"},"south":{"uv":[12,11.125,14.25,16],"texture":"#texture"},"west":{"uv":[14.25,11.125,14.75,16],"texture":"#texture"},"up":{"uv":[12,10.625,14.25,11.125],"texture":"#texture"},"down":{"uv":[12,10.625,14.25,11.125],"texture":"#texture"}}},{"from":[6.6667,3.8791,4.3492],"to":[10.1667,4.3791,11.3492],"rotation":{"angle":22.5,"axis":"x","origin":[6.66667,-1.77778,9.77778]},"faces":{"east":{"uv":[14.25,6.875,14.5,10.375],"rotation":90,"texture":"#texture"},"south":{"uv":[12.5,6.625,14.25,6.875],"texture":"#texture"},"west":{"uv":[14.25,6.875,14.5,10.375],"rotation":270,"texture":"#texture"},"up":{"uv":[12.5,6.875,14.25,10.375],"texture":"#texture"},"down":{"uv":[14.25,10.375,12.5,6.875],"texture":"#texture"}}},{"from":[6.361,13.0696,-2.3052],"to":[10.361,13.51404,1.47258],"faces":{"north":{"uv":[0.25,0.25,2.25,0.625],"rotation":180,"texture":"#texture"},"east":{"uv":[0.25,0.25,2.25,0.625],"rotation":180,"texture":"#texture"},"south":{"uv":[0.25,0.25,2.25,0.625],"rotation":180,"texture":"#texture"},"west":{"uv":[0.25,0.25,2.25,0.625],"rotation":180,"texture":"#texture"},"up":{"uv":[0.25,0.25,2.25,2],"rotation":180,"texture":"#texture"}}},{"from":[5.875,0.75,3.75],"to":[7.375,1.25,6.75],"rotation":{"angle":22.5,"axis":"y","origin":[5.875,0.75,3.75]},"faces":{"north":{"uv":[0.5,4.75,0.75,5.5],"rotation":270,"texture":"#texture"},"east":{"uv":[0.75,4.5,2.25,4.75],"texture":"#texture"},"south":{"uv":[2,4.75,2.25,5.5],"rotation":270,"texture":"#texture"},"west":{"uv":[0.75,4.5,2.25,4.75],"texture":"#texture"},"up":{"uv":[0.75,4.75,2.25,5.5],"rotation":90,"texture":"#texture"},"down":{"uv":[0.75,6.25,2.25,5.5],"rotation":270,"texture":"#texture"}}},{"from":[11.0417,6.5603,9.3554],"to":[12.0417,12.5603,13.3554],"rotation":{"angle":-45,"axis":"x","origin":[6.66667,-1.77778,9.77778]},"faces":{"north":{"uv":[11,2.75,8,3.25],"rotation":270,"texture":"#texture"},"east":{"uv":[8,2.75,11,0.75],"rotation":90,"texture":"#texture"},"south":{"uv":[8,3.25,11,2.75],"rotation":270,"texture":"#texture"},"up":{"uv":[7.5,0.75,8,2.75],"rotation":180,"texture":"#texture"},"down":{"uv":[7.5,0.75,8,2.75],"texture":"#texture"}}},{"from":[9.75,0.75,3.25],"to":[11.25,1.25,6.25],"rotation":{"angle":-22.5,"axis":"y","origin":[9.75,0.75,3.25]},"faces":{"north":{"uv":[0.5,4.75,0.75,5.5],"rotation":270,"texture":"#texture"},"east":{"uv":[0.75,4.5,2.25,4.75],"texture":"#texture"},"south":{"uv":[2,4.75,2.25,5.5],"rotation":270,"texture":"#texture"},"west":{"uv":[0.75,4.5,2.25,4.75],"texture":"#texture"},"up":{"uv":[0.75,4.75,2.25,5.5],"rotation":90,"texture":"#texture"},"down":{"uv":[0.75,6.25,2.25,5.5],"rotation":270,"texture":"#texture"}}},{"from":[11.0278,4.173,3.6222],"to":[11.7778,7.173,9.1222],"faces":{"east":{"uv":[11.5,1.5,14.25,0],"rotation":180,"texture":"#texture"},"south":{"uv":[11,0,11.5,1.5],"rotation":180,"texture":"#texture"},"west":{"uv":[11.5,0,14.25,1.5],"texture":"#texture"},"up":{"uv":[11.5,1.5,14.25,2],"rotation":270,"texture":"#texture"},"down":{"uv":[14.25,2,11.5,1.5],"rotation":270,"texture":"#texture"}}}],"display":{"head":{"scale":[1.5,1.5,1.5]}}}