{"textures":{"texture":"creatures/owl"},"elements":[{"from":[5.8473,4.8334,-5.403],"to":[10.73619,8.61118,-0.73633],"faces":{"north":{"uv":[0,2.375,2.5,4.375],"texture":"#texture"},"east":{"uv":[5,2.375,2.5,4.375],"texture":"#texture"},"south":{"uv":[0,0,2.5,2],"texture":"#texture"},"west":{"uv":[2.5,2.375,5,4.375],"texture":"#texture"},"up":{"uv":[0,0,2.5,2.25],"rotation":180,"texture":"#texture"},"down":{"uv":[0,0,2.5,2.25],"texture":"#texture"}}},{"from":[5.625,7.5,-5.625],"to":[11.125,9,-5.6235],"faces":{"north":{"uv":[7.5,0,10.5,0.75],"texture":"#texture"},"south":{"uv":[7.5,0,10.5,0.75],"texture":"#texture"}}},{"from":[8.0972,5.6251,-5.7778],"to":[8.4722,6.8751,-5.2778],"faces":{"north":{"uv":[0,4.5,0.25,5.25],"texture":"#texture"},"east":{"uv":[0.25,4.5,0.5,5.25],"texture":"#texture"},"west":{"uv":[0.25,4.5,0.5,5.25],"texture":"#texture"},"up":{"uv":[0.25,5.25,0,5.5],"texture":"#texture"},"down":{"uv":[0,5.25,0.25,5.5],"texture":"#texture"}}},{"from":[3.5,4.125,-1.375],"to":[4.5,8.125,4.625],"rotation":{"angle":-22.5,"axis":"z","origin":[3.5,4.125,-1.375]},"faces":{"north":{"uv":[8,2.75,7.5,0.75],"rotation":180,"texture":"#texture"},"east":{"uv":[8,0.75,11,2.75],"texture":"#texture"},"south":{"uv":[7.5,0.75,8,2.75],"texture":"#texture"},"west":{"uv":[8,0.75,11,2.75],"texture":"#texture"},"up":{"uv":[8,2.75,11,3.25],"rotation":270,"texture":"#texture"},"down":{"uv":[11,3.25,8,2.75],"rotation":90,"texture":"#texture"}}},{"from":[6.125,1.2626,-0.3743],"to":[10.625,5.7626,3.1257],"rotation":{"angle":22.5,"axis":"x","origin":[6.62497,-5.41691,2.70797]},"faces":{"east":{"uv":[5.25,9.5,7,11.75],"rotation":180,"texture":"#texture"},"south":{"uv":[3,9.5,5.25,11.75],"texture":"#texture"},"west":{"uv":[5.25,9.5,7,11.75],"rotation":180,"texture":"#texture"},"up":{"uv":[3,7.75,5.25,9.5],"texture":"#texture"},"down":{"uv":[5.25,9.5,3,7.75],"texture":"#texture"}}},{"from":[5.575,-0.6443,-5.254],"to":[11.075,4.8557,2.246],"rotation":{"angle":22.5,"axis":"x","origin":[6.62497,-5.41691,7.37463]},"faces":{"north":{"uv":[3,11.75,0,8.75],"rotation":180,"texture":"#texture"},"east":{"uv":[6,11.75,3,16],"rotation":90,"texture":"#texture"},"south":{"uv":[0,8.75,3,11.75],"texture":"#texture"},"west":{"uv":[3,11.75,6,16],"rotation":270,"texture":"#texture"},"up":{"uv":[6,11.75,9,16],"texture":"#texture"},"down":{"uv":[3,16,0,11.75],"texture":"#texture"}}},{"from":[3.8611,4.1476,3.9037],"to":[4.6111,7.1476,9.4037],"rotation":{"angle":-22.5,"axis":"z","origin":[3.5,4.125,-1.375]},"faces":{"north":{"uv":[11.5,1.5,11,0],"rotation":180,"texture":"#texture"},"east":{"uv":[14.25,0,11.5,1.5],"texture":"#texture"},"south":{"uv":[11,0,11.5,1.5],"rotation":180,"texture":"#texture"},"west":{"uv":[11.5,0,14.25,1.5],"texture":"#texture"},"up":{"uv":[11.5,1.5,14.25,2],"rotation":270,"texture":"#texture"},"down":{"uv":[14.25,2,11.5,1.5],"rotation":270,"texture":"#texture"}}},{"from":[6.1667,4.1503,-4.8369],"to":[10.6667,5.1503,5.1631],"rotation":{"angle":22.5,"axis":"x","origin":[6.66667,-5.55556,7.33333]},"faces":{"north":{"uv":[14.25,11.125,12,10.625],"texture":"#texture"},"east":{"uv":[14.25,11.125,14.75,16],"rotation":90,"texture":"#texture"},"south":{"uv":[12,10.625,14.25,11.125],"texture":"#texture"},"west":{"uv":[14.25,11.125,14.75,16],"rotation":270,"texture":"#texture"},"up":{"uv":[12,11.125,14.25,16],"texture":"#texture"},"down":{"uv":[14.25,16,12,11.125],"texture":"#texture"}}},{"from":[6.6667,4.3147,6.1372],"to":[10.1667,4.8147,13.1372],"faces":{"east":{"uv":[14.25,6.875,14.5,10.375],"rotation":90,"texture":"#texture"},"south":{"uv":[12.5,6.625,14.25,6.875],"texture":"#texture"},"west":{"uv":[14.25,6.875,14.5,10.375],"rotation":270,"texture":"#texture"},"up":{"uv":[12.5,6.875,14.25,10.375],"texture":"#texture"},"down":{"uv":[14.25,10.375,12.5,6.875],"texture":"#texture"}}},{"from":[6.2917,8.6111,-4.9585],"to":[10.2917,9.05554,-1.18072],"faces":{"north":{"uv":[0.25,0.25,2.25,0.625],"rotation":180,"texture":"#texture"},"east":{"uv":[0.25,0.25,2.25,0.625],"rotation":180,"texture":"#texture"},"south":{"uv":[0.25,0.25,2.25,0.625],"rotation":180,"texture":"#texture"},"west":{"uv":[0.25,0.25,2.25,0.625],"rotation":180,"texture":"#texture"},"up":{"uv":[0.25,0.25,2.25,2],"rotation":180,"texture":"#texture"}}},{"from":[5.875,0.75,3.75],"to":[7.375,1.25,6.75],"rotation":{"angle":22.5,"axis":"y","origin":[5.875,0.75,3.75]},"faces":{"north":{"uv":[0.5,4.75,0.75,5.5],"rotation":270,"texture":"#texture"},"east":{"uv":[0.75,4.5,2.25,4.75],"texture":"#texture"},"south":{"uv":[2,4.75,2.25,5.5],"rotation":270,"texture":"#texture"},"west":{"uv":[0.75,4.5,2.25,4.75],"texture":"#texture"},"up":{"uv":[0.75,4.75,2.25,5.5],"rotation":90,"texture":"#texture"},"down":{"uv":[0.75,6.25,2.25,5.5],"rotation":270,"texture":"#texture"}}},{"from":[12.25,4.125,-1.125],"to":[13.25,8.125,4.875],"rotation":{"angle":22.5,"axis":"z","origin":[12.25,4.125,-1.125]},"faces":{"north":{"uv":[8,2.75,7.5,0.75],"rotation":180,"texture":"#texture"},"east":{"uv":[8,2.75,11,0.75],"rotation":180,"texture":"#texture"},"south":{"uv":[7.5,0.75,8,2.75],"texture":"#texture"},"west":{"uv":[8,0.75,11,2.75],"rotation":180,"texture":"#texture"},"up":{"uv":[8,3.25,11,2.75],"rotation":270,"texture":"#texture"},"down":{"uv":[8,3.25,11,2.75],"rotation":270,"texture":"#texture"}}},{"from":[9.75,0.75,3.25],"to":[11.25,1.25,6.25],"rotation":{"angle":-22.5,"axis":"y","origin":[9.75,0.75,3.25]},"faces":{"north":{"uv":[0.5,4.75,0.75,5.5],"rotation":270,"texture":"#texture"},"east":{"uv":[0.75,4.5,2.25,4.75],"texture":"#texture"},"south":{"uv":[2,4.75,2.25,5.5],"rotation":270,"texture":"#texture"},"west":{"uv":[0.75,4.5,2.25,4.75],"texture":"#texture"},"up":{"uv":[0.75,4.75,2.25,5.5],"rotation":90,"texture":"#texture"},"down":{"uv":[0.75,6.25,2.25,5.5],"rotation":270,"texture":"#texture"}}},{"from":[12.2362,4.1477,4.1259],"to":[12.9862,7.1477,9.6259],"rotation":{"angle":22.5,"axis":"z","origin":[12.25,4.125,-1.125]},"faces":{"north":{"uv":[11.5,1.5,11,0],"rotation":180,"texture":"#texture"},"east":{"uv":[11.5,1.5,14.25,0],"rotation":180,"texture":"#texture"},"south":{"uv":[11,0,11.5,1.5],"rotation":180,"texture":"#texture"},"west":{"uv":[11.5,0,14.25,1.5],"texture":"#texture"},"up":{"uv":[11.5,1.5,14.25,2],"rotation":270,"texture":"#texture"},"down":{"uv":[14.25,2,11.5,1.5],"rotation":270,"texture":"#texture"}}}],"display":{"head":{"scale":[1.5,1.5,1.5]}}}