{"textures":{"texture":"creatures/owl"},"elements":[{"from":[5.9167,6.1808,-5.4163],"to":[10.80559,9.95858,-0.74963],"faces":{"north":{"uv":[0,2.375,2.5,4.375],"texture":"#texture"},"east":{"uv":[5,2.375,2.5,4.375],"texture":"#texture"},"south":{"uv":[0,0,2.5,2],"texture":"#texture"},"west":{"uv":[2.5,2.375,5,4.375],"texture":"#texture"},"up":{"uv":[0,0,2.5,2.25],"rotation":180,"texture":"#texture"},"down":{"uv":[0,0,2.5,2.25],"texture":"#texture"}}},{"from":[5.6944,8.8474,-5.6383],"to":[11.1944,10.3474,-5.6368],"faces":{"north":{"uv":[7.5,0,10.5,0.75],"texture":"#texture"},"south":{"uv":[7.5,0,10.5,0.75],"texture":"#texture"}}},{"from":[8.1666,6.9725,-5.7911],"to":[8.5416,8.2225,-5.2911],"faces":{"north":{"uv":[0,4.5,0.25,5.25],"texture":"#texture"},"east":{"uv":[0.25,4.5,0.5,5.25],"texture":"#texture"},"west":{"uv":[0.25,4.5,0.5,5.25],"texture":"#texture"},"up":{"uv":[0.25,5.25,0,5.5],"texture":"#texture"},"down":{"uv":[0,5.25,0.25,5.5],"texture":"#texture"}}},{"from":[4.6667,4.1504,-1.4341],"to":[5.6667,8.1504,4.5659],"faces":{"north":{"uv":[8,2.75,7.5,0.75],"rotation":180,"texture":"#texture"},"east":{"uv":[8,0.75,11,2.75],"texture":"#texture"},"south":{"uv":[7.5,0.75,8,2.75],"texture":"#texture"},"west":{"uv":[8,0.75,11,2.75],"texture":"#texture"},"up":{"uv":[8,2.75,11,3.25],"rotation":270,"texture":"#texture"},"down":{"uv":[11,3.25,8,2.75],"rotation":90,"texture":"#texture"}}},{"from":[6.1667,1.5684,-0.4156],"to":[10.6667,6.0684,3.0844],"rotation":{"angle":22.5,"axis":"x","origin":[6.66667,-5.11111,2.66667]},"faces":{"east":{"uv":[5.25,9.5,7,11.75],"rotation":180,"texture":"#texture"},"south":{"uv":[3,9.5,5.25,11.75],"texture":"#texture"},"west":{"uv":[5.25,9.5,7,11.75],"rotation":180,"texture":"#texture"},"down":{"uv":[5.25,9.5,3,7.75],"texture":"#texture"}}},{"from":[5.6167,-0.3385,-5.2953],"to":[11.1167,5.1615,2.2047],"rotation":{"angle":22.5,"axis":"x","origin":[6.66667,-5.11111,7.33333]},"faces":{"north":{"uv":[3,11.75,0,8.75],"rotation":180,"texture":"#texture"},"east":{"uv":[6,11.75,3,16],"rotation":90,"texture":"#texture"},"south":{"uv":[0,8.75,3,11.75],"texture":"#texture"},"west":{"uv":[3,11.75,6,16],"rotation":270,"texture":"#texture"},"up":{"uv":[6,11.75,9,16],"texture":"#texture"},"down":{"uv":[3,16,0,11.75],"texture":"#texture"}}},{"from":[5.0278,4.173,3.8446],"to":[5.7778,7.173,9.3446],"faces":{"east":{"uv":[14.25,0,11.5,1.5],"texture":"#texture"},"south":{"uv":[11,0,11.5,1.5],"rotation":180,"texture":"#texture"},"west":{"uv":[11.5,0,14.25,1.5],"texture":"#texture"},"up":{"uv":[11.5,1.5,14.25,2],"rotation":270,"texture":"#texture"},"down":{"uv":[14.25,2,11.5,1.5],"rotation":270,"texture":"#texture"}}},{"from":[6.1667,4.1503,-4.8369],"to":[10.6667,5.1503,5.1631],"rotation":{"angle":22.5,"axis":"x","origin":[6.66667,-5.55556,7.33333]},"faces":{"north":{"uv":[14.25,11.125,12,10.625],"texture":"#texture"},"east":{"uv":[14.25,11.125,14.75,16],"rotation":90,"texture":"#texture"},"south":{"uv":[12,10.625,14.25,11.125],"texture":"#texture"},"west":{"uv":[14.25,11.125,14.75,16],"rotation":270,"texture":"#texture"},"up":{"uv":[12,11.125,14.25,16],"texture":"#texture"},"down":{"uv":[14.25,16,12,11.125],"texture":"#texture"}}},{"from":[6.6667,4.3147,6.1372],"to":[10.1667,4.8147,13.1372],"faces":{"east":{"uv":[14.25,6.875,14.5,10.375],"rotation":90,"texture":"#texture"},"south":{"uv":[12.5,6.625,14.25,6.875],"texture":"#texture"},"west":{"uv":[14.25,6.875,14.5,10.375],"rotation":270,"texture":"#texture"},"up":{"uv":[12.5,6.875,14.25,10.375],"texture":"#texture"},"down":{"uv":[14.25,10.375,12.5,6.875],"texture":"#texture"}}},{"from":[6.3611,9.9585,-4.9718],"to":[10.3611,10.40294,-1.19402],"faces":{"north":{"uv":[0.25,0.25,2.25,0.625],"rotation":180,"texture":"#texture"},"east":{"uv":[0.25,0.25,2.25,0.625],"rotation":180,"texture":"#texture"},"south":{"uv":[0.25,0.25,2.25,0.625],"rotation":180,"texture":"#texture"},"west":{"uv":[0.25,0.25,2.25,0.625],"rotation":180,"texture":"#texture"},"up":{"uv":[0.25,0.25,2.25,2],"rotation":180,"texture":"#texture"}}},{"from":[5.875,0.75,3.75],"to":[7.375,1.25,6.75],"rotation":{"angle":22.5,"axis":"y","origin":[5.875,0.75,3.75]},"faces":{"north":{"uv":[0.5,4.75,0.75,5.5],"rotation":270,"texture":"#texture"},"east":{"uv":[0.75,4.5,2.25,4.75],"texture":"#texture"},"south":{"uv":[2,4.75,2.25,5.5],"rotation":270,"texture":"#texture"},"west":{"uv":[0.75,4.5,2.25,4.75],"texture":"#texture"},"up":{"uv":[0.75,4.75,2.25,5.5],"rotation":90,"texture":"#texture"},"down":{"uv":[0.75,6.25,2.25,5.5],"rotation":270,"texture":"#texture"}}},{"from":[11.0417,4.1503,-1.1841],"to":[12.0417,8.1503,4.8159],"faces":{"north":{"uv":[8,2.75,7.5,0.75],"rotation":180,"texture":"#texture"},"east":{"uv":[8,2.75,11,0.75],"rotation":180,"texture":"#texture"},"south":{"uv":[7.5,0.75,8,2.75],"texture":"#texture"},"west":{"uv":[8,0.75,11,2.75],"rotation":180,"texture":"#texture"},"up":{"uv":[8,3.25,11,2.75],"rotation":270,"texture":"#texture"},"down":{"uv":[8,3.25,11,2.75],"rotation":270,"texture":"#texture"}}},{"from":[9.75,0.75,3.25],"to":[11.25,1.25,6.25],"rotation":{"angle":-22.5,"axis":"y","origin":[9.75,0.75,3.25]},"faces":{"north":{"uv":[0.5,4.75,0.75,5.5],"rotation":270,"texture":"#texture"},"east":{"uv":[0.75,4.5,2.25,4.75],"texture":"#texture"},"south":{"uv":[2,4.75,2.25,5.5],"rotation":270,"texture":"#texture"},"west":{"uv":[0.75,4.5,2.25,4.75],"texture":"#texture"},"up":{"uv":[0.75,4.75,2.25,5.5],"rotation":90,"texture":"#texture"},"down":{"uv":[0.75,6.25,2.25,5.5],"rotation":270,"texture":"#texture"}}},{"from":[11.0279,4.173,4.0668],"to":[11.7779,7.173,9.5668],"faces":{"east":{"uv":[11.5,1.5,14.25,0],"rotation":180,"texture":"#texture"},"south":{"uv":[11,0,11.5,1.5],"rotation":180,"texture":"#texture"},"west":{"uv":[11.5,0,14.25,1.5],"texture":"#texture"},"up":{"uv":[11.5,1.5,14.25,2],"rotation":270,"texture":"#texture"},"down":{"uv":[14.25,2,11.5,1.5],"rotation":270,"texture":"#texture"}}}],"display":{"head":{"scale":[1.5,1.5,1.5]}}}