{"textures":{"texture":"creatures/owl"},"elements":[{"from":[5.875,5.75,-8.5],"to":[10.76389,9.52778,-3.83333],"faces":{"north":{"uv":[0,2.375,2.5,4.375],"texture":"#texture"},"east":{"uv":[5,2.375,2.5,4.375],"texture":"#texture"},"south":{"uv":[0,0,2.5,2],"texture":"#texture"},"west":{"uv":[2.5,2.375,5,4.375],"texture":"#texture"},"up":{"uv":[0,0,2.5,2.25],"rotation":180,"texture":"#texture"},"down":{"uv":[0,0,2.5,2.25],"texture":"#texture"}}},{"from":[5.6527,8.4166,-8.722],"to":[11.1527,9.9166,-8.7205],"faces":{"north":{"uv":[7.5,0,10.5,0.75],"texture":"#texture"},"south":{"uv":[7.5,0,10.5,0.75],"texture":"#texture"}}},{"from":[8.1249,6.5417,-8.8748],"to":[8.4999,7.7917,-8.3748],"faces":{"north":{"uv":[0,4.5,0.25,5.25],"texture":"#texture"},"east":{"uv":[0.25,4.5,0.5,5.25],"texture":"#texture"},"west":{"uv":[0.25,4.5,0.5,5.25],"texture":"#texture"},"up":{"uv":[0.25,5.25,0,5.5],"texture":"#texture"},"down":{"uv":[0,5.25,0.25,5.5],"texture":"#texture"}}},{"from":[6.125,2.5545,0.4178],"to":[10.625,7.0545,3.9178],"faces":{"north":{"uv":[5.25,11.75,3,9.5],"texture":"#texture"},"east":{"uv":[5.25,9.5,7,11.75],"rotation":180,"texture":"#texture"},"south":{"uv":[3,9.5,5.25,11.75],"texture":"#texture"},"west":{"uv":[5.25,9.5,7,11.75],"rotation":180,"texture":"#texture"},"up":{"uv":[3,7.75,5.25,9.5],"texture":"#texture"},"down":{"uv":[5.25,9.5,3,7.75],"texture":"#texture"}}},{"from":[5.6027,0.6473,-8.226],"to":[11.1027,6.1473,-0.726],"rotation":{"angle":22.5,"axis":"x","origin":[6.65267,-4.12531,4.40263]},"faces":{"north":{"uv":[3,11.75,0,8.75],"rotation":180,"texture":"#texture"},"east":{"uv":[6,11.75,3,16],"rotation":90,"texture":"#texture"},"south":{"uv":[0,8.75,3,11.75],"texture":"#texture"},"west":{"uv":[3,11.75,6,16],"rotation":270,"texture":"#texture"},"up":{"uv":[6,11.75,9,16],"texture":"#texture"},"down":{"uv":[3,16,0,11.75],"texture":"#texture"}}},{"from":[6.1944,5.4419,-7.8089],"to":[10.6944,6.4419,2.1911],"rotation":{"angle":22.5,"axis":"x","origin":[6.69437,-4.26396,4.36133]},"faces":{"north":{"uv":[14.25,11.125,12,10.625],"texture":"#texture"},"east":{"uv":[14.25,11.125,14.75,16],"rotation":90,"texture":"#texture"},"south":{"uv":[12,10.625,14.25,11.125],"texture":"#texture"},"west":{"uv":[14.25,11.125,14.75,16],"rotation":270,"texture":"#texture"},"up":{"uv":[12,11.125,14.25,16],"texture":"#texture"},"down":{"uv":[14.25,16,12,11.125],"texture":"#texture"}}},{"from":[6.6944,5.6063,3.1652],"to":[10.1944,6.1063,10.1652],"faces":{"east":{"uv":[14.25,6.875,14.5,10.375],"rotation":90,"texture":"#texture"},"south":{"uv":[12.5,6.625,14.25,6.875],"texture":"#texture"},"west":{"uv":[14.25,6.875,14.5,10.375],"rotation":270,"texture":"#texture"},"up":{"uv":[12.5,6.875,14.25,10.375],"texture":"#texture"},"down":{"uv":[14.25,10.375,12.5,6.875],"texture":"#texture"}}},{"from":[6.3194,9.5277,-8.0555],"to":[10.3194,9.97214,-4.27772],"faces":{"north":{"uv":[0.25,0.25,2.25,0.625],"rotation":180,"texture":"#texture"},"east":{"uv":[0.25,0.25,2.25,0.625],"rotation":180,"texture":"#texture"},"south":{"uv":[0.25,0.25,2.25,0.625],"rotation":180,"texture":"#texture"},"west":{"uv":[0.25,0.25,2.25,0.625],"rotation":180,"texture":"#texture"},"up":{"uv":[0.25,0.25,2.25,2],"rotation":180,"texture":"#texture"}}},{"from":[6.5,0.25,2.25],"to":[8,3.25,2.75],"rotation":{"angle":22.5,"axis":"x","origin":[6.5,0.25,2.75]},"faces":{"north":{"uv":[2.25,5.5,0.75,4.75],"rotation":90,"texture":"#texture"},"east":{"uv":[0.75,4.5,2.25,4.75],"rotation":90,"texture":"#texture"},"south":{"uv":[0.75,6.25,2.25,5.5],"rotation":270,"texture":"#texture"},"west":{"uv":[0.75,4.5,2.25,4.75],"rotation":270,"texture":"#texture"},"down":{"uv":[0.75,5.5,0.5,4.75],"rotation":270,"texture":"#texture"}}},{"from":[8.875,0.125,2.375],"to":[10.375,3.125,2.875],"rotation":{"angle":22.5,"axis":"x","origin":[8.875,0.125,2.875]},"faces":{"north":{"uv":[2.25,5.5,0.75,4.75],"rotation":90,"texture":"#texture"},"east":{"uv":[0.75,4.5,2.25,4.75],"rotation":90,"texture":"#texture"},"south":{"uv":[0.75,6.25,2.25,5.5],"rotation":270,"texture":"#texture"},"west":{"uv":[0.75,4.5,2.25,4.75],"rotation":270,"texture":"#texture"},"up":{"uv":[2,4.75,2.25,5.5],"rotation":270,"texture":"#texture"},"down":{"uv":[0.75,5.5,0.5,4.75],"rotation":270,"texture":"#texture"}}},{"from":[10.75,8.8749,-4.375],"to":[11.125,13.9999,-0.375],"rotation":{"angle":-22.5,"axis":"z","origin":[11.125,8.875,-4.375]},"faces":{"north":{"uv":[8,2.75,11,3.25],"rotation":270,"texture":"#texture"},"east":{"uv":[8,0.75,11,2.75],"rotation":270,"texture":"#texture"},"south":{"uv":[8,2.75,11,3.25],"rotation":90,"texture":"#texture"},"west":{"uv":[8,0.75,11,2.75],"rotation":90,"texture":"#texture"},"up":{"uv":[8,2.75,7.5,0.75],"texture":"#texture"},"down":{"uv":[8,2.75,7.5,0.75],"rotation":180,"texture":"#texture"}}},{"from":[10.6549,14.406,-4.5671],"to":[11.1549,19.906,-4.0671],"rotation":{"angle":-45,"axis":"z","origin":[11,11.75,-5.25]},"faces":{"north":{"uv":[14.25,2,11.5,1.5],"rotation":270,"texture":"#texture"},"east":{"uv":[11.5,1.5,14.25,0],"rotation":270,"texture":"#texture"},"south":{"uv":[14.25,2,11.5,1.5],"rotation":270,"texture":"#texture"},"west":{"uv":[11.5,0,14.25,1.5],"rotation":270,"texture":"#texture"},"up":{"uv":[11,0,11.5,1.5],"rotation":180,"texture":"#texture"},"down":{"uv":[11,0,11.5,1.5],"rotation":180,"texture":"#texture"}}},{"from":[12.5048,13.3702,-5.976],"to":[12.5058,22.4952,2.149],"rotation":{"angle":-45,"axis":"z","origin":[12.25,13.625,-7.5]},"faces":{"east":{"uv":[11,3.5,7.5,6.5],"texture":"#texture"},"west":{"uv":[7.5,3.5,11,6.5],"texture":"#texture"}}},{"from":[5.625,9.1249,-4.375],"to":[6,14.2499,-0.375],"rotation":{"angle":22.5,"axis":"z","origin":[6,9.125,-4.375]},"faces":{"north":{"uv":[8,2.75,11,3.25],"rotation":270,"texture":"#texture"},"east":{"uv":[8,0.75,11,2.75],"rotation":270,"texture":"#texture"},"south":{"uv":[8,2.75,11,3.25],"rotation":90,"texture":"#texture"},"west":{"uv":[8,0.75,11,2.75],"rotation":90,"texture":"#texture"},"up":{"uv":[8,2.75,7.5,0.75],"texture":"#texture"},"down":{"uv":[8,2.75,7.5,0.75],"rotation":180,"texture":"#texture"}}},{"from":[6.6915,16.0245,-5.976],"to":[6.6925,25.1495,2.149],"rotation":{"angle":45,"axis":"z","origin":[9,12.125,-4.375]},"faces":{"east":{"uv":[11,3.5,7.5,6.5],"texture":"#texture"},"west":{"uv":[7.5,3.5,11,6.5],"texture":"#texture"}}},{"from":[6.5336,16.7256,-4.5671],"to":[7.0336,22.2256,-4.0671],"rotation":{"angle":45,"axis":"z","origin":[9,12.125,-4.375]},"faces":{"north":{"uv":[14.25,2,11.5,1.5],"rotation":270,"texture":"#texture"},"east":{"uv":[11.5,1.5,14.25,0],"rotation":270,"texture":"#texture"},"south":{"uv":[14.25,2,11.5,1.5],"rotation":270,"texture":"#texture"},"west":{"uv":[11.5,0,14.25,1.5],"rotation":270,"texture":"#texture"},"up":{"uv":[11,0,11.5,1.5],"rotation":180,"texture":"#texture"},"down":{"uv":[11,0,11.5,1.5],"rotation":180,"texture":"#texture"}}}],"display":{"head":{"scale":[1.5,1.5,1.5]}}}