{"textures":{"texture":"creatures/owl"},"elements":[{"from":[5.875,4.25,-5.5],"to":[10.76389,8.02778,-0.83333],"faces":{"north":{"uv":[0,2.375,2.5,4.375],"texture":"#texture"},"east":{"uv":[5,2.375,2.5,4.375],"texture":"#texture"},"south":{"uv":[0,0,2.5,2],"texture":"#texture"},"west":{"uv":[2.5,2.375,5,4.375],"texture":"#texture"},"up":{"uv":[0,0,2.5,2.25],"rotation":180,"texture":"#texture"},"down":{"uv":[0,0,2.5,2.25],"texture":"#texture"}}},{"from":[5.6527,6.9166,-5.722],"to":[11.1527,8.4166,-5.7205],"faces":{"north":{"uv":[7.5,0,10.5,0.75],"texture":"#texture"},"south":{"uv":[7.5,0,10.5,0.75],"texture":"#texture"}}},{"from":[8.1249,5.0417,-5.8748],"to":[8.4999,6.2917,-5.3748],"faces":{"north":{"uv":[0,4.5,0.25,5.25],"texture":"#texture"},"east":{"uv":[0.25,4.5,0.5,5.25],"texture":"#texture"},"west":{"uv":[0.25,4.5,0.5,5.25],"texture":"#texture"},"up":{"uv":[0.25,5.25,0,5.5],"texture":"#texture"},"down":{"uv":[0,5.25,0.25,5.5],"texture":"#texture"}}},{"from":[2,8.5,-1.375],"to":[6,9.5,4.625],"rotation":{"angle":-22.5,"axis":"z","origin":[2,9.5,-1.375]},"faces":{"north":{"uv":[7.5,0.75,8,2.75],"rotation":270,"texture":"#texture"},"east":{"uv":[8,2.75,11,3.25],"texture":"#texture"},"south":{"uv":[8,2.75,7.5,0.75],"rotation":270,"texture":"#texture"},"west":{"uv":[8,2.75,11,3.25],"texture":"#texture"},"up":{"uv":[11,2.75,8,0.75],"rotation":270,"texture":"#texture"},"down":{"uv":[8,0.75,11,2.75],"rotation":90,"texture":"#texture"}}},{"from":[6.1527,1.0542,-0.3463],"to":[10.6527,5.5542,3.1537],"rotation":{"angle":22.5,"axis":"x","origin":[6.65267,-5.62531,2.73597]},"faces":{"east":{"uv":[5.25,9.5,7,11.75],"rotation":180,"texture":"#texture"},"south":{"uv":[3,9.5,5.25,11.75],"texture":"#texture"},"west":{"uv":[5.25,9.5,7,11.75],"rotation":180,"texture":"#texture"},"up":{"uv":[3,7.75,5.25,9.5],"texture":"#texture"},"down":{"uv":[5.25,9.5,3,7.75],"texture":"#texture"}}},{"from":[5.6027,-0.8527,-5.226],"to":[11.1027,4.6473,2.274],"rotation":{"angle":22.5,"axis":"x","origin":[6.65267,-5.62531,7.40263]},"faces":{"north":{"uv":[3,11.75,0,8.75],"rotation":180,"texture":"#texture"},"east":{"uv":[6,11.75,3,16],"rotation":90,"texture":"#texture"},"south":{"uv":[0,8.75,3,11.75],"texture":"#texture"},"west":{"uv":[3,11.75,6,16],"rotation":270,"texture":"#texture"},"up":{"uv":[6,11.75,9,16],"texture":"#texture"},"down":{"uv":[3,16,0,11.75],"texture":"#texture"}}},{"from":[3.8883,8.7639,3.5237],"to":[5.8883,9.5139,9.0237],"rotation":{"angle":-22.5,"axis":"y","origin":[3.25,9.875,-1.5]},"faces":{"north":{"uv":[11,0,11.5,1.5],"rotation":270,"texture":"#texture"},"east":{"uv":[11.5,1.5,14.25,2],"texture":"#texture"},"south":{"uv":[11.5,1.5,11,0],"rotation":90,"texture":"#texture"},"west":{"uv":[11.5,1.5,14.25,2],"rotation":180,"texture":"#texture"},"up":{"uv":[14.25,1.5,11.5,0],"rotation":270,"texture":"#texture"},"down":{"uv":[14.25,0,11.5,1.5],"rotation":90,"texture":"#texture"}}},{"from":[6.1944,3.9419,-4.8089],"to":[10.6944,4.9419,5.1911],"rotation":{"angle":22.5,"axis":"x","origin":[6.69437,-5.76396,7.36133]},"faces":{"north":{"uv":[14.25,11.125,12,10.625],"texture":"#texture"},"east":{"uv":[14.25,11.125,14.75,16],"rotation":90,"texture":"#texture"},"south":{"uv":[12,10.625,14.25,11.125],"texture":"#texture"},"west":{"uv":[14.25,11.125,14.75,16],"rotation":270,"texture":"#texture"},"up":{"uv":[12,11.125,14.25,16],"texture":"#texture"},"down":{"uv":[14.25,16,12,11.125],"texture":"#texture"}}},{"from":[6.6944,4.1063,6.1652],"to":[10.1944,4.6063,13.1652],"faces":{"east":{"uv":[14.25,6.875,14.5,10.375],"rotation":90,"texture":"#texture"},"south":{"uv":[12.5,6.625,14.25,6.875],"texture":"#texture"},"west":{"uv":[14.25,6.875,14.5,10.375],"rotation":270,"texture":"#texture"},"up":{"uv":[12.5,6.875,14.25,10.375],"texture":"#texture"},"down":{"uv":[14.25,10.375,12.5,6.875],"texture":"#texture"}}},{"from":[6.3194,8.0277,-5.0555],"to":[10.3194,8.47214,-1.27772],"faces":{"north":{"uv":[0.25,0.25,2.25,0.625],"rotation":180,"texture":"#texture"},"east":{"uv":[0.25,0.25,2.25,0.625],"rotation":180,"texture":"#texture"},"south":{"uv":[0.25,0.25,2.25,0.625],"rotation":180,"texture":"#texture"},"west":{"uv":[0.25,0.25,2.25,0.625],"rotation":180,"texture":"#texture"},"up":{"uv":[0.25,0.25,2.25,2],"rotation":180,"texture":"#texture"}}},{"from":[5.875,0.75,3.75],"to":[7.375,1.25,6.75],"rotation":{"angle":22.5,"axis":"y","origin":[5.875,0.75,3.75]},"faces":{"north":{"uv":[0.5,4.75,0.75,5.5],"rotation":270,"texture":"#texture"},"east":{"uv":[0.75,4.5,2.25,4.75],"texture":"#texture"},"south":{"uv":[2,4.75,2.25,5.5],"rotation":270,"texture":"#texture"},"west":{"uv":[0.75,4.5,2.25,4.75],"texture":"#texture"},"up":{"uv":[0.75,4.75,2.25,5.5],"rotation":90,"texture":"#texture"},"down":{"uv":[0.75,6.25,2.25,5.5],"rotation":270,"texture":"#texture"}}},{"from":[10.375,8.625,-1.125],"to":[14.375,9.625,4.875],"rotation":{"angle":22.5,"axis":"z","origin":[14.375,8.625,-1.125]},"faces":{"north":{"uv":[7.5,0.75,8,2.75],"rotation":90,"texture":"#texture"},"east":{"uv":[8,3.25,11,2.75],"rotation":180,"texture":"#texture"},"south":{"uv":[8,2.75,7.5,0.75],"rotation":90,"texture":"#texture"},"west":{"uv":[11,2.75,8,3.25],"texture":"#texture"},"up":{"uv":[8,2.75,11,0.75],"rotation":90,"texture":"#texture"},"down":{"uv":[11,2.75,8,0.75],"rotation":270,"texture":"#texture"}}},{"from":[9.75,0.75,3.25],"to":[11.25,1.25,6.25],"rotation":{"angle":-22.5,"axis":"y","origin":[9.75,0.75,3.25]},"faces":{"north":{"uv":[0.5,4.75,0.75,5.5],"rotation":270,"texture":"#texture"},"east":{"uv":[0.75,4.5,2.25,4.75],"texture":"#texture"},"south":{"uv":[2,4.75,2.25,5.5],"rotation":270,"texture":"#texture"},"west":{"uv":[0.75,4.5,2.25,4.75],"texture":"#texture"},"up":{"uv":[0.75,4.75,2.25,5.5],"rotation":90,"texture":"#texture"},"down":{"uv":[0.75,6.25,2.25,5.5],"rotation":270,"texture":"#texture"}}},{"from":[10.128,8.7362,3.3133],"to":[12.503,9.4862,8.8133],"rotation":{"angle":22.5,"axis":"y","origin":[13,8.75,-2]},"faces":{"north":{"uv":[11,0,11.5,1.5],"rotation":90,"texture":"#texture"},"east":{"uv":[14.25,2,11.5,1.5],"rotation":180,"texture":"#texture"},"south":{"uv":[11.5,1.5,11,0],"rotation":270,"texture":"#texture"},"west":{"uv":[14.25,2,11.5,1.5],"texture":"#texture"},"up":{"uv":[11.5,1.5,14.25,0],"rotation":90,"texture":"#texture"},"down":{"uv":[14.25,1.5,11.5,0],"rotation":90,"texture":"#texture"}}},{"from":[1.625,8.875,0.625],"to":[6.375,8.876,9],"faces":{"up":{"uv":[11,3.5,7.5,8],"rotation":180,"texture":"#texture"},"down":{"uv":[11,8,7.5,3.5],"rotation":180,"texture":"#texture"}}},{"from":[10,9.125,0.625],"to":[14.75,9.126,9],"faces":{"up":{"uv":[7.5,3.5,11,8],"rotation":180,"texture":"#texture"},"down":{"uv":[7.5,8,11,3.5],"rotation":180,"texture":"#texture"}}}],"display":{"head":{"scale":[1.5,1.5,1.5]}}}