{"textures":{"texture":"creatures/owl"},"elements":[{"from":[5.8473,4.2503,-6.0276],"to":[10.73619,8.02808,-1.36093],"faces":{"north":{"uv":[0,2.375,2.5,4.375],"texture":"#texture"},"east":{"uv":[5,2.375,2.5,4.375],"texture":"#texture"},"south":{"uv":[0,0,2.5,2],"texture":"#texture"},"west":{"uv":[2.5,2.375,5,4.375],"texture":"#texture"},"up":{"uv":[0,0,2.5,2.25],"rotation":180,"texture":"#texture"},"down":{"uv":[0,0,2.5,2.25],"texture":"#texture"}}},{"from":[5.625,6.9169,-6.2496],"to":[11.125,8.4169,-6.2481],"faces":{"north":{"uv":[7.5,0,10.5,0.75],"texture":"#texture"},"south":{"uv":[7.5,0,10.5,0.75],"texture":"#texture"}}},{"from":[8.0972,5.042,-6.4024],"to":[8.4722,6.292,-5.9024],"faces":{"north":{"uv":[0,4.5,0.25,5.25],"texture":"#texture"},"east":{"uv":[0.25,4.5,0.5,5.25],"texture":"#texture"},"west":{"uv":[0.25,4.5,0.5,5.25],"texture":"#texture"},"up":{"uv":[0.25,5.25,0,5.5],"texture":"#texture"},"down":{"uv":[0,5.25,0.25,5.5],"texture":"#texture"}}},{"from":[5.3473,7.5003,-1.9026],"to":[6.2223,11.5003,3.2224],"faces":{"north":{"uv":[7.5,0.75,8,2.75],"rotation":180,"texture":"#texture"},"east":{"uv":[8,0.75,11,2.75],"rotation":180,"texture":"#texture"},"south":{"uv":[8,2.75,7.5,0.75],"texture":"#texture"},"west":{"uv":[8,0.75,11,2.75],"rotation":180,"texture":"#texture"},"up":{"uv":[11,3.25,8,2.75],"rotation":270,"texture":"#texture"},"down":{"uv":[8,2.75,11,3.25],"rotation":90,"texture":"#texture"}}},{"from":[6.125,1.0545,-0.8739],"to":[10.625,5.5545,2.6261],"rotation":{"angle":22.5,"axis":"x","origin":[6.625,-5.625,2.20833]},"faces":{"east":{"uv":[5.25,9.5,7,11.75],"rotation":180,"texture":"#texture"},"south":{"uv":[3,9.5,5.25,11.75],"texture":"#texture"},"west":{"uv":[5.25,9.5,7,11.75],"rotation":180,"texture":"#texture"},"up":{"uv":[3,7.75,5.25,9.5],"texture":"#texture"},"down":{"uv":[5.25,9.5,3,7.75],"texture":"#texture"}}},{"from":[5.575,-0.8524,-5.7536],"to":[11.075,4.6476,1.7464],"rotation":{"angle":22.5,"axis":"x","origin":[6.625,-5.625,6.875]},"faces":{"north":{"uv":[3,11.75,0,8.75],"rotation":180,"texture":"#texture"},"east":{"uv":[6,11.75,3,16],"rotation":90,"texture":"#texture"},"south":{"uv":[0,8.75,3,11.75],"texture":"#texture"},"west":{"uv":[3,11.75,6,16],"rotation":270,"texture":"#texture"},"up":{"uv":[6,11.75,9,16],"texture":"#texture"},"down":{"uv":[3,16,0,11.75],"texture":"#texture"}}},{"from":[6.1667,3.9422,-5.3365],"to":[10.6667,4.9422,4.6635],"rotation":{"angle":22.5,"axis":"x","origin":[6.6667,-5.76364,6.8337]},"faces":{"north":{"uv":[14.25,11.125,12,10.625],"texture":"#texture"},"east":{"uv":[14.25,11.125,14.75,16],"rotation":90,"texture":"#texture"},"south":{"uv":[12,10.625,14.25,11.125],"texture":"#texture"},"west":{"uv":[14.25,11.125,14.75,16],"rotation":270,"texture":"#texture"},"up":{"uv":[12,11.125,14.25,16],"texture":"#texture"},"down":{"uv":[14.25,16,12,11.125],"texture":"#texture"}}},{"from":[6.6667,4.1066,5.6376],"to":[10.1667,4.6066,12.6376],"faces":{"east":{"uv":[14.25,6.875,14.5,10.375],"rotation":90,"texture":"#texture"},"south":{"uv":[12.5,6.625,14.25,6.875],"texture":"#texture"},"west":{"uv":[14.25,6.875,14.5,10.375],"rotation":270,"texture":"#texture"},"up":{"uv":[12.5,6.875,14.25,10.375],"texture":"#texture"},"down":{"uv":[14.25,10.375,12.5,6.875],"texture":"#texture"}}},{"from":[6.2917,8.028,-5.5831],"to":[10.2917,8.47244,-1.80532],"faces":{"north":{"uv":[0.25,0.25,2.25,0.625],"rotation":180,"texture":"#texture"},"east":{"uv":[0.25,0.25,2.25,0.625],"rotation":180,"texture":"#texture"},"south":{"uv":[0.25,0.25,2.25,0.625],"rotation":180,"texture":"#texture"},"west":{"uv":[0.25,0.25,2.25,0.625],"rotation":180,"texture":"#texture"},"up":{"uv":[0.25,0.25,2.25,2],"rotation":180,"texture":"#texture"}}},{"from":[5.875,0.75,3.75],"to":[7.375,1.25,6.75],"rotation":{"angle":22.5,"axis":"y","origin":[5.875,0.75,3.75]},"faces":{"north":{"uv":[0.5,4.75,0.75,5.5],"rotation":270,"texture":"#texture"},"east":{"uv":[0.75,4.5,2.25,4.75],"texture":"#texture"},"south":{"uv":[2,4.75,2.25,5.5],"rotation":270,"texture":"#texture"},"west":{"uv":[0.75,4.5,2.25,4.75],"texture":"#texture"},"up":{"uv":[0.75,4.75,2.25,5.5],"rotation":90,"texture":"#texture"},"down":{"uv":[0.75,6.25,2.25,5.5],"rotation":270,"texture":"#texture"}}},{"from":[10.7223,7.2503,-1.6526],"to":[11.4723,11.2503,3.4724],"faces":{"north":{"uv":[8,2.75,7.5,0.75],"texture":"#texture"},"east":{"uv":[11,2.75,8,0.75],"rotation":180,"texture":"#texture"},"south":{"uv":[7.5,0.75,8,2.75],"rotation":180,"texture":"#texture"},"west":{"uv":[11,0.75,8,2.75],"rotation":180,"texture":"#texture"},"up":{"uv":[8,3.25,11,2.75],"rotation":90,"texture":"#texture"},"down":{"uv":[8,3.25,11,2.75],"rotation":90,"texture":"#texture"}}},{"from":[9.75,0.75,3.25],"to":[11.25,1.25,6.25],"rotation":{"angle":-22.5,"axis":"y","origin":[9.75,0.75,3.25]},"faces":{"north":{"uv":[0.5,4.75,0.75,5.5],"rotation":270,"texture":"#texture"},"east":{"uv":[0.75,4.5,2.25,4.75],"texture":"#texture"},"south":{"uv":[2,4.75,2.25,5.5],"rotation":270,"texture":"#texture"},"west":{"uv":[0.75,4.5,2.25,4.75],"texture":"#texture"},"up":{"uv":[0.75,4.75,2.25,5.5],"rotation":90,"texture":"#texture"},"down":{"uv":[0.75,6.25,2.25,5.5],"rotation":270,"texture":"#texture"}}},{"from":[10.3543,11.2145,0.9856],"to":[11.1043,12.2145,6.4856],"rotation":{"angle":-22.5,"axis":"z","origin":[10.22233,10.50031,-4.40263]},"faces":{"north":{"uv":[11.5,1.5,11,0],"rotation":180,"texture":"#texture"},"east":{"uv":[11.5,1.5,14.25,0],"rotation":180,"texture":"#texture"},"south":{"uv":[11,0,11.5,1.5],"rotation":180,"texture":"#texture"},"west":{"uv":[11.5,0,14.25,1.5],"texture":"#texture"},"up":{"uv":[11.5,1.5,14.25,2],"rotation":270,"texture":"#texture"},"down":{"uv":[14.25,2,11.5,1.5],"rotation":270,"texture":"#texture"}}},{"from":[4.7223,7.6253,0.0974],"to":[4.7233,12.3753,8.4724],"rotation":{"angle":22.5,"axis":"z","origin":[4.72233,12.37531,0.09737]},"faces":{"east":{"uv":[11,3.5,7.5,8],"rotation":270,"texture":"#texture"},"west":{"uv":[7.5,3.5,11,8],"rotation":90,"texture":"#texture"}}},{"from":[10.2213,7.7503,0.0974],"to":[10.2223,12.5003,8.4724],"rotation":{"angle":-22.5,"axis":"z","origin":[10.22233,7.75031,0.09737]},"faces":{"east":{"uv":[7.5,8,11,3.5],"rotation":90,"texture":"#texture"},"west":{"uv":[11,8,7.5,3.5],"rotation":270,"texture":"#texture"}}},{"from":[5.6043,11.2145,0.9856],"to":[6.3543,12.2145,6.4856],"rotation":{"angle":22.5,"axis":"z","origin":[5.47233,10.50031,-4.40263]},"faces":{"north":{"uv":[11.5,1.5,11,0],"rotation":180,"texture":"#texture"},"east":{"uv":[11.5,1.5,14.25,0],"rotation":180,"texture":"#texture"},"south":{"uv":[11,0,11.5,1.5],"rotation":180,"texture":"#texture"},"west":{"uv":[11.5,0,14.25,1.5],"texture":"#texture"},"up":{"uv":[11.5,1.5,14.25,2],"rotation":270,"texture":"#texture"},"down":{"uv":[14.25,2,11.5,1.5],"rotation":270,"texture":"#texture"}}}],"display":{"head":{"scale":[1.5,1.5,1.5]}}}