{
	"textures": {
		"texture": "custom/ui/smither_item"
	},
	"gui_light":"front",
	"elements": [ 	 
		{
			"__comment": "PlaneX1",
			"from": [ 0, 0, 0 ],
			"to": [ 16, 16, 16 ],
			"faces": {
				"west": { "uv": [ 0, 0, 16, 16 ], "texture": "#texture" },
				"east": { "uv": [ 0, 0, 16, 16 ], "texture": "#texture" }
			}
		}
	],
	"display": {
		"gui": {
			"rotation":  [ 0, -90, 0 ],
			"translation":  [ 0, -18, -10 ],
			"scale":  [ 0.0001, 1, 1 ]
		},
		"ground" :{
			"scale": [0,0,0]
		}
	}
}