{"parent":"item/generated","textures":{"layer0":"item/quartz"},
"overrides":[{"predicate":{"custom_model_data":1},"model":"gav1"},
{"predicate":{"custom_model_data":2},"model":"gav2"},
{"predicate":{"custom_model_data":3},"model":"gav3"},
{"predicate":{"custom_model_data":4},"model":"gav4"},
{"predicate":{"custom_model_data":5},"model":"gav5"},
{"predicate":{"custom_model_data":6},"model":"gav6"},
{"predicate":{"custom_model_data":7},"model":"gav7"},
{"predicate":{"custom_model_data":8},"model":"gav8"},
{"predicate":{"custom_model_data":9},"model":"gav9"},
{"predicate":{"custom_model_data":10},"model":"gav10"}]}