{"parent":"item/generated","textures":{"layer0":"item/redstone"},
"overrides":[{"predicate":{"custom_model_data":1},"model":"gv1"},
{"predicate":{"custom_model_data":2},"model":"gv2"},
{"predicate":{"custom_model_data":3},"model":"gv3"},
{"predicate":{"custom_model_data":4},"model":"gv4"},
{"predicate":{"custom_model_data":5},"model":"gv5"},
{"predicate":{"custom_model_data":6},"model":"gv6"},
{"predicate":{"custom_model_data":7},"model":"gv7"},
{"predicate":{"custom_model_data":8},"model":"gv8"},
{"predicate":{"custom_model_data":9},"model":"gv9"},
{"predicate":{"custom_model_data":10},"model":"gv10"}]}