{"credit":"Made with Blockbench","display":{"firstperson_lefthand":{"rotation":[2,101,0],"translation":[18.5,-9,-13.25]},"firstperson_righthand":{"rotation":[2,101,0],"translation":[18.5,-9,-13.25]},"fixed":{"rotation":[-90,0,0],"scale":[2,2,2],"translation":[0,0,-14]},"ground":{"scale":[0.4,0.4,0.4],"translation":[0,4.75,0]},"gui":{"rotation":[30,135,0],"scale":[0.4,0.4,0.4],"translation":[0,-2.5,0]},"head":{"scale":[1.6,1.6,1.6],"translation":[0,7.5,1]},"thirdperson_lefthand":{"rotation":[50,42,0],"scale":[0.2,0.2,0.2],"translation":[0.5,0.75,1.5]},"thirdperson_righthand":{"rotation":[50,42,0],"scale":[0.2,0.2,0.2],"translation":[0.5,0.75,1.5]}},"elements":[{"faces":{"down":{"texture":"#0","uv":[3.125,0,6.25,1.875]},"east":{"texture":"#0","uv":[3.125,1.875,5,5.625]},"north":{"texture":"#0","uv":[0,1.875,3.125,5.625]},"south":{"texture":"#0","uv":[5,1.875,8.125,5.625]},"up":{"rotation":180,"texture":"#0","uv":[0,0,3.125,1.875]},"west":{"texture":"#0","uv":[5,1.875,3.125,5.625]}},"from":[-4.5,0,0],"rotation":{"angle":0,"axis":"y","origin":[8,22,8]},"to":[20.5,30,15]},{"faces":{"east":{"texture":"#0","uv":[5.375,11,3.375,14.875]},"north":{"texture":"#0","uv":[0,11,3.25,14.875]},"south":{"texture":"#0","uv":[5.25,11,8.5,14.875]},"up":{"texture":"#0","uv":[8.625,11,11.875,13]},"west":{"texture":"#0","uv":[3.375,11,5.375,14.875]}},"from":[-5,-0.5,-0.5],"rotation":{"angle":0,"axis":"y","origin":[8,22,8]},"to":[21,30.5,15.5]}],"groups":[{"children":[0,1],"name":"group","origin":[8,8,8]}],"textures":{"0":"custom/entities/boulder/boulder_base","particle":"custom/entities/boulder/boulder_base"}}