{"credit":"Made with Blockbench","display":{"firstperson_lefthand":{"translation":[17.25,10,-13.25]},"firstperson_righthand":{"rotation":[0,180,0],"translation":[17.25,10,-13.25]},"fixed":{"rotation":[90,0,0],"scale":[2,2,2],"translation":[0,0,-14.75]},"ground":{"scale":[0.4,0.4,0.4],"translation":[0,11.5,0]},"gui":{"rotation":[30,-135,0],"scale":[0.3,0.3,0.3],"translation":[0,0.75,0]},"head":{"rotation":[0,64,0],"translation":[0,27,0]},"thirdperson_lefthand":{"rotation":[90,0,0],"translation":[13,-1,0]},"thirdperson_righthand":{"rotation":[90,-180,0],"translation":[13,-1,0]}},"elements":[{"faces":{"down":{"texture":"#0","uv":[13.5,5,15.375,6.875]},"east":{"texture":"#0","uv":[11.625,5,13.5,6.875]},"north":{"texture":"#0","uv":[11.625,6.875,13.5,8.75]},"south":{"texture":"#0","uv":[13.5,6.875,11.625,8.75]},"up":{"texture":"#0","uv":[13.5,5,15.375,6.875]},"west":{"texture":"#0","uv":[13.5,6.875,15.375,8.75]}},"from":[0.5,-15.5,0.5],"rotation":{"angle":0,"axis":"y","origin":[8,9,8]},"to":[15.5,-0.5,15.5]},{"faces":{"down":{"texture":"#0","uv":[9.875,5,11.625,6.75]},"east":{"texture":"#0","uv":[8.125,0,9.875,5]},"north":{"texture":"#0","uv":[9.875,0,11.625,5]},"south":{"texture":"#0","uv":[11.625,0,9.875,5]},"up":{"texture":"#0","uv":[8.125,5,9.875,6.75]},"west":{"texture":"#0","uv":[13.375,0,11.625,5]}},"from":[1,-15,1],"rotation":{"angle":0,"axis":"y","origin":[8,9,8]},"to":[15,25,15]}],"groups":[{"children":[0,1],"name":"group","origin":[8,8,8]}],"textures":{"0":"custom/entities/boulder/boulder_base","particle":"custom/entities/boulder/boulder_base"}}