{"credit":"Made with Blockbench","display":{"firstperson_lefthand":{"rotation":[2,99,0],"translation":[16.25,-4,-13.25]},"firstperson_righthand":{"rotation":[2,101,0],"translation":[16.25,-4,-13.25]},"fixed":{"rotation":[-90,0,0],"scale":[2,2,2],"translation":[0,0,-14]},"ground":{"scale":[0.4,0.4,0.4],"translation":[0,3,0]},"gui":{"rotation":[30,135,0],"scale":[0.5,0.5,0.5],"translation":[0,-2,0]},"head":{"scale":[1.6,1.6,1.6],"translation":[0,14,-11]},"thirdperson_lefthand":{"rotation":[50,42,0],"scale":[0.4,0.4,0.4],"translation":[0.5,0.75,1.5]},"thirdperson_righthand":{"rotation":[50,42,0],"scale":[0.4,0.4,0.4],"translation":[0.5,0.75,1.5]}},"elements":[{"faces":{"down":{"texture":"#0","uv":[0,0,0,2.5]},"east":{"texture":"#0","uv":[8.375,6.875,10.875,9.375]},"north":{"texture":"#0","uv":[0,0,0,2.5]},"south":{"texture":"#0","uv":[0,0,0,2.5]},"up":{"texture":"#0","uv":[0,0,0,2.5]},"west":{"texture":"#0","uv":[10.875,6.875,8.375,9.375]}},"from":[8,8,2],"rotation":{"angle":0,"axis":"y","origin":[8,13,8]},"to":[8,28,22]},{"faces":{"down":{"texture":"#0","uv":[6.375,7.875,8,9.875]},"east":{"rotation":270,"texture":"#0","uv":[8,5.75,8.125,7.75]},"north":{"rotation":180,"texture":"#0","uv":[6.375,7.625,8,7.75]},"south":{"texture":"#0","uv":[6.375,5.625,8,5.75]},"up":{"rotation":180,"texture":"#0","uv":[6.375,5.75,8,7.75]},"west":{"rotation":90,"texture":"#0","uv":[8,5.75,8.125,7.75]}},"from":[1.5,16,-12.5],"rotation":{"angle":-22.5,"axis":"x","origin":[8,13,8]},"to":[14.5,17,3.5]},{"faces":{"down":{"texture":"#0","uv":[5.25,10.625,5.75,11]},"east":{"texture":"#0","uv":[4.875,7.25,6.375,9.125]},"north":{"texture":"#1","uv":[0,0,12,15]},"south":{"texture":"#0","uv":[4.875,9.125,6.375,11]},"up":{"rotation":180,"texture":"#0","uv":[4.875,5.625,6.375,7.125]},"west":{"texture":"#0","uv":[6.375,7.25,4.875,9.125]}},"from":[2,0,2],"rotation":{"angle":0,"axis":"y","origin":[8,13,8]},"to":[14,15,14]}],"groups":[{"children":[0,1,2],"name":"group","origin":[8,8,8]}],"textures":{"0":"custom/entities/boulder/boulder_base","1":"custom/entities/boulder/boulder_face","particle":"custom/entities/boulder/boulder_base"}}