{"credit":"Made with Blockbench","display":{"firstperson_lefthand":{"rotation":[2,99,0],"translation":[16.25,-4,-13.25]},"firstperson_righthand":{"rotation":[2,101,0],"translation":[16.25,-4,-13.25]},"fixed":{"rotation":[-90,0,0],"scale":[2,2,2],"translation":[0,0,-46.5]},"ground":{"scale":[0.4,0.4,0.4],"translation":[0,6.75,0]},"gui":{"rotation":[30,135,0],"scale":[0.5,0.5,0.5],"translation":[0,4.25,0]},"head":{"scale":[1.6,1.6,1.6],"translation":[0,-0.75,-3.25]},"thirdperson_lefthand":{"rotation":[90,0,0],"translation":[0,-2.25,8]},"thirdperson_righthand":{"rotation":[90,0,0],"translation":[0,-2.25,8]}},"elements":[{"faces":{"down":{"texture":"#0","uv":[0,5.625,1.5,7.5]},"east":{"texture":"#0","uv":[3.375,7.5,1.5,11]},"north":{"texture":"#0","uv":[0,7.5,1.5,11]},"south":{"texture":"#0","uv":[3.375,7.5,4.875,11]},"up":{"texture":"#0","uv":[3.75,0.25,5.125,1.25]},"west":{"texture":"#0","uv":[1.5,7.5,3.375,11]}},"from":[2,-16,0.5],"to":[14,12,15.5]}],"textures":{"0":"custom/entities/boulder/boulder_base","particle":"custom/entities/boulder/boulder_base"}}