{"textures":{"1":"modelengine:entity/medusa_stone"},"elements":[{"from":[5.3999996,3.4285712,8.0],"to":[10.542857,8.0,11.428572],"rotation":{"angle":0.0,"axis":"y","origin":[8.857143,11.428572,10.285714]},"faces":{"east":{"uv":[0.0,10.25,0.75,11.25],"rotation":0,"texture":"#1","tintindex":0},"south":{"uv":[8.75,0.0,9.875,1.0],"rotation":0,"texture":"#1","tintindex":0},"north":{"uv":[8.625,3.0,9.75,4.0],"rotation":0,"texture":"#1","tintindex":0},"west":{"uv":[1.375,10.25,2.125,11.25],"rotation":0,"texture":"#1","tintindex":0},"up":{"uv":[11.125,8.375,10.0,7.625],"rotation":0,"texture":"#1","tintindex":0},"down":{"uv":[9.375,10.0,8.25,10.75],"rotation":0,"texture":"#1","tintindex":0}}}],"display":{"head":{"translation":[0.0,-6.4,0.0],"scale":[4.0,4.0,4.0]}}}