{"credit":"Made with Blockbench","display":{"firstperson_lefthand":{"rotation":[0,125,0],"translation":[13.75,-9,-11.5]},"firstperson_righthand":{"rotation":[0,125,0],"translation":[13.75,-9,-11.5]},"fixed":{"rotation":[-90,0,0],"scale":[2,2,2],"translation":[0,0,-2]},"ground":{"scale":[0.4,0.4,0.4]},"gui":{"rotation":[30,135,0],"scale":[0.5,0.5,0.5],"translation":[-0.5,-4.75,0]},"head":{"scale":[1.6,1.6,1.6],"translation":[0,6.5,0]},"thirdperson_lefthand":{"rotation":[43,51,0],"scale":[0.4,0.4,0.4],"translation":[0,0,1]},"thirdperson_righthand":{"rotation":[43,51,0],"scale":[0.4,0.4,0.4],"translation":[0,0,1]}},"elements":[{"faces":{"north":{"texture":"#2","uv":[10,2,12,4]}},"from":[3.75,-0.25,3.75],"to":[12.25,8.25,12.25]},{"faces":{"down":{"texture":"#2","uv":[4,0,6,2]},"east":{"texture":"#2","uv":[0,2,2,4]},"north":{"texture":"#2","uv":[2,2,4,4]},"south":{"texture":"#2","uv":[8,2,6,4]},"up":{"texture":"#2","uv":[2,2,4,0]},"west":{"texture":"#2","uv":[4,2,6,4]}},"from":[4,0,4],"to":[12,8,12]},{"faces":{"down":{"texture":"#1","tintindex":0,"uv":[5,0.25,5.25,0.5]},"east":{"texture":"#1","tintindex":0,"uv":[3.5,3.5,6,6]},"north":{"texture":"#1","tintindex":0,"uv":[3.5,3.5,6,6]},"south":{"texture":"#1","tintindex":0,"uv":[3.5,3.5,6,6]},"west":{"texture":"#1","tintindex":0,"uv":[3.5,3.5,6,6]}},"from":[3,7.5,3],"rotation":{"angle":0,"axis":"x","origin":[8,10,8]},"to":[13,17.5,13]},{"faces":{"down":{"texture":"#1","tintindex":0,"uv":[3.5,0,7,3.5]},"east":{"texture":"#1","tintindex":0,"uv":[0,3.5,3.5,7]},"north":{"texture":"#1","tintindex":0,"uv":[0,3.5,3.5,7]},"south":{"texture":"#1","tintindex":0,"uv":[0,3.5,3.5,7]},"up":{"texture":"#1","tintindex":0,"uv":[0,0,3.5,3.5]},"west":{"texture":"#1","tintindex":0,"uv":[0,3.5,3.5,7]}},"from":[1,15,-1],"rotation":{"angle":22.5,"axis":"x","origin":[8,10,8]},"to":[15,29,13]},{"faces":{"down":{"texture":"#1","uv":[3.75,7,4.75,7.25]},"east":{"texture":"#1","uv":[4.75,6.25,5,7.25]},"north":{"texture":"#1","uv":[3.75,6.25,4.75,7.25]},"up":{"texture":"#1","uv":[3.75,6,4.75,6.25]},"west":{"texture":"#1","uv":[4.75,6.25,5,7.25]}},"from":[3,7.5,2],"rotation":{"angle":0,"axis":"x","origin":[8,10,8]},"to":[7,11.5,3]},{"faces":{"down":{"texture":"#1","uv":[3.75,7,4.75,7.25]},"east":{"texture":"#1","uv":[4.75,6.25,5,7.25]},"north":{"texture":"#1","uv":[3.75,6.25,4.75,7.25]},"up":{"texture":"#1","uv":[3.75,6,4.75,6.25]},"west":{"texture":"#1","uv":[4.75,6.25,5,7.25]}},"from":[9,7.5,2],"rotation":{"angle":0,"axis":"x","origin":[8,10,8]},"to":[13,11.5,3]},{"faces":{"east":{"texture":"#1","uv":[11.5,3.5,14,6]},"north":{"texture":"#1","uv":[11.5,3.5,14,6]},"south":{"texture":"#1","uv":[11.5,3.5,14,6]},"west":{"texture":"#1","uv":[11.5,3.5,14,6]}},"from":[2.9,7.4,2.9],"rotation":{"angle":0,"axis":"x","origin":[8,10,8]},"to":[13.1,17.6,13.1]},{"faces":{"down":{"texture":"#1","uv":[11.5,0,15,3.5]},"east":{"texture":"#1","uv":[8,3.5,11.5,7]},"north":{"texture":"#1","uv":[8,3.5,11.5,7]},"south":{"texture":"#1","uv":[8,3.5,11.5,7]},"up":{"texture":"#1","uv":[8,0,11.5,3.5]},"west":{"texture":"#1","uv":[8,3.5,11.5,7]}},"from":[0.9,14.9,-1.1],"rotation":{"angle":22.5,"axis":"x","origin":[8,10,8]},"to":[15.1,29.1,13.1]}],"groups":[{"children":[0,1],"name":"group","origin":[8,8,8]},{"children":[{"children":[2,3,4,5],"name":"group","origin":[8,8,8]},6,7],"name":"balloon_conductor_hat","origin":[8,8,8]}],"textures":{"1":"custom/cosmetics/conductor_hat","2":"custom/entities/balloon_conductor/conductor","particle":"custom/cosmetics/conductor_hat"}}