{
    "sources": [
        {
            "type": "single",
            "resource": "golden_christmas:gold_bow0_1"
        },
        {
            "type": "single",
            "resource": "golden_christmas:gold_bow0_2"
        },
        {
            "type": "single",
            "resource": "golden_christmas:gold_bow1_1"
        },
        {
            "type": "single",
            "resource": "golden_christmas:gold_bow1_2"
        },
        {
            "type": "single",
            "resource": "golden_christmas:gold_greatsword1"
        },
        {
            "type": "single",
            "resource": "golden_christmas:gold_greatsword2"
        },
        {
            "type": "single",
            "resource": "golden_christmas:gold_hammer1"
        },
        {
            "type": "single",
            "resource": "golden_christmas:gold_hammer2"
        },
        {
            "type": "single",
            "resource": "golden_christmas:gold_hat"
        },
        {
            "type": "single",
            "resource": "golden_christmas:gold_shovel1"
        },
        {
            "type": "single",
            "resource": "golden_christmas:gold_shovel2"
        }
    ]
}