{
	"credit": "Made with Blockbench",
	"textures": {
		"0": "mcpatcher/cit/abeja/negro",
		"1": "mcpatcher/cit/abeja/amarillo",
		"2": "mcpatcher/cit/abeja/ala1",
		"3": "mcpatcher/cit/abeja/ala2",
		"4": "mcpatcher/cit/abeja/ala3",
		"particle": "mcpatcher/cit/abeja/negro"
	},
	"elements": [
		{
			"from": [3, 0, 15],
			"to": [5, 2, 19],
			"rotation": {"angle": -22.5, "axis": "x", "origin": [9, 8, 18]},
			"faces": {
				"north": {"uv": [0, 0, 2, 2], "texture": "#0"},
				"east": {"uv": [0, 0, 4, 2], "texture": "#0"},
				"south": {"uv": [0, 0, 2, 2], "texture": "#0"},
				"west": {"uv": [0, 0, 4, 2], "texture": "#0"},
				"up": {"uv": [0, 0, 2, 4], "texture": "#0"},
				"down": {"uv": [0, 0, 2, 4], "texture": "#0"}
			}
		},
		{
			"from": [11, 1, 6],
			"to": [13, 4, 8],
			"faces": {
				"north": {"uv": [0, 0, 2, 3], "texture": "#0"},
				"east": {"uv": [0, 0, 2, 3], "texture": "#0"},
				"south": {"uv": [0, 0, 2, 3], "texture": "#0"},
				"west": {"uv": [0, 0, 2, 3], "texture": "#0"},
				"up": {"uv": [0, 0, 2, 2], "texture": "#0"},
				"down": {"uv": [0, 0, 2, 2], "texture": "#0"}
			}
		},
		{
			"from": [11, 0, 1],
			"to": [13, 2, 5],
			"rotation": {"angle": -22.5, "axis": "x", "origin": [17, 8, 4]},
			"faces": {
				"north": {"uv": [0, 0, 2, 2], "texture": "#0"},
				"east": {"uv": [0, 0, 4, 2], "texture": "#0"},
				"south": {"uv": [0, 0, 2, 2], "texture": "#0"},
				"west": {"uv": [0, 0, 4, 2], "texture": "#0"},
				"up": {"uv": [0, 0, 2, 4], "texture": "#0"},
				"down": {"uv": [0, 0, 2, 4], "texture": "#0"}
			}
		},
		{
			"from": [3, 1, 6],
			"to": [5, 4, 8],
			"faces": {
				"north": {"uv": [0, 0, 2, 3], "texture": "#0"},
				"east": {"uv": [0, 0, 2, 3], "texture": "#0"},
				"south": {"uv": [0, 0, 2, 3], "texture": "#0"},
				"west": {"uv": [0, 0, 2, 3], "texture": "#0"},
				"up": {"uv": [0, 0, 2, 2], "texture": "#0"},
				"down": {"uv": [0, 0, 2, 2], "texture": "#0"}
			}
		},
		{
			"from": [3, 0, 1],
			"to": [5, 2, 5],
			"rotation": {"angle": -22.5, "axis": "x", "origin": [9, 8, 4]},
			"faces": {
				"north": {"uv": [0, 0, 2, 2], "texture": "#0"},
				"east": {"uv": [0, 0, 4, 2], "texture": "#0"},
				"south": {"uv": [0, 0, 2, 2], "texture": "#0"},
				"west": {"uv": [0, 0, 4, 2], "texture": "#0"},
				"up": {"uv": [0, 0, 2, 4], "texture": "#0"},
				"down": {"uv": [0, 0, 2, 4], "texture": "#0"}
			}
		},
		{
			"from": [11, 1, 20],
			"to": [13, 4, 22],
			"faces": {
				"north": {"uv": [0, 0, 2, 3], "texture": "#0"},
				"east": {"uv": [0, 0, 2, 3], "texture": "#0"},
				"south": {"uv": [0, 0, 2, 3], "texture": "#0"},
				"west": {"uv": [0, 0, 2, 3], "texture": "#0"},
				"up": {"uv": [0, 0, 2, 2], "texture": "#0"},
				"down": {"uv": [0, 0, 2, 2], "texture": "#0"}
			}
		},
		{
			"from": [11, 0, 15],
			"to": [13, 2, 19],
			"rotation": {"angle": -22.5, "axis": "x", "origin": [17, 8, 18]},
			"faces": {
				"north": {"uv": [0, 0, 2, 2], "texture": "#0"},
				"east": {"uv": [0, 0, 4, 2], "texture": "#0"},
				"south": {"uv": [0, 0, 2, 2], "texture": "#0"},
				"west": {"uv": [0, 0, 4, 2], "texture": "#0"},
				"up": {"uv": [0, 0, 2, 4], "texture": "#0"},
				"down": {"uv": [0, 0, 2, 4], "texture": "#0"}
			}
		},
		{
			"from": [3, 1, 20],
			"to": [5, 4, 22],
			"faces": {
				"north": {"uv": [0, 0, 2, 3], "texture": "#0"},
				"east": {"uv": [0, 0, 2, 3], "texture": "#0"},
				"south": {"uv": [0, 0, 2, 3], "texture": "#0"},
				"west": {"uv": [0, 0, 2, 3], "texture": "#0"},
				"up": {"uv": [0, 0, 2, 2], "texture": "#0"},
				"down": {"uv": [0, 0, 2, 2], "texture": "#0"}
			}
		},
		{
			"from": [0, 4, 10],
			"to": [16, 18, 30],
			"faces": {
				"north": {"uv": [0, 0, 8, 7], "texture": "#1"},
				"east": {"uv": [0, 0, 16, 7], "texture": "#1"},
				"south": {"uv": [0, 0, 8, 7], "texture": "#1"},
				"west": {"uv": [0, 0, 16, 7], "texture": "#1"},
				"up": {"uv": [0, 0, 8, 16], "texture": "#1"},
				"down": {"uv": [0, 0, 8, 16], "texture": "#1"}
			}
		},
		{
			"from": [0, 11, 30],
			"to": [4, 15, 31],
			"faces": {
				"north": {"uv": [0, 0, 4, 4], "texture": "#0"},
				"east": {"uv": [0, 0, 1, 4], "texture": "#0"},
				"south": {"uv": [0, 0, 4, 4], "texture": "#0"},
				"west": {"uv": [0, 0, 1, 4], "texture": "#0"},
				"up": {"uv": [0, 0, 4, 1], "rotation": 180, "texture": "#0"},
				"down": {"uv": [0, 0, 4, 1], "rotation": 180, "texture": "#0"}
			}
		},
		{
			"from": [12, 11, 30],
			"to": [16, 15, 31],
			"faces": {
				"north": {"uv": [0, 0, 4, 4], "texture": "#0"},
				"east": {"uv": [0, 0, 1, 4], "texture": "#0"},
				"south": {"uv": [0, 0, 4, 4], "texture": "#0"},
				"west": {"uv": [0, 0, 1, 4], "texture": "#0"},
				"up": {"uv": [0, 0, 4, 1], "rotation": 180, "texture": "#0"},
				"down": {"uv": [0, 0, 4, 1], "rotation": 180, "texture": "#0"}
			}
		},
		{
			"from": [-1, 3, 4],
			"to": [17, 19, 10],
			"faces": {
				"north": {"uv": [0, 0, 16, 16], "texture": "#0"},
				"east": {"uv": [0, 0, 6, 16], "texture": "#0"},
				"south": {"uv": [0, 0, 16, 16], "texture": "#0"},
				"west": {"uv": [0, 0, 6, 16], "texture": "#0"},
				"up": {"uv": [0, 0, 16, 6], "rotation": 180, "texture": "#0"},
				"down": {"uv": [0, 0, 16, 6], "rotation": 180, "texture": "#0"}
			}
		},
		{
			"from": [-1, 3, 16],
			"to": [17, 19, 22],
			"faces": {
				"north": {"uv": [0, 0, 16, 16], "texture": "#0"},
				"east": {"uv": [0, 0, 6, 16], "texture": "#0"},
				"south": {"uv": [0, 0, 16, 16], "texture": "#0"},
				"west": {"uv": [0, 0, 6, 16], "texture": "#0"},
				"up": {"uv": [0, 0, 16, 6], "rotation": 180, "texture": "#0"},
				"down": {"uv": [0, 0, 16, 6], "rotation": 180, "texture": "#0"}
			}
		},
		{
			"from": [2, 21, 25],
			"to": [5, 22, 26],
			"faces": {
				"north": {"uv": [0, 0, 3, 1], "texture": "#0"},
				"east": {"uv": [0, 0, 1, 1], "texture": "#0"},
				"south": {"uv": [0, 0, 3, 1], "texture": "#0"},
				"west": {"uv": [0, 0, 1, 1], "texture": "#0"},
				"up": {"uv": [0, 0, 3, 1], "texture": "#0"},
				"down": {"uv": [0, 0, 3, 1], "texture": "#0"}
			}
		},
		{
			"from": [11, 21, 25],
			"to": [14, 22, 26],
			"faces": {
				"north": {"uv": [0, 0, 3, 1], "texture": "#0"},
				"east": {"uv": [0, 0, 1, 1], "texture": "#0"},
				"south": {"uv": [0, 0, 3, 1], "texture": "#0"},
				"west": {"uv": [0, 0, 1, 1], "texture": "#0"},
				"up": {"uv": [0, 0, 3, 1], "texture": "#0"},
				"down": {"uv": [0, 0, 3, 1], "texture": "#0"}
			}
		},
		{
			"from": [11, 18, 25],
			"to": [12, 21, 26],
			"faces": {
				"north": {"uv": [0, 0, 1, 3], "texture": "#0"},
				"east": {"uv": [0, 0, 1, 3], "texture": "#0"},
				"south": {"uv": [0, 0, 1, 3], "texture": "#0"},
				"west": {"uv": [0, 0, 1, 3], "texture": "#0"},
				"up": {"uv": [0, 0, 1, 1], "texture": "#0"},
				"down": {"uv": [0, 0, 1, 1], "texture": "#0"}
			}
		},
		{
			"from": [4, 18, 25],
			"to": [5, 21, 26],
			"faces": {
				"north": {"uv": [0, 0, 1, 3], "texture": "#0"},
				"east": {"uv": [0, 0, 1, 3], "texture": "#0"},
				"south": {"uv": [0, 0, 1, 3], "texture": "#0"},
				"west": {"uv": [0, 0, 1, 3], "texture": "#0"},
				"up": {"uv": [0, 0, 1, 1], "texture": "#0"},
				"down": {"uv": [0, 0, 1, 1], "texture": "#0"}
			}
		},
		{
			"from": [16, 17, 9],
			"to": [24, 18, 17],
			"faces": {
				"north": {"uv": [0, 0, 8, 1], "rotation": 180, "texture": "#3"},
				"east": {"uv": [0, 0, 1, 8], "rotation": 90, "texture": "#3"},
				"south": {"uv": [0, 0, 8, 1], "texture": "#3"},
				"west": {"uv": [0, 0, 1, 8], "rotation": 270, "texture": "#3"},
				"up": {"uv": [0, 0, 8, 8], "texture": "#3"},
				"down": {"uv": [0, 0, 8, 8], "rotation": 180, "texture": "#3"}
			}
		},
		{
			"from": [8, 20, 9],
			"to": [16, 21, 17],
			"rotation": {"angle": -45, "axis": "z", "origin": [8, 8, 8]},
			"faces": {
				"north": {"uv": [0, 0, 1, 8], "rotation": 90, "texture": "#2"},
				"east": {"uv": [0, 0, 8, 1], "texture": "#2"},
				"south": {"uv": [0, 0, 1, 8], "rotation": 270, "texture": "#2"},
				"west": {"uv": [0, 0, 8, 1], "rotation": 180, "texture": "#2"},
				"up": {"uv": [0, 0, 8, 8], "rotation": 270, "texture": "#2"},
				"down": {"uv": [0, 0, 8, 8], "rotation": 270, "texture": "#2"}
			}
		},
		{
			"from": [21, 8, 9],
			"to": [29, 9, 17],
			"rotation": {"angle": 45, "axis": "z", "origin": [8, 8, 8]},
			"faces": {
				"north": {"uv": [0, 0, 1, 8], "rotation": 90, "texture": "#4"},
				"east": {"uv": [0, 0, 8, 1], "texture": "#4"},
				"south": {"uv": [0, 0, 1, 8], "rotation": 270, "texture": "#4"},
				"west": {"uv": [0, 0, 8, 1], "rotation": 180, "texture": "#4"},
				"up": {"uv": [0, 0, 8, 8], "rotation": 270, "texture": "#4"},
				"down": {"uv": [0, 0, 8, 8], "rotation": 270, "texture": "#4"}
			}
		},
		{
			"from": [0, 20, 9],
			"to": [8, 21, 17],
			"rotation": {"angle": 45, "axis": "z", "origin": [8, 8, 8]},
			"faces": {
				"north": {"uv": [0, 0, 8, 1], "rotation": 180, "texture": "#2"},
				"east": {"uv": [0, 0, 1, 8], "rotation": 90, "texture": "#2"},
				"south": {"uv": [0, 0, 8, 1], "texture": "#2"},
				"west": {"uv": [0, 0, 1, 8], "rotation": 270, "texture": "#2"},
				"up": {"uv": [0, 0, 8, 8], "texture": "#2"},
				"down": {"uv": [0, 0, 8, 8], "rotation": 180, "texture": "#2"}
			}
		},
		{
			"from": [-13, 9, 9],
			"to": [-5, 10, 17],
			"rotation": {"angle": -45, "axis": "z", "origin": [8, 8, 8]},
			"faces": {
				"north": {"uv": [0, 0, 8, 1], "rotation": 180, "texture": "#4"},
				"east": {"uv": [0, 0, 1, 8], "rotation": 90, "texture": "#4"},
				"south": {"uv": [0, 0, 8, 1], "texture": "#4"},
				"west": {"uv": [0, 0, 1, 8], "rotation": 270, "texture": "#4"},
				"up": {"uv": [0, 0, 8, 8], "texture": "#4"},
				"down": {"uv": [0, 0, 8, 8], "rotation": 180, "texture": "#4"}
			}
		},
		{
			"from": [-8, 17, 9],
			"to": [0, 18, 17],
			"faces": {
				"north": {"uv": [0, 0, 8, 1], "rotation": 180, "texture": "#3"},
				"east": {"uv": [0, 0, 1, 8], "rotation": 90, "texture": "#3"},
				"south": {"uv": [0, 0, 8, 1], "texture": "#3"},
				"west": {"uv": [0, 0, 1, 8], "rotation": 270, "texture": "#3"},
				"up": {"uv": [0, 0, 8, 8], "texture": "#3"},
				"down": {"uv": [0, 0, 8, 8], "rotation": 180, "texture": "#3"}
			}
		}
	],
	"display": {
		"thirdperson_righthand": {
			"rotation": [69, 180, 0],
			"translation": [-6, -7.25, 2.75],
			"scale": [0.5, 0.5, 0.5]
		},
		"ground": {
			"scale": [0.5, 0.5, 0.5]
		},
		"head": {
			"rotation": [0, -180, 0],
			"translation": [0, -20.75, 5.75],
			"scale": [0.8, 0.8, 0.8]
		}
	}
}