{
	"credit": "Made with Blockbench",
	"parent": "backpack",
	"texture_size": [64, 64],
	"textures": {
		"0": "custom/cosmetics/wolf/olla",
		"particle": "wofl/olla"
	},
	"elements": [
		{
			"from": [2, 3, 2],
			"to": [14, 9, 14],
			"rotation": {"angle": 0, "axis": "y", "origin": [1, 0, 0]},
			"faces": {
				"north": {"uv": [5.5, 2.5, 8.5, 4], "texture": "#0"},
				"east": {"uv": [5.5, 4, 8.5, 5.5], "texture": "#0"},
				"south": {"uv": [5.5, 5.5, 8.5, 7], "texture": "#0"},
				"west": {"uv": [0, 6, 3, 7.5], "texture": "#0"},
				"up": {"uv": [3, 3, 0, 0], "texture": "#0"},
				"down": {"uv": [3, 3, 0, 6], "texture": "#0"}
			}
		},
		{
			"from": [-3.36667, 6.56667, 7],
			"to": [-2.36667, 7.56667, 9],
			"rotation": {"angle": 45, "axis": "z", "origin": [-0.5, 11.16667, 8]},
			"faces": {
				"north": {"uv": [10, 9.75, 10.25, 10], "texture": "#0"},
				"east": {"uv": [5, 7.5, 5.5, 7.75], "texture": "#0"},
				"south": {"uv": [10, 10, 10.25, 10.25], "texture": "#0"},
				"west": {"uv": [8, 2.25, 8.5, 2.5], "texture": "#0"},
				"up": {"uv": [5, 10.5, 4.75, 10], "texture": "#0"},
				"down": {"uv": [9.25, 10, 9, 10.5], "texture": "#0"}
			}
		},
		{
			"from": [-3.36667, 6.56667, 6],
			"to": [-0.36667, 7.56667, 7],
			"rotation": {"angle": 45, "axis": "z", "origin": [-0.5, 11.16667, 8]},
			"faces": {
				"north": {"uv": [8, 7.5, 8.75, 7.75], "texture": "#0"},
				"east": {"uv": [1, 10.25, 1.25, 10.5], "texture": "#0"},
				"south": {"uv": [3, 8.25, 3.75, 8.5], "texture": "#0"},
				"west": {"uv": [1.25, 10.25, 1.5, 10.5], "texture": "#0"},
				"up": {"uv": [4.5, 8.5, 3.75, 8.25], "texture": "#0"},
				"down": {"uv": [9.25, 6.75, 8.5, 7], "texture": "#0"}
			}
		},
		{
			"from": [-3.36667, 6.56667, 9],
			"to": [-0.36667, 7.56667, 10],
			"rotation": {"angle": 45, "axis": "z", "origin": [-0.5, 11.16667, 8]},
			"faces": {
				"north": {"uv": [8.75, 7.5, 9.5, 7.75], "texture": "#0"},
				"east": {"uv": [1.5, 10.25, 1.75, 10.5], "texture": "#0"},
				"south": {"uv": [9.25, 6.75, 10, 7], "texture": "#0"},
				"west": {"uv": [1.75, 10.25, 2, 10.5], "texture": "#0"},
				"up": {"uv": [10.25, 7.75, 9.5, 7.5], "texture": "#0"},
				"down": {"uv": [6.75, 9.75, 6, 10], "texture": "#0"}
			}
		},
		{
			"from": [18.36667, 6.56667, 7],
			"to": [19.36667, 7.56667, 9],
			"rotation": {"angle": -45, "axis": "z", "origin": [16.5, 11.16667, 8]},
			"faces": {
				"north": {"uv": [2, 10.25, 2.25, 10.5], "texture": "#0"},
				"east": {"uv": [4.5, 8.25, 5, 8.5], "texture": "#0"},
				"south": {"uv": [2.25, 10.25, 2.5, 10.5], "texture": "#0"},
				"west": {"uv": [2.5, 9.75, 3, 10], "texture": "#0"},
				"up": {"uv": [10.25, 9.5, 10, 9], "texture": "#0"},
				"down": {"uv": [9.5, 10, 9.25, 10.5], "texture": "#0"}
			}
		},
		{
			"from": [16.36667, 6.56667, 6],
			"to": [19.36667, 7.56667, 7],
			"rotation": {"angle": -45, "axis": "z", "origin": [16.5, 11.16667, 8]},
			"faces": {
				"north": {"uv": [6.75, 9.75, 7.5, 10], "texture": "#0"},
				"east": {"uv": [2.5, 10.25, 2.75, 10.5], "texture": "#0"},
				"south": {"uv": [2.5, 10, 3.25, 10.25], "texture": "#0"},
				"west": {"uv": [2.75, 10.25, 3, 10.5], "texture": "#0"},
				"up": {"uv": [4, 10.25, 3.25, 10], "texture": "#0"},
				"down": {"uv": [4.75, 10, 4, 10.25], "texture": "#0"}
			}
		},
		{
			"from": [16.36667, 6.56667, 9],
			"to": [19.36667, 7.56667, 10],
			"rotation": {"angle": -45, "axis": "z", "origin": [16.5, 11.16667, 8]},
			"faces": {
				"north": {"uv": [6, 10, 6.75, 10.25], "texture": "#0"},
				"east": {"uv": [3, 10.25, 3.25, 10.5], "texture": "#0"},
				"south": {"uv": [6.75, 10, 7.5, 10.25], "texture": "#0"},
				"west": {"uv": [3.25, 10.25, 3.5, 10.5], "texture": "#0"},
				"up": {"uv": [10.75, 7, 10, 6.75], "texture": "#0"},
				"down": {"uv": [8.25, 10, 7.5, 10.25], "texture": "#0"}
			}
		},
		{
			"from": [3, 0, 3],
			"to": [13, 3, 13],
			"rotation": {"angle": 0, "axis": "y", "origin": [1, 0, 0]},
			"faces": {
				"north": {"uv": [7.5, 7.75, 10, 8.5], "texture": "#0"},
				"east": {"uv": [8, 0, 10.5, 0.75], "texture": "#0"},
				"south": {"uv": [8, 0.75, 10.5, 1.5], "texture": "#0"},
				"west": {"uv": [8, 1.5, 10.5, 2.25], "texture": "#0"},
				"up": {"uv": [5.5, 7.5, 3, 5], "texture": "#0"},
				"down": {"uv": [8, 0, 5.5, 2.5], "texture": "#0"}
			}
		},
		{
			"from": [3, 9, 3],
			"to": [13, 12, 13],
			"rotation": {"angle": 0, "axis": "y", "origin": [1, 0, 0]},
			"faces": {
				"north": {"uv": [5.5, 7, 8, 7.75], "texture": "#0"},
				"east": {"uv": [0, 7.5, 2.5, 8.25], "texture": "#0"},
				"south": {"uv": [2.5, 7.5, 5, 8.25], "texture": "#0"},
				"west": {"uv": [5, 7.75, 7.5, 8.5], "texture": "#0"},
				"up": {"uv": [5.5, 2.5, 3, 0], "texture": "#0"},
				"down": {"uv": [5.5, 2.5, 3, 5], "texture": "#0"}
			}
		},
		{
			"from": [9, 12, 7],
			"to": [13, 14, 11],
			"rotation": {"angle": 0, "axis": "y", "origin": [1, 0, 0]},
			"faces": {
				"north": {"uv": [7.5, 9, 8.5, 9.5], "texture": "#0"},
				"east": {"uv": [8.5, 9, 9.5, 9.5], "texture": "#0"},
				"south": {"uv": [1, 9.25, 2, 9.75], "texture": "#0"},
				"west": {"uv": [2, 9.25, 3, 9.75], "texture": "#0"},
				"up": {"uv": [9.5, 5.75, 8.5, 4.75], "texture": "#0"},
				"down": {"uv": [9.5, 5.75, 8.5, 6.75], "texture": "#0"}
			}
		},
		{
			"from": [5, 12, 9],
			"to": [8, 13, 11],
			"rotation": {"angle": 0, "axis": "y", "origin": [1, 0, 0]},
			"faces": {
				"north": {"uv": [10, 7.75, 10.75, 8], "texture": "#0"},
				"east": {"uv": [9.5, 10, 10, 10.25], "texture": "#0"},
				"south": {"uv": [10, 8, 10.75, 8.25], "texture": "#0"},
				"west": {"uv": [10, 9.5, 10.5, 9.75], "texture": "#0"},
				"up": {"uv": [3.75, 10, 3, 9.5], "texture": "#0"},
				"down": {"uv": [4.5, 9.5, 3.75, 10], "texture": "#0"}
			}
		},
		{
			"from": [3, 12, 3.5],
			"to": [6, 14, 5.5],
			"rotation": {"angle": 0, "axis": "y", "origin": [1, 0, 0]},
			"faces": {
				"north": {"uv": [9.5, 4.75, 10.25, 5.25], "texture": "#0"},
				"east": {"uv": [4.5, 9.5, 5, 10], "texture": "#0"},
				"south": {"uv": [9.5, 5.25, 10.25, 5.75], "texture": "#0"},
				"west": {"uv": [7.5, 9.5, 8, 10], "texture": "#0"},
				"up": {"uv": [10.25, 6.25, 9.5, 5.75], "texture": "#0"},
				"down": {"uv": [10.25, 6.25, 9.5, 6.75], "texture": "#0"}
			}
		},
		{
			"from": [7, 12, 5],
			"to": [10, 13, 8],
			"rotation": {"angle": 0, "axis": "y", "origin": [1, 0, 0]},
			"faces": {
				"north": {"uv": [8.25, 10, 9, 10.25], "texture": "#0"},
				"east": {"uv": [10, 8.25, 10.75, 8.5], "texture": "#0"},
				"south": {"uv": [10, 8.5, 10.75, 8.75], "texture": "#0"},
				"west": {"uv": [10, 8.75, 10.75, 9], "texture": "#0"},
				"up": {"uv": [6.75, 9.75, 6, 9], "texture": "#0"},
				"down": {"uv": [7.5, 9, 6.75, 9.75], "texture": "#0"}
			}
		},
		{
			"from": [2, 11, 2],
			"to": [14, 13, 4],
			"faces": {
				"north": {"uv": [8, 7, 11, 7.5], "texture": "#0"},
				"east": {"uv": [8, 9.5, 8.5, 10], "texture": "#0"},
				"south": {"uv": [0, 8.25, 3, 8.75], "texture": "#0"},
				"west": {"uv": [8.5, 9.5, 9, 10], "texture": "#0"},
				"up": {"uv": [11.5, 2.75, 8.5, 2.25], "texture": "#0"},
				"down": {"uv": [11.5, 2.75, 8.5, 3.25], "texture": "#0"}
			}
		},
		{
			"from": [2, 11, 12],
			"to": [14, 13, 14],
			"faces": {
				"north": {"uv": [3, 8.5, 6, 9], "texture": "#0"},
				"east": {"uv": [9, 9.5, 9.5, 10], "texture": "#0"},
				"south": {"uv": [8.5, 3.25, 11.5, 3.75], "texture": "#0"},
				"west": {"uv": [9.5, 9, 10, 9.5], "texture": "#0"},
				"up": {"uv": [11.5, 4.25, 8.5, 3.75], "texture": "#0"},
				"down": {"uv": [11.5, 4.25, 8.5, 4.75], "texture": "#0"}
			}
		},
		{
			"from": [12, 11, 4],
			"to": [14, 13, 12],
			"faces": {
				"north": {"uv": [9.5, 9.5, 10, 10], "texture": "#0"},
				"east": {"uv": [6, 8.5, 8, 9], "texture": "#0"},
				"south": {"uv": [1, 9.75, 1.5, 10.25], "texture": "#0"},
				"west": {"uv": [8, 8.5, 10, 9], "texture": "#0"},
				"up": {"uv": [0.5, 10.75, 0, 8.75], "texture": "#0"},
				"down": {"uv": [1, 8.75, 0.5, 10.75], "texture": "#0"}
			}
		},
		{
			"from": [2, 11, 4],
			"to": [4, 13, 12],
			"faces": {
				"north": {"uv": [1.5, 9.75, 2, 10.25], "texture": "#0"},
				"east": {"uv": [1, 8.75, 3, 9.25], "texture": "#0"},
				"south": {"uv": [2, 9.75, 2.5, 10.25], "texture": "#0"},
				"west": {"uv": [3, 9, 5, 9.5], "texture": "#0"},
				"up": {"uv": [5.5, 11, 5, 9], "texture": "#0"},
				"down": {"uv": [6, 9, 5.5, 11], "texture": "#0"}
			}
		}
	],
	"display": {
		"thirdperson_righthand": {
			"translation": [0, 1.5, 0.75],
			"scale": [0.49102, 0.83477, 0.50469]
		},
		"thirdperson_lefthand": {
			"translation": [0, 1.5, 0.75],
			"scale": [0.2, 0.2, 0.2]
		},
		"firstperson_righthand": {
			"rotation": [0, 120, 0],
			"translation": [0.25, 3.5, 0.25],
			"scale": [0.4, 0.4, 0.4]
		},
		"firstperson_lefthand": {
			"rotation": [0, 120, 0],
			"translation": [0.25, 3.5, 0.25],
			"scale": [0.4, 0.4, 0.4]
		},
		"ground": {
			"scale": [0.4, 0.4, 0.4]
		},
		"gui": {
			"rotation": [15, 48, 0],
			"translation": [0, 0.5, 0],
			"scale": [0.8, 0.8, 0.8]
		},
		"head": {
			"rotation": [10, 0, 0],
			"translation": [0, -52.75, 13],
			"scale": [1.8, 1.8, 1.8]
		},
		"fixed": {
			"translation": [0, 0.5, 0]
		}
	},
	"groups": [
		{
			"name": "root",
			"origin": [8, 8, 8],
			"color": 0,
			"children": [0,
				{
					"name": "alça",
					"origin": [0, 0, 0],
					"color": 0,
					"children": [1, 2, 3]
				},
				{
					"name": "alça",
					"origin": [0, 0, 0],
					"color": 0,
					"children": [4, 5, 6]
				}, 7, 8, 9, 10, 11, 12, 13, 14, 15, 16]
		}
	]
}