{"credit":"Made with Blockbench","display":{"firstperson_lefthand":{"rotation":[106,-2,0],"translation":[6.75,0,5.25]},"firstperson_righthand":{"rotation":[106,-2,0],"translation":[4.5,0,5.25]},"fixed":{"rotation":[-90,0,0],"scale":[2,2,2],"translation":[0,0,-16]},"ground":{"scale":[0.4,0.4,0.4],"translation":[0,3.5,0]},"gui":{"rotation":[30,135,0],"scale":[1.37,1.37,1.37],"translation":[0.25,6.25,0]},"head":{"scale":[1.6,1.6,1.6],"translation":[0,18.25,0]},"thirdperson_lefthand":{"rotation":[69,0,0],"translation":[0,1.75,5.75]},"thirdperson_righthand":{"rotation":[69,0,0],"translation":[0,1.75,6]}},"elements":[{"faces":{"down":{"rotation":180,"texture":"#0","uv":[0,1,3.5,4.5]},"east":{"rotation":270,"texture":"#0","uv":[3.5,4.5,4.5,1]},"north":{"texture":"#0","uv":[3.5,0,0,1]},"south":{"texture":"#0","uv":[4.5,4.5,8,5.5]},"up":{"texture":"#0","uv":[4.5,1,8,4.5]},"west":{"rotation":270,"texture":"#0","uv":[3.5,1,4.5,4.5]}},"from":[4.5,0,4.5],"to":[11.5,2,11.5]},{"faces":{"down":{"rotation":180,"texture":"#0","uv":[3.5,5.5,0,9]},"east":{"rotation":270,"texture":"#0","uv":[3.5,9,4.5,5.5]},"north":{"texture":"#0","uv":[3.5,4.5,0,5.5]},"west":{"rotation":270,"texture":"#0","uv":[3.5,5,4.5,8.5]}},"from":[4.4,-0.1,4.4],"to":[11.6,2.1,11.6]},{"faces":{"down":{"texture":"#0","uv":[1.5,2,2.5,3]},"east":{"texture":"#0","uv":[5,6,7.5,8]},"north":{"texture":"#0","uv":[5,6,7.5,8]},"south":{"texture":"#0","uv":[5,6,7.5,8]},"up":{"texture":"#0","uv":[6,3.5,7,4.5]},"west":{"texture":"#0","uv":[5,6,7.5,8]}},"from":[5.5,1.5,7],"rotation":{"angle":22.5,"axis":"x","origin":[7.50786,1.99827,8.49388]},"to":[10.5,5.5,12]},{"faces":{"east":{"texture":"#0","uv":[5,0,4,1]},"west":{"texture":"#0","uv":[4,0,5,1]}},"from":[10.5,0,2.5],"to":[10.5,2,4.5]},{"faces":{"east":{"texture":"#0","uv":[5,0,4,1]},"west":{"texture":"#0","uv":[4,0,5,1]}},"from":[5.5,0,2.5],"to":[5.5,2,4.5]},{"faces":{"east":{"texture":"#0","uv":[5,0,4,1]},"west":{"texture":"#0","uv":[4,0,5,1]}},"from":[8.5,0,2.5],"to":[8.5,2,4.5]}],"textures":{"0":"custom/cosmetics/wolf/wolf_paw","particle":"custom/cosmetics/wolf/wolf_paw"}}