{
	"credit": "DSprl",
	"textures": {
		"0": "item/iron_leggings",
		"3": "block/brown_wool",
		"particle": "item/iron_leggings"
	},
	"elements": [
		{
			"from": [0, 0, 0],
			"to": [16, 0, 16],
			"faces": {
				"up": {"uv": [0, 0, 16, 16], "texture": "#3"},
				"down": {"uv": [0, 0, 16, 16], "texture": "#3"}
			}
		},
		{
			"from": [0, 0, 1],
			"to": [1, 16, 16],
			"faces": {
				"north": {"uv": [0, 0, 1, 16], "texture": "#3"},
				"east": {"uv": [0, 0, 16, 16], "texture": "#3"},
				"south": {"uv": [0, 0, 1, 16], "texture": "#3"},
				"west": {"uv": [0, 0, 16, 16], "texture": "#3"},
				"up": {"uv": [0, 0, 16, 1], "rotation": 270, "texture": "#3"}
			}
		},
		{
			"from": [15, 0, 1],
			"to": [16, 16, 16],
			"faces": {
				"north": {"uv": [0, 0, 1, 16], "texture": "#3"},
				"east": {"uv": [0, 0, 16, 16], "texture": "#3"},
				"south": {"uv": [0, 0, 1, 16], "texture": "#3"},
				"west": {"uv": [0, 0, 16, 16], "texture": "#3"},
				"up": {"uv": [0, 0, 16, 1], "rotation": 270, "texture": "#3"}
			}
		},
		{
			"from": [0, 0, 0],
			"to": [16, 16, 1],
			"faces": {
				"north": {"uv": [0, 0, 16, 16], "texture": "#3"},
				"east": {"uv": [0, 0, 1, 16], "texture": "#3"},
				"south": {"uv": [0, 0, 16, 16], "texture": "#3"},
				"west": {"uv": [0, 0, 1, 16], "texture": "#3"},
				"up": {"uv": [0, 0, 16, 1], "texture": "#3"}
			}
		},
		{
			"from": [1, 0, 15],
			"to": [15, 16, 16],
			"faces": {
				"north": {"uv": [0, 0, 16, 16], "texture": "#3"},
				"east": {"uv": [0, 0, 1, 16], "texture": "#3"},
				"south": {"uv": [0, 0, 16, 16], "texture": "#3"},
				"west": {"uv": [0, 0, 1, 16], "texture": "#3"},
				"up": {"uv": [0, 0, 16, 1], "texture": "#3"}
			}
		},
		{
			"from": [4, 15, 2],
			"to": [12, 16, 4],
			"faces": {
				"north": {"uv": [4, 2, 12, 3], "rotation": 180, "texture": "#0"},
				"east": {"uv": [11, 2, 12, 3], "rotation": 270, "texture": "#0"},
				"south": {"uv": [4, 2, 12, 3], "texture": "#0"},
				"west": {"uv": [4, 2, 5, 3], "rotation": 90, "texture": "#0"},
				"up": {"uv": [12, 2, 4, 3], "rotation": 180, "texture": "#0"},
				"down": {"uv": [4, 2, 12, 3], "texture": "#0"}
			}
		},
		{
			"from": [3, 2, 2],
			"to": [7, 15, 4],
			"faces": {
				"north": {"uv": [3, 3, 7, 14], "rotation": 180, "texture": "#0"},
				"east": {"uv": [6, 7, 7, 14], "texture": "#0"},
				"south": {"uv": [3, 3, 7, 14], "texture": "#0"},
				"west": {"uv": [3, 14, 4, 3], "rotation": 180, "texture": "#0"},
				"up": {"uv": [3, 3, 4, 4], "rotation": 180, "texture": "#0"},
				"down": {"uv": [3, 13, 7, 14], "texture": "#0"}
			}
		},
		{
			"from": [9, 2, 2],
			"to": [13, 15, 4],
			"faces": {
				"north": {"uv": [3, 3, 7, 14], "rotation": 180, "texture": "#0"},
				"east": {"uv": [12, 7, 13, 14], "texture": "#0"},
				"south": {"uv": [9, 3, 13, 14], "texture": "#0"},
				"west": {"uv": [9, 14, 10, 3], "rotation": 180, "texture": "#0"},
				"up": {"uv": [12, 3, 13, 4], "rotation": 180, "texture": "#0"},
				"down": {"uv": [3, 13, 7, 14], "texture": "#0"}
			}
		},
		{
			"from": [7, 9, 2],
			"to": [9, 15, 4],
			"faces": {
				"north": {"uv": [3, 3, 7, 14], "rotation": 180, "texture": "#0"},
				"east": {"uv": [12, 7, 13, 14], "texture": "#0"},
				"south": {"uv": [7, 3, 9, 7], "texture": "#0"},
				"west": {"uv": [9, 14, 10, 3], "rotation": 180, "texture": "#0"},
				"up": {"uv": [12, 3, 13, 4], "rotation": 180, "texture": "#0"},
				"down": {"uv": [3, 13, 7, 14], "texture": "#0"}
			}
		},
		{
			"from": [8, 15, 1],
			"to": [16, 16, 3],
			"rotation": {"angle": -22.5, "axis": "y", "origin": [0, 0, 0]},
			"faces": {
				"north": {"uv": [4, 2, 12, 3], "rotation": 180, "texture": "#0"},
				"east": {"uv": [11, 2, 12, 3], "rotation": 270, "texture": "#0"},
				"south": {"uv": [4, 2, 12, 3], "texture": "#0"},
				"west": {"uv": [4, 2, 5, 3], "rotation": 90, "texture": "#0"},
				"up": {"uv": [12, 2, 4, 3], "rotation": 180, "texture": "#0"},
				"down": {"uv": [4, 2, 12, 3], "texture": "#0"}
			}
		},
		{
			"from": [7, 2, 1],
			"to": [11, 15, 3],
			"rotation": {"angle": -22.5, "axis": "y", "origin": [0, 0, 0]},
			"faces": {
				"north": {"uv": [3, 14, 7, 3], "rotation": 180, "texture": "#0"},
				"east": {"uv": [6, 7, 7, 14], "texture": "#0"},
				"south": {"uv": [3, 3, 7, 14], "texture": "#0"},
				"west": {"uv": [3, 14, 4, 3], "rotation": 180, "texture": "#0"},
				"up": {"uv": [3, 3, 4, 4], "rotation": 180, "texture": "#0"},
				"down": {"uv": [3, 13, 7, 14], "texture": "#0"}
			}
		},
		{
			"from": [13, 2, 1],
			"to": [17, 15, 3],
			"rotation": {"angle": -22.5, "axis": "y", "origin": [0, 0, 0]},
			"faces": {
				"north": {"uv": [7, 14, 3, 3], "rotation": 180, "texture": "#0"},
				"east": {"uv": [12, 7, 13, 14], "texture": "#0"},
				"south": {"uv": [9, 3, 13, 14], "texture": "#0"},
				"west": {"uv": [9, 14, 10, 3], "rotation": 180, "texture": "#0"},
				"up": {"uv": [12, 3, 13, 4], "rotation": 180, "texture": "#0"},
				"down": {"uv": [3, 13, 7, 14], "texture": "#0"}
			}
		},
		{
			"from": [11, 9, 1],
			"to": [13, 15, 3],
			"rotation": {"angle": -22.5, "axis": "y", "origin": [0, 0, 0]},
			"faces": {
				"north": {"uv": [7, 7, 9, 3], "rotation": 180, "texture": "#0"},
				"east": {"uv": [12, 7, 13, 14], "texture": "#0"},
				"south": {"uv": [7, 3, 9, 7], "texture": "#0"},
				"west": {"uv": [9, 14, 10, 3], "rotation": 180, "texture": "#0"},
				"up": {"uv": [12, 3, 13, 4], "rotation": 180, "texture": "#0"},
				"down": {"uv": [3, 13, 7, 14], "texture": "#0"}
			}
		},
		{
			"from": [10.5, 15, 0],
			"to": [12.5, 16, 8],
			"rotation": {"angle": -45, "axis": "y", "origin": [0, 0, 0]},
			"faces": {
				"north": {"uv": [4, 2, 5, 3], "rotation": 90, "texture": "#0"},
				"east": {"uv": [4, 2, 12, 3], "rotation": 180, "texture": "#0"},
				"south": {"uv": [11, 2, 12, 3], "rotation": 270, "texture": "#0"},
				"west": {"uv": [4, 2, 12, 3], "texture": "#0"},
				"up": {"uv": [12, 2, 4, 3], "rotation": 270, "texture": "#0"},
				"down": {"uv": [4, 2, 12, 3], "rotation": 270, "texture": "#0"}
			}
		},
		{
			"from": [10.5, 2, -1],
			"to": [12.5, 15, 3],
			"rotation": {"angle": -45, "axis": "y", "origin": [0, 0, 0]},
			"faces": {
				"north": {"uv": [3, 14, 4, 3], "rotation": 180, "texture": "#0"},
				"east": {"uv": [3, 14, 7, 3], "rotation": 180, "texture": "#0"},
				"south": {"uv": [6, 7, 7, 14], "texture": "#0"},
				"west": {"uv": [3, 3, 7, 14], "texture": "#0"},
				"up": {"uv": [3, 3, 4, 4], "rotation": 270, "texture": "#0"},
				"down": {"uv": [3, 13, 7, 14], "rotation": 270, "texture": "#0"}
			}
		},
		{
			"from": [10.5, 2, 5],
			"to": [12.5, 15, 9],
			"rotation": {"angle": -45, "axis": "y", "origin": [0, 0, 0]},
			"faces": {
				"north": {"uv": [9, 14, 10, 3], "rotation": 180, "texture": "#0"},
				"east": {"uv": [7, 14, 3, 3], "rotation": 180, "texture": "#0"},
				"south": {"uv": [12, 7, 13, 14], "texture": "#0"},
				"west": {"uv": [9, 3, 13, 14], "texture": "#0"},
				"up": {"uv": [12, 3, 13, 4], "rotation": 270, "texture": "#0"},
				"down": {"uv": [3, 13, 7, 14], "rotation": 270, "texture": "#0"}
			}
		},
		{
			"from": [10.5, 9, 3],
			"to": [12.5, 15, 5],
			"rotation": {"angle": -45, "axis": "y", "origin": [0, 0, 0]},
			"faces": {
				"north": {"uv": [9, 14, 10, 3], "rotation": 180, "texture": "#0"},
				"east": {"uv": [7, 7, 9, 3], "rotation": 180, "texture": "#0"},
				"south": {"uv": [12, 7, 13, 14], "texture": "#0"},
				"west": {"uv": [7, 3, 9, 7], "texture": "#0"},
				"up": {"uv": [12, 3, 13, 4], "rotation": 270, "texture": "#0"},
				"down": {"uv": [3, 13, 7, 14], "rotation": 270, "texture": "#0"}
			}
		},
		{
			"from": [-3.5, 16, 7],
			"to": [4.5, 18, 8],
			"rotation": {"angle": 45, "axis": "y", "origin": [0, 0, 0]},
			"faces": {
				"north": {"uv": [12, 2, 4, 3], "rotation": 180, "texture": "#0"},
				"east": {"uv": [4, 2, 5, 3], "rotation": 180, "texture": "#0"},
				"south": {"uv": [4, 2, 12, 3], "rotation": 180, "texture": "#0"},
				"west": {"uv": [11, 2, 12, 3], "rotation": 180, "texture": "#0"},
				"up": {"uv": [4, 2, 12, 3], "rotation": 180, "texture": "#0"},
				"down": {"uv": [4, 2, 12, 3], "rotation": 180, "texture": "#0"}
			}
		},
		{
			"from": [1.5, 16, 8],
			"to": [5.5, 18, 21],
			"rotation": {"angle": 45, "axis": "y", "origin": [0, 0, 0]},
			"faces": {
				"north": {"uv": [3, 3, 4, 4], "rotation": 180, "texture": "#0"},
				"east": {"uv": [3, 14, 4, 3], "rotation": 270, "texture": "#0"},
				"south": {"uv": [3, 13, 7, 14], "rotation": 180, "texture": "#0"},
				"west": {"uv": [6, 7, 7, 14], "rotation": 270, "texture": "#0"},
				"up": {"uv": [3, 14, 7, 3], "rotation": 180, "texture": "#0"},
				"down": {"uv": [3, 3, 7, 14], "rotation": 180, "texture": "#0"}
			}
		},
		{
			"from": [-4.5, 16, 8],
			"to": [-0.5, 18, 21],
			"rotation": {"angle": 45, "axis": "y", "origin": [0, 0, 0]},
			"faces": {
				"north": {"uv": [12, 3, 13, 4], "rotation": 180, "texture": "#0"},
				"east": {"uv": [9, 14, 10, 3], "rotation": 270, "texture": "#0"},
				"south": {"uv": [3, 13, 7, 14], "rotation": 180, "texture": "#0"},
				"west": {"uv": [12, 7, 13, 14], "rotation": 270, "texture": "#0"},
				"up": {"uv": [7, 14, 3, 3], "rotation": 180, "texture": "#0"},
				"down": {"uv": [9, 3, 13, 14], "rotation": 180, "texture": "#0"}
			}
		},
		{
			"from": [-0.5, 16, 8],
			"to": [1.5, 18, 14],
			"rotation": {"angle": 45, "axis": "y", "origin": [0, 0, 0]},
			"faces": {
				"north": {"uv": [12, 3, 13, 4], "rotation": 180, "texture": "#0"},
				"east": {"uv": [9, 14, 10, 3], "rotation": 270, "texture": "#0"},
				"south": {"uv": [3, 13, 7, 14], "rotation": 180, "texture": "#0"},
				"west": {"uv": [12, 7, 13, 14], "rotation": 270, "texture": "#0"},
				"up": {"uv": [7, 7, 9, 3], "rotation": 180, "texture": "#0"},
				"down": {"uv": [7, 3, 9, 7], "rotation": 180, "texture": "#0"}
			}
		}
	],
	"display": {
		"thirdperson_righthand": {
			"rotation": [75, 45, 0],
			"translation": [0, 2.5, 0],
			"scale": [0.375, 0.375, 0.375]
		}
	},
	"groups": [0, 1, 2, 3, 4,
		{
			"name": "group",
			"origin": [0, 0, 0],
			"children": [5, 6, 7, 8]
		},
		{
			"name": "group",
			"origin": [0, 0, 0],
			"children": [9, 10, 11, 12]
		},
		{
			"name": "group",
			"origin": [0, 0, 0],
			"children": [13, 14, 15, 16]
		},
		{
			"name": "group",
			"origin": [0, 0, 0],
			"children": [17, 18, 19, 20]
		}
	]
}