{
	"credit": "DSprl",
	"textures": {
		"0": "item/netherite_helmet",
		"3": "block/brown_wool"
	},
	"elements": [
		{
			"from": [0, 0, 0],
			"to": [16, 0, 16],
			"faces": {
				"up": {"uv": [0, 0, 16, 16], "texture": "#3"},
				"down": {"uv": [0, 0, 16, 16], "texture": "#3"}
			}
		},
		{
			"from": [0, 0, 1],
			"to": [1, 16, 16],
			"faces": {
				"north": {"uv": [0, 0, 1, 16], "texture": "#3"},
				"east": {"uv": [0, 0, 16, 16], "texture": "#3"},
				"south": {"uv": [0, 0, 1, 16], "texture": "#3"},
				"west": {"uv": [0, 0, 16, 16], "texture": "#3"},
				"up": {"uv": [0, 0, 16, 1], "rotation": 270, "texture": "#3"}
			}
		},
		{
			"from": [15, 0, 1],
			"to": [16, 16, 16],
			"faces": {
				"north": {"uv": [0, 0, 1, 16], "texture": "#3"},
				"east": {"uv": [0, 0, 16, 16], "texture": "#3"},
				"south": {"uv": [0, 0, 1, 16], "texture": "#3"},
				"west": {"uv": [0, 0, 16, 16], "texture": "#3"},
				"up": {"uv": [0, 0, 16, 1], "rotation": 270, "texture": "#3"}
			}
		},
		{
			"from": [0, 0, 0],
			"to": [16, 16, 1],
			"faces": {
				"north": {"uv": [0, 0, 16, 16], "texture": "#3"},
				"east": {"uv": [0, 0, 1, 16], "texture": "#3"},
				"south": {"uv": [0, 0, 16, 16], "texture": "#3"},
				"west": {"uv": [0, 0, 1, 16], "texture": "#3"},
				"up": {"uv": [0, 0, 16, 1], "texture": "#3"}
			}
		},
		{
			"from": [1, 0, 15],
			"to": [15, 16, 16],
			"faces": {
				"north": {"uv": [0, 0, 16, 16], "texture": "#3"},
				"east": {"uv": [0, 0, 1, 16], "texture": "#3"},
				"south": {"uv": [0, 0, 16, 16], "texture": "#3"},
				"west": {"uv": [0, 0, 1, 16], "texture": "#3"},
				"up": {"uv": [0, 0, 16, 1], "texture": "#3"}
			}
		},
		{
			"from": [5, 9, 2],
			"to": [11, 10, 4],
			"faces": {
				"north": {"uv": [5, 3, 11, 4], "rotation": 180, "texture": "#0"},
				"east": {"uv": [5, 3, 11, 4], "rotation": 270, "texture": "#0"},
				"south": {"uv": [5, 3, 11, 4], "texture": "#0"},
				"west": {"uv": [5, 3, 11, 4], "rotation": 90, "texture": "#0"},
				"up": {"uv": [5, 3, 11, 4], "rotation": 180, "texture": "#0"},
				"down": {"uv": [5, 3, 11, 4], "texture": "#0"}
			}
		},
		{
			"from": [4, 8, 2],
			"to": [12, 9, 4],
			"faces": {
				"north": {"uv": [4, 4, 12, 5], "rotation": 180, "texture": "#0"},
				"east": {"uv": [11, 4, 12, 5], "rotation": 270, "texture": "#0"},
				"south": {"uv": [4, 4, 12, 5], "texture": "#0"},
				"west": {"uv": [4, 4, 5, 5], "rotation": 90, "texture": "#0"},
				"up": {"uv": [4, 4, 12, 5], "rotation": 180, "texture": "#0"},
				"down": {"uv": [4, 4, 12, 5], "texture": "#0"}
			}
		},
		{
			"from": [3, 2, 2],
			"to": [13, 8, 4],
			"faces": {
				"north": {"uv": [3, 5, 13, 11], "rotation": 180, "texture": "#0"},
				"east": {"uv": [12, 5, 13, 11], "rotation": 270, "texture": "#0"},
				"south": {"uv": [3, 5, 13, 11], "texture": "#0"},
				"west": {"uv": [3, 5, 4, 11], "rotation": 90, "texture": "#0"},
				"up": {"uv": [3, 5, 13, 11], "rotation": 180, "texture": "#0"},
				"down": {"uv": [3, 10, 13, 11], "texture": "#0"}
			}
		},
		{
			"from": [4, 1, 2],
			"to": [6, 2, 4],
			"faces": {
				"north": {"uv": [4, 11, 6, 12], "rotation": 180, "texture": "#0"},
				"east": {"uv": [4, 11, 5, 12], "rotation": 270, "texture": "#0"},
				"south": {"uv": [4, 11, 6, 12], "texture": "#0"},
				"west": {"uv": [4, 11, 5, 12], "rotation": 90, "texture": "#0"},
				"up": {"uv": [4, 11, 6, 12], "rotation": 180, "texture": "#0"},
				"down": {"uv": [4, 11, 6, 12], "texture": "#0"}
			}
		},
		{
			"from": [10, 1, 2],
			"to": [12, 2, 4],
			"faces": {
				"north": {"uv": [10, 11, 12, 12], "rotation": 180, "texture": "#0"},
				"east": {"uv": [11, 11, 12, 12], "rotation": 270, "texture": "#0"},
				"south": {"uv": [10, 11, 12, 12], "texture": "#0"},
				"west": {"uv": [11, 11, 12, 12], "rotation": 90, "texture": "#0"},
				"up": {"uv": [10, 11, 12, 12], "rotation": 180, "texture": "#0"},
				"down": {"uv": [10, 11, 12, 12], "texture": "#0"}
			}
		},
		{
			"from": [12, 9, 7],
			"to": [14, 10, 13],
			"faces": {
				"north": {"uv": [5, 3, 11, 4], "rotation": 90, "texture": "#0"},
				"east": {"uv": [5, 3, 11, 4], "rotation": 180, "texture": "#0"},
				"south": {"uv": [5, 3, 11, 4], "rotation": 270, "texture": "#0"},
				"west": {"uv": [5, 3, 11, 4], "texture": "#0"},
				"up": {"uv": [5, 3, 11, 4], "rotation": 270, "texture": "#0"},
				"down": {"uv": [5, 3, 11, 4], "rotation": 270, "texture": "#0"}
			}
		},
		{
			"from": [12, 8, 6],
			"to": [14, 9, 14],
			"faces": {
				"north": {"uv": [4, 4, 5, 5], "rotation": 90, "texture": "#0"},
				"east": {"uv": [4, 4, 12, 5], "rotation": 180, "texture": "#0"},
				"south": {"uv": [11, 4, 12, 5], "rotation": 270, "texture": "#0"},
				"west": {"uv": [4, 4, 12, 5], "texture": "#0"},
				"up": {"uv": [4, 4, 12, 5], "rotation": 270, "texture": "#0"},
				"down": {"uv": [4, 4, 12, 5], "rotation": 270, "texture": "#0"}
			}
		},
		{
			"from": [12, 2, 5],
			"to": [14, 8, 15],
			"faces": {
				"north": {"uv": [3, 5, 4, 11], "rotation": 90, "texture": "#0"},
				"east": {"uv": [3, 5, 13, 11], "rotation": 180, "texture": "#0"},
				"south": {"uv": [12, 5, 13, 11], "rotation": 270, "texture": "#0"},
				"west": {"uv": [3, 5, 13, 11], "texture": "#0"},
				"up": {"uv": [3, 5, 13, 11], "rotation": 270, "texture": "#0"},
				"down": {"uv": [3, 10, 13, 11], "rotation": 270, "texture": "#0"}
			}
		},
		{
			"from": [12, 1, 6],
			"to": [14, 2, 8],
			"faces": {
				"north": {"uv": [4, 11, 5, 12], "rotation": 90, "texture": "#0"},
				"east": {"uv": [4, 11, 6, 12], "rotation": 180, "texture": "#0"},
				"south": {"uv": [4, 11, 5, 12], "rotation": 270, "texture": "#0"},
				"west": {"uv": [4, 11, 6, 12], "texture": "#0"},
				"up": {"uv": [4, 11, 6, 12], "rotation": 270, "texture": "#0"},
				"down": {"uv": [4, 11, 6, 12], "rotation": 270, "texture": "#0"}
			}
		},
		{
			"from": [12, 1, 12],
			"to": [14, 2, 14],
			"faces": {
				"north": {"uv": [11, 11, 12, 12], "rotation": 90, "texture": "#0"},
				"east": {"uv": [10, 11, 12, 12], "rotation": 180, "texture": "#0"},
				"south": {"uv": [11, 11, 12, 12], "rotation": 270, "texture": "#0"},
				"west": {"uv": [10, 11, 12, 12], "texture": "#0"},
				"up": {"uv": [10, 11, 12, 12], "rotation": 270, "texture": "#0"},
				"down": {"uv": [10, 11, 12, 12], "rotation": 270, "texture": "#0"}
			}
		}
	],
	"display": {
		"thirdperson_righthand": {
			"rotation": [75, 45, 0],
			"translation": [0, 2.5, 0],
			"scale": [0.375, 0.375, 0.375]
		}
	},
	"groups": [0, 1, 2, 3, 4,
		{
			"name": "group",
			"origin": [0, 0, 0],
			"children": [5, 6, 7, 8, 9]
		},
		{
			"name": "group",
			"origin": [0, 0, 0],
			"children": [10, 11, 12, 13, 14]
		}
	]
}