{
    "parent": "item/generated",
    "textures": {
        "layer0": "item/bow"
    },
    "display": {
        "thirdperson_righthand": {
            "rotation": [ -80, 260, -40 ],
            "translation": [ -1, -2, 2.5 ],
            "scale": [ 0.9, 0.9, 0.9 ]
        },
        "thirdperson_lefthand": {
            "rotation": [ -80, -280, 40 ],
            "translation": [ -1, -2, 2.5 ],
            "scale": [ 0.9, 0.9, 0.9 ]
        },
        "firstperson_righthand": {
            "rotation": [ 0, -90, 25 ],
            "translation": [ 1.13, 3.2, 1.13],
            "scale": [ 0.68, 0.68, 0.68 ]
        },
        "firstperson_lefthand": {
            "rotation": [ 0, 90, -25 ],
            "translation": [ 1.13, 3.2, 1.13],
            "scale": [ 0.68, 0.68, 0.68 ]
        }
    },
    "overrides": [
        {"predicate": {"pulling": 1}, "model": "item/bow_pulling_0"},
        {"predicate": {"pulling": 1,"pull": 0.5}, "model": "item/bow_pulling_1"},
        {"predicate": {"pulling": 1,"pull": 0.8}, "model": "item/bow_pulling_2"},
        {"predicate": {"pulling": 1,"pull": 1.0}, "model": "custom_items/bow_pulling_3"},
        {"predicate": {"custom_model_data":1}, "model": "custom_items/emperor"},
        {"predicate": {"pulling": 1,"custom_model_data":1}, "model": "custom_items/emperor11"},
        {"predicate": {"pulling": 1,"pull": 0.1,"custom_model_data":1}, "model": "custom_items/emperor11"},
        {"predicate": {"pulling": 1,"pull": 0.2,"custom_model_data":1}, "model": "custom_items/emperor12"},
        {"predicate": {"pulling": 1,"pull": 0.3,"custom_model_data":1}, "model": "custom_items/emperor13"},
        {"predicate": {"pulling": 1,"pull": 0.4,"custom_model_data":1}, "model": "custom_items/emperor2"},
        {"predicate": {"pulling": 1,"pull": 0.5,"custom_model_data":1}, "model": "custom_items/emperor21"},
        {"predicate": {"pulling": 1,"pull": 0.6,"custom_model_data":1}, "model": "custom_items/emperor22"},
        {"predicate": {"pulling": 1,"pull": 0.7,"custom_model_data":1}, "model": "custom_items/emperor31"},
        {"predicate": {"pulling": 1,"pull": 0.8,"custom_model_data":1}, "model": "custom_items/emperor32"},
        {"predicate": {"pulling": 1,"pull": 0.9,"custom_model_data":1}, "model": "custom_items/emperor33"},
        {"predicate": {"pulling": 1,"pull": 1.0,"custom_model_data":1}, "model": "custom_items/emperor3"},
        {"predicate": {"custom_model_data":2}, "model": "custom_items/hunter"},
        {"predicate": {"pulling": 1,"pull": 0.1,"custom_model_data":2}, "model": "custom_items/hunter1"},
        {"predicate": {"pulling": 1,"pull": 0.3,"custom_model_data":2}, "model": "custom_items/hunter2"},
        {"predicate": {"pulling": 1,"pull": 0.65,"custom_model_data":2}, "model": "custom_items/hunter3"},
        {"predicate": {"pulling": 1,"pull": 1.0,"custom_model_data":2}, "model": "custom_items/hunter4"},
        {"predicate": {"custom_model_data":3}, "model": "custom_items/webbow"},
        {"predicate": {"pulling": 1,"pull": 0.1,"custom_model_data":3}, "model": "custom_items/webbow1"},
        {"predicate": {"pulling": 1,"pull": 0.5,"custom_model_data":3}, "model": "custom_items/webbow2"},
        {"predicate": {"pulling": 1,"pull": 0.9,"custom_model_data":3}, "model": "custom_items/webbow3"},
        {"predicate": {"custom_model_data":4}, "model": "custom_items/combatbow"},
        {"predicate": {"pulling": 1,"pull": 0.1,"custom_model_data":4}, "model": "custom_items/combatbow1"},
        {"predicate": {"pulling": 1,"pull": 0.4,"custom_model_data":4}, "model": "custom_items/combatbow2"},
        {"predicate": {"pulling": 1,"pull": 0.8,"custom_model_data":4}, "model": "custom_items/combatbow3"},
        {"predicate": {"pulling": 1,"pull": 1.0,"custom_model_data":4}, "model": "custom_items/combatbow4"},
        {"predicate": {"custom_model_data":5}, "model": "custom_items/hurricane"},
        {"predicate": {"pulling": 1,"custom_model_data":5}, "model": "custom_items/hurricane1"},
        {"predicate": {"pulling": 1,"pull": 0.1,"custom_model_data":5}, "model": "custom_items/hurricane1"},
        {"predicate": {"pulling": 1,"pull": 0.4,"custom_model_data":5}, "model": "custom_items/hurricane2"},
        {"predicate": {"pulling": 1,"pull": 0.7,"custom_model_data":5}, "model": "custom_items/hurricane3"},
        {"predicate": {"pulling": 1,"pull": 1.0,"custom_model_data":5}, "model": "custom_items/hurricane4"},
        {"predicate": {"custom_model_data":6}, "model": "custom_items/expbow"},
        {"predicate": {"pulling": 1,"pull": 0.1,"custom_model_data":6}, "model": "custom_items/expbow1"},
        {"predicate": {"pulling": 1,"pull": 0.5,"custom_model_data":6}, "model": "custom_items/expbow2"},
        {"predicate": {"pulling": 1,"pull": 0.9,"custom_model_data":6}, "model": "custom_items/expbow3"},
        {"predicate": {"custom_model_data":7}, "model": "custom_items/powerbow"},
        {"predicate": {"pulling": 1,"pull": 0.1,"custom_model_data":7}, "model": "custom_items/powerbow1"},
        {"predicate": {"pulling": 1,"pull": 0.5,"custom_model_data":7}, "model": "custom_items/powerbow2"},
        {"predicate": {"pulling": 1,"pull": 0.9,"custom_model_data":7}, "model": "custom_items/powerbow3"},
        {"predicate": {"custom_model_data":8}, "model": "custom_items/minebow"},
        {"predicate": {"pulling": 1,"pull": 0.1,"custom_model_data":8}, "model": "custom_items/minebow1"},
        {"predicate": {"pulling": 1,"pull": 0.5,"custom_model_data":8}, "model": "custom_items/minebow2"},
        {"predicate": {"pulling": 1,"pull": 0.9,"custom_model_data":8}, "model": "custom_items/minebow3"}
    ]
}
