{
	"credit": "Made with Blockbench",
	"texture_size": [32, 32],
	"parent": "item/model",
	"textures": {
		"1": "item/cannon"
	},
	"elements": [
		{
			"from": [6, 0, 5],
			"to": [11, 2, 10],
			"faces": {
				"north": {"uv": [8, 10, 10.5, 11], "texture": "#1"},
				"east": {"uv": [10.5, 0, 13, 1], "texture": "#1"},
				"south": {"uv": [10.5, 1, 13, 2], "texture": "#1"},
				"west": {"uv": [10.5, 2, 13, 3], "texture": "#1"},
				"up": {"uv": [6, 2.5, 3.5, 0], "texture": "#1"},
				"down": {"uv": [6, 2.5, 3.5, 5], "texture": "#1"}
			}
		},
		{
			"from": [5, 0, 4],
			"to": [12, 1, 11],
			"faces": {
				"north": {"uv": [11, 9.5, 14.5, 10], "texture": "#1"},
				"east": {"uv": [10, 11.5, 13.5, 12], "texture": "#1"},
				"south": {"uv": [1, 12, 4.5, 12.5], "texture": "#1"},
				"west": {"uv": [12, 3, 15.5, 3.5], "texture": "#1"},
				"up": {"uv": [3.5, 3.5, 0, 0], "texture": "#1"},
				"down": {"uv": [3.5, 3.5, 0, 7], "texture": "#1"}
			}
		},
		{
			"from": [6, 3, 5],
			"to": [11, 8, 10],
			"faces": {
				"north": {"uv": [3.5, 5, 6, 7.5], "texture": "#1"},
				"east": {"uv": [6, 0, 8.5, 2.5], "texture": "#1"},
				"south": {"uv": [6, 2.5, 8.5, 5], "texture": "#1"},
				"west": {"uv": [6, 5, 8.5, 7.5], "texture": "#1"},
				"up": {"uv": [2.5, 9.5, 0, 7], "texture": "#1"},
				"down": {"uv": [5, 7.5, 2.5, 10], "texture": "#1"}
			}
		},
		{
			"from": [3, 3.5, 5.5],
			"to": [6, 7.5, 9.5],
			"faces": {
				"north": {"uv": [5, 9.5, 6.5, 11.5], "texture": "#1"},
				"east": {"uv": [5, 7.5, 7, 9.5], "texture": "#1"},
				"south": {"uv": [6.5, 9.5, 8, 11.5], "texture": "#1"},
				"west": {"uv": [7, 7.5, 9, 9.5], "texture": "#1"},
				"up": {"uv": [3.5, 12, 2, 10], "texture": "#1"},
				"down": {"uv": [5, 10, 3.5, 12], "texture": "#1"}
			}
		},
		{
			"from": [1, 4, 6],
			"to": [3, 7, 9],
			"faces": {
				"north": {"uv": [5, 11.5, 6, 13], "texture": "#1"},
				"east": {"uv": [10.5, 10, 12, 11.5], "texture": "#1"},
				"south": {"uv": [6, 11.5, 7, 13], "texture": "#1"},
				"west": {"uv": [11, 6, 12.5, 7.5], "texture": "#1"},
				"up": {"uv": [8, 13, 7, 11.5], "texture": "#1"},
				"down": {"uv": [13, 3.5, 12, 5], "texture": "#1"}
			}
		},
		{
			"from": [7.25, 2, 6.25],
			"to": [9.75, 3, 8.75],
			"faces": {
				"north": {"uv": [12, 5, 13.5, 5.5], "texture": "#1"},
				"east": {"uv": [12, 5.5, 13.5, 6], "texture": "#1"},
				"south": {"uv": [12, 10, 13.5, 10.5], "texture": "#1"},
				"west": {"uv": [12, 10.5, 13.5, 11], "texture": "#1"},
				"up": {"uv": [12, 4.5, 10.5, 3], "texture": "#1"},
				"down": {"uv": [12, 4.5, 10.5, 6], "texture": "#1"}
			}
		},
		{
			"from": [-1, 3.75, 5.75],
			"to": [1, 7.25, 9.25],
			"faces": {
				"north": {"uv": [11, 7.5, 12, 9.5], "texture": "#1"},
				"east": {"uv": [8.5, 0, 10.5, 2], "texture": "#1"},
				"south": {"uv": [8, 11, 9, 13], "texture": "#1"},
				"west": {"uv": [8.5, 2, 10.5, 4], "texture": "#1"},
				"up": {"uv": [10, 13, 9, 11], "texture": "#1"},
				"down": {"uv": [1, 11.5, 0, 13.5], "texture": "#1"}
			}
		},
		{
			"from": [11, 3.35, 5.35],
			"to": [12, 7.6, 9.6],
			"faces": {
				"north": {"uv": [4.5, 12, 5, 14], "texture": "#1"},
				"east": {"uv": [8.5, 4, 10.5, 6], "texture": "#1"},
				"south": {"uv": [12, 7.5, 12.5, 9.5], "texture": "#1"},
				"west": {"uv": [9, 6, 11, 8], "texture": "#1"},
				"up": {"uv": [10.5, 14, 10, 12], "texture": "#1"},
				"down": {"uv": [11, 12, 10.5, 14], "texture": "#1"}
			}
		},
		{
			"from": [12, 3.75, 5.75],
			"to": [13, 7.25, 9.25],
			"faces": {
				"north": {"uv": [11, 12, 11.5, 14], "texture": "#1"},
				"east": {"uv": [9, 8, 11, 10], "texture": "#1"},
				"south": {"uv": [11.5, 12, 12, 14], "texture": "#1"},
				"west": {"uv": [0, 9.5, 2, 11.5], "texture": "#1"},
				"up": {"uv": [12.5, 14, 12, 12], "texture": "#1"},
				"down": {"uv": [1.5, 12.5, 1, 14.5], "texture": "#1"}
			}
		}
	],
	"display": {
		"head": {
			"rotation": [0, -90, 0],
			"translation": [-0.75, -19.25, -0.75],
			"scale": [3, 3, 3]
		}
	}
}