{
    "parent": "item/handheld_rod",
    "textures": {
        "layer0": "item/carrot_on_a_stick"

	},
	
	"overrides": [
		{"predicate": {"custom_model_data":1}, "model": "custom_items/prototype"},
  		{"predicate": {"custom_model_data":2}, "model": "item/pistol"},
		{"predicate": {"custom_model_data":3}, "model": "custom_items/m416"},
		{"predicate": {"custom_model_data":4}, "model": "custom_items/shotgun"},
		{"predicate": {"custom_model_data":5}, "model": "custom_items/laser_power"},
		{"predicate": {"custom_model_data":6}, "model": "custom_items/m16a4"},
		{"predicate": {"custom_model_data":7}, "model": "item/minigun"},
		{"predicate": {"custom_model_data":8}, "model": "custom_items/flamethrower"},
		{"predicate": {"custom_model_data":9}, "model": "custom_items/heavy_mg"},
		{"predicate": {"custom_model_data":10}, "model": "custom_items/triple_kaboom"},
		{"predicate": {"custom_model_data":11}, "model": "custom_items/uzi"},
		{"predicate": {"custom_model_data":12}, "model": "custom_items/sniper_rifle"},
		{"predicate": {"custom_model_data":13}, "model": "custom_items/rifle"},
		{"predicate": {"custom_model_data":14}, "model": "custom_items/healing_rifle"},
		{"predicate": {"custom_model_data":15}, "model": "custom_items/revolver"},
		{"predicate": {"custom_model_data":16}, "model": "custom_items/mgl"},
		{"predicate": {"custom_model_data":17}, "model": "custom_items/firethrower"},
		{"predicate": {"custom_model_data":18}, "model": "custom_items/gra"},
		{"predicate": {"custom_model_data":19}, "model": "custom_items/squid"},
		{"predicate": {"custom_model_data":20}, "model": "custom_items/rpg"},
		{"predicate": {"custom_model_data":21}, "model": "custom_items/zapper"},
		{"predicate": {"custom_model_data":22}, "model": "custom_items/signal_pistol"},
		{"predicate": {"custom_model_data":100}, "model": "custom_items/rocket"},
		{"predicate": {"custom_model_data":101}, "model": "custom_items/mcd_diamond_sword"},
		{"predicate": {"custom_model_data":2001}, "model": "custom_items/aote"},
		{"predicate": {"custom_model_data":2004}, "model": "custom_items/potatogun"},
		{"predicate": {"custom_model_data":2005}, "model": "custom_items/potatogun1"},
		{"predicate": {"custom_model_data":2006}, "model": "custom_items/aof"},
		{"predicate": {"custom_model_data":2007}, "model": "custom_items/rapidbow"},
		{"predicate": {"custom_model_data":2008}, "model": "custom_items/rapidbow1"},
		{"predicate": {"custom_model_data":2009}, "model": "custom_items/rapidbow2"},
		{"predicate": {"custom_model_data":2010}, "model": "custom_items/rapidbow3"},
  		{"predicate": {"custom_model_data":10001}, "model": "item/pistol_use1"},
  		{"predicate": {"custom_model_data":10002}, "model": "item/pistol_use2"},
  		{"predicate": {"custom_model_data":10003}, "model": "item/pistol_use3"},
  		{"predicate": {"custom_model_data":10004}, "model": "item/pistol_fire"},
  		{"predicate": {"custom_model_data":10005}, "model": "item/pistol1"},
  		{"predicate": {"custom_model_data":20000}, "model": "item/gshield"},
  		{"predicate": {"custom_model_data":20001}, "model": "item/gshield2"},
  		{"predicate": {"custom_model_data":20002}, "model": "item/gshield3"},
  		{"predicate": {"custom_model_data":20003}, "model": "item/cannon"},
  		{"predicate": {"custom_model_data":20004}, "model": "item/zapper"},
  		{"predicate": {"custom_model_data":20005}, "model": "item/flaming"},
  		{"predicate": {"custom_model_data":20006}, "model": "item/mini"},
  		{"predicate": {"custom_model_data":20007}, "model": "item/homing"},
  		{"predicate": {"custom_model_data":20008}, "model": "item/homingmissle"}
	]
}
