{
	"credit": "Made with Blockbench",
	"parent": "item/model",
	"textures": {
		"0": "item/flaming"
	},
	"elements": [
		{
			"from": [5, 0, 4],
			"to": [12, 2, 11],
			"faces": {
				"north": {"uv": [0, 2, 5, 3], "texture": "#0"},
				"east": {"uv": [0, 2, 5, 3], "texture": "#0"},
				"south": {"uv": [0, 2, 5, 3], "texture": "#0"},
				"west": {"uv": [0, 2, 5, 3], "texture": "#0"},
				"up": {"uv": [0, 5, 5, 10], "texture": "#0"},
				"down": {"uv": [5, 7, 8, 10], "texture": "#0"}
			}
		},
		{
			"from": [4.5, 3, 3.5],
			"to": [12.5, 11, 11.5],
			"faces": {
				"north": {"uv": [9, 9, 16, 16], "texture": "#0"},
				"east": {"uv": [9, 9, 16, 16], "texture": "#0"},
				"south": {"uv": [9, 9, 16, 16], "texture": "#0"},
				"west": {"uv": [9, 9, 16, 16], "texture": "#0"},
				"up": {"uv": [9, 0, 16, 7], "texture": "#0"},
				"down": {"uv": [9, 0, 16, 7], "texture": "#0"}
			}
		},
		{
			"from": [7, 1, 6],
			"to": [10, 3, 9],
			"faces": {
				"north": {"uv": [0, 0, 3, 2], "texture": "#0"},
				"east": {"uv": [0, 0, 3, 2], "texture": "#0"},
				"south": {"uv": [0, 0, 3, 2], "texture": "#0"},
				"west": {"uv": [0, 0, 3, 2], "texture": "#0"},
				"up": {"uv": [0, 0, 3, 3], "texture": "#0"},
				"down": {"uv": [0, 0, 3, 3], "texture": "#0"}
			}
		},
		{
			"from": [6, 7, 5],
			"to": [11, 8, 10],
			"color": 3,
			"faces": {
				"north": {"uv": [0, 0, 5, 1], "texture": "#missing"},
				"east": {"uv": [0, 0, 5, 1], "texture": "#missing"},
				"south": {"uv": [0, 0, 5, 1], "texture": "#missing"},
				"west": {"uv": [0, 0, 5, 1], "texture": "#missing"},
				"up": {"uv": [0, 0, 5, 5], "texture": "#missing"},
				"down": {"uv": [0, 0, 5, 5], "texture": "#missing"}
			}
		},
		{
			"from": [5, 11, 5],
			"to": [6, 14, 10],
			"faces": {
				"north": {"uv": [1, 13, 2, 16], "texture": "#0"},
				"east": {"uv": [1, 13, 6, 16], "texture": "#0"},
				"south": {"uv": [2, 13, 3, 16], "texture": "#0"},
				"west": {"uv": [1, 13, 6, 16], "texture": "#0"},
				"up": {"uv": [2, 13, 6, 14], "texture": "#0"},
				"down": {"uv": [3, 15, 5, 16], "texture": "#0"}
			}
		},
		{
			"from": [6, 11, 4],
			"to": [11, 14, 5],
			"faces": {
				"north": {"uv": [1, 13, 6, 16], "texture": "#0"},
				"east": {"uv": [2, 13, 3, 16], "texture": "#0"},
				"south": {"uv": [1, 13, 6, 16], "texture": "#0"},
				"west": {"uv": [3, 13, 4, 16], "texture": "#0"},
				"up": {"uv": [1, 13, 6, 14], "texture": "#0"},
				"down": {"uv": [1, 15, 6, 16], "texture": "#0"}
			}
		},
		{
			"from": [6, 11, 10],
			"to": [11, 14, 11],
			"faces": {
				"north": {"uv": [1, 13, 6, 16], "texture": "#0"},
				"east": {"uv": [2, 13, 3, 16], "texture": "#0"},
				"south": {"uv": [1, 13, 6, 16], "texture": "#0"},
				"west": {"uv": [2, 13, 3, 16], "texture": "#0"},
				"up": {"uv": [1, 13, 6, 14], "texture": "#0"},
				"down": {"uv": [1, 15, 6, 16], "texture": "#0"}
			}
		},
		{
			"from": [11, 11, 5],
			"to": [12, 14, 10],
			"faces": {
				"north": {"uv": [2, 13, 3, 16], "texture": "#0"},
				"east": {"uv": [1, 13, 6, 16], "texture": "#0"},
				"south": {"uv": [1, 13, 2, 16], "texture": "#0"},
				"west": {"uv": [1, 13, 6, 16], "texture": "#0"},
				"up": {"uv": [1, 13, 5, 14], "texture": "#0"},
				"down": {"uv": [1, 15, 6, 16], "texture": "#0"}
			}
		},
		{
			"from": [5.5, 4, 11],
			"to": [11.5, 9, 12.5],
			"faces": {
				"north": {"uv": [10, 11, 15, 15], "texture": "#0"},
				"east": {"uv": [10, 11, 15, 15], "texture": "#0"},
				"south": {"uv": [10, 11, 15, 15], "texture": "#0"},
				"west": {"uv": [10, 11, 15, 15], "texture": "#0"},
				"up": {"uv": [10, 11, 15, 12], "texture": "#0"},
				"down": {"uv": [10, 14, 15, 15], "texture": "#0"}
			}
		},
		{
			"from": [5.5, 4, 2.5],
			"to": [11.5, 9, 4],
			"faces": {
				"north": {"uv": [10, 11, 15, 15], "texture": "#0"},
				"east": {"uv": [10, 11, 15, 15], "texture": "#0"},
				"south": {"uv": [10, 11, 15, 15], "texture": "#0"},
				"west": {"uv": [10, 11, 15, 15], "texture": "#0"},
				"up": {"uv": [10, 11, 15, 12], "texture": "#0"},
				"down": {"uv": [10, 14, 15, 15], "texture": "#0"}
			}
		},
		{
			"from": [3.5, 4, 4.5],
			"to": [5, 9, 10.5],
			"faces": {
				"north": {"uv": [10, 11, 15, 15], "texture": "#0"},
				"east": {"uv": [10, 11, 15, 15], "texture": "#0"},
				"south": {"uv": [10, 11, 15, 15], "texture": "#0"},
				"west": {"uv": [10, 11, 15, 15], "texture": "#0"},
				"up": {"uv": [10, 11, 15, 12], "texture": "#0"},
				"down": {"uv": [10, 14, 15, 15], "texture": "#0"}
			}
		},
		{
			"from": [12, 4, 4.5],
			"to": [13.5, 9, 10.5],
			"faces": {
				"north": {"uv": [10, 11, 15, 15], "texture": "#0"},
				"east": {"uv": [10, 11, 15, 15], "texture": "#0"},
				"south": {"uv": [10, 11, 15, 15], "texture": "#0"},
				"west": {"uv": [10, 11, 15, 15], "texture": "#0"},
				"up": {"uv": [10, 11, 15, 12], "texture": "#0"},
				"down": {"uv": [10, 14, 15, 15], "texture": "#0"}
			}
		}
	],
	"display": {
		"head": {
			"translation": [-1.5, -11, 2],
			"scale": [4, 4, 4]
		}
	}
}