{
	"credit": "Made with Blockbench",
	"parent": "item/model",
	"textures": {
		"1": "item/zombie"
	},
	"elements": [
		{
			"from": [3.5, 23.5, -0.5],
			"to": [11.5, 31.5, 7.5],
			"rotation": {"angle": 22.5, "axis": "x", "origin": [0, 0, 0]},
			"faces": {
				"north": {"uv": [2, 2, 4, 4], "texture": "#1"},
				"east": {"uv": [0, 2, 2, 4], "texture": "#1"},
				"south": {"uv": [6, 2, 8, 4], "texture": "#1"},
				"west": {"uv": [4, 2, 6, 4], "texture": "#1"},
				"up": {"uv": [2, 0, 4, 2], "texture": "#1"},
				"down": {"uv": [4, 0, 6, 2], "texture": "#1"}
			}
		},
		{
			"from": [1, 17, -1],
			"to": [14, 23, 8.5],
			"rotation": {"angle": 22.5, "axis": "x", "origin": [0, 0, 0]},
			"faces": {
				"north": {"uv": [5, 4, 7, 6], "texture": "#1"},
				"east": {"uv": [5, 5, 4, 6], "texture": "#1"},
				"south": {"uv": [8, 5, 10, 6], "texture": "#1"},
				"west": {"uv": [7, 5, 8, 6], "texture": "#1"},
				"up": {"uv": [5, 4, 7, 5], "texture": "#1"},
				"down": {"uv": [5, 5, 7, 6], "texture": "#1"}
			}
		},
		{
			"from": [14.5, 9.85, -7],
			"to": [19.5, 22.35, -2],
			"rotation": {"angle": 45, "axis": "x", "origin": [0, 0, 0]},
			"faces": {
				"north": {"uv": [11, 5, 12, 8], "texture": "#1"},
				"east": {"uv": [10, 5, 11, 8], "texture": "#1"},
				"south": {"uv": [13, 5, 14, 8], "texture": "#1"},
				"west": {"uv": [12, 5, 13, 8], "texture": "#1"},
				"up": {"uv": [11, 4, 12, 5], "texture": "#1"},
				"down": {"uv": [12, 4, 13, 5], "texture": "#1"}
			}
		},
		{
			"from": [13.75, 17.75, -7.75],
			"to": [20.25, 23.25, -1.25],
			"rotation": {"angle": 45, "axis": "x", "origin": [0, 0, 0]},
			"faces": {
				"north": {"uv": [11, 5, 12, 6], "texture": "#1"},
				"east": {"uv": [12, 5, 13, 6], "texture": "#1"},
				"south": {"uv": [13, 5, 14, 6], "texture": "#1"},
				"west": {"uv": [10, 5, 11, 6], "texture": "#1"},
				"up": {"uv": [11, 4, 12, 5], "texture": "#1"},
				"down": {"uv": [11, 4, 12, 5], "texture": "#1"}
			}
		},
		{
			"from": [-4.5, 9.85, -7],
			"to": [0.5, 22.35, -2],
			"rotation": {"angle": 45, "axis": "x", "origin": [0, 0, 0]},
			"faces": {
				"north": {"uv": [11, 5, 12, 8], "texture": "#1"},
				"east": {"uv": [10, 5, 11, 8], "texture": "#1"},
				"south": {"uv": [13, 5, 14, 8], "texture": "#1"},
				"west": {"uv": [12, 5, 13, 8], "texture": "#1"},
				"up": {"uv": [11, 4, 12, 5], "texture": "#1"},
				"down": {"uv": [12, 4, 13, 5], "texture": "#1"}
			}
		},
		{
			"from": [-5.25, 17.75, -7.75],
			"to": [1.25, 23.25, -1.25],
			"rotation": {"angle": 45, "axis": "x", "origin": [0, 0, 0]},
			"faces": {
				"north": {"uv": [11, 5, 12, 6], "texture": "#1"},
				"east": {"uv": [12, 5, 13, 6], "texture": "#1"},
				"south": {"uv": [13, 5, 14, 6], "texture": "#1"},
				"west": {"uv": [10, 5, 11, 6], "texture": "#1"},
				"up": {"uv": [11, 4, 12, 5], "texture": "#1"},
				"down": {"uv": [11, 4, 12, 5], "texture": "#1"}
			}
		},
		{
			"from": [2.1, 0.1, 5.1],
			"to": [7.4, 10.9, 11.9],
			"faces": {
				"north": {"uv": [1, 5, 2, 8], "texture": "#1"},
				"east": {"uv": [0, 5, 1, 8], "texture": "#1"},
				"south": {"uv": [3, 5, 4, 8], "texture": "#1"},
				"west": {"uv": [2, 5, 3, 8], "texture": "#1"},
				"up": {"uv": [1, 4, 2, 5], "texture": "#1"},
				"down": {"uv": [2, 4, 3, 5], "texture": "#1"}
			}
		},
		{
			"from": [8.1, 0.1, 5.1],
			"to": [13.4, 10.9, 11.9],
			"faces": {
				"north": {"uv": [1, 5, 2, 8], "texture": "#1"},
				"east": {"uv": [0, 5, 1, 8], "texture": "#1"},
				"south": {"uv": [3, 5, 4, 8], "texture": "#1"},
				"west": {"uv": [2, 5, 3, 8], "texture": "#1"},
				"up": {"uv": [1, 4, 2, 5], "texture": "#1"},
				"down": {"uv": [2, 4, 3, 5], "texture": "#1"}
			}
		},
		{
			"from": [1, 11, 0.5],
			"to": [14, 17, 8.25],
			"rotation": {"angle": 22.5, "axis": "x", "origin": [0, 0, 0]},
			"faces": {
				"north": {"uv": [5, 6, 7, 8], "texture": "#1"},
				"east": {"uv": [4, 6, 5, 8], "texture": "#1"},
				"south": {"uv": [8, 6, 10, 8], "texture": "#1"},
				"west": {"uv": [7, 6, 8, 8], "texture": "#1"},
				"up": {"uv": [5, 6, 7, 7], "texture": "#1"},
				"down": {"uv": [7, 4, 9, 5], "texture": "#1"}
			}
		},
		{
			"from": [5, 23, 1],
			"to": [10, 25.5, 7.4],
			"rotation": {"angle": 22.5, "axis": "x", "origin": [0, 0, 0]},
			"faces": {
				"north": {"uv": [2.5, 0.5, 3.5, 1.5], "texture": "#1"},
				"east": {"uv": [2.5, 0.5, 3.5, 1.5], "texture": "#1"},
				"south": {"uv": [2.5, 0.5, 3.5, 1.5], "texture": "#1"},
				"west": {"uv": [2.5, 0.5, 3.5, 1.5], "texture": "#1"},
				"up": {"uv": [2.5, 0.5, 3.5, 1.5], "texture": "#1"},
				"down": {"uv": [4.5, 0.5, 5.5, 1.5], "texture": "#1"}
			}
		},
		{
			"from": [1.75, 0.1, 4.1],
			"to": [7.6, 1.9, 12.15],
			"faces": {
				"north": {"uv": [1, 7.5, 2, 8], "texture": "#1"},
				"east": {"uv": [0, 7.5, 1, 8], "texture": "#1"},
				"south": {"uv": [3, 7.5, 4, 8], "texture": "#1"},
				"west": {"uv": [2, 7.5, 3, 8], "texture": "#1"},
				"up": {"uv": [3, 7.5, 4, 8], "texture": "#1"},
				"down": {"uv": [2, 4, 3, 5], "texture": "#1"}
			}
		},
		{
			"from": [7.85, 0.1, 4.1],
			"to": [13.7, 1.9, 12.15],
			"faces": {
				"north": {"uv": [1, 7.5, 2, 8], "texture": "#1"},
				"east": {"uv": [0, 7.5, 1, 8], "texture": "#1"},
				"south": {"uv": [3, 7.5, 4, 8], "texture": "#1"},
				"west": {"uv": [2, 7.5, 3, 8], "texture": "#1"},
				"up": {"uv": [3, 7.5, 4, 8], "texture": "#1"},
				"down": {"uv": [2, 4, 3, 5], "texture": "#1"}
			}
		}
	],
	"display": {
		"thirdperson_righthand": {
			"rotation": [91, 0, 0],
			"translation": [-11.25, -1.75, 5],
			"scale": [2, 2, 2]
		},
		"gui": {
			"rotation": [0, -180, 0],
			"translation": [0, -3.5, 0],
			"scale": [0.58, 0.58, 0.58]
		},
		"head": {
			"translation": [0, -9.5, 0],
			"scale": [4, 4, 4]
		},
		"fixed": {
			"translation": [0, -2.5, 0],
			"scale": [0.5, 0.5, 0.5]
		}
	},
	"groups": [
		{
			"name": "group2",
			"origin": [0, 0, 0],
			"color": 0,
			"children": [
				{
					"name": "group",
					"origin": [0, 0, 0],
					"color": 0,
					"children": [0]
				}
			]
		},
		{
			"name": "bone",
			"origin": [0.57727, 11.31364, 3.325],
			"color": 0,
			"children": [1, 2, 3, 4, 5, 6, 7, 8, 9, 10, 11]
		}
	]
}