{
	"credit": "Made with Blockbench",
	"parent": "item/model",
	"textures": {
		"0": "item/gshield3"
	},
	"elements": [
		{
			"from": [3, 0, 8],
			"to": [15, 22, 9],
			"rotation": {"angle": 0, "axis": "y", "origin": [0, 11, 1]},
			"faces": {
				"north": {"uv": [4.25, 1.5, 5.75, 3.5], "texture": "#0"},
				"east": {"uv": [4.25, 1.5, 4.5, 3.5], "texture": "#0"},
				"south": {"uv": [4.25, 1.5, 5.75, 3.5], "texture": "#0"},
				"west": {"uv": [5.5, 1.5, 5.75, 3.5], "texture": "#0"},
				"up": {"uv": [0.25, 0, 3.25, 0.25], "texture": "#0"},
				"down": {"uv": [3.25, 0, 6.25, 0.25], "texture": "#0"}
			}
		},
		{
			"from": [5, 19.3, 8],
			"to": [6, 22, 9],
			"faces": {
				"north": {"uv": [4.5, 1.5, 4.75, 1.75], "texture": "#0"},
				"east": {"uv": [4.5, 1.5, 4.75, 1.75], "texture": "#0"},
				"south": {"uv": [4.5, 1.5, 4.75, 1.75], "texture": "#0"},
				"west": {"uv": [4.5, 1.5, 4.75, 1.75], "texture": "#0"},
				"up": {"uv": [4.5, 1.5, 4.75, 1.75], "texture": "#0"},
				"down": {"uv": [4.5, 1.5, 4.75, 1.75], "texture": "#0"}
			}
		},
		{
			"from": [12, 19.3, 8],
			"to": [13, 22, 9],
			"faces": {
				"north": {"uv": [4.5, 1.5, 4.75, 1.75], "texture": "#0"},
				"east": {"uv": [4.5, 1.5, 4.75, 1.75], "texture": "#0"},
				"south": {"uv": [4.5, 1.5, 4.75, 1.75], "texture": "#0"},
				"west": {"uv": [4.5, 1.5, 4.75, 1.75], "texture": "#0"},
				"up": {"uv": [4.5, 1.5, 4.75, 1.75], "texture": "#0"},
				"down": {"uv": [4.5, 1.5, 4.75, 1.75], "texture": "#0"}
			}
		},
		{
			"from": [13, 18.25, 8],
			"to": [15, 19.25, 9],
			"faces": {
				"north": {"uv": [4.25, 1.75, 4.5, 2], "texture": "#0"},
				"east": {"uv": [4.25, 1.75, 4.5, 2], "texture": "#0"},
				"south": {"uv": [4.25, 1.75, 4.5, 2], "texture": "#0"},
				"west": {"uv": [4.25, 1.75, 4.5, 2], "texture": "#0"},
				"up": {"uv": [4.25, 1.75, 4.5, 2], "texture": "#0"},
				"down": {"uv": [4.25, 1.75, 4.5, 2], "texture": "#0"}
			}
		},
		{
			"from": [3, 18.25, 8],
			"to": [5, 19.25, 9],
			"faces": {
				"north": {"uv": [4.25, 1.75, 4.5, 2], "texture": "#0"},
				"east": {"uv": [4.25, 1.75, 4.5, 2], "texture": "#0"},
				"south": {"uv": [4.25, 1.75, 4.5, 2], "texture": "#0"},
				"west": {"uv": [4.25, 1.75, 4.5, 2], "texture": "#0"},
				"up": {"uv": [4.25, 1.75, 4.5, 2], "texture": "#0"},
				"down": {"uv": [4.25, 1.75, 4.5, 2], "texture": "#0"}
			}
		},
		{
			"from": [3, 8.25, 8],
			"to": [5, 9.25, 9],
			"faces": {
				"north": {"uv": [4.25, 2.5, 4.5, 2.75], "texture": "#0"},
				"east": {"uv": [4.25, 2.5, 4.5, 2.75], "texture": "#0"},
				"south": {"uv": [4.25, 2.5, 4.5, 2.75], "texture": "#0"},
				"west": {"uv": [4.25, 2.5, 4.5, 2.75], "texture": "#0"},
				"up": {"uv": [4.25, 2.5, 4.5, 2.75], "texture": "#0"},
				"down": {"uv": [4.25, 2.5, 4.5, 2.75], "texture": "#0"}
			}
		},
		{
			"from": [13, 8.25, 8],
			"to": [15, 9.25, 9],
			"faces": {
				"north": {"uv": [4.25, 2.5, 4.5, 2.75], "texture": "#0"},
				"east": {"uv": [4.25, 2.5, 4.5, 2.75], "texture": "#0"},
				"south": {"uv": [4.25, 2.5, 4.5, 2.75], "texture": "#0"},
				"west": {"uv": [4.25, 2.5, 4.5, 2.75], "texture": "#0"},
				"up": {"uv": [4.25, 2.5, 4.5, 2.75], "texture": "#0"},
				"down": {"uv": [4.25, 2.5, 4.5, 2.75], "texture": "#0"}
			}
		},
		{
			"from": [11, 2.75, 8],
			"to": [13, 8.25, 9],
			"faces": {
				"north": {"uv": [4.5, 3, 4.75, 3.25], "texture": "#0"},
				"east": {"uv": [4.5, 3, 4.75, 3.25], "texture": "#0"},
				"south": {"uv": [4.5, 3, 4.75, 3.25], "texture": "#0"},
				"west": {"uv": [4.5, 3, 4.75, 3.25], "texture": "#0"},
				"up": {"uv": [4.5, 3, 4.75, 3.25], "texture": "#0"},
				"down": {"uv": [4.5, 3, 4.75, 3.25], "texture": "#0"}
			}
		},
		{
			"from": [5, 2.75, 8],
			"to": [7, 8.25, 9],
			"faces": {
				"north": {"uv": [4.5, 3, 4.75, 3.25], "texture": "#0"},
				"east": {"uv": [4.5, 3, 4.75, 3.25], "texture": "#0"},
				"south": {"uv": [4.5, 3, 4.75, 3.25], "texture": "#0"},
				"west": {"uv": [4.5, 3, 4.75, 3.25], "texture": "#0"},
				"up": {"uv": [4.5, 3, 4.75, 3.25], "texture": "#0"},
				"down": {"uv": [4.5, 3, 4.75, 3.25], "texture": "#0"}
			}
		},
		{
			"from": [7, 0.125, 8],
			"to": [11, 2.875, 9],
			"faces": {
				"north": {"uv": [5, 3.25, 5.25, 3.5], "texture": "#0"},
				"east": {"uv": [5, 3.25, 5.25, 3.5], "texture": "#0"},
				"south": {"uv": [5, 3.25, 5.25, 3.5], "texture": "#0"},
				"west": {"uv": [5, 3.25, 5.25, 3.5], "texture": "#0"},
				"up": {"uv": [5, 3.25, 5.25, 3.5], "texture": "#0"},
				"down": {"uv": [5, 3.25, 5.25, 3.5], "texture": "#0"}
			}
		}
	],
	"display": {
		"thirdperson_righthand": {
			"rotation": [0, 90, 0],
			"translation": [3, -4.75, 4]
		},
		"thirdperson_lefthand": {
			"rotation": [0, 90, 0],
			"translation": [3, -5, 1.75]
		},
		"firstperson_righthand": {
			"translation": [0, -4.25, 0],
			"scale": [0.75, 0.75, 0.75]
		},
		"gui": {
			"rotation": [-28, -48, -6],
			"translation": [-0.75, -2, 0],
			"scale": [0.7, 0.7, 0.7]
		},
		"head": {
			"translation": [-2.5, -23, -34],
			"scale": [3, 2.17, 4]
		},
		"fixed": {
			"rotation": [0, -180, 0],
			"translation": [1, -3, -0.5],
			"scale": [1.25, 1.25, 1.25]
		}
	}
}