{
	"credit": "Made with Blockbench",
	"parent": "item/model",
	"textures": {
		"0": "item/gshield"
	},
	"elements": [
		{
			"from": [3, 0, 8],
			"to": [15, 22, 9],
			"rotation": {"angle": 0, "axis": "y", "origin": [0, 11, 1]},
			"faces": {
				"north": {"uv": [0.25, 0.25, 3.25, 5.75], "texture": "#0"},
				"east": {"uv": [0, 0.25, 0.25, 5.75], "texture": "#0"},
				"south": {"uv": [3.5, 0.25, 6.5, 5.75], "texture": "#0"},
				"west": {"uv": [3.25, 0.25, 3.5, 5.75], "texture": "#0"},
				"up": {"uv": [0.25, 0, 3.25, 0.25], "texture": "#0"},
				"down": {"uv": [3.25, 0, 6.25, 0.25], "texture": "#0"}
			}
		},
		{
			"from": [8, 8, 2],
			"to": [10, 14, 8],
			"faces": {
				"north": {"uv": [8, 1.5, 8.5, 3], "texture": "#0"},
				"east": {"uv": [6.5, 1.5, 8, 3], "texture": "#0"},
				"south": {"uv": [10, 1.5, 10.5, 3], "texture": "#0"},
				"west": {"uv": [8.5, 1.5, 10, 3], "texture": "#0"},
				"up": {"uv": [8, 0, 8.5, 1.5], "texture": "#0"},
				"down": {"uv": [8.5, 0, 9, 1.5], "texture": "#0"}
			}
		},
		{
			"from": [6, 20, 8],
			"to": [7, 22, 9],
			"faces": {
				"north": {"uv": [0, 1.25, 0.0625, 1.5625], "texture": "#0"},
				"east": {"uv": [0, 1.25, 0.1875, 1.8125], "texture": "#0"},
				"south": {"uv": [0, 1.25, 0.1875, 1.8125], "texture": "#0"},
				"west": {"uv": [0, 1.25, 0.1875, 1.8125], "texture": "#0"},
				"up": {"uv": [0, 1.25, 0.1875, 1.8125], "texture": "#0"},
				"down": {"uv": [0, 1.25, 0.1875, 1.8125], "texture": "#0"}
			}
		},
		{
			"from": [7, 20, 8],
			"to": [11, 21, 9],
			"faces": {
				"north": {"uv": [0, 1.25, 0.0625, 1.5625], "texture": "#0"},
				"east": {"uv": [0, 1.25, 0.1875, 1.8125], "texture": "#0"},
				"south": {"uv": [0, 1.25, 0.1875, 1.8125], "texture": "#0"},
				"west": {"uv": [0, 1.25, 0.1875, 1.8125], "texture": "#0"},
				"up": {"uv": [0, 1.25, 0.1875, 1.8125], "texture": "#0"},
				"down": {"uv": [0, 1.25, 0.1875, 1.8125], "texture": "#0"}
			}
		},
		{
			"from": [11, 20, 8],
			"to": [12, 22, 9],
			"faces": {
				"north": {"uv": [0, 1.25, 0.0625, 1.5625], "texture": "#0"},
				"east": {"uv": [0, 1.25, 0.1875, 1.8125], "texture": "#0"},
				"south": {"uv": [0, 1.25, 0.1875, 1.8125], "texture": "#0"},
				"west": {"uv": [0, 1.25, 0.1875, 1.8125], "texture": "#0"},
				"up": {"uv": [0, 1.25, 0.1875, 1.8125], "texture": "#0"},
				"down": {"uv": [0, 1.25, 0.1875, 1.8125], "texture": "#0"}
			}
		},
		{
			"from": [3, 5, 8.05],
			"to": [15, 6, 8.95],
			"faces": {
				"north": {"uv": [0, 1.25, 0.0625, 1.5625], "texture": "#0"},
				"east": {"uv": [0, 1.25, 0.1875, 1.8125], "texture": "#0"},
				"south": {"uv": [0, 1.25, 0.1875, 1.8125], "texture": "#0"},
				"west": {"uv": [0, 1.25, 0.1875, 1.8125], "texture": "#0"},
				"up": {"uv": [0, 1.25, 0.1875, 1.8125], "texture": "#0"},
				"down": {"uv": [0, 1.25, 0.1875, 1.8125], "texture": "#0"}
			}
		},
		{
			"from": [4, 4, 8.05],
			"to": [14, 5, 8.95],
			"faces": {
				"north": {"uv": [0, 1.25, 0.0625, 1.5625], "texture": "#0"},
				"east": {"uv": [0, 1.25, 0.1875, 1.8125], "texture": "#0"},
				"south": {"uv": [0, 1.25, 0.1875, 1.8125], "texture": "#0"},
				"west": {"uv": [0, 1.25, 0.1875, 1.8125], "texture": "#0"},
				"up": {"uv": [0, 1.25, 0.1875, 1.8125], "texture": "#0"},
				"down": {"uv": [0, 1.25, 0.1875, 1.8125], "texture": "#0"}
			}
		},
		{
			"from": [5, 3, 8.05],
			"to": [13, 4, 8.95],
			"faces": {
				"north": {"uv": [0, 1.25, 0.0625, 1.5625], "texture": "#0"},
				"east": {"uv": [0, 1.25, 0.1875, 1.8125], "texture": "#0"},
				"south": {"uv": [0, 1.25, 0.1875, 1.8125], "texture": "#0"},
				"west": {"uv": [0, 1.25, 0.1875, 1.8125], "texture": "#0"},
				"up": {"uv": [0, 1.25, 0.1875, 1.8125], "texture": "#0"},
				"down": {"uv": [0, 1.25, 0.1875, 1.8125], "texture": "#0"}
			}
		},
		{
			"from": [6, 2, 8.05],
			"to": [12, 3, 8.95],
			"faces": {
				"north": {"uv": [0, 1.25, 0.0625, 1.5625], "texture": "#0"},
				"east": {"uv": [0, 1.25, 0.1875, 1.8125], "texture": "#0"},
				"south": {"uv": [0, 1.25, 0.1875, 1.8125], "texture": "#0"},
				"west": {"uv": [0, 1.25, 0.1875, 1.8125], "texture": "#0"},
				"up": {"uv": [0, 1.25, 0.1875, 1.8125], "texture": "#0"},
				"down": {"uv": [0, 1.25, 0.1875, 1.8125], "texture": "#0"}
			}
		},
		{
			"from": [7, 1, 8.05],
			"to": [11, 2, 8.95],
			"faces": {
				"north": {"uv": [0, 1.25, 0.0625, 1.5625], "texture": "#0"},
				"east": {"uv": [0, 1.25, 0.1875, 1.8125], "texture": "#0"},
				"south": {"uv": [0, 1.25, 0.1875, 1.8125], "texture": "#0"},
				"west": {"uv": [0, 1.25, 0.1875, 1.8125], "texture": "#0"},
				"up": {"uv": [0, 1.25, 0.1875, 1.8125], "texture": "#0"},
				"down": {"uv": [0, 1.25, 0.1875, 1.8125], "texture": "#0"}
			}
		},
		{
			"from": [8, 0, 8.05],
			"to": [10, 1, 8.95],
			"faces": {
				"north": {"uv": [0, 1.25, 0.0625, 1.5625], "texture": "#0"},
				"east": {"uv": [0, 1.25, 0.1875, 1.8125], "texture": "#0"},
				"south": {"uv": [0, 1.25, 0.1875, 1.8125], "texture": "#0"},
				"west": {"uv": [0, 1.25, 0.1875, 1.8125], "texture": "#0"},
				"up": {"uv": [0, 1.25, 0.1875, 1.8125], "texture": "#0"},
				"down": {"uv": [0, 1.25, 0.1875, 1.8125], "texture": "#0"}
			}
		},
		{
			"from": [14.95, 7, 8],
			"to": [15.95, 21, 9],
			"faces": {
				"north": {"uv": [0, 1.25, 0.0625, 1.5625], "texture": "#0"},
				"east": {"uv": [0, 1.25, 0.1875, 1.8125], "texture": "#0"},
				"south": {"uv": [0, 1.25, 0.1875, 1.8125], "texture": "#0"},
				"west": {"uv": [0, 1.25, 0.1875, 1.8125], "texture": "#0"},
				"up": {"uv": [0, 1.25, 0.1875, 1.8125], "texture": "#0"},
				"down": {"uv": [0, 1.25, 0.1875, 1.8125], "texture": "#0"}
			}
		},
		{
			"from": [2.05, 7, 8],
			"to": [3.05, 21, 9],
			"faces": {
				"north": {"uv": [0, 1.25, 0.0625, 1.5625], "texture": "#0"},
				"east": {"uv": [0, 1.25, 0.1875, 1.8125], "texture": "#0"},
				"south": {"uv": [0, 1.25, 0.1875, 1.8125], "texture": "#0"},
				"west": {"uv": [0, 1.25, 0.1875, 1.8125], "texture": "#0"},
				"up": {"uv": [0, 1.25, 0.1875, 1.8125], "texture": "#0"},
				"down": {"uv": [0, 1.25, 0.1875, 1.8125], "texture": "#0"}
			}
		}
	],
	"display": {
		"thirdperson_righthand": {
			"rotation": [0, 90, 0],
			"translation": [3, -4.75, 4]
		},
		"thirdperson_lefthand": {
			"rotation": [0, 90, 0],
			"translation": [2, -4.25, 2],
			"scale": [0.75, 0.75, 0.75]
		},
		"firstperson_righthand": {
			"rotation": [0, -180, 0],
			"translation": [0, -4.25, 0],
			"scale": [0.75, 0.75, 0.75]
		},
		"gui": {
			"rotation": [-28, -48, -6],
			"translation": [-0.75, -2, 0],
			"scale": [0.7, 0.7, 0.7]
		},
		"head": {
			"rotation": [-90, 0, 0],
			"translation": [-1, 6.5, 3]
		},
		"fixed": {
			"rotation": [0, -180, 0],
			"translation": [1, -3, -0.5],
			"scale": [1.25, 1.25, 1.25]
		}
	}
}