{
	"credit": "Made with Blockbench",
	"texture_size": [64, 64],
	"parent": "item/model",
	"textures": {
		"0": "item/homing"
	},
	"elements": [
		{
			"from": [4, 0, 5],
			"to": [11, 2, 12],
			"faces": {
				"north": {"uv": [0, 0, 3.5, 1], "texture": "#0"},
				"east": {"uv": [0, 0, 3.5, 1], "texture": "#0"},
				"south": {"uv": [0, 0, 3.5, 1], "texture": "#0"},
				"west": {"uv": [0, 0, 3.5, 1], "texture": "#0"},
				"up": {"uv": [8, 0, 11.5, 3.5], "texture": "#0"},
				"down": {"uv": [11.5, 0, 15, 3.5], "texture": "#0"}
			}
		},
		{
			"from": [6, 0, 7],
			"to": [9, 6, 10],
			"faces": {
				"north": {"uv": [2.5, 6, 4, 7.5], "texture": "#0"},
				"east": {"uv": [2.5, 6, 4, 7.5], "texture": "#0"},
				"south": {"uv": [2.5, 6, 4, 7.5], "texture": "#0"},
				"west": {"uv": [2.5, 6, 4, 7.5], "texture": "#0"},
				"up": {"uv": [2.5, 6, 4, 7.5], "texture": "#0"},
				"down": {"uv": [2.5, 6, 4, 7.5], "texture": "#0"}
			}
		},
		{
			"from": [3.5, 6, 2],
			"to": [11.5, 12, 13],
			"faces": {
				"north": {"uv": [12, 10, 16, 13], "texture": "#0"},
				"east": {"uv": [0.5, 13, 6, 16], "texture": "#0"},
				"south": {"uv": [6.5, 13, 10.5, 16], "texture": "#0"},
				"west": {"uv": [10.5, 13, 16, 16], "texture": "#0"},
				"up": {"uv": [6.5, 8, 12, 13], "texture": "#0"},
				"down": {"uv": [0.5, 11, 4.5, 13], "texture": "#0"}
			}
		},
		{
			"from": [5, 7.5, 12],
			"to": [10, 10.5, 17],
			"faces": {
				"north": {"uv": [0, 5, 2.5, 6.5], "texture": "#0"},
				"east": {"uv": [0, 5, 2.5, 6.5], "texture": "#0"},
				"south": {"uv": [0, 5, 2.5, 6.5], "texture": "#0"},
				"west": {"uv": [0, 5, 2.5, 6.5], "texture": "#0"},
				"up": {"uv": [0, 6.5, 2.5, 8], "texture": "#0"},
				"down": {"uv": [0, 6.5, 2.5, 8], "texture": "#0"}
			}
		},
		{
			"from": [4, 6.5, 17],
			"to": [11, 11.5, 19],
			"faces": {
				"north": {"uv": [6, 6.5, 8, 8], "texture": "#0"},
				"east": {"uv": [7, 4, 8, 6.5], "texture": "#0"},
				"south": {"uv": [6, 6.5, 8, 8], "texture": "#0"},
				"west": {"uv": [7, 4, 8, 6.5], "texture": "#0"},
				"up": {"uv": [8, 4, 6, 3], "texture": "#0"},
				"down": {"uv": [8, 3, 6, 4], "texture": "#0"}
			}
		}
	],
	"display": {
		"head": {
			"translation": [2, 0.75, 0],
			"scale": [4, 4, 4]
		}
	}
}