{
	"credit": "Made with Blockbench",
	"parent": "item/model",
	"textures": {
		"0": "item/homingmissle"
	},
	"elements": [
		{
			"from": [6, 0, 3],
			"to": [10, 4, 14],
			"faces": {
				"north": {"uv": [11, 0, 15, 4], "texture": "#0"},
				"east": {"uv": [4, 4, 15, 8], "texture": "#0"},
				"south": {"uv": [7, 0, 11, 4], "texture": "#0"},
				"west": {"uv": [4, 4, 15, 8], "texture": "#0"},
				"up": {"uv": [0, 4, 4, 15], "texture": "#0"},
				"down": {"uv": [0, 4, 4, 15], "texture": "#0"}
			}
		},
		{
			"from": [6.5, 0.5, 2],
			"to": [9.5, 3.5, 3],
			"faces": {
				"north": {"uv": [0, 0, 3, 3], "texture": "#0"},
				"east": {"uv": [0, 0, 1, 3], "texture": "#0"},
				"south": {"uv": [0, 0, 3, 3], "texture": "#0"},
				"west": {"uv": [0, 0, 1, 3], "texture": "#0"},
				"up": {"uv": [0, 0, 3, 1], "texture": "#0"},
				"down": {"uv": [0, 0, 3, 1], "texture": "#0"}
			}
		},
		{
			"from": [6.5, 0.5, 1.5],
			"to": [9.5, 3.5, 2],
			"faces": {
				"north": {"uv": [12, 8, 15, 11], "texture": "#0"},
				"east": {"uv": [3, 0, 4, 3], "texture": "#0"},
				"south": {"uv": [7, 0, 10, 3], "texture": "#0"},
				"west": {"uv": [11, 8, 12, 11], "texture": "#0"},
				"up": {"uv": [7, 1, 4, 0], "texture": "#0"},
				"down": {"uv": [7, 1, 4, 2], "texture": "#0"}
			}
		},
		{
			"from": [6.5, 3.5, 2],
			"to": [9.5, 4, 3],
			"faces": {
				"north": {"uv": [0, 0, 3, 0.5], "texture": "#0"},
				"east": {"uv": [0, 0, 1, 0.5], "texture": "#0"},
				"south": {"uv": [0, 0, 3, 0.5], "texture": "#0"},
				"west": {"uv": [0, 0, 1, 0.5], "texture": "#0"},
				"up": {"uv": [0, 0, 3, 1], "texture": "#0"},
				"down": {"uv": [0, 0, 3, 1], "texture": "#0"}
			}
		},
		{
			"from": [6.5, 0, 2],
			"to": [9.5, 0.5, 3],
			"faces": {
				"north": {"uv": [0, 0, 3, 0.5], "texture": "#0"},
				"east": {"uv": [0, 0, 1, 0.5], "texture": "#0"},
				"south": {"uv": [0, 0, 3, 0.5], "texture": "#0"},
				"west": {"uv": [0, 0, 1, 0.5], "texture": "#0"},
				"up": {"uv": [0, 0, 3, 1], "texture": "#0"},
				"down": {"uv": [0, 0, 3, 1], "texture": "#0"}
			}
		},
		{
			"from": [6, 0.5, 2],
			"to": [6.5, 3.5, 3],
			"faces": {
				"north": {"uv": [0, 0, 0.5, 3], "texture": "#0"},
				"east": {"uv": [0, 0, 1, 3], "texture": "#0"},
				"south": {"uv": [0, 0, 0.5, 3], "texture": "#0"},
				"west": {"uv": [0, 0, 1, 3], "texture": "#0"},
				"up": {"uv": [0, 0, 0.5, 1], "texture": "#0"},
				"down": {"uv": [0, 0, 0.5, 1], "texture": "#0"}
			}
		},
		{
			"from": [9.5, 0.5, 2],
			"to": [10, 3.5, 3],
			"faces": {
				"north": {"uv": [0, 0, 0.5, 3], "texture": "#0"},
				"east": {"uv": [0, 0, 1, 3], "texture": "#0"},
				"south": {"uv": [0, 0, 0.5, 3], "texture": "#0"},
				"west": {"uv": [0, 0, 1, 3], "texture": "#0"},
				"up": {"uv": [0, 0, 0.5, 1], "texture": "#0"},
				"down": {"uv": [0, 0, 0.5, 1], "texture": "#0"}
			}
		}
	],
	"display": {
		"thirdperson_righthand": {
			"rotation": [90, 0, 0],
			"translation": [-6, 0, 8.75],
			"scale": [2.5, 2.5, 2.5]
		},
		"head": {
			"translation": [0, -7.75, 0],
			"scale": [2, 2, 2]
		}
	}
}