{
        "parent": "item/handheld",
        "textures": {
                "layer0": "minecraft:item/iron_sword"
	},
	"overrides": [
        {"predicate": {"custom_model_data": 1}, "model": "custom_items/lightning"},
        {"predicate": {"custom_model_data": 2}, "model": "custom_items/skeletonsword"},
        {"predicate": {"custom_model_data": 3}, "model": "custom_items/lapissword"},
        {"predicate": {"custom_model_data": 4}, "model": "custom_items/rustysword"},
        {"predicate": {"custom_model_data": 5}, "model": "custom_items/weaken"},
        {"predicate": {"custom_model_data": 6}, "model": "custom_items/guarding"},
        {"predicate": {"custom_model_data": 7}, "model": "custom_items/coresw"},
        {"predicate": {"custom_model_data": 1000}, "model": "custom_items/knife"},
	{"predicate": {"custom_model_data":2000}, "model": "custom_items/flamingsw"}
    ]
}