{
	"credit": "Made with Blockbench",
	"parent": "item/model",
	"texture_size": [64, 64],
	"parent": "item/model",
	"textures": {
		"1": "item/minigun"
	},
	"elements": [
		{
			"from": [6.25, 4.25, 26],
			"to": [10.75, 8.75, 27],
			"faces": {
				"north": {"uv": [13.5, 13, 14.75, 11.75], "texture": "#1"},
				"east": {"uv": [13.5, 13, 14.75, 11.75], "texture": "#1"},
				"south": {"uv": [13.5, 13, 14.75, 11.75], "texture": "#1"},
				"west": {"uv": [13.5, 13, 14.75, 11.75], "texture": "#1"},
				"up": {"uv": [14.75, 11.75, 13.5, 13], "texture": "#1"},
				"down": {"uv": [14.75, 13, 13.5, 11.75], "texture": "#1"}
			}
		},
		{
			"from": [6.25, 10, 6.5],
			"to": [10.75, 12, 8.5],
			"faces": {
				"north": {"uv": [0, 11.25, 1.25, 11.75], "texture": "#1"},
				"east": {"uv": [0, 10.5, 1.25, 11], "texture": "#1"},
				"south": {"uv": [0, 11.25, 1.25, 11.75], "texture": "#1"},
				"west": {"uv": [0, 10.5, 1.25, 11], "texture": "#1"},
				"up": {"uv": [12.25, 15, 13.5, 15.5], "texture": "#1"},
				"down": {"uv": [0, 11.25, 1.125, 11.75], "texture": "#1"}
			}
		},
		{
			"from": [7, 9, 7],
			"to": [8, 10, 8],
			"faces": {
				"north": {"uv": [3.5, 1.25, 2.75, 0.25], "texture": "#1"},
				"east": {"uv": [3.5, 1.25, 2.75, 0.25], "texture": "#1"},
				"south": {"uv": [3.5, 1.25, 2.75, 0.25], "texture": "#1"},
				"west": {"uv": [3.5, 1.25, 2.75, 0.25], "texture": "#1"},
				"up": {"uv": [15.75, 5, 15, 4], "texture": "#1"},
				"down": {"uv": [3.5, 1.25, 2.75, 0.25], "texture": "#1"}
			}
		},
		{
			"from": [9, 9, 7],
			"to": [10, 10, 8],
			"faces": {
				"north": {"uv": [3.5, 1.25, 2.75, 0.25], "texture": "#1"},
				"east": {"uv": [3.5, 1.25, 2.75, 0.25], "texture": "#1"},
				"south": {"uv": [3.5, 1.25, 2.75, 0.25], "texture": "#1"},
				"west": {"uv": [3.5, 1.25, 2.75, 0.25], "texture": "#1"},
				"up": {"uv": [15.75, 5, 15, 4], "texture": "#1"},
				"down": {"uv": [3.5, 1.25, 2.75, 0.25], "texture": "#1"}
			}
		},
		{
			"from": [6.25, 4.25, 26],
			"to": [10.75, 8.75, 27],
			"faces": {
				"north": {"uv": [13.5, 13, 14.75, 11.75], "texture": "#1"},
				"east": {"uv": [13.5, 13, 14.75, 11.75], "texture": "#1"},
				"south": {"uv": [13.5, 13, 14.75, 11.75], "texture": "#1"},
				"west": {"uv": [13.5, 13, 14.75, 11.75], "texture": "#1"},
				"up": {"uv": [14.75, 11.75, 13.5, 13], "texture": "#1"},
				"down": {"uv": [14.75, 13, 13.5, 11.75], "texture": "#1"}
			}
		},
		{
			"from": [9, 7, 18],
			"to": [10, 8, 28],
			"faces": {
				"north": {"uv": [3.75, 7.75, 4, 8], "texture": "#1"},
				"east": {"uv": [6.5, 1, 9, 1.25], "texture": "#1"},
				"south": {"uv": [4, 7.75, 4.25, 8], "texture": "#1"},
				"west": {"uv": [6.5, 4.25, 9, 4.5], "texture": "#1"},
				"up": {"uv": [1.25, 9.5, 1, 7], "texture": "#1"},
				"down": {"uv": [7.25, 1.75, 7, 4.25], "texture": "#1"}
			}
		},
		{
			"from": [7, 5, 18],
			"to": [8, 6, 28],
			"faces": {
				"north": {"uv": [3.75, 7.75, 4, 8], "texture": "#1"},
				"east": {"uv": [6.5, 1, 9, 1.25], "texture": "#1"},
				"south": {"uv": [4, 7.75, 4.25, 8], "texture": "#1"},
				"west": {"uv": [6.5, 4.25, 9, 4.5], "texture": "#1"},
				"up": {"uv": [1.25, 9.5, 1, 7], "texture": "#1"},
				"down": {"uv": [7.25, 1.75, 7, 4.25], "texture": "#1"}
			}
		},
		{
			"from": [9, 5, 18],
			"to": [10, 6, 28],
			"faces": {
				"north": {"uv": [3.75, 7.75, 4, 8], "texture": "#1"},
				"east": {"uv": [6.5, 1, 9, 1.25], "texture": "#1"},
				"south": {"uv": [4, 7.75, 4.25, 8], "texture": "#1"},
				"west": {"uv": [6.5, 4.25, 9, 4.5], "texture": "#1"},
				"up": {"uv": [1.25, 9.5, 1, 7], "texture": "#1"},
				"down": {"uv": [7.25, 1.75, 7, 4.25], "texture": "#1"}
			}
		},
		{
			"from": [7, 7, 18],
			"to": [8, 8, 28],
			"faces": {
				"north": {"uv": [3.75, 7.75, 4, 8], "texture": "#1"},
				"east": {"uv": [6.5, 1, 9, 1.25], "texture": "#1"},
				"south": {"uv": [4, 7.75, 4.25, 8], "texture": "#1"},
				"west": {"uv": [6.5, 4.25, 9, 4.5], "texture": "#1"},
				"up": {"uv": [1.25, 9.5, 1, 7], "texture": "#1"},
				"down": {"uv": [7.25, 1.75, 7, 4.25], "texture": "#1"}
			}
		},
		{
			"from": [6.25, 4.25, 20],
			"to": [10.75, 8.75, 21],
			"faces": {
				"north": {"uv": [13.5, 13, 14.75, 11.75], "texture": "#1"},
				"east": {"uv": [13.5, 13, 14.75, 11.75], "texture": "#1"},
				"south": {"uv": [13.5, 13, 14.75, 11.75], "texture": "#1"},
				"west": {"uv": [13.5, 13, 14.75, 11.75], "texture": "#1"},
				"up": {"uv": [14.75, 11.75, 13.5, 13], "texture": "#1"},
				"down": {"uv": [14.75, 13, 13.5, 11.75], "texture": "#1"}
			}
		},
		{
			"from": [6.25, 4.25, 23],
			"to": [10.75, 8.75, 24],
			"faces": {
				"north": {"uv": [13.5, 13, 14.75, 11.75], "texture": "#1"},
				"east": {"uv": [13.5, 13, 14.75, 11.75], "texture": "#1"},
				"south": {"uv": [13.5, 13, 14.75, 11.75], "texture": "#1"},
				"west": {"uv": [13.5, 13, 14.75, 11.75], "texture": "#1"},
				"up": {"uv": [14.75, 11.75, 13.5, 13], "texture": "#1"},
				"down": {"uv": [14.75, 13, 13.5, 11.75], "texture": "#1"}
			}
		},
		{
			"from": [6.25, 4.25, 23],
			"to": [10.75, 8.75, 24],
			"faces": {
				"north": {"uv": [13.5, 13, 14.75, 11.75], "texture": "#1"},
				"east": {"uv": [13.5, 13, 14.75, 11.75], "texture": "#1"},
				"south": {"uv": [13.5, 13, 14.75, 11.75], "texture": "#1"},
				"west": {"uv": [13.5, 13, 14.75, 11.75], "texture": "#1"},
				"up": {"uv": [14.75, 11.75, 13.5, 13], "texture": "#1"},
				"down": {"uv": [14.75, 13, 13.5, 11.75], "texture": "#1"}
			}
		},
		{
			"from": [6.25, 4.25, 20],
			"to": [10.75, 8.75, 21],
			"faces": {
				"north": {"uv": [13.5, 13, 14.75, 11.75], "texture": "#1"},
				"east": {"uv": [13.5, 13, 14.75, 11.75], "texture": "#1"},
				"south": {"uv": [13.5, 13, 14.75, 11.75], "texture": "#1"},
				"west": {"uv": [13.5, 13, 14.75, 11.75], "texture": "#1"},
				"up": {"uv": [14.75, 11.75, 13.5, 13], "texture": "#1"},
				"down": {"uv": [14.75, 13, 13.5, 11.75], "texture": "#1"}
			}
		},
		{
			"from": [7, 7, 18],
			"to": [8, 8, 28],
			"faces": {
				"north": {"uv": [3.75, 7.75, 4, 8], "texture": "#1"},
				"east": {"uv": [6.5, 1, 9, 1.25], "texture": "#1"},
				"south": {"uv": [4, 7.75, 4.25, 8], "texture": "#1"},
				"west": {"uv": [6.5, 4.25, 9, 4.5], "texture": "#1"},
				"up": {"uv": [1.25, 9.5, 1, 7], "texture": "#1"},
				"down": {"uv": [7.25, 1.75, 7, 4.25], "texture": "#1"}
			}
		},
		{
			"from": [9, 5, 18],
			"to": [10, 6, 28],
			"faces": {
				"north": {"uv": [3.75, 7.75, 4, 8], "texture": "#1"},
				"east": {"uv": [6.5, 1, 9, 1.25], "texture": "#1"},
				"south": {"uv": [4, 7.75, 4.25, 8], "texture": "#1"},
				"west": {"uv": [6.5, 4.25, 9, 4.5], "texture": "#1"},
				"up": {"uv": [1.25, 9.5, 1, 7], "texture": "#1"},
				"down": {"uv": [7.25, 1.75, 7, 4.25], "texture": "#1"}
			}
		},
		{
			"from": [7, 5, 18],
			"to": [8, 6, 28],
			"faces": {
				"north": {"uv": [3.75, 7.75, 4, 8], "texture": "#1"},
				"east": {"uv": [6.5, 1, 9, 1.25], "texture": "#1"},
				"south": {"uv": [4, 7.75, 4.25, 8], "texture": "#1"},
				"west": {"uv": [6.5, 4.25, 9, 4.5], "texture": "#1"},
				"up": {"uv": [1.25, 9.5, 1, 7], "texture": "#1"},
				"down": {"uv": [7.25, 1.75, 7, 4.25], "texture": "#1"}
			}
		},
		{
			"from": [9, 7, 18],
			"to": [10, 8, 28],
			"faces": {
				"north": {"uv": [3.75, 7.75, 4, 8], "texture": "#1"},
				"east": {"uv": [6.5, 1, 9, 1.25], "texture": "#1"},
				"south": {"uv": [4, 7.75, 4.25, 8], "texture": "#1"},
				"west": {"uv": [6.5, 4.25, 9, 4.5], "texture": "#1"},
				"up": {"uv": [1.25, 9.5, 1, 7], "texture": "#1"},
				"down": {"uv": [7.25, 1.75, 7, 4.25], "texture": "#1"}
			}
		},
		{
			"from": [9, 7, 9],
			"to": [10, 8, 19],
			"faces": {
				"north": {"uv": [3.75, 7.75, 4, 8], "texture": "#1"},
				"east": {"uv": [6.5, 1, 9, 1.25], "texture": "#1"},
				"south": {"uv": [4, 7.75, 4.25, 8], "texture": "#1"},
				"west": {"uv": [6.5, 4.25, 9, 4.5], "texture": "#1"},
				"up": {"uv": [1.25, 9.5, 1, 7], "texture": "#1"},
				"down": {"uv": [7.25, 1.75, 7, 4.25], "texture": "#1"}
			}
		},
		{
			"from": [7, 5, 9],
			"to": [8, 6, 19],
			"faces": {
				"north": {"uv": [3.75, 7.75, 4, 8], "texture": "#1"},
				"east": {"uv": [6.5, 1, 9, 1.25], "texture": "#1"},
				"south": {"uv": [4, 7.75, 4.25, 8], "texture": "#1"},
				"west": {"uv": [6.5, 4.25, 9, 4.5], "texture": "#1"},
				"up": {"uv": [1.25, 9.5, 1, 7], "texture": "#1"},
				"down": {"uv": [7.25, 1.75, 7, 4.25], "texture": "#1"}
			}
		},
		{
			"from": [9, 5, 9],
			"to": [10, 6, 19],
			"faces": {
				"north": {"uv": [3.75, 7.75, 4, 8], "texture": "#1"},
				"east": {"uv": [6.5, 1, 9, 1.25], "texture": "#1"},
				"south": {"uv": [4, 7.75, 4.25, 8], "texture": "#1"},
				"west": {"uv": [6.5, 4.25, 9, 4.5], "texture": "#1"},
				"up": {"uv": [1.25, 9.5, 1, 7], "texture": "#1"},
				"down": {"uv": [7.25, 1.75, 7, 4.25], "texture": "#1"}
			}
		},
		{
			"from": [7, 7, 9],
			"to": [8, 8, 19],
			"faces": {
				"north": {"uv": [3.75, 7.75, 4, 8], "texture": "#1"},
				"east": {"uv": [6.5, 1, 9, 1.25], "texture": "#1"},
				"south": {"uv": [4, 7.75, 4.25, 8], "texture": "#1"},
				"west": {"uv": [6.5, 4.25, 9, 4.5], "texture": "#1"},
				"up": {"uv": [1.25, 9.5, 1, 7], "texture": "#1"},
				"down": {"uv": [7.25, 1.75, 7, 4.25], "texture": "#1"}
			}
		},
		{
			"from": [6.25, 4.25, 11],
			"to": [10.75, 8.75, 12],
			"faces": {
				"north": {"uv": [13.5, 13, 14.75, 11.75], "texture": "#1"},
				"east": {"uv": [13.5, 13, 14.75, 11.75], "texture": "#1"},
				"south": {"uv": [13.5, 13, 14.75, 11.75], "texture": "#1"},
				"west": {"uv": [13.5, 13, 14.75, 11.75], "texture": "#1"},
				"up": {"uv": [14.75, 11.75, 13.5, 13], "texture": "#1"},
				"down": {"uv": [14.75, 13, 13.5, 11.75], "texture": "#1"}
			}
		},
		{
			"from": [6.25, 4.25, 14],
			"to": [10.75, 8.75, 15],
			"faces": {
				"north": {"uv": [13.5, 13, 14.75, 11.75], "texture": "#1"},
				"east": {"uv": [13.5, 13, 14.75, 11.75], "texture": "#1"},
				"south": {"uv": [13.5, 13, 14.75, 11.75], "texture": "#1"},
				"west": {"uv": [13.5, 13, 14.75, 11.75], "texture": "#1"},
				"up": {"uv": [14.75, 11.75, 13.5, 13], "texture": "#1"},
				"down": {"uv": [14.75, 13, 13.5, 11.75], "texture": "#1"}
			}
		},
		{
			"from": [6.25, 4.25, 17],
			"to": [10.75, 8.75, 18],
			"faces": {
				"north": {"uv": [13.5, 13, 14.75, 11.75], "texture": "#1"},
				"east": {"uv": [13.5, 13, 14.75, 11.75], "texture": "#1"},
				"south": {"uv": [13.5, 13, 14.75, 11.75], "texture": "#1"},
				"west": {"uv": [13.5, 13, 14.75, 11.75], "texture": "#1"},
				"up": {"uv": [14.75, 11.75, 13.5, 13], "texture": "#1"},
				"down": {"uv": [14.75, 13, 13.5, 11.75], "texture": "#1"}
			}
		},
		{
			"from": [6.25, 4.25, 17],
			"to": [10.75, 8.75, 18],
			"faces": {
				"north": {"uv": [13.5, 13, 14.75, 11.75], "texture": "#1"},
				"east": {"uv": [13.5, 13, 14.75, 11.75], "texture": "#1"},
				"south": {"uv": [13.5, 13, 14.75, 11.75], "texture": "#1"},
				"west": {"uv": [13.5, 13, 14.75, 11.75], "texture": "#1"},
				"up": {"uv": [14.75, 11.75, 13.5, 13], "texture": "#1"},
				"down": {"uv": [14.75, 13, 13.5, 11.75], "texture": "#1"}
			}
		},
		{
			"from": [6.25, 4.25, 14],
			"to": [10.75, 8.75, 15],
			"faces": {
				"north": {"uv": [13.5, 13, 14.75, 11.75], "texture": "#1"},
				"east": {"uv": [13.5, 13, 14.75, 11.75], "texture": "#1"},
				"south": {"uv": [13.5, 13, 14.75, 11.75], "texture": "#1"},
				"west": {"uv": [13.5, 13, 14.75, 11.75], "texture": "#1"},
				"up": {"uv": [14.75, 11.75, 13.5, 13], "texture": "#1"},
				"down": {"uv": [14.75, 13, 13.5, 11.75], "texture": "#1"}
			}
		},
		{
			"from": [6.25, 4.25, 11],
			"to": [10.75, 8.75, 12],
			"faces": {
				"north": {"uv": [13.5, 13, 14.75, 11.75], "texture": "#1"},
				"east": {"uv": [13.5, 13, 14.75, 11.75], "texture": "#1"},
				"south": {"uv": [13.5, 13, 14.75, 11.75], "texture": "#1"},
				"west": {"uv": [13.5, 13, 14.75, 11.75], "texture": "#1"},
				"up": {"uv": [14.75, 11.75, 13.5, 13], "texture": "#1"},
				"down": {"uv": [14.75, 13, 13.5, 11.75], "texture": "#1"}
			}
		},
		{
			"from": [7, 7, 9],
			"to": [8, 8, 19],
			"faces": {
				"north": {"uv": [3.75, 7.75, 4, 8], "texture": "#1"},
				"east": {"uv": [6.5, 1, 9, 1.25], "texture": "#1"},
				"south": {"uv": [4, 7.75, 4.25, 8], "texture": "#1"},
				"west": {"uv": [6.5, 4.25, 9, 4.5], "texture": "#1"},
				"up": {"uv": [1.25, 9.5, 1, 7], "texture": "#1"},
				"down": {"uv": [7.25, 1.75, 7, 4.25], "texture": "#1"}
			}
		},
		{
			"from": [9, 5, 9],
			"to": [10, 6, 19],
			"faces": {
				"north": {"uv": [3.75, 7.75, 4, 8], "texture": "#1"},
				"east": {"uv": [6.5, 1, 9, 1.25], "texture": "#1"},
				"south": {"uv": [4, 7.75, 4.25, 8], "texture": "#1"},
				"west": {"uv": [6.5, 4.25, 9, 4.5], "texture": "#1"},
				"up": {"uv": [1.25, 9.5, 1, 7], "texture": "#1"},
				"down": {"uv": [7.25, 1.75, 7, 4.25], "texture": "#1"}
			}
		},
		{
			"from": [7, 5, 9],
			"to": [8, 6, 19],
			"faces": {
				"north": {"uv": [3.75, 7.75, 4, 8], "texture": "#1"},
				"east": {"uv": [6.5, 1, 9, 1.25], "texture": "#1"},
				"south": {"uv": [4, 7.75, 4.25, 8], "texture": "#1"},
				"west": {"uv": [6.5, 4.25, 9, 4.5], "texture": "#1"},
				"up": {"uv": [1.25, 9.5, 1, 7], "texture": "#1"},
				"down": {"uv": [7.25, 1.75, 7, 4.25], "texture": "#1"}
			}
		},
		{
			"from": [9, 7, 9],
			"to": [10, 8, 19],
			"faces": {
				"north": {"uv": [3.75, 7.75, 4, 8], "texture": "#1"},
				"east": {"uv": [6.5, 1, 9, 1.25], "texture": "#1"},
				"south": {"uv": [4, 7.75, 4.25, 8], "texture": "#1"},
				"west": {"uv": [6.5, 4.25, 9, 4.5], "texture": "#1"},
				"up": {"uv": [1.25, 9.5, 1, 7], "texture": "#1"},
				"down": {"uv": [7.25, 1.75, 7, 4.25], "texture": "#1"}
			}
		},
		{
			"from": [6, 4, 4],
			"to": [11, 9, 9],
			"faces": {
				"north": {"uv": [5.25, 0, 6.5, 1.25], "texture": "#1"},
				"east": {"uv": [1.75, 0, 4, 1.25], "texture": "#1"},
				"south": {"uv": [0, 5.75, 1.25, 7], "texture": "#1"},
				"west": {"uv": [1.75, 1.25, 4, 2.5], "texture": "#1"},
				"up": {"uv": [3, 4.75, 1.75, 2.5], "texture": "#1"},
				"down": {"uv": [4.25, 2.5, 3, 4.75], "texture": "#1"}
			}
		},
		{
			"from": [7, 8, -1],
			"to": [10, 9, 4],
			"faces": {
				"north": {"uv": [3, 10.5, 3.75, 10.75], "texture": "#1"},
				"east": {"uv": [3, 10.5, 4.25, 10.75], "texture": "#1"},
				"south": {"uv": [3, 10.5, 3.75, 10.75], "texture": "#1"},
				"west": {"uv": [3, 10.5, 4.25, 10.75], "texture": "#1"},
				"up": {"uv": [15.25, 14.25, 16, 15.5], "texture": "#1"},
				"down": {"uv": [3, 10.5, 3.75, 11.75], "texture": "#1"}
			}
		},
		{
			"from": [7, 4, 1],
			"to": [10, 5, 4],
			"faces": {
				"north": {"uv": [3, 10.5, 3.75, 10.75], "texture": "#1"},
				"east": {"uv": [3, 10.5, 3.75, 10.75], "texture": "#1"},
				"south": {"uv": [3, 10.5, 3.75, 10.75], "texture": "#1"},
				"west": {"uv": [3, 10.5, 3.75, 10.75], "texture": "#1"},
				"up": {"uv": [15.25, 14.25, 16, 15], "texture": "#1"},
				"down": {"uv": [3, 10.5, 3.75, 11.25], "texture": "#1"}
			}
		},
		{
			"from": [7, 5, -1],
			"to": [10, 6, 2],
			"faces": {
				"north": {"uv": [3, 10.5, 3.75, 10.75], "texture": "#1"},
				"east": {"uv": [3, 10.5, 3.75, 10.75], "texture": "#1"},
				"south": {"uv": [3, 10.5, 3.75, 10.75], "texture": "#1"},
				"west": {"uv": [3, 10.5, 3.75, 10.75], "texture": "#1"},
				"up": {"uv": [15.25, 14.25, 16, 15], "texture": "#1"},
				"down": {"uv": [3, 10.5, 3.75, 11.25], "texture": "#1"}
			}
		},
		{
			"from": [7, 6, -1],
			"to": [10, 8, 0],
			"faces": {
				"north": {"uv": [3, 10.5, 3.75, 11], "texture": "#1"},
				"east": {"uv": [3, 10.5, 3.25, 11], "texture": "#1"},
				"south": {"uv": [3, 10.5, 3.75, 11], "texture": "#1"},
				"west": {"uv": [3, 10.5, 3.25, 11], "texture": "#1"},
				"up": {"uv": [15.25, 14.25, 16, 14.5], "texture": "#1"},
				"down": {"uv": [3, 10.5, 3.75, 10.75], "texture": "#1"}
			}
		},
		{
			"from": [6.5, 0, 4.5],
			"to": [10.5, 4, 8.5],
			"faces": {
				"north": {"uv": [1.75, 13.5, 4.25, 16], "texture": "#1"},
				"east": {"uv": [7, 13.5, 9.5, 16], "texture": "#1"},
				"south": {"uv": [1.75, 13.5, 4.25, 16], "texture": "#1"},
				"west": {"uv": [7, 13.5, 9.5, 16], "rotation": 180, "texture": "#1"},
				"up": {"uv": [7, 13.5, 9.5, 16], "texture": "#1"},
				"down": {"uv": [7, 13.5, 9.5, 16], "rotation": 90, "texture": "#1"}
			}
		},
		{
			"from": [6.75, 0.25, 8],
			"to": [10.25, 3.75, 9.5],
			"faces": {
				"north": {"uv": [12, 7.25, 12.875, 8.125], "texture": "#1"},
				"east": {"uv": [12, 7.25, 12.375, 8.125], "texture": "#1"},
				"south": {"uv": [12, 7.25, 12.875, 8.125], "texture": "#1"},
				"west": {"uv": [12, 7.25, 12.375, 8.125], "texture": "#1"},
				"up": {"uv": [12, 7.25, 12.875, 8.125], "texture": "#1"},
				"down": {"uv": [12, 7.25, 12.875, 8.125], "texture": "#1"}
			}
		},
		{
			"from": [7, 0.5, 9.5],
			"to": [10, 3.5, 10],
			"faces": {
				"north": {"uv": [12, 7.25, 12.75, 8], "texture": "#1"},
				"east": {"uv": [12, 7.25, 12.125, 8], "texture": "#1"},
				"south": {"uv": [11.5, 9.75, 12.25, 10.5], "texture": "#1"},
				"west": {"uv": [12, 7.25, 12.125, 8], "texture": "#1"},
				"up": {"uv": [12, 7.25, 12.75, 7.375], "texture": "#1"},
				"down": {"uv": [12, 7.25, 12.75, 7.375], "texture": "#1"}
			}
		},
		{
			"from": [7, 0.25, 9.5],
			"to": [10, 0.5, 10],
			"faces": {
				"north": {"uv": [11.5, 10.25, 12.25, 10.3125], "texture": "#1"},
				"east": {"uv": [11.5, 10.25, 11.625, 10.3125], "texture": "#1"},
				"south": {"uv": [11.5, 10, 12.25, 10.0625], "texture": "#1"},
				"west": {"uv": [11.5, 9.75, 11.625, 9.8125], "texture": "#1"},
				"up": {"uv": [11.5, 10.25, 12.25, 10.375], "texture": "#1"},
				"down": {"uv": [11.5, 9.75, 12.25, 9.875], "texture": "#1"}
			}
		},
		{
			"from": [7, 3.5, 9.5],
			"to": [10, 3.75, 10],
			"faces": {
				"north": {"uv": [12, 5.75, 12.75, 5.8125], "texture": "#1"},
				"east": {"uv": [11.5, 9.75, 11.625, 9.8125], "texture": "#1"},
				"south": {"uv": [11.5, 10, 12.25, 10.0625], "texture": "#1"},
				"west": {"uv": [11.5, 9.75, 11.625, 9.8125], "texture": "#1"},
				"up": {"uv": [11.5, 9.75, 12.25, 9.875], "texture": "#1"},
				"down": {"uv": [11.5, 10.25, 12.25, 10.375], "texture": "#1"}
			}
		},
		{
			"from": [6.75, 0.5, 9.5],
			"to": [7, 3.5, 10],
			"faces": {
				"north": {"uv": [11.5, 9.75, 11.5625, 10.5], "texture": "#1"},
				"east": {"uv": [12, 9.75, 12.125, 10.5], "texture": "#1"},
				"south": {"uv": [11.75, 9.75, 11.8125, 10.5], "texture": "#1"},
				"west": {"uv": [11.5, 9.75, 11.625, 10.5], "texture": "#1"},
				"up": {"uv": [12, 10.25, 12.0625, 10.375], "texture": "#1"},
				"down": {"uv": [12, 10.25, 12.0625, 10.375], "texture": "#1"}
			}
		},
		{
			"from": [10, 0.5, 9.5],
			"to": [10.25, 3.5, 10],
			"faces": {
				"north": {"uv": [12, 9.75, 12.0625, 10.5], "texture": "#1"},
				"east": {"uv": [11.5, 9.75, 11.625, 10.5], "texture": "#1"},
				"south": {"uv": [11.75, 9.75, 11.8125, 10.5], "texture": "#1"},
				"west": {"uv": [11.5, 13, 11.625, 13.75], "texture": "#1"},
				"up": {"uv": [12, 10.25, 12.0625, 10.375], "texture": "#1"},
				"down": {"uv": [12, 10.25, 12.0625, 10.375], "texture": "#1"}
			}
		}
	],
	"display": {
		"thirdperson_righthand": {
			"rotation": [-109, 0, -180],
			"translation": [-0.25, -1, -2]
		},
		"thirdperson_lefthand": {
			"rotation": [72, -180, 0],
			"translation": [-2, -1, -2]
		},
		"firstperson_righthand": {
			"rotation": [-180, 0, -180],
			"translation": [2, -0.5, 1]
		},
		"firstperson_lefthand": {
			"rotation": [-180, 0, -180],
			"translation": [1, -0.5, 0.25]
		},
		"ground": {
			"translation": [0, 1.5, 0],
			"scale": [0.75, 0.75, 0.75]
		},
		"gui": {
			"rotation": [59, -135, 36],
			"translation": [3.25, -1.75, 0],
			"scale": [0.75, 0.75, 0.75]
		},
		"head": {
			"rotation": [0, -180, 0],
			"translation": [10.75, -15.25, -15.75],
			"scale": [2, 2, 2]
		},
		"fixed": {
			"rotation": [0, 95, 0],
			"translation": [-3.5, 2, -2]
		}
	}
}