{
	"credit": "Made with Blockbench",
	"texture_size": [64, 32],
	"parent": "item/model",
	"textures": {
		"0": "item/spider"
	},
	"elements": [
		{
			"name": "head",
			"from": [4.5, 14.5, 4.5],
			"to": [7.5, 17.5, 7.5],
			"rotation": {"angle": 0, "axis": "y", "origin": [6, 3, 10]},
			"faces": {
				"north": {"uv": [10, 6, 12, 10], "texture": "#0"},
				"east": {"uv": [8, 6, 10, 10], "texture": "#0"},
				"south": {"uv": [14, 6, 16, 10], "texture": "#0"},
				"west": {"uv": [12, 6, 14, 10], "texture": "#0"},
				"up": {"uv": [12, 6, 10, 2], "texture": "#0"},
				"down": {"uv": [14, 2, 12, 6], "texture": "#0"}
			}
		},
		{
			"name": "head",
			"from": [-2.5, 13.5, 4.5],
			"to": [0.5, 16.5, 7.5],
			"rotation": {"angle": 0, "axis": "y", "origin": [-1, 2, 10]},
			"faces": {
				"north": {"uv": [10, 6, 12, 10], "texture": "#0"},
				"east": {"uv": [8, 6, 10, 10], "texture": "#0"},
				"south": {"uv": [14, 6, 16, 10], "texture": "#0"},
				"west": {"uv": [12, 6, 14, 10], "texture": "#0"},
				"up": {"uv": [12, 6, 10, 2], "texture": "#0"},
				"down": {"uv": [14, 2, 12, 6], "texture": "#0"}
			}
		},
		{
			"name": "head",
			"from": [11.5, 13.5, 4.5],
			"to": [14.5, 16.5, 7.5],
			"rotation": {"angle": 0, "axis": "y", "origin": [13, 2, 10]},
			"faces": {
				"north": {"uv": [10, 6, 12, 10], "texture": "#0"},
				"east": {"uv": [8, 6, 10, 10], "texture": "#0"},
				"south": {"uv": [14, 6, 16, 10], "texture": "#0"},
				"west": {"uv": [12, 6, 14, 10], "texture": "#0"},
				"up": {"uv": [12, 6, 10, 2], "texture": "#0"},
				"down": {"uv": [14, 2, 12, 6], "texture": "#0"}
			}
		},
		{
			"name": "neck",
			"from": [4.9, 14.9, 6.9],
			"to": [7.1, 17.1, 9.1],
			"rotation": {"angle": 0, "axis": "y", "origin": [6, 3, 10]},
			"faces": {
				"north": {"uv": [1.5, 3, 3, 6], "texture": "#0"},
				"east": {"uv": [0, 3, 1.5, 6], "texture": "#0"},
				"south": {"uv": [4.5, 3, 6, 6], "texture": "#0"},
				"west": {"uv": [3, 3, 4.5, 6], "texture": "#0"},
				"up": {"uv": [3, 3, 1.5, 0], "texture": "#0"},
				"down": {"uv": [4.5, 0, 3, 3], "texture": "#0"}
			}
		},
		{
			"name": "neck",
			"from": [-2.1, 13.9, 6.9],
			"to": [0.1, 16.1, 9.1],
			"rotation": {"angle": 0, "axis": "y", "origin": [-1, 2, 10]},
			"faces": {
				"north": {"uv": [1.5, 3, 3, 6], "texture": "#0"},
				"east": {"uv": [0, 3, 1.5, 6], "texture": "#0"},
				"south": {"uv": [4.5, 3, 6, 6], "texture": "#0"},
				"west": {"uv": [3, 3, 4.5, 6], "texture": "#0"},
				"up": {"uv": [3, 3, 1.5, 0], "texture": "#0"},
				"down": {"uv": [4.5, 0, 3, 3], "texture": "#0"}
			}
		},
		{
			"name": "neck",
			"from": [11.9, 13.9, 6.9],
			"to": [14.1, 16.1, 9.1],
			"rotation": {"angle": 0, "axis": "y", "origin": [13, 2, 10]},
			"faces": {
				"north": {"uv": [1.5, 3, 3, 6], "texture": "#0"},
				"east": {"uv": [0, 3, 1.5, 6], "texture": "#0"},
				"south": {"uv": [4.5, 3, 6, 6], "texture": "#0"},
				"west": {"uv": [3, 3, 4.5, 6], "texture": "#0"},
				"up": {"uv": [3, 3, 1.5, 0], "texture": "#0"},
				"down": {"uv": [4.5, 0, 3, 3], "texture": "#0"}
			}
		},
		{
			"name": "body",
			"from": [3.9, 14.4, 8.9],
			"to": [8.1, 17.6, 15.1],
			"rotation": {"angle": 0, "axis": "y", "origin": [6, 11, 10]},
			"faces": {
				"north": {"uv": [3, 12, 5.5, 16.5], "texture": "#0"},
				"east": {"uv": [0, 12, 3, 16.5], "texture": "#0"},
				"south": {"uv": [8.5, 12, 11, 16.5], "texture": "#0"},
				"west": {"uv": [5.5, 12, 8.5, 16.5], "texture": "#0"},
				"up": {"uv": [5.5, 12, 3, 6], "texture": "#0"},
				"down": {"uv": [8, 6, 5.5, 12], "texture": "#0"}
			}
		},
		{
			"name": "body",
			"from": [-3.1, 13.4, 8.9],
			"to": [1.1, 16.6, 15.1],
			"rotation": {"angle": 0, "axis": "y", "origin": [-1, 10, 10]},
			"faces": {
				"north": {"uv": [3, 12, 5.5, 16.5], "texture": "#0"},
				"east": {"uv": [0, 12, 3, 16.5], "texture": "#0"},
				"south": {"uv": [8.5, 12, 11, 16.5], "texture": "#0"},
				"west": {"uv": [5.5, 12, 8.5, 16.5], "texture": "#0"},
				"up": {"uv": [5.5, 12, 3, 6], "texture": "#0"},
				"down": {"uv": [8, 6, 5.5, 12], "texture": "#0"}
			}
		},
		{
			"name": "body",
			"from": [10.9, 13.4, 8.9],
			"to": [15.1, 16.6, 15.1],
			"rotation": {"angle": 0, "axis": "y", "origin": [13, 10, 10]},
			"faces": {
				"north": {"uv": [3, 12, 5.5, 16.5], "texture": "#0"},
				"east": {"uv": [0, 12, 3, 16.5], "texture": "#0"},
				"south": {"uv": [8.5, 12, 11, 16.5], "texture": "#0"},
				"west": {"uv": [5.5, 12, 8.5, 16.5], "texture": "#0"},
				"up": {"uv": [5.5, 12, 3, 6], "texture": "#0"},
				"down": {"uv": [8, 6, 5.5, 12], "texture": "#0"}
			}
		},
		{
			"name": "leg3",
			"from": [12, 14, 11.5],
			"to": [16, 15, 12.5],
			"rotation": {"angle": 45, "axis": "z", "origin": [8, 3, 10]},
			"faces": {
				"north": {"uv": [4.75, 0.5, 5.75, 1], "texture": "#0"},
				"east": {"uv": [4.5, 0.5, 4.75, 1], "texture": "#0"},
				"south": {"uv": [6, 0.5, 7, 1], "texture": "#0"},
				"west": {"uv": [5.75, 0.5, 6, 1], "texture": "#0"},
				"up": {"uv": [5.75, 0.5, 4.75, 0], "texture": "#0"},
				"down": {"uv": [6.75, 0, 5.75, 0.5], "texture": "#0"}
			}
		},
		{
			"name": "leg4",
			"from": [-3, 11, 11.5],
			"to": [1, 12, 12.5],
			"rotation": {"angle": -45, "axis": "z", "origin": [8, 3, 10]},
			"faces": {
				"north": {"uv": [5.25, 1, 6.25, 1.5], "texture": "#0"},
				"east": {"uv": [5, 1, 5.25, 1.5], "texture": "#0"},
				"south": {"uv": [6.5, 1, 7.5, 1.5], "texture": "#0"},
				"west": {"uv": [6.25, 1, 6.5, 1.5], "texture": "#0"},
				"up": {"uv": [6.25, 1, 5.25, 0.5], "texture": "#0"},
				"down": {"uv": [7.25, 0.5, 6.25, 1], "texture": "#0"}
			}
		},
		{
			"name": "leg4",
			"from": [5, 13, 11.5],
			"to": [9, 14, 12.5],
			"rotation": {"angle": 45, "axis": "z", "origin": [1, 2, 10]},
			"faces": {
				"north": {"uv": [4.75, 0.5, 5.75, 1], "texture": "#0"},
				"east": {"uv": [4.5, 0.5, 4.75, 1], "texture": "#0"},
				"south": {"uv": [6, 0.5, 7, 1], "texture": "#0"},
				"west": {"uv": [5.75, 0.5, 6, 1], "texture": "#0"},
				"up": {"uv": [5.75, 0.5, 4.75, 0], "texture": "#0"},
				"down": {"uv": [6.75, 0, 5.75, 0.5], "texture": "#0"}
			}
		},
		{
			"name": "leg5",
			"from": [-10, 10, 11.5],
			"to": [-6, 11, 12.5],
			"rotation": {"angle": -45, "axis": "z", "origin": [1, 2, 10]},
			"faces": {
				"north": {"uv": [5.25, 1, 6.25, 1.5], "texture": "#0"},
				"east": {"uv": [5, 1, 5.25, 1.5], "texture": "#0"},
				"south": {"uv": [6.5, 1, 7.5, 1.5], "texture": "#0"},
				"west": {"uv": [6.25, 1, 6.5, 1.5], "texture": "#0"},
				"up": {"uv": [6.25, 1, 5.25, 0.5], "texture": "#0"},
				"down": {"uv": [7.25, 0.5, 6.25, 1], "texture": "#0"}
			}
		},
		{
			"name": "leg4",
			"from": [18, 12, 11.5],
			"to": [22, 13, 12.5],
			"rotation": {"angle": 45, "axis": "z", "origin": [13, 2, 10]},
			"faces": {
				"north": {"uv": [4.75, 0.5, 5.75, 1], "texture": "#0"},
				"east": {"uv": [4.5, 0.5, 4.75, 1], "texture": "#0"},
				"south": {"uv": [6, 0.5, 7, 1], "texture": "#0"},
				"west": {"uv": [5.75, 0.5, 6, 1], "texture": "#0"},
				"up": {"uv": [5.75, 0.5, 4.75, 0], "texture": "#0"},
				"down": {"uv": [6.75, 0, 5.75, 0.5], "texture": "#0"}
			}
		},
		{
			"name": "leg5",
			"from": [4, 10, 11.5],
			"to": [8, 11, 12.5],
			"rotation": {"angle": -45, "axis": "z", "origin": [15, 2, 10]},
			"faces": {
				"north": {"uv": [5.25, 1, 6.25, 1.5], "texture": "#0"},
				"east": {"uv": [5, 1, 5.25, 1.5], "texture": "#0"},
				"south": {"uv": [6.5, 1, 7.5, 1.5], "texture": "#0"},
				"west": {"uv": [6.25, 1, 6.5, 1.5], "texture": "#0"},
				"up": {"uv": [6.25, 1, 5.25, 0.5], "texture": "#0"},
				"down": {"uv": [7.25, 0.5, 6.25, 1], "texture": "#0"}
			}
		},
		{
			"name": "leg5",
			"from": [12, 14, 9.5],
			"to": [16, 15, 10.5],
			"rotation": {"angle": 45, "axis": "z", "origin": [8, 3, 10]},
			"faces": {
				"north": {"uv": [4.75, 0.5, 5.75, 1], "texture": "#0"},
				"east": {"uv": [4.5, 0.5, 4.75, 1], "texture": "#0"},
				"south": {"uv": [6, 0.5, 7, 1], "texture": "#0"},
				"west": {"uv": [5.75, 0.5, 6, 1], "texture": "#0"},
				"up": {"uv": [5.75, 0.5, 4.75, 0], "texture": "#0"},
				"down": {"uv": [6.75, 0, 5.75, 0.5], "texture": "#0"}
			}
		},
		{
			"name": "leg6",
			"from": [-3, 11, 9.5],
			"to": [1, 12, 10.5],
			"rotation": {"angle": -45, "axis": "z", "origin": [8, 3, 10]},
			"faces": {
				"north": {"uv": [5.25, 1, 6.25, 1.5], "texture": "#0"},
				"east": {"uv": [5, 1, 5.25, 1.5], "texture": "#0"},
				"south": {"uv": [6.5, 1, 7.5, 1.5], "texture": "#0"},
				"west": {"uv": [6.25, 1, 6.5, 1.5], "texture": "#0"},
				"up": {"uv": [6.25, 1, 5.25, 0.5], "texture": "#0"},
				"down": {"uv": [7.25, 0.5, 6.25, 1], "texture": "#0"}
			}
		},
		{
			"name": "leg6",
			"from": [5, 13, 9.5],
			"to": [9, 14, 10.5],
			"rotation": {"angle": 45, "axis": "z", "origin": [1, 2, 10]},
			"faces": {
				"north": {"uv": [4.75, 0.5, 5.75, 1], "texture": "#0"},
				"east": {"uv": [4.5, 0.5, 4.75, 1], "texture": "#0"},
				"south": {"uv": [6, 0.5, 7, 1], "texture": "#0"},
				"west": {"uv": [5.75, 0.5, 6, 1], "texture": "#0"},
				"up": {"uv": [5.75, 0.5, 4.75, 0], "texture": "#0"},
				"down": {"uv": [6.75, 0, 5.75, 0.5], "texture": "#0"}
			}
		},
		{
			"name": "leg7",
			"from": [-10, 10, 9.5],
			"to": [-6, 11, 10.5],
			"rotation": {"angle": -45, "axis": "z", "origin": [1, 2, 10]},
			"faces": {
				"north": {"uv": [5.25, 1, 6.25, 1.5], "texture": "#0"},
				"east": {"uv": [5, 1, 5.25, 1.5], "texture": "#0"},
				"south": {"uv": [6.5, 1, 7.5, 1.5], "texture": "#0"},
				"west": {"uv": [6.25, 1, 6.5, 1.5], "texture": "#0"},
				"up": {"uv": [6.25, 1, 5.25, 0.5], "texture": "#0"},
				"down": {"uv": [7.25, 0.5, 6.25, 1], "texture": "#0"}
			}
		},
		{
			"name": "leg6",
			"from": [19, 13, 9.5],
			"to": [23, 14, 10.5],
			"rotation": {"angle": 45, "axis": "z", "origin": [15, 2, 10]},
			"faces": {
				"north": {"uv": [4.75, 0.5, 5.75, 1], "texture": "#0"},
				"east": {"uv": [4.5, 0.5, 4.75, 1], "texture": "#0"},
				"south": {"uv": [6, 0.5, 7, 1], "texture": "#0"},
				"west": {"uv": [5.75, 0.5, 6, 1], "texture": "#0"},
				"up": {"uv": [5.75, 0.5, 4.75, 0], "texture": "#0"},
				"down": {"uv": [6.75, 0, 5.75, 0.5], "texture": "#0"}
			}
		},
		{
			"name": "leg7",
			"from": [4, 10, 9.5],
			"to": [8, 11, 10.5],
			"rotation": {"angle": -45, "axis": "z", "origin": [15, 2, 10]},
			"faces": {
				"north": {"uv": [5.25, 1, 6.25, 1.5], "texture": "#0"},
				"east": {"uv": [5, 1, 5.25, 1.5], "texture": "#0"},
				"south": {"uv": [6.5, 1, 7.5, 1.5], "texture": "#0"},
				"west": {"uv": [6.25, 1, 6.5, 1.5], "texture": "#0"},
				"up": {"uv": [6.25, 1, 5.25, 0.5], "texture": "#0"},
				"down": {"uv": [7.25, 0.5, 6.25, 1], "texture": "#0"}
			}
		},
		{
			"name": "leg7",
			"from": [12, 14, 7.5],
			"to": [16, 15, 8.5],
			"rotation": {"angle": 45, "axis": "z", "origin": [8, 3, 10]},
			"faces": {
				"north": {"uv": [4.75, 0.5, 5.75, 1], "texture": "#0"},
				"east": {"uv": [4.5, 0.5, 4.75, 1], "texture": "#0"},
				"south": {"uv": [6, 0.5, 7, 1], "texture": "#0"},
				"west": {"uv": [5.75, 0.5, 6, 1], "texture": "#0"},
				"up": {"uv": [5.75, 0.5, 4.75, 0], "texture": "#0"},
				"down": {"uv": [6.75, 0, 5.75, 0.5], "texture": "#0"}
			}
		},
		{
			"name": "leg8",
			"from": [-3, 11, 7.5],
			"to": [1, 12, 8.5],
			"rotation": {"angle": -45, "axis": "z", "origin": [8, 3, 10]},
			"faces": {
				"north": {"uv": [5.25, 0.5, 6.25, 1], "texture": "#0"},
				"east": {"uv": [5, 0.5, 5.25, 1], "texture": "#0"},
				"south": {"uv": [6.5, 0.5, 7.5, 1], "texture": "#0"},
				"west": {"uv": [6.25, 0.5, 6.5, 1], "texture": "#0"},
				"up": {"uv": [6.25, 0.5, 5.25, 0], "texture": "#0"},
				"down": {"uv": [7.25, 0, 6.25, 0.5], "texture": "#0"}
			}
		},
		{
			"name": "leg8",
			"from": [5, 13, 7.5],
			"to": [9, 14, 8.5],
			"rotation": {"angle": 45, "axis": "z", "origin": [1, 2, 10]},
			"faces": {
				"north": {"uv": [4.75, 0.5, 5.75, 1], "texture": "#0"},
				"east": {"uv": [4.5, 0.5, 4.75, 1], "texture": "#0"},
				"south": {"uv": [6, 0.5, 7, 1], "texture": "#0"},
				"west": {"uv": [5.75, 0.5, 6, 1], "texture": "#0"},
				"up": {"uv": [5.75, 0.5, 4.75, 0], "texture": "#0"},
				"down": {"uv": [6.75, 0, 5.75, 0.5], "texture": "#0"}
			}
		},
		{
			"name": "leg9",
			"from": [-10, 10, 7.5],
			"to": [-6, 11, 8.5],
			"rotation": {"angle": -45, "axis": "z", "origin": [1, 2, 10]},
			"faces": {
				"north": {"uv": [5.25, 0.5, 6.25, 1], "texture": "#0"},
				"east": {"uv": [5, 0.5, 5.25, 1], "texture": "#0"},
				"south": {"uv": [6.5, 0.5, 7.5, 1], "texture": "#0"},
				"west": {"uv": [6.25, 0.5, 6.5, 1], "texture": "#0"},
				"up": {"uv": [6.25, 0.5, 5.25, 0], "texture": "#0"},
				"down": {"uv": [7.25, 0, 6.25, 0.5], "texture": "#0"}
			}
		},
		{
			"name": "leg8",
			"from": [19, 13, 7.5],
			"to": [23, 14, 8.5],
			"rotation": {"angle": 45, "axis": "z", "origin": [15, 2, 10]},
			"faces": {
				"north": {"uv": [4.75, 0.5, 5.75, 1], "texture": "#0"},
				"east": {"uv": [4.5, 0.5, 4.75, 1], "texture": "#0"},
				"south": {"uv": [6, 0.5, 7, 1], "texture": "#0"},
				"west": {"uv": [5.75, 0.5, 6, 1], "texture": "#0"},
				"up": {"uv": [5.75, 0.5, 4.75, 0], "texture": "#0"},
				"down": {"uv": [6.75, 0, 5.75, 0.5], "texture": "#0"}
			}
		},
		{
			"name": "leg9",
			"from": [4, 10, 7.5],
			"to": [8, 11, 8.5],
			"rotation": {"angle": -45, "axis": "z", "origin": [15, 2, 10]},
			"faces": {
				"north": {"uv": [5.25, 0.5, 6.25, 1], "texture": "#0"},
				"east": {"uv": [5, 0.5, 5.25, 1], "texture": "#0"},
				"south": {"uv": [6.5, 0.5, 7.5, 1], "texture": "#0"},
				"west": {"uv": [6.25, 0.5, 6.5, 1], "texture": "#0"},
				"up": {"uv": [6.25, 0.5, 5.25, 0], "texture": "#0"},
				"down": {"uv": [7.25, 0, 6.25, 0.5], "texture": "#0"}
			}
		},
		{
			"name": "leg9",
			"from": [12, 14, 5.5],
			"to": [16, 15, 6.5],
			"rotation": {"angle": 45, "axis": "z", "origin": [8, 3, 10]},
			"faces": {
				"north": {"uv": [4.75, 0.5, 5.75, 1], "texture": "#0"},
				"east": {"uv": [4.5, 0.5, 4.75, 1], "texture": "#0"},
				"south": {"uv": [6, 0.5, 7, 1], "texture": "#0"},
				"west": {"uv": [5.75, 0.5, 6, 1], "texture": "#0"},
				"up": {"uv": [5.75, 0.5, 4.75, 0], "texture": "#0"},
				"down": {"uv": [6.75, 0, 5.75, 0.5], "texture": "#0"}
			}
		},
		{
			"name": "leg10",
			"from": [-3, 11, 5.5],
			"to": [1, 12, 6.5],
			"rotation": {"angle": -45, "axis": "z", "origin": [8, 3, 10]},
			"faces": {
				"north": {"uv": [5.25, 1, 6.25, 1.5], "texture": "#0"},
				"east": {"uv": [5, 1, 5.25, 1.5], "texture": "#0"},
				"south": {"uv": [6.5, 1, 7.5, 1.5], "texture": "#0"},
				"west": {"uv": [6.25, 1, 6.5, 1.5], "texture": "#0"},
				"up": {"uv": [6.25, 1, 5.25, 0.5], "texture": "#0"},
				"down": {"uv": [7.25, 0.5, 6.25, 1], "texture": "#0"}
			}
		},
		{
			"name": "leg10",
			"from": [5, 13, 5.5],
			"to": [9, 14, 6.5],
			"rotation": {"angle": 45, "axis": "z", "origin": [1, 2, 10]},
			"faces": {
				"north": {"uv": [4.75, 0.5, 5.75, 1], "texture": "#0"},
				"east": {"uv": [4.5, 0.5, 4.75, 1], "texture": "#0"},
				"south": {"uv": [6, 0.5, 7, 1], "texture": "#0"},
				"west": {"uv": [5.75, 0.5, 6, 1], "texture": "#0"},
				"up": {"uv": [5.75, 0.5, 4.75, 0], "texture": "#0"},
				"down": {"uv": [6.75, 0, 5.75, 0.5], "texture": "#0"}
			}
		},
		{
			"name": "leg11",
			"from": [-10, 10, 5.5],
			"to": [-6, 11, 6.5],
			"rotation": {"angle": -45, "axis": "z", "origin": [1, 2, 10]},
			"faces": {
				"north": {"uv": [5.25, 1, 6.25, 1.5], "texture": "#0"},
				"east": {"uv": [5, 1, 5.25, 1.5], "texture": "#0"},
				"south": {"uv": [6.5, 1, 7.5, 1.5], "texture": "#0"},
				"west": {"uv": [6.25, 1, 6.5, 1.5], "texture": "#0"},
				"up": {"uv": [6.25, 1, 5.25, 0.5], "texture": "#0"},
				"down": {"uv": [7.25, 0.5, 6.25, 1], "texture": "#0"}
			}
		},
		{
			"name": "leg10",
			"from": [19, 13, 5.5],
			"to": [23, 14, 6.5],
			"rotation": {"angle": 45, "axis": "z", "origin": [15, 2, 10]},
			"faces": {
				"north": {"uv": [4.75, 0.5, 5.75, 1], "texture": "#0"},
				"east": {"uv": [4.5, 0.5, 4.75, 1], "texture": "#0"},
				"south": {"uv": [6, 0.5, 7, 1], "texture": "#0"},
				"west": {"uv": [5.75, 0.5, 6, 1], "texture": "#0"},
				"up": {"uv": [5.75, 0.5, 4.75, 0], "texture": "#0"},
				"down": {"uv": [6.75, 0, 5.75, 0.5], "texture": "#0"}
			}
		},
		{
			"name": "leg11",
			"from": [4, 10, 5.5],
			"to": [8, 11, 6.5],
			"rotation": {"angle": -45, "axis": "z", "origin": [15, 2, 10]},
			"faces": {
				"north": {"uv": [5.25, 1, 6.25, 1.5], "texture": "#0"},
				"east": {"uv": [5, 1, 5.25, 1.5], "texture": "#0"},
				"south": {"uv": [6.5, 1, 7.5, 1.5], "texture": "#0"},
				"west": {"uv": [6.25, 1, 6.5, 1.5], "texture": "#0"},
				"up": {"uv": [6.25, 1, 5.25, 0.5], "texture": "#0"},
				"down": {"uv": [7.25, 0.5, 6.25, 1], "texture": "#0"}
			}
		}
	],
	"display": {
		"head": {
			"translation": [4.25, -30, -4.5],
			"scale": [1.2, 1.2, 1.2]
		}
	},
	"groups": [
		{
			"name": "head",
			"origin": [0, 9, -3],
			"color": 0,
			"children": [0, 1, 2]
		},
		{
			"name": "neck",
			"origin": [0, 9, 0],
			"color": 0,
			"children": [3, 4, 5]
		},
		{
			"name": "body",
			"origin": [0, 9, 9],
			"color": 0,
			"children": [6, 7, 8]
		},
		{
			"name": "leg1",
			"origin": [-4, 9, 4],
			"color": 0,
			"children": []
		},
		{
			"name": "leg2",
			"origin": [4, 9, 4],
			"color": 0,
			"children": [9, 10, 11, 12, 13, 14]
		},
		{
			"name": "leg3",
			"origin": [-4, 9, 1],
			"color": 0,
			"children": []
		},
		{
			"name": "leg4",
			"origin": [4, 9, 1],
			"color": 0,
			"children": [15, 16, 17, 18, 19, 20]
		},
		{
			"name": "leg5",
			"origin": [-4, 9, -2],
			"color": 0,
			"children": []
		},
		{
			"name": "leg6",
			"origin": [4, 9, -2],
			"color": 0,
			"children": [21, 22, 23, 24, 25, 26]
		},
		{
			"name": "leg7",
			"origin": [-4, 9, -5],
			"color": 0,
			"children": []
		},
		{
			"name": "leg8",
			"origin": [4, 9, -5],
			"color": 0,
			"children": [27, 28, 29, 30, 31, 32]
		}
	]
}