{
	"credit": "Made with Blockbench",
	"texture_size": [64, 64],
	"parent": "item/model",
	"textures": {
		"0": "item/mini"
	},
	"elements": [
		{
			"from": [5, 0, 4],
			"to": [12, 1, 13],
			"faces": {
				"north": {"uv": [7.25, 3.5, 9, 3.75], "texture": "#0"},
				"east": {"uv": [7.25, 3.75, 9, 4], "texture": "#0"},
				"south": {"uv": [7.25, 4, 9, 4.25], "texture": "#0"},
				"west": {"uv": [6, 7.25, 7.75, 7.5], "texture": "#0"},
				"up": {"uv": [1.75, 1.75, 0, 0], "texture": "#0"},
				"down": {"uv": [1.75, 1.75, 0, 3.5], "texture": "#0"}
			}
		},
		{
			"from": [7, 1, 6],
			"to": [10, 4, 10.5],
			"faces": {
				"north": {"uv": [7, 4.5, 7.75, 5.25], "texture": "#0"},
				"east": {"uv": [7, 5.25, 7.75, 6], "texture": "#0"},
				"south": {"uv": [1.25, 7.25, 2, 8], "texture": "#0"},
				"west": {"uv": [7.25, 1.75, 8, 2.5], "texture": "#0"},
				"up": {"uv": [2.75, 8, 2, 7.25], "texture": "#0"},
				"down": {"uv": [8, 2.5, 7.25, 3.25], "texture": "#0"}
			}
		},
		{
			"from": [6, 4, 4],
			"to": [11, 9, 13],
			"faces": {
				"north": {"uv": [5.25, 0, 6.5, 1.25], "texture": "#0"},
				"east": {"uv": [1.75, 0, 4, 1.25], "texture": "#0"},
				"south": {"uv": [0, 5.75, 1.25, 7], "texture": "#0"},
				"west": {"uv": [1.75, 1.25, 4, 2.5], "texture": "#0"},
				"up": {"uv": [3, 4.75, 1.75, 2.5], "texture": "#0"},
				"down": {"uv": [4.25, 2.5, 3, 4.75], "texture": "#0"}
			}
		},
		{
			"from": [6.25, 9, 4.25],
			"to": [10.75, 9.5, 12.75],
			"faces": {
				"north": {"uv": [7.5, 6.5, 8.75, 6.75], "texture": "#0"},
				"east": {"uv": [2.75, 7.25, 5, 7.5], "texture": "#0"},
				"south": {"uv": [7.5, 6.75, 8.75, 7], "texture": "#0"},
				"west": {"uv": [7.25, 3.25, 9.5, 3.5], "texture": "#0"},
				"up": {"uv": [1.25, 5.75, 0, 3.5], "texture": "#0"},
				"down": {"uv": [5.25, 0, 4, 2.25], "texture": "#0"}
			}
		},
		{
			"from": [10.75, 4.25, 4.25],
			"to": [11.25, 8.75, 12.75],
			"faces": {
				"north": {"uv": [7.25, 7.5, 7.5, 8.75], "texture": "#0"},
				"east": {"uv": [4.25, 2.75, 6.5, 3.5], "texture": "#0"},
				"south": {"uv": [7.5, 7.5, 7.75, 8.75], "texture": "#0"},
				"west": {"uv": [4.25, 3.5, 6.5, 4.75], "texture": "#0"},
				"up": {"uv": [5.25, 9.5, 5, 7.25], "texture": "#0"},
				"down": {"uv": [5.5, 7.25, 5.25, 9.5], "texture": "#0"}
			}
		},
		{
			"from": [5.75, 4.25, 4.25],
			"to": [6.25, 8.75, 12.75],
			"faces": {
				"north": {"uv": [3.25, 7.75, 3.5, 9], "texture": "#0"},
				"east": {"uv": [1.25, 4.75, 3.5, 6], "texture": "#0"},
				"south": {"uv": [3.5, 7.75, 3.75, 9], "texture": "#0"},
				"west": {"uv": [4.25, 2.25, 6.5, 3.5], "texture": "#0"},
				"up": {"uv": [5.75, 9.5, 5.5, 7.25], "texture": "#0"},
				"down": {"uv": [6, 7.25, 5.75, 9.5], "texture": "#0"}
			}
		},
		{
			"from": [9, 7, 13],
			"to": [10, 8, 23],
			"faces": {
				"north": {"uv": [3.75, 7.75, 4, 8], "texture": "#0"},
				"east": {"uv": [6.5, 1, 9, 1.25], "texture": "#0"},
				"south": {"uv": [4, 7.75, 4.25, 8], "texture": "#0"},
				"west": {"uv": [6.5, 4.25, 9, 4.5], "texture": "#0"},
				"up": {"uv": [1.25, 9.5, 1, 7], "texture": "#0"},
				"down": {"uv": [7.25, 1.75, 7, 4.25], "texture": "#0"}
			}
		},
		{
			"from": [7, 5, 13],
			"to": [8, 6, 23],
			"faces": {
				"north": {"uv": [3.75, 7.75, 4, 8], "texture": "#0"},
				"east": {"uv": [6.5, 1, 9, 1.25], "texture": "#0"},
				"south": {"uv": [4, 7.75, 4.25, 8], "texture": "#0"},
				"west": {"uv": [6.5, 4.25, 9, 4.5], "texture": "#0"},
				"up": {"uv": [1.25, 9.5, 1, 7], "texture": "#0"},
				"down": {"uv": [7.25, 1.75, 7, 4.25], "texture": "#0"}
			}
		},
		{
			"from": [9, 5, 13],
			"to": [10, 6, 23],
			"faces": {
				"north": {"uv": [3.75, 7.75, 4, 8], "texture": "#0"},
				"east": {"uv": [6.5, 1, 9, 1.25], "texture": "#0"},
				"south": {"uv": [4, 7.75, 4.25, 8], "texture": "#0"},
				"west": {"uv": [6.5, 4.25, 9, 4.5], "texture": "#0"},
				"up": {"uv": [1.25, 9.5, 1, 7], "texture": "#0"},
				"down": {"uv": [7.25, 1.75, 7, 4.25], "texture": "#0"}
			}
		},
		{
			"from": [7, 7, 13],
			"to": [8, 8, 23],
			"faces": {
				"north": {"uv": [3.75, 7.75, 4, 8], "texture": "#0"},
				"east": {"uv": [6.5, 1, 9, 1.25], "texture": "#0"},
				"south": {"uv": [4, 7.75, 4.25, 8], "texture": "#0"},
				"west": {"uv": [6.5, 4.25, 9, 4.5], "texture": "#0"},
				"up": {"uv": [1.25, 9.5, 1, 7], "texture": "#0"},
				"down": {"uv": [7.25, 1.75, 7, 4.25], "texture": "#0"}
			}
		},
		{
			"from": [6.25, 4.25, 15],
			"to": [10.75, 8.75, 16],
			"faces": {
				"north": {"uv": [13.5, 13, 14.75, 11.75], "texture": "#0"},
				"east": {"uv": [13.5, 13, 14.75, 11.75], "texture": "#0"},
				"south": {"uv": [13.5, 13, 14.75, 11.75], "texture": "#0"},
				"west": {"uv": [13.5, 13, 14.75, 11.75], "texture": "#0"},
				"up": {"uv": [14.75, 11.75, 13.5, 13], "texture": "#0"},
				"down": {"uv": [14.75, 13, 13.5, 11.75], "texture": "#0"}
			}
		},
		{
			"from": [6.25, 4.25, 18],
			"to": [10.75, 8.75, 19],
			"faces": {
				"north": {"uv": [13.5, 13, 14.75, 11.75], "texture": "#0"},
				"east": {"uv": [13.5, 13, 14.75, 11.75], "texture": "#0"},
				"south": {"uv": [13.5, 13, 14.75, 11.75], "texture": "#0"},
				"west": {"uv": [13.5, 13, 14.75, 11.75], "texture": "#0"},
				"up": {"uv": [14.75, 11.75, 13.5, 13], "texture": "#0"},
				"down": {"uv": [14.75, 13, 13.5, 11.75], "texture": "#0"}
			}
		},
		{
			"from": [6.25, 4.25, 21],
			"to": [10.75, 8.75, 22],
			"faces": {
				"north": {"uv": [13.5, 13, 14.75, 11.75], "texture": "#0"},
				"east": {"uv": [13.5, 13, 14.75, 11.75], "texture": "#0"},
				"south": {"uv": [13.5, 13, 14.75, 11.75], "texture": "#0"},
				"west": {"uv": [13.5, 13, 14.75, 11.75], "texture": "#0"},
				"up": {"uv": [14.75, 11.75, 13.5, 13], "texture": "#0"},
				"down": {"uv": [14.75, 13, 13.5, 11.75], "texture": "#0"}
			}
		}
	],
	"display": {
		"head": {
			"rotation": [0, -180, 0],
			"translation": [-2, 1, 0],
			"scale": [4, 4, 4]
		}
	}
}