{
    "parent": "item/generated",
    "textures": {
        "layer0": "item/nether_brick"
    },

    "overrides": [
  		{ "predicate": {"custom_model_data": 1}, "model": "item/giant_zombie"},
  		{ "predicate": {"custom_model_data": 2}, "model": "item/giant_zombie_w1"},
  		{ "predicate": {"custom_model_data": 3}, "model": "item/giant_zombie_w2"},
  		{ "predicate": {"custom_model_data": 4}, "model": "item/giant_zombie_w3"},
  		{ "predicate": {"custom_model_data": 5}, "model": "item/giant_zombie_w4"},
  		{ "predicate": {"custom_model_data": 6}, "model": "item/giant_zombie_w5"},
  		{ "predicate": {"custom_model_data": 7}, "model": "item/giant_zombie_w6"},
                { "predicate": {"custom_model_data": 8}, "model": "item/giant_zombie_a1"},
                { "predicate": {"custom_model_data": 9}, "model": "item/giant_zombie_a2"},
                { "predicate": {"custom_model_data": 10}, "model": "item/giant_zombie_a3"},
                { "predicate": {"custom_model_data": 11}, "model": "item/giant_zombie_red"},
                { "predicate": {"custom_model_data": 12}, "model": "item/giant_zombie_a4"},
                { "predicate": {"custom_model_data": 13}, "model": "item/giant_zombie_a5"},
                { "predicate": {"custom_model_data": 14}, "model": "item/giant_zombie_a6"},
                { "predicate": {"custom_model_data": 15}, "model": "item/giant_zombie_a7"},
                { "predicate": {"custom_model_data": 16}, "model": "item/skeletonw"},
                { "predicate": {"custom_model_data": 17}, "model": "item/skeletonw1"},
                { "predicate": {"custom_model_data": 18}, "model": "item/minispider"},
                { "predicate": {"custom_model_data": 19}, "model": "item/spider1"},
                { "predicate": {"custom_model_data": 20}, "model": "item/cobweb1"}


 ]
}
