{
	"credit": "Made with Blockbench",
	"parent": "item/model",
	"textures": {
		"0": "item/gunmodel",
		"1": "item/gunmodel_copy",
		"2": "item/gunmodel_copy2",
		"3": "item/gunmodel_copy3",
		"4": "item/gunmodel_copy4",
		"5": "item/gunmodel_copy5",
		"6": "item/gunmodel_copy6",
		"7": "item/gunmodel_copy7"
	},
	"elements": [
		{
			"from": [5.25, 10, 5.25],
			"to": [11.75, 11.5, 6.75],
			"faces": {
				"north": {"uv": [16, 4, 0, 12], "texture": "#0"},
				"east": {"uv": [4, 4, 12, 12], "texture": "#3"},
				"south": {"uv": [0, 4, 16, 12], "texture": "#0"},
				"west": {"uv": [4, 4, 12, 12], "texture": "#2"},
				"up": {"uv": [0, 4, 16, 12], "texture": "#1"},
				"down": {"uv": [0, 11, 16, 16], "texture": "#1"}
			}
		},
		{
			"from": [5.6, 11.5, 5.85],
			"to": [5.9, 11.8, 6.15],
			"faces": {
				"north": {"uv": [8, 8, 9, 9], "texture": "#4"},
				"east": {"uv": [8, 8, 9, 9], "texture": "#4"},
				"south": {"uv": [8, 8, 9, 9], "texture": "#4"},
				"west": {"uv": [8, 8, 9, 9], "texture": "#4"},
				"up": {"uv": [8, 8, 9, 9], "texture": "#4"},
				"down": {"uv": [8, 8, 9, 9], "texture": "#4"}
			}
		},
		{
			"from": [10, 9, 5.45],
			"to": [11.5, 10, 6.6],
			"faces": {
				"north": {"uv": [16, 4, 0, 12], "rotation": 90, "texture": "#5"},
				"east": {"uv": [0, 8, 16, 16], "rotation": 270, "texture": "#6"},
				"south": {"uv": [0, 4, 16, 12], "rotation": 270, "texture": "#5"},
				"west": {"uv": [0, 0, 16, 8], "rotation": 270, "texture": "#6"},
				"up": {"uv": [0, 4, 16, 12], "rotation": 270, "texture": "#5"},
				"down": {"uv": [0, 4, 16, 12], "rotation": 270, "texture": "#5"}
			}
		},
		{
			"from": [10.2, 7.75, 5.45],
			"to": [11.9, 9, 6.6],
			"faces": {
				"north": {"uv": [16, 4, 0, 12], "texture": "#7"},
				"east": {"uv": [0, 12, 16, 16], "texture": "#2"},
				"south": {"uv": [0, 4, 16, 12], "texture": "#7"},
				"west": {"uv": [0, 12, 16, 16], "texture": "#7"},
				"up": {"uv": [0, 4, 16, 11.5], "texture": "#7"},
				"down": {"uv": [0, 11.5, 16, 16], "texture": "#7"}
			}
		},
		{
			"from": [11.5, 9, 5.45],
			"to": [11.7, 9.6, 6.6],
			"faces": {
				"north": {"uv": [5, 6, 11, 10], "texture": "#4"},
				"east": {"uv": [0, 12, 16, 16], "texture": "#4"},
				"south": {"uv": [5, 6, 11, 10], "texture": "#4"},
				"west": {"uv": [0, 12, 16, 16], "texture": "#4"},
				"up": {"uv": [0, 12, 16, 16], "rotation": 90, "texture": "#4"},
				"down": {"uv": [0, 12, 16, 16], "texture": "#4"}
			}
		},
		{
			"from": [11.1, 11.5, 5.85],
			"to": [11.4, 11.8, 6.15],
			"faces": {
				"north": {"uv": [8, 8, 9, 9], "texture": "#4"},
				"east": {"uv": [8, 8, 9, 9], "texture": "#4"},
				"south": {"uv": [8, 8, 9, 9], "texture": "#4"},
				"west": {"uv": [8, 8, 9, 9], "texture": "#4"},
				"up": {"uv": [8, 8, 9, 9], "texture": "#4"},
				"down": {"uv": [8, 8, 9, 9], "texture": "#4"}
			}
		},
		{
			"from": [9, 9.3, 5.8],
			"to": [9.2, 10.1, 6.2],
			"faces": {
				"north": {"uv": [4, 4, 5, 5], "texture": "#2"},
				"east": {"uv": [4, 4, 5, 5], "texture": "#2"},
				"south": {"uv": [4, 4, 5, 5], "texture": "#2"},
				"west": {"uv": [4, 4, 5, 5], "texture": "#2"},
				"up": {"uv": [4, 4, 5, 5], "texture": "#2"},
				"down": {"uv": [4, 4, 5, 5], "texture": "#2"}
			}
		},
		{
			"from": [9.2, 9.3, 5.8],
			"to": [10.1, 9.5, 6.2],
			"faces": {
				"north": {"uv": [4, 4, 5, 5], "texture": "#2"},
				"east": {"uv": [4, 4, 5, 5], "texture": "#2"},
				"south": {"uv": [4, 4, 5, 5], "texture": "#2"},
				"west": {"uv": [4, 4, 5, 5], "texture": "#2"},
				"up": {"uv": [4, 4, 5, 5], "texture": "#2"},
				"down": {"uv": [4, 4, 5, 5], "texture": "#2"}
			}
		},
		{
			"from": [9.65, 9.6, 5.8],
			"to": [9.85, 10.1, 6.2],
			"faces": {
				"north": {"uv": [4, 4, 5, 5], "texture": "#2"},
				"east": {"uv": [4, 4, 5, 5], "texture": "#2"},
				"south": {"uv": [4, 4, 5, 5], "texture": "#2"},
				"west": {"uv": [4, 4, 5, 5], "texture": "#2"},
				"up": {"uv": [4, 4, 5, 5], "texture": "#2"},
				"down": {"uv": [4, 4, 5, 5], "texture": "#2"}
			}
		},
		{
			"from": [10.7, 5.3, 5.8],
			"to": [11.5, 6.8, 6.3],
			"faces": {
				"north": {"uv": [4, 4, 5, 5], "texture": "#2"},
				"east": {"uv": [4, 4, 5, 5], "texture": "#2"},
				"south": {"uv": [4, 4, 5, 5], "texture": "#2"},
				"west": {"uv": [4, 4, 5, 5], "texture": "#2"},
				"up": {"uv": [4, 4, 5, 5], "texture": "#2"},
				"down": {"uv": [4, 4, 5, 5], "texture": "#2"}
			}
		},
		{
			"from": [5.25, 10, 5.25],
			"to": [11.75, 11.5, 6.75],
			"faces": {
				"north": {"uv": [16, 4, 0, 12], "texture": "#0"},
				"east": {"uv": [4, 4, 12, 12], "texture": "#3"},
				"south": {"uv": [0, 4, 16, 12], "texture": "#0"},
				"west": {"uv": [4, 4, 12, 12], "texture": "#2"},
				"up": {"uv": [0, 4, 16, 12], "texture": "#1"},
				"down": {"uv": [0, 11, 16, 16], "texture": "#1"}
			}
		},
		{
			"from": [5.6, 11.5, 5.85],
			"to": [5.9, 11.8, 6.15],
			"faces": {
				"north": {"uv": [8, 8, 9, 9], "texture": "#4"},
				"east": {"uv": [8, 8, 9, 9], "texture": "#4"},
				"south": {"uv": [8, 8, 9, 9], "texture": "#4"},
				"west": {"uv": [8, 8, 9, 9], "texture": "#4"},
				"up": {"uv": [8, 8, 9, 9], "texture": "#4"},
				"down": {"uv": [8, 8, 9, 9], "texture": "#4"}
			}
		},
		{
			"from": [11.1, 11.5, 5.85],
			"to": [11.4, 11.8, 6.15],
			"faces": {
				"north": {"uv": [8, 8, 9, 9], "texture": "#4"},
				"east": {"uv": [8, 8, 9, 9], "texture": "#4"},
				"south": {"uv": [8, 8, 9, 9], "texture": "#4"},
				"west": {"uv": [8, 8, 9, 9], "texture": "#4"},
				"up": {"uv": [8, 8, 9, 9], "texture": "#4"},
				"down": {"uv": [8, 8, 9, 9], "texture": "#4"}
			}
		},
		{
			"from": [10, 9, 5.45],
			"to": [11.5, 10, 6.6],
			"faces": {
				"north": {"uv": [16, 4, 0, 12], "rotation": 90, "texture": "#5"},
				"east": {"uv": [0, 8, 16, 16], "rotation": 270, "texture": "#6"},
				"south": {"uv": [0, 4, 16, 12], "rotation": 270, "texture": "#5"},
				"west": {"uv": [0, 0, 16, 8], "rotation": 270, "texture": "#6"},
				"up": {"uv": [0, 4, 16, 12], "rotation": 270, "texture": "#5"},
				"down": {"uv": [0, 4, 16, 12], "rotation": 270, "texture": "#5"}
			}
		},
		{
			"from": [10.2, 7.75, 5.45],
			"to": [11.9, 9, 6.6],
			"faces": {
				"north": {"uv": [16, 4, 0, 12], "texture": "#7"},
				"east": {"uv": [0, 12, 16, 16], "texture": "#2"},
				"south": {"uv": [0, 4, 16, 12], "texture": "#7"},
				"west": {"uv": [0, 12, 16, 16], "texture": "#7"},
				"up": {"uv": [0, 4, 16, 11.5], "texture": "#7"},
				"down": {"uv": [0, 11.5, 16, 16], "texture": "#7"}
			}
		},
		{
			"from": [11.5, 9, 5.45],
			"to": [11.7, 9.6, 6.6],
			"faces": {
				"north": {"uv": [5, 6, 11, 10], "texture": "#4"},
				"east": {"uv": [0, 12, 16, 16], "texture": "#4"},
				"south": {"uv": [5, 6, 11, 10], "texture": "#4"},
				"west": {"uv": [0, 12, 16, 16], "texture": "#4"},
				"up": {"uv": [0, 12, 16, 16], "rotation": 90, "texture": "#4"},
				"down": {"uv": [0, 12, 16, 16], "texture": "#4"}
			}
		},
		{
			"from": [9, 9.3, 5.8],
			"to": [9.2, 10.1, 6.2],
			"faces": {
				"north": {"uv": [4, 4, 5, 5], "texture": "#2"},
				"east": {"uv": [4, 4, 5, 5], "texture": "#2"},
				"south": {"uv": [4, 4, 5, 5], "texture": "#2"},
				"west": {"uv": [4, 4, 5, 5], "texture": "#2"},
				"up": {"uv": [4, 4, 5, 5], "texture": "#2"},
				"down": {"uv": [4, 4, 5, 5], "texture": "#2"}
			}
		},
		{
			"from": [9.65, 9.6, 5.8],
			"to": [9.85, 10.1, 6.2],
			"faces": {
				"north": {"uv": [4, 4, 5, 5], "texture": "#2"},
				"east": {"uv": [4, 4, 5, 5], "texture": "#2"},
				"south": {"uv": [4, 4, 5, 5], "texture": "#2"},
				"west": {"uv": [4, 4, 5, 5], "texture": "#2"},
				"up": {"uv": [4, 4, 5, 5], "texture": "#2"},
				"down": {"uv": [4, 4, 5, 5], "texture": "#2"}
			}
		},
		{
			"from": [9.2, 9.3, 5.8],
			"to": [10.1, 9.5, 6.2],
			"faces": {
				"north": {"uv": [4, 4, 5, 5], "texture": "#2"},
				"east": {"uv": [4, 4, 5, 5], "texture": "#2"},
				"south": {"uv": [4, 4, 5, 5], "texture": "#2"},
				"west": {"uv": [4, 4, 5, 5], "texture": "#2"},
				"up": {"uv": [4, 4, 5, 5], "texture": "#2"},
				"down": {"uv": [4, 4, 5, 5], "texture": "#2"}
			}
		}
	],
	"display": {
		"thirdperson_righthand": {
			"rotation": [24, -119, 5],
			"translation": [-2.75, -1.25, -4.25],
			"scale": [1.25, 1.25, 1.25]
		},
		"thirdperson_lefthand": {
			"rotation": [0, 90, 0],
			"translation": [2.25, -1.75, -1.75]
		},
		"firstperson_righthand": {
			"rotation": [-57, -29, -43],
			"translation": [-5.5, 13.75, 1.5],
			"scale": [1.35, 1.35, 1.35]
		},
		"firstperson_lefthand": {
			"rotation": [-1, 83, -1],
			"translation": [0, 2, 2.25]
		},
		"ground": {
			"rotation": [90, 0, 0],
			"translation": [-4.5, -5.25, 2]
		},
		"gui": {
			"translation": [0, -3, 0],
			"scale": [1.88, 1.88, 1.86]
		},
		"head": {
			"rotation": [0, -90, 0],
			"translation": [9.75, -8.75, -18]
		},
		"fixed": {
			"translation": [-3.5, -3.5, 1.75],
			"scale": [2.19, 2.19, 2.19]
		}
	}
}