{
	"credit": "Made with Blockbench",
	"texture_size": [32, 32],
	"parent": "item/model",
	"textures": {
		"0": "item/skeleton",
		"1": "item/bowimage",
		"2": "item/sword"
	},
	"elements": [
		{
			"from": [6, 5, 7.25],
			"to": [10, 10, 11.65],
			"faces": {
				"north": {"uv": [5, 5, 7, 8], "texture": "#0"},
				"east": {"uv": [7, 5, 8, 8], "texture": "#0"},
				"south": {"uv": [5, 8, 7, 11], "texture": "#0"},
				"west": {"uv": [7, 5, 8, 8], "texture": "#0"},
				"up": {"uv": [5, 4, 7, 5], "texture": "#0"},
				"down": {"uv": [7, 8, 8, 9], "texture": "#0"}
			}
		},
		{
			"from": [3.35, 8, 8.35],
			"to": [5.95, 10, 10.85],
			"faces": {
				"north": {"uv": [0.25, 7.5, 2.25, 9.5], "texture": "#0"},
				"east": {"uv": [2.25, 7.5, 0.25, 9.5], "texture": "#0"},
				"south": {"uv": [0.25, 7.5, 2.25, 9.5], "texture": "#0"},
				"west": {"uv": [2.25, 7.5, 0.25, 9.5], "texture": "#0"},
				"up": {"uv": [0.25, 9.5, 2.25, 11.5], "texture": "#0"},
				"down": {"uv": [2.25, 9.5, 4.25, 11.5], "texture": "#0"}
			}
		},
		{
			"from": [10, 8, 8.35],
			"to": [12.6, 10, 10.85],
			"faces": {
				"north": {"uv": [0.25, 7.5, 2.25, 9.5], "texture": "#0"},
				"east": {"uv": [2.25, 7.5, 0.25, 9.5], "texture": "#0"},
				"south": {"uv": [0.25, 7.5, 2.25, 9.5], "texture": "#0"},
				"west": {"uv": [2.25, 7.5, 0.25, 9.5], "texture": "#0"},
				"up": {"uv": [0.25, 9.5, 2.25, 11.5], "texture": "#0"},
				"down": {"uv": [4.25, 9.5, 2.25, 11.5], "texture": "#0"}
			}
		},
		{
			"from": [6.125, 2, 7.5],
			"to": [9.875, 5, 11.5],
			"faces": {
				"north": {"uv": [0.25, 11.5, 4.75, 16], "texture": "#0"},
				"east": {"uv": [0.25, 11.5, 4.75, 16], "texture": "#0"},
				"south": {"uv": [0.25, 11.5, 4.75, 16], "texture": "#0"},
				"west": {"uv": [0.25, 11.5, 4.75, 16], "texture": "#0"},
				"up": {"uv": [8, 11, 8.5, 11.5], "texture": "#0"},
				"down": {"uv": [4.75, 11.5, 9.25, 16], "texture": "#0"}
			}
		},
		{
			"from": [6, 10.35, 7.875],
			"to": [10, 13.1, 11.125],
			"faces": {
				"north": {"uv": [10, 2, 12.5, 4.5], "texture": "#0"},
				"east": {"uv": [15, 4.5, 12.5, 7], "texture": "#0"},
				"south": {"uv": [12.5, 2, 15, 4.5], "texture": "#0"},
				"west": {"uv": [12.5, 4.5, 15, 7], "texture": "#0"},
				"up": {"uv": [10, 4.5, 12.5, 7], "texture": "#0"},
				"down": {"uv": [12.5, 7, 15, 9.5], "texture": "#0"}
			}
		},
		{
			"from": [7.3, 13.1, 7.875],
			"to": [8.7, 14.5, 11.125],
			"faces": {
				"north": {"uv": [10, 7, 12.5, 9.5], "texture": "#0"},
				"east": {"uv": [10, 9.75, 12.5, 12.25], "texture": "#0"},
				"south": {"uv": [10, 12.5, 12.5, 15], "texture": "#0"},
				"west": {"uv": [10, 9.5, 12.5, 12], "texture": "#0"},
				"up": {"uv": [12.5, 9.75, 15, 12.25], "texture": "#0"},
				"down": {"uv": [12.5, 7.25, 15, 9.75], "texture": "#0"}
			}
		},
		{
			"from": [6.3, 13.1, 7.875],
			"to": [7.3, 14.1, 11.125],
			"faces": {
				"north": {"uv": [10.75, 10.25, 11.75, 11.25], "texture": "#0"},
				"east": {"uv": [10.75, 10.25, 11.75, 11.25], "texture": "#0"},
				"south": {"uv": [10.75, 10.25, 11.75, 11.25], "texture": "#0"},
				"west": {"uv": [10.75, 10.25, 11.75, 11.25], "texture": "#0"},
				"up": {"uv": [10.75, 10.25, 11.75, 11.25], "texture": "#0"},
				"down": {"uv": [10.75, 10.25, 11.75, 11.25], "texture": "#0"}
			}
		},
		{
			"from": [8.7, 13.1, 7.875],
			"to": [9.7, 14.1, 11.125],
			"faces": {
				"north": {"uv": [10.75, 10.25, 11.75, 11.25], "texture": "#0"},
				"east": {"uv": [10.75, 10.25, 11.75, 11.25], "texture": "#0"},
				"south": {"uv": [10.75, 10.25, 11.75, 11.25], "texture": "#0"},
				"west": {"uv": [10.75, 10.25, 11.75, 11.25], "texture": "#0"},
				"up": {"uv": [10.75, 10.25, 11.75, 11.25], "texture": "#0"},
				"down": {"uv": [10.75, 10.25, 11.75, 11.25], "texture": "#0"}
			}
		},
		{
			"from": [7.55, 14.49, 7.875],
			"to": [8.45, 15.09, 11.125],
			"faces": {
				"north": {"uv": [8.25, 7, 9.75, 9], "texture": "#0"},
				"east": {"uv": [8.25, 7, 9.75, 9], "texture": "#0"},
				"south": {"uv": [8.25, 7, 9.75, 9], "texture": "#0"},
				"west": {"uv": [8.25, 7, 9.75, 9], "texture": "#0"},
				"up": {"uv": [8.25, 7, 9.75, 7.5], "texture": "#0"},
				"down": {"uv": [10.5, 7, 12, 9.5], "texture": "#0"}
			}
		},
		{
			"from": [8, -2, 11.7],
			"to": [13, 3, 11.8],
			"rotation": {"angle": 45, "axis": "z", "origin": [0, 0, 0]},
			"faces": {
				"north": {"uv": [0, 0, 16, 16], "rotation": 90, "texture": "#2"},
				"east": {"uv": [0, 0, 0.5, 0.5], "texture": "#1"},
				"south": {"uv": [0, 0, 16, 16], "rotation": 180, "texture": "#2"},
				"west": {"uv": [0, 0, 0.5, 0.5], "texture": "#1"},
				"up": {"uv": [0, 0, 0.5, 0.5], "texture": "#1"},
				"down": {"uv": [0, 0, 0.5, 0.5], "texture": "#1"}
			}
		},
		{
			"from": [9, 5.3, 11.7],
			"to": [10, 10.3, 12.7],
			"faces": {
				"north": {"uv": [10.5, 10.25, 12, 12.5], "texture": "#0"},
				"east": {"uv": [10.5, 10.25, 12, 12.5], "texture": "#0"},
				"south": {"uv": [10.5, 10.25, 12, 12.5], "texture": "#0"},
				"west": {"uv": [10.5, 10.25, 12, 12.5], "texture": "#0"},
				"up": {"uv": [12.75, 12.75, 14.25, 14.25], "texture": "#0"},
				"down": {"uv": [10.5, 11.25, 11.75, 12.5], "texture": "#0"}
			}
		}
	],
	"display": {
		"head": {
			"translation": [0, -13, -6],
			"scale": [4, 4, 4]
		}
	}
}