{
	"credit": "Made with Blockbench",
	"parent": "item/model",
	"textures": {
		"0": "item/spider"
	},
	"elements": [
		{
			"name": "head",
			"from": [6.5, 0.5, 2.5],
			"to": [9.5, 3.5, 5.5],
			"rotation": {"angle": 0, "axis": "y", "origin": [8, -11, 8]},
			"faces": {
				"north": {"uv": [10, 6, 12, 10], "texture": "#0"},
				"east": {"uv": [8, 6, 10, 10], "texture": "#0"},
				"south": {"uv": [14, 6, 16, 10], "texture": "#0"},
				"west": {"uv": [12, 6, 14, 10], "texture": "#0"},
				"up": {"uv": [12, 6, 10, 2], "texture": "#0"},
				"down": {"uv": [14, 2, 12, 6], "texture": "#0"}
			}
		},
		{
			"name": "neck",
			"from": [6.9, 0.9, 4.9],
			"to": [9.1, 3.1, 7.1],
			"rotation": {"angle": 0, "axis": "y", "origin": [8, -11, 8]},
			"faces": {
				"north": {"uv": [1.5, 3, 3, 6], "texture": "#0"},
				"east": {"uv": [0, 3, 1.5, 6], "texture": "#0"},
				"south": {"uv": [4.5, 3, 6, 6], "texture": "#0"},
				"west": {"uv": [3, 3, 4.5, 6], "texture": "#0"},
				"up": {"uv": [3, 3, 1.5, 0], "texture": "#0"},
				"down": {"uv": [4.5, 0, 3, 3], "texture": "#0"}
			}
		},
		{
			"name": "body",
			"from": [5.9, 0.4, 6.9],
			"to": [10.1, 3.6, 13.1],
			"rotation": {"angle": 0, "axis": "y", "origin": [8, -3, 8]},
			"faces": {
				"north": {"uv": [3, 12, 5.5, 16.5], "texture": "#0"},
				"east": {"uv": [0, 12, 3, 16.5], "texture": "#0"},
				"south": {"uv": [8.5, 12, 11, 16.5], "texture": "#0"},
				"west": {"uv": [5.5, 12, 8.5, 16.5], "texture": "#0"},
				"up": {"uv": [5.5, 12, 3, 6], "texture": "#0"},
				"down": {"uv": [8, 6, 5.5, 12], "texture": "#0"}
			}
		},
		{
			"name": "leg3",
			"from": [14, 0, 9.5],
			"to": [18, 1, 10.5],
			"rotation": {"angle": 45, "axis": "z", "origin": [10, -11, 8]},
			"faces": {
				"north": {"uv": [4.75, 0.5, 5.75, 1], "texture": "#0"},
				"east": {"uv": [4.5, 0.5, 4.75, 1], "texture": "#0"},
				"south": {"uv": [6, 0.5, 7, 1], "texture": "#0"},
				"west": {"uv": [5.75, 0.5, 6, 1], "texture": "#0"},
				"up": {"uv": [5.75, 0.5, 4.75, 0], "texture": "#0"},
				"down": {"uv": [6.75, 0, 5.75, 0.5], "texture": "#0"}
			}
		},
		{
			"name": "leg4",
			"from": [-1, -3, 9.5],
			"to": [3, -2, 10.5],
			"rotation": {"angle": -45, "axis": "z", "origin": [10, -11, 8]},
			"faces": {
				"north": {"uv": [5.25, 1, 6.25, 1.5], "texture": "#0"},
				"east": {"uv": [5, 1, 5.25, 1.5], "texture": "#0"},
				"south": {"uv": [6.5, 1, 7.5, 1.5], "texture": "#0"},
				"west": {"uv": [6.25, 1, 6.5, 1.5], "texture": "#0"},
				"up": {"uv": [6.25, 1, 5.25, 0.5], "texture": "#0"},
				"down": {"uv": [7.25, 0.5, 6.25, 1], "texture": "#0"}
			}
		},
		{
			"name": "leg5",
			"from": [14, 0, 7.5],
			"to": [18, 1, 8.5],
			"rotation": {"angle": 45, "axis": "z", "origin": [10, -11, 8]},
			"faces": {
				"north": {"uv": [4.75, 0.5, 5.75, 1], "texture": "#0"},
				"east": {"uv": [4.5, 0.5, 4.75, 1], "texture": "#0"},
				"south": {"uv": [6, 0.5, 7, 1], "texture": "#0"},
				"west": {"uv": [5.75, 0.5, 6, 1], "texture": "#0"},
				"up": {"uv": [5.75, 0.5, 4.75, 0], "texture": "#0"},
				"down": {"uv": [6.75, 0, 5.75, 0.5], "texture": "#0"}
			}
		},
		{
			"name": "leg6",
			"from": [-1, -3, 7.5],
			"to": [3, -2, 8.5],
			"rotation": {"angle": -45, "axis": "z", "origin": [10, -11, 8]},
			"faces": {
				"north": {"uv": [5.25, 1, 6.25, 1.5], "texture": "#0"},
				"east": {"uv": [5, 1, 5.25, 1.5], "texture": "#0"},
				"south": {"uv": [6.5, 1, 7.5, 1.5], "texture": "#0"},
				"west": {"uv": [6.25, 1, 6.5, 1.5], "texture": "#0"},
				"up": {"uv": [6.25, 1, 5.25, 0.5], "texture": "#0"},
				"down": {"uv": [7.25, 0.5, 6.25, 1], "texture": "#0"}
			}
		},
		{
			"name": "leg7",
			"from": [14, 0, 5.5],
			"to": [18, 1, 6.5],
			"rotation": {"angle": 45, "axis": "z", "origin": [10, -11, 8]},
			"faces": {
				"north": {"uv": [4.75, 0.5, 5.75, 1], "texture": "#0"},
				"east": {"uv": [4.5, 0.5, 4.75, 1], "texture": "#0"},
				"south": {"uv": [6, 0.5, 7, 1], "texture": "#0"},
				"west": {"uv": [5.75, 0.5, 6, 1], "texture": "#0"},
				"up": {"uv": [5.75, 0.5, 4.75, 0], "texture": "#0"},
				"down": {"uv": [6.75, 0, 5.75, 0.5], "texture": "#0"}
			}
		},
		{
			"name": "leg8",
			"from": [-1, -3, 5.5],
			"to": [3, -2, 6.5],
			"rotation": {"angle": -45, "axis": "z", "origin": [10, -11, 8]},
			"faces": {
				"north": {"uv": [5.25, 0.5, 6.25, 1], "texture": "#0"},
				"east": {"uv": [5, 0.5, 5.25, 1], "texture": "#0"},
				"south": {"uv": [6.5, 0.5, 7.5, 1], "texture": "#0"},
				"west": {"uv": [6.25, 0.5, 6.5, 1], "texture": "#0"},
				"up": {"uv": [6.25, 0.5, 5.25, 0], "texture": "#0"},
				"down": {"uv": [7.25, 0, 6.25, 0.5], "texture": "#0"}
			}
		},
		{
			"name": "leg9",
			"from": [14, 0, 3.5],
			"to": [18, 1, 4.5],
			"rotation": {"angle": 45, "axis": "z", "origin": [10, -11, 8]},
			"faces": {
				"north": {"uv": [4.75, 0.5, 5.75, 1], "texture": "#0"},
				"east": {"uv": [4.5, 0.5, 4.75, 1], "texture": "#0"},
				"south": {"uv": [6, 0.5, 7, 1], "texture": "#0"},
				"west": {"uv": [5.75, 0.5, 6, 1], "texture": "#0"},
				"up": {"uv": [5.75, 0.5, 4.75, 0], "texture": "#0"},
				"down": {"uv": [6.75, 0, 5.75, 0.5], "texture": "#0"}
			}
		},
		{
			"name": "leg10",
			"from": [-1, -3, 3.5],
			"to": [3, -2, 4.5],
			"rotation": {"angle": -45, "axis": "z", "origin": [10, -11, 8]},
			"faces": {
				"north": {"uv": [5.25, 1, 6.25, 1.5], "texture": "#0"},
				"east": {"uv": [5, 1, 5.25, 1.5], "texture": "#0"},
				"south": {"uv": [6.5, 1, 7.5, 1.5], "texture": "#0"},
				"west": {"uv": [6.25, 1, 6.5, 1.5], "texture": "#0"},
				"up": {"uv": [6.25, 1, 5.25, 0.5], "texture": "#0"},
				"down": {"uv": [7.25, 0.5, 6.25, 1], "texture": "#0"}
			}
		}
	],
	"display": {
		"head": {
			"translation": [0.25, -30.5, 0.5],
			"scale": [1.52, 1.52, 1.52]
		}
	},
	"groups": [
		{
			"name": "head",
			"origin": [0, 9, -3],
			"color": 0,
			"children": [0]
		},
		{
			"name": "neck",
			"origin": [0, 9, 0],
			"color": 0,
			"children": [1]
		},
		{
			"name": "body",
			"origin": [0, 9, 9],
			"color": 0,
			"children": [2]
		},
		{
			"name": "leg1",
			"origin": [-4, 9, 4],
			"color": 0,
			"children": []
		},
		{
			"name": "leg2",
			"origin": [4, 9, 4],
			"color": 0,
			"children": [3, 4]
		},
		{
			"name": "leg3",
			"origin": [-4, 9, 1],
			"color": 0,
			"children": []
		},
		{
			"name": "leg4",
			"origin": [4, 9, 1],
			"color": 0,
			"children": [5, 6]
		},
		{
			"name": "leg5",
			"origin": [-4, 9, -2],
			"color": 0,
			"children": []
		},
		{
			"name": "leg6",
			"origin": [4, 9, -2],
			"color": 0,
			"children": [7, 8]
		},
		{
			"name": "leg7",
			"origin": [-4, 9, -5],
			"color": 0,
			"children": []
		},
		{
			"name": "leg8",
			"origin": [4, 9, -5],
			"color": 0,
			"children": [9, 10]
		}
	]
}