{
	"credit": "Made with Blockbench",
	"texture_size": [32, 32],
	"parent": "item/model",
	"textures": {
		"0": "item/zapper"
	},
	"elements": [
		{
			"from": [5.5, 0, 5.5],
			"to": [11.5, 1, 11.5],
			"faces": {
				"north": {"uv": [5.5, 3, 8.5, 3.5], "texture": "#0"},
				"east": {"uv": [5.5, 3.5, 8.5, 4], "texture": "#0"},
				"south": {"uv": [5.5, 4, 8.5, 4.5], "texture": "#0"},
				"west": {"uv": [5.5, 4.5, 8.5, 5], "texture": "#0"},
				"up": {"uv": [3, 3, 0, 0], "texture": "#0"},
				"down": {"uv": [3, 3, 0, 6], "texture": "#0"}
			}
		},
		{
			"from": [6, 1, 6],
			"to": [11, 2, 11],
			"faces": {
				"north": {"uv": [7, 0, 9.5, 0.5], "texture": "#0"},
				"east": {"uv": [7, 0.5, 9.5, 1], "texture": "#0"},
				"south": {"uv": [7, 1, 9.5, 1.5], "texture": "#0"},
				"west": {"uv": [7, 1.5, 9.5, 2], "texture": "#0"},
				"up": {"uv": [5.5, 2.5, 3, 0], "texture": "#0"},
				"down": {"uv": [5.5, 2.5, 3, 5], "texture": "#0"}
			}
		},
		{
			"from": [8, 2, 8],
			"to": [9, 9, 9],
			"faces": {
				"north": {"uv": [0, 6, 0.5, 9.5], "texture": "#0"},
				"east": {"uv": [0.5, 6, 1, 9.5], "texture": "#0"},
				"south": {"uv": [1, 6, 1.5, 9.5], "texture": "#0"},
				"west": {"uv": [1.5, 6, 2, 9.5], "texture": "#0"},
				"up": {"uv": [8, 7.5, 7.5, 7], "texture": "#0"},
				"down": {"uv": [8, 7.5, 7.5, 8], "texture": "#0"}
			}
		},
		{
			"from": [6.5, 3, 6.5],
			"to": [10.5, 4, 10.5],
			"faces": {
				"north": {"uv": [2, 7, 4, 7.5], "texture": "#0"},
				"east": {"uv": [7, 2, 9, 2.5], "texture": "#0"},
				"south": {"uv": [7, 2.5, 9, 3], "texture": "#0"},
				"west": {"uv": [4, 7, 6, 7.5], "texture": "#0"},
				"up": {"uv": [5, 7, 3, 5], "texture": "#0"},
				"down": {"uv": [7, 5, 5, 7], "texture": "#0"}
			}
		},
		{
			"from": [7, 5, 7],
			"to": [10, 6, 10],
			"faces": {
				"north": {"uv": [6, 7, 7.5, 7.5], "texture": "#0"},
				"east": {"uv": [7, 6, 8.5, 6.5], "texture": "#0"},
				"south": {"uv": [7, 6.5, 8.5, 7], "texture": "#0"},
				"west": {"uv": [2, 7.5, 3.5, 8], "texture": "#0"},
				"up": {"uv": [7, 1.5, 5.5, 0], "texture": "#0"},
				"down": {"uv": [7, 1.5, 5.5, 3], "texture": "#0"}
			}
		},
		{
			"from": [7.5, 7, 7.5],
			"to": [9.5, 8, 9.5],
			"faces": {
				"north": {"uv": [3.5, 7.5, 4.5, 8], "texture": "#0"},
				"east": {"uv": [4.5, 7.5, 5.5, 8], "texture": "#0"},
				"south": {"uv": [5.5, 7.5, 6.5, 8], "texture": "#0"},
				"west": {"uv": [6.5, 7.5, 7.5, 8], "texture": "#0"},
				"up": {"uv": [3, 7, 2, 6], "texture": "#0"},
				"down": {"uv": [8, 5, 7, 6], "texture": "#0"}
			}
		},
		{
			"from": [7.25, 9, 7.25],
			"to": [9.75, 11.5, 9.75],
			"faces": {
				"north": {"uv": [9.5, 0, 11.25, 1.75], "texture": "#0"},
				"east": {"uv": [9.5, 0, 11.25, 1.75], "texture": "#0"},
				"south": {"uv": [9.5, 0, 11.25, 1.75], "texture": "#0"},
				"west": {"uv": [9.5, 0, 11.25, 1.75], "texture": "#0"},
				"up": {"uv": [11.5, 0, 13.25, 1.75], "texture": "#0"},
				"down": {"uv": [13.5, 0, 15.25, 1.75], "texture": "#0"}
			}
		}
	],
	"display": {
		"head": {
			"translation": [-2, 0.75, -1.5],
			"scale": [4, 4, 4]
		}
	}
}