{
    "idle.barco": {
        "sounds": [{
        "stream": "true",
        "name": "idle/barco"
        }
        ]
    },
    "idle.barco_volador": {
        "sounds": [{
        "stream": "true",
        "name": "idle/barco_volador"
        }
        ]
    },
    "idle.battle": {
        "sounds": [{
        "stream": "true",
        "name": "idle/battle"
        }
        ]
    },
    "idle.boss_battleb": {
        "sounds": [{
        "stream": "true",
        "name": "idle/boss_battleb"
        }
        ]
    },
    "idle.caos2": {
        "sounds": [{
        "stream": "true",
        "name": "idle/caos2"
        }
        ]
    },
    "idle.caos": {
        "sounds": [{
        "stream": "true",
        "name": "idle/caos"
        }
        ]
    },
    "idle.chuu": {
        "sounds": [{
        "stream": "true",
        "name": "idle/chuu"
        }
        ]
    },
    "idle.ciudad": {
        "sounds": [{
        "stream": "true",
        "name": "idle/ciudad"
        }
        ]
    },
    "idle.cornelia": {
        "sounds": [{
        "stream": "true",
        "name": "idle/cornelia"
        }
        ]
    },
    "idle.dead": {
        "sounds": [{
        "stream": "true",
        "name": "idle/dead"
        }
        ]
    },
    "idle.dungeon": {
        "sounds": [{
        "stream": "true",
        "name": "idle/dungeon"
        }
        ]
    },
    "idle.ending": {
        "sounds": [{
        "stream": "true",
        "name": "idle/ending"
        }
        ]
    },
    "idle.floating_castle": {
        "sounds": [{
        "stream": "true",
        "name": "idle/floating_castle"
        }
        ]
    },
    "idle.iglesia": {
        "sounds": [{
        "stream": "true",
        "name": "idle/iglesia"
        }
        ]
    },
    "idle.inn": {
        "sounds": [{
        "stream": "true",
        "name": "idle/inn"
        }
        ]
    },
    "idle.last_battle": {
        "sounds": [{
        "stream": "true",
        "name": "idle/last_battle"
        }
        ]
    },
    "idle.matoya": {
        "sounds": [{
        "stream": "true",
        "name": "idle/matoya"
        }
        ]
    },
    "idle.misa": {
        "sounds": [{
        "stream": "true",
        "name": "idle/misa"
        }
        ]
    },
    "idle.montana_guru": {
        "sounds": [{
        "stream": "true",
        "name": "idle/montana_guru"
        }
        ]
    },
    "idle.mundo": {
        "sounds": [{
        "stream": "true",
        "name": "idle/mundo"
        }
        ]
    },
    "idle.ruined_castle": {
        "sounds": [{
        "stream": "true",
        "name": "idle/ruined_castle"
        }
        ]
    },
    "idle.save11s": {
        "sounds": [{
        "stream": "true",
        "name": "idle/save11s"
        }
        ]
    },
    "idle.siesta": {
        "sounds": [{
        "stream": "true",
        "name": "idle/siesta"
        }
        ]
    },
    "idle.victory": {
        "sounds": [{
        "stream": "true",
        "name": "idle/victory"
        }
        ]
    }
}