{"credit":"Made with Blockbench","display":{"firstperson_lefthand":{"rotation":[16,106,8],"translation":[13,-1.25,-4.5]},"firstperson_righthand":{"rotation":[16,106,8],"translation":[13,-1.25,-4.5]},"gui":{"rotation":[10,-37,-46],"scale":[0.38,0.38,0.38],"translation":[-2.75,-3.75,0]},"thirdperson_lefthand":{"rotation":[52,159,3],"translation":[0.75,1.5,3]},"thirdperson_righthand":{"rotation":[47,-24,-8],"translation":[1.25,2.75,4.5]}},"elements":[{"faces":{"down":{"rotation":180,"texture":"#0","tintindex":0,"uv":[0,0,8,8]},"up":{"texture":"#0","tintindex":0,"uv":[0,0,8,8]}},"from":[0,32,-11],"rotation":{"angle":0,"axis":"x","origin":[8,32,5]},"to":[16,32,5]},{"faces":{"down":{"rotation":270,"texture":"#0","tintindex":0,"uv":[0,0,8,8]},"up":{"rotation":270,"texture":"#0","tintindex":0,"uv":[0,0,8,8]}},"from":[-11,32,0],"rotation":{"angle":0,"axis":"z","origin":[5,32,8]},"to":[5,32,16]},{"faces":{"down":{"rotation":270,"texture":"#0","tintindex":0,"uv":[8,0,14,5.5]},"up":{"rotation":270,"texture":"#0","tintindex":0,"uv":[8,0,14,5.5]}},"from":[-6,32,2],"rotation":{"angle":-22.5,"axis":"z","origin":[5,32,8]},"to":[5,32,14]},{"faces":{"down":{"texture":"#0","tintindex":0,"uv":[8,0,14,5.5]},"up":{"rotation":180,"texture":"#0","tintindex":0,"uv":[8,0,14,5.5]}},"from":[2,32,11],"rotation":{"angle":-22.5,"axis":"x","origin":[8,32,11]},"to":[14,32,22]},{"faces":{"down":{"rotation":90,"texture":"#0","tintindex":0,"uv":[8,0,14,5.5]},"up":{"rotation":90,"texture":"#0","tintindex":0,"uv":[8,0,14,5.5]}},"from":[11,32,2],"rotation":{"angle":22.5,"axis":"z","origin":[11,32,8]},"to":[22,32,14]},{"faces":{"down":{"rotation":180,"texture":"#0","tintindex":0,"uv":[8,0,14,5.5]},"up":{"texture":"#0","tintindex":0,"uv":[8,0,14,5.5]}},"from":[2,32,-6],"rotation":{"angle":22.5,"axis":"x","origin":[8,32,5]},"to":[14,32,5]},{"faces":{"down":{"rotation":90,"texture":"#0","tintindex":0,"uv":[0,0,8,8]},"up":{"rotation":90,"texture":"#0","tintindex":0,"uv":[0,0,8,8]}},"from":[11,32,0],"rotation":{"angle":0,"axis":"z","origin":[11,32,8]},"to":[27,32,16]},{"faces":{"down":{"texture":"#0","tintindex":0,"uv":[0,0,8,8]},"up":{"rotation":180,"texture":"#0","tintindex":0,"uv":[0,0,8,8]}},"from":[0,32,11],"rotation":{"angle":0,"axis":"x","origin":[8,32,11]},"to":[16,32,27]},{"faces":{"down":{"rotation":180,"texture":"#0","tintindex":0,"uv":[8.5,11,12,14.5]},"up":{"rotation":270,"texture":"#0","tintindex":0,"uv":[8.5,11,12,14.5]}},"from":[6,9,6],"rotation":{"angle":45,"axis":"x","origin":[9.5,9,9.5]},"to":[13,9,13]},{"faces":{"down":{"texture":"#0","tintindex":0,"uv":[8.5,11,12,14.5]},"up":{"rotation":90,"texture":"#0","tintindex":0,"uv":[8.5,11,12,14.5]}},"from":[3,21,3],"rotation":{"angle":-45,"axis":"x","origin":[6.5,21,6.5]},"to":[10,21,10]},{"faces":{"down":{"rotation":180,"texture":"#0","uv":[8,5.5,14,11]},"up":{"texture":"#0","uv":[8,5.5,14,11]}},"from":[2,32,-6],"rotation":{"angle":-22.5,"axis":"x","origin":[8,32,5]},"to":[14,32,5]},{"faces":{"down":{"rotation":90,"texture":"#0","uv":[8,5.5,14,11]},"up":{"rotation":90,"texture":"#0","uv":[8,5.5,14,11]}},"from":[11,32,2],"rotation":{"angle":-22.5,"axis":"z","origin":[11,32,8]},"to":[22,32,14]},{"faces":{"down":{"texture":"#0","uv":[8,5.5,14,11]},"up":{"rotation":180,"texture":"#0","uv":[8,5.5,14,11]}},"from":[2,32,11],"rotation":{"angle":22.5,"axis":"x","origin":[8,32,11]},"to":[14,32,22]},{"faces":{"down":{"rotation":270,"texture":"#0","uv":[8,5.5,14,11]},"up":{"rotation":270,"texture":"#0","uv":[8,5.5,14,11]}},"from":[-6,32,2],"rotation":{"angle":22.5,"axis":"z","origin":[5,32,8]},"to":[5,32,14]},{"faces":{"down":{"texture":"#0","uv":[1,11,1.5,11.5]},"east":{"texture":"#0","uv":[15,0,16,16]},"north":{"texture":"#0","uv":[15,0,16,16]},"south":{"texture":"#0","uv":[16,0,15,16]},"west":{"texture":"#0","uv":[16,0,15,16]}},"from":[7,-1,7],"to":[9,31,9]},{"faces":{"north":{"texture":"#0","uv":[1,11,5,14.5]},"south":{"texture":"#0","uv":[5,11,1,14.5]}},"from":[1,-8,8],"to":[9,-1,8]},{"faces":{"down":{"texture":"#0","uv":[5,11,8.5,14.5]},"up":{"rotation":90,"texture":"#0","uv":[5,11,8.5,14.5]}},"from":[3,21,3],"rotation":{"angle":-45,"axis":"x","origin":[6.5,21,6.5]},"to":[10,21,10]},{"faces":{"down":{"rotation":180,"texture":"#0","uv":[5,11,8.5,14.5]},"up":{"rotation":270,"texture":"#0","uv":[5,11,8.5,14.5]}},"from":[6,9,6],"rotation":{"angle":45,"axis":"x","origin":[9.5,9,9.5]},"to":[13,9,13]},{"faces":{"down":{"texture":"#0","uv":[0,8,3,11]},"east":{"texture":"#0","uv":[0,10.5,3,11]},"north":{"texture":"#0","uv":[0,10.5,3,11]},"south":{"texture":"#0","uv":[0,10.5,3,11]},"up":{"texture":"#0","uv":[3,8,6,11]},"west":{"texture":"#0","uv":[0,10.5,3,11]}},"from":[5,31,5],"rotation":{"angle":0,"axis":"y","origin":[0,31,0]},"to":[11,32,11]}],"groups":[{"children":[{"children":[0,1,2,3,4,5,6,7,8,9],"name":"group","origin":[8,32,11]},10,11,12,13],"name":"group","origin":[5,1,8]},14,15,{"children":[16],"name":"group","origin":[0,0,0]},{"children":[17],"name":"group","origin":[0,0,0]},18],"texture_size":[32,32],"textures":{"0":"custom/cosmetics/easter/flower_umbrella","particle":"custom/cosmetics/easter/flower_umbrella"}}