{"credit":"Made with Blockbench","display":{"gui":{"rotation":[30,135,0],"scale":[1.05,1.05,1.05],"translation":[0.5,2,0]},"head":{"rotation":[5,0,0],"scale":[1.7,1.7,1.7],"translation":[0,7.25,0.25]}},"elements":[{"faces":{"east":{"texture":"#0","uv":[3.5,6,7,8]},"west":{"texture":"#0","uv":[7,6,3.5,8]}},"from":[13,4,4],"to":[13,8,11]},{"faces":{"east":{"texture":"#0","uv":[3.5,6,7,8]},"west":{"texture":"#0","uv":[7,6,3.5,8]}},"from":[3,4,4],"to":[3,8,11]},{"faces":{"east":{"texture":"#0","uv":[9,0,4.5,2.5]},"north":{"texture":"#0","uv":[0,0,4.5,2.5]},"south":{"texture":"#0","uv":[9,0,13.5,2.5]},"west":{"texture":"#0","uv":[4.5,0,9,2.5]}},"from":[3.5,5,3.5],"to":[12.5,10,12.5]},{"faces":{"east":{"rotation":180,"texture":"#0","uv":[9,0,4.5,2.5]},"north":{"rotation":180,"texture":"#0","uv":[9,0,13.5,2.5]},"south":{"rotation":180,"texture":"#0","uv":[0,0,4.5,2.5]},"west":{"rotation":180,"texture":"#0","uv":[4.5,0,9,2.5]}},"from":[12.5,10,12.5],"to":[3.5,5,3.5]},{"faces":{"north":{"texture":"#0","uv":[6,2.5,12,5.5]},"south":{"texture":"#0","uv":[6,2.5,12,5.5]}},"from":[2,4,3],"rotation":{"angle":0,"axis":"x","origin":[8,7,3]},"to":[14,10,3]},{"faces":{"north":{"texture":"#0","uv":[0,8,2,10]},"south":{"texture":"#0","uv":[2,8,0,10]}},"from":[12.5,5,7],"rotation":{"angle":-45,"axis":"y","origin":[12.5,7,7]},"to":[16.5,9,7]},{"faces":{"north":{"texture":"#0","uv":[2,8,0,10]},"south":{"texture":"#0","uv":[0,8,2,10]}},"from":[-0.5,5,7],"rotation":{"angle":45,"axis":"y","origin":[3.5,7,7]},"to":[3.5,9,7]},{"faces":{"north":{"texture":"#0","tintindex":0,"uv":[0,2.5,6,5.5]},"south":{"texture":"#0","tintindex":0,"uv":[0,2.5,6,5.5]}},"from":[2,4,3],"rotation":{"angle":0,"axis":"x","origin":[8,7,3]},"to":[14,10,3]},{"faces":{"east":{"texture":"#0","tintindex":0,"uv":[0,6,3.5,8]},"west":{"texture":"#0","tintindex":0,"uv":[3.5,6,0,8]}},"from":[3,4,4],"to":[3,8,11]},{"faces":{"east":{"texture":"#0","tintindex":0,"uv":[0,6,3.5,8]},"west":{"texture":"#0","tintindex":0,"uv":[3.5,6,0,8]}},"from":[13,4,4],"to":[13,8,11]}],"groups":[0,1,2,3,4,5,6,{"children":[7,8,9],"name":"group","origin":[8,7,3]}],"texture_size":[32,32],"textures":{"0":"custom/cosmetics/easter/flower_crown","particle":"custom/cosmetics/easter/flower_crown"}}