{
	"credit": "DSprl",
	"textures": {
		"0": "1.16.5:particle/bubble",
		"particle": "1.16.5:particle/bubble"
	},
	"elements": [
		{
			"from": [2, 2, 2],
			"to": [14, 16, 14],
			"faces": {
				"north": {"uv": [2, 2, 16, 16], "texture": "#0"},
				"east": {"uv": [2, 2, 16, 16], "texture": "#0"},
				"south": {"uv": [2, 2, 16, 16], "texture": "#0"},
				"west": {"uv": [2, 2, 16, 16], "texture": "#0"},
				"up": {"uv": [2, 2, 16, 16], "texture": "#0"},
				"down": {"uv": [2, 2, 16, 16], "texture": "#0"}
			}
		}
	],
	"display": {
		"head": {
			"translation": [0, -15, 0]
		}
	}
}