{"credit":"Made with Blockbench","display":{"firstperson_lefthand":{"rotation":[13,0,0],"translation":[1.75,9,0.75]},"firstperson_righthand":{"rotation":[13,0,0],"translation":[1.75,9,0.75]},"fixed":{"rotation":[90,0,180],"scale":[2,2,2],"translation":[0,0,-15]},"ground":{"scale":[0.3,0.3,0.3],"translation":[0,1.5,0]},"gui":{"rotation":[90,0,0],"scale":[1.3,1.3,1.3],"translation":[0,0.5,0]},"head":{"rotation":[12,0,0],"scale":[2,2,2],"translation":[0,8,2]},"thirdperson_lefthand":{"rotation":[26,15,0],"translation":[0,8.25,3.25]},"thirdperson_righthand":{"rotation":[26,15,0],"translation":[0,8.25,3.25]}},"elements":[{"faces":{"down":{"rotation":180,"texture":"#0","uv":[10,0,12,10]},"east":{"rotation":90,"texture":"#0","uv":[12,0,14,10]},"north":{"rotation":270,"texture":"#0","uv":[10,0,12,2]},"south":{"rotation":270,"texture":"#0","uv":[10,0,12,2]},"up":{"texture":"#0","uv":[10,0,12,10]},"west":{"rotation":270,"texture":"#0","uv":[12,0,14,10]}},"from":[7.5,0,6],"to":[8.5,1,11]},{"faces":{"down":{"rotation":180,"texture":"#1","tintindex":0,"uv":[16,0,6,14]},"up":{"texture":"#1","tintindex":0,"uv":[6,0,16,14]}},"from":[2.5,1,5],"rotation":{"angle":22.5,"axis":"x","origin":[8,1,7.5]},"to":[7.5,1,12]},{"faces":{"down":{"rotation":180,"texture":"#1","tintindex":0,"uv":[6,0,16,14]},"up":{"texture":"#1","tintindex":0,"uv":[16,0,6,14]}},"from":[8.5,1,5],"rotation":{"angle":22.5,"axis":"x","origin":[8,1,7.5]},"to":[13.5,1,12]},{"faces":{"east":{"texture":"#0","uv":[10,0,12,2]},"west":{"texture":"#0","uv":[10,0,12,2]}},"from":[7.5,0,5],"rotation":{"angle":45,"axis":"y","origin":[7.5,0.5,6]},"to":[7.5,1,6]},{"faces":{"east":{"texture":"#0","uv":[10,0,12,2]},"west":{"texture":"#0","uv":[10,0,12,2]}},"from":[8.5,0,5],"rotation":{"angle":-45,"axis":"y","origin":[8.5,0.5,6]},"to":[8.5,1,6]}],"textures":{"0":"custom/entities/bugs/butterfly_1","1":"custom/entities/bugs/butterfly_1_fly","particle":"custom/entities/bugs/butterfly_1"}}