{"credit":"Made with Blockbench","display":{"firstperson_lefthand":{"rotation":[13,0,0],"translation":[1.75,9,0.75]},"firstperson_righthand":{"rotation":[13,0,0],"translation":[1.75,9,0.75]},"fixed":{"rotation":[90,0,180],"scale":[2,2,2],"translation":[0,0,-15]},"ground":{"scale":[0.3,0.3,0.3],"translation":[0,1.5,0]},"gui":{"rotation":[90,0,0],"scale":[1.3,1.3,1.3],"translation":[0,0.5,0]},"head":{"scale":[2,2,2],"translation":[0,8,0.75]},"thirdperson_lefthand":{"rotation":[26,15,0],"translation":[0,8.25,3.25]},"thirdperson_righthand":{"rotation":[26,15,0],"translation":[0,8.25,3.25]}},"elements":[{"faces":{"down":{"rotation":180,"texture":"#1","uv":[0,0,10,14]},"up":{"texture":"#1","uv":[10,0,0,14]}},"from":[8.5,1,5],"rotation":{"angle":-22.5,"axis":"z","origin":[8.5,1,7.5]},"to":[13.5,1,12]},{"faces":{"down":{"rotation":180,"texture":"#0","uv":[0,0,10,14]},"up":{"texture":"#0","uv":[10,0,0,14]}},"from":[8.5,1,5],"rotation":{"angle":22.5,"axis":"z","origin":[8.5,1,7.5]},"to":[13.5,1,12]},{"faces":{"down":{"rotation":180,"texture":"#1","uv":[10,0,0,14]},"up":{"texture":"#1","uv":[0,0,10,14]}},"from":[2.5,1,5],"rotation":{"angle":22.5,"axis":"z","origin":[7.5,1,7.5]},"to":[7.5,1,12]},{"faces":{"down":{"rotation":180,"texture":"#0","uv":[10,0,0,14]},"up":{"texture":"#0","uv":[0,0,10,14]}},"from":[2.5,1,5],"rotation":{"angle":-22.5,"axis":"z","origin":[7.5,1,7.5]},"to":[7.5,1,12]},{"faces":{"down":{"rotation":180,"texture":"#0","tintindex":0,"uv":[10,0,12,16]},"east":{"rotation":90,"texture":"#0","tintindex":0,"uv":[12,0,14,16]},"north":{"rotation":270,"texture":"#0","tintindex":0,"uv":[10,0,12,2]},"south":{"rotation":270,"texture":"#0","tintindex":0,"uv":[10,14,12,16]},"up":{"texture":"#0","tintindex":0,"uv":[10,0,12,16]},"west":{"rotation":270,"texture":"#0","tintindex":0,"uv":[12,0,14,16]}},"from":[7.5,0,5],"to":[8.5,1,13]}],"groups":[{"children":[0,1,2,3,4],"name":"group","origin":[8,8,8]}],"textures":{"0":"custom/entities/bugs/dragon_fly","1":"custom/entities/bugs/dragon_fly_wing","particle":"custom/entities/bugs/dragon_fly"}}