{
  "variants": {
    "damage=0,facing=south": {
      "model": "block/anvil"
    },
    "damage=0,facing=west": {
      "model": "block/anvil",
      "y": 90
    },
    "damage=0,facing=north": {
      "model": "block/anvil",
      "y": 180
    },
    "damage=0,facing=east": {
      "model": "block/anvil",
      "y": 270
    },
    "damage=1,facing=south": {
      "model": "block/chipped_anvil"
    },
    "damage=1,facing=west": {
      "model": "block/chipped_anvil",
      "y": 90
    },
    "damage=1,facing=north": {
      "model": "block/chipped_anvil",
      "y": 180
    },
    "damage=1,facing=east": {
      "model": "block/chipped_anvil",
      "y": 270
    },
    "damage=2,facing=south": {
      "model": "block/decor_chair"
    },
    "damage=2,facing=west": {
      "model": "block/decor_chair",
      "y": 90
    },
    "damage=2,facing=north": {
      "model": "block/decor_chair",
      "y": 180
    },
    "damage=2,facing=east": {
      "model": "block/decor_chair",
      "y": 270
    }
  }
}
