{
  "__comment": "JimStoneCraft - 2016",
  "variants": {
    "facing=south,in_wall=false,open=false": {
      "model": "block/block_booksupright2",
      "uvlock": false,
      "y": 0
    },
    "facing=west,in_wall=false,open=false": {
      "model": "block/block_booksupright2",
      "uvlock": false,
      "y": 90
    },
    "facing=north,in_wall=false,open=false": {
      "model": "block/block_booksupright2",
      "uvlock": false,
      "y": 180
    },
    "facing=east,in_wall=false,open=false": {
      "model": "block/block_booksupright2",
      "uvlock": false,
      "y": 270
    },
    "facing=south,in_wall=false,open=true": {
      "model": "block/block_booksupright1",
      "uvlock": false,
      "y": 0
    },
    "facing=west,in_wall=false,open=true": {
      "model": "block/block_booksupright1",
      "uvlock": false,
      "y": 90
    },
    "facing=north,in_wall=false,open=true": {
      "model": "block/block_booksupright1",
      "uvlock": false,
      "y": 180
    },
    "facing=east,in_wall=false,open=true": {
      "model": "block/block_booksupright1",
      "uvlock": false,
      "y": 270
    },
    "facing=south,in_wall=true,open=false": {
      "model": "block/block_booksupright2",
      "uvlock": false,
      "y": 0
    },
    "facing=west,in_wall=true,open=false": {
      "model": "block/block_booksupright2",
      "uvlock": false,
      "y": 90
    },
    "facing=north,in_wall=true,open=false": {
      "model": "block/block_booksupright2",
      "uvlock": false,
      "y": 180
    },
    "facing=east,in_wall=true,open=false": {
      "model": "block/block_booksupright2",
      "uvlock": false,
      "y": 270
    },
    "facing=south,in_wall=true,open=true": {
      "model": "block/block_booksupright1",
      "uvlock": false,
      "y": 0
    },
    "facing=west,in_wall=true,open=true": {
      "model": "block/block_booksupright1",
      "uvlock": false,
      "y": 90
    },
    "facing=north,in_wall=true,open=true": {
      "model": "block/block_booksupright1",
      "uvlock": false,
      "y": 180
    },
    "facing=east,in_wall=true,open=true": {
      "model": "block/block_booksupright1",
      "uvlock": false,
      "y": 270
    }
  }
}
