{"credit":"DSprl","textures":{"bottom":"block/diorite","particle":"block/diorite"},"elements":[{"from":[0.01,0.01,0.01],"to":[15.99,7.99,15.99],"faces":{"north":{"uv":[0,8,16,16],"texture":"#bottom","cullface":"north"},"east":{"uv":[0,8,16,16],"texture":"#bottom","cullface":"east"},"south":{"uv":[0,8,16,16],"texture":"#bottom","cullface":"south"},"west":{"uv":[0,8,16,16],"texture":"#bottom","cullface":"west"},"up":{"uv":[0,0,16,16],"texture":"#bottom"},"down":{"uv":[0,0,16,16],"texture":"#bottom","cullface":"down"}}},{"from":[8.01,7.99,0.01],"to":[15.99,15.99,15.99],"faces":{"north":{"uv":[0,0,8,8],"texture":"#bottom","cullface":"north"},"east":{"uv":[0,0,16,8],"texture":"#bottom","cullface":"east"},"south":{"uv":[8,0,16,8],"texture":"#bottom","cullface":"south"},"west":{"uv":[0,0,16,8],"texture":"#bottom"},"up":{"uv":[8,0,16,16],"texture":"#bottom","cullface":"up"}}}]}