{
	"credit": "Made with Blockbench",
	"parent": "leprechaun_hat",
	"texture_size": [64, 64],
	"textures": {
		"0": "custom/cosmetics/wolf/irlanda",
		"particle": "wolf/irlanda"
	},
	"elements": [
		{
			"from": [2, 0, 2],
			"to": [14, 2, 14],
			"faces": {
				"north": {"uv": [9.5, 1.25, 12.5, 1.75], "texture": "#0"},
				"east": {"uv": [9.5, 1.75, 12.5, 2.25], "texture": "#0"},
				"south": {"uv": [9.5, 2.25, 12.5, 2.75], "texture": "#0"},
				"west": {"uv": [9.5, 2.75, 12.5, 3.25], "texture": "#0"},
				"up": {"uv": [7, 3, 4, 0], "texture": "#0"},
				"down": {"uv": [7, 3, 4, 6], "texture": "#0"}
			}
		},
		{
			"from": [0, 1, 0],
			"to": [16, 1, 16],
			"faces": {
				"north": {"uv": [0, 0, 4, 0], "texture": "#0"},
				"east": {"uv": [0, 0, 4, 0], "texture": "#0"},
				"south": {"uv": [0, 0, 4, 0], "texture": "#0"},
				"west": {"uv": [0, 0, 4, 0], "texture": "#0"},
				"up": {"uv": [4, 4, 0, 0], "texture": "#0"},
				"down": {"uv": [4, 4, 0, 8], "texture": "#0"}
			}
		},
		{
			"from": [3.5, 2, 4],
			"to": [12.5, 7, 13],
			"rotation": {"angle": 0, "axis": "y", "origin": [0.5, 0, 0]},
			"faces": {
				"north": {"uv": [7, 4.5, 9, 5.75], "texture": "#0"},
				"east": {"uv": [9, 4.5, 11, 5.75], "texture": "#0"},
				"south": {"uv": [9, 5.75, 11, 7], "texture": "#0"},
				"west": {"uv": [9, 7, 11, 8.25], "texture": "#0"},
				"up": {"uv": [7, 10.5, 5, 8.5], "texture": "#0"},
				"down": {"uv": [9, 8.5, 7, 10.5], "texture": "#0"}
			}
		},
		{
			"from": [5, 2.5, 3.5],
			"to": [11, 7.5, 3.5],
			"faces": {
				"north": {"uv": [9, 8.25, 10.5, 9.5], "texture": "#0"},
				"east": {"uv": [0, 0, 0, 1.25], "texture": "#0"},
				"south": {"uv": [9.5, 0, 11, 1.25], "texture": "#0"},
				"west": {"uv": [0, 0, 0, 1.25], "texture": "#0"},
				"up": {"uv": [1.5, 0, 0, 0], "texture": "#0"},
				"down": {"uv": [1.5, 0, 0, 0], "texture": "#0"}
			}
		},
		{
			"from": [2.5, 7.5, 0.25],
			"to": [13.5, 16.5, 11.25],
			"rotation": {"angle": 22.5, "axis": "x", "origin": [0.5, 0, 0]},
			"faces": {
				"north": {"uv": [7, 0, 9.5, 2.25], "texture": "#0"},
				"east": {"uv": [7, 2.25, 9.5, 4.5], "texture": "#0"},
				"south": {"uv": [0, 8, 2.5, 10.25], "texture": "#0"},
				"west": {"uv": [2.5, 8.5, 5, 10.75], "texture": "#0"},
				"up": {"uv": [6.5, 8.5, 4, 6], "texture": "#0"},
				"down": {"uv": [9, 6, 6.5, 8.5], "texture": "#0"}
			}
		}
	],
	"display": {
		"thirdperson_righthand": {
			"rotation": [1, 1, 1],
			"translation": [0, 2.25, 1],
			"scale": [0.3, 0.3, 0.3]
		},
		"thirdperson_lefthand": {
			"translation": [0, 2.25, 0],
			"scale": [0.3, 0.3, 0.3]
		},
		"firstperson_righthand": {
			"rotation": [0, 101, 0],
			"translation": [0, 2.75, 0],
			"scale": [0.3, 0.3, 0.3]
		},
		"firstperson_lefthand": {
			"rotation": [0, 101, 0],
			"translation": [0, 2.75, 0],
			"scale": [0.3, 0.3, 0.3]
		},
		"ground": {
			"scale": [0.4, 0.4, 0.4]
		},
		"gui": {
			"rotation": [26.5, 142.5, 0],
			"scale": [0.6, 0.6, 0.6]
		},
		"head": {
			"translation": [0, 14, -0.5],
			"scale": [1.5, 1.5, 1.5]
		},
		"fixed": {
			"rotation": [0, -31.5, 0]
		}
	},
	"groups": [
		{
			"name": "root",
			"origin": [8, 8, 8],
			"children": [0, 1, 2, 3, 4]
		}
	]
}