{"credit":"Made with Blockbench","display":{"firstperson_lefthand":{"rotation":[0,26,0],"translation":[10,0,-6.25]},"firstperson_righthand":{"rotation":[0,26,0],"translation":[10,0,-6.25]},"ground":{"scale":[0.4,0.4,0.4],"translation":[0,6.25,0]},"gui":{"rotation":[30,-45,0],"scale":[0.95,0.95,0.95],"translation":[0,-0.25,0]},"head":{"rotation":[135,0,0],"scale":[1.61,1.61,1.61],"translation":[0,-66.75,11.75]},"thirdperson_lefthand":{"rotation":[48,27,0],"scale":[0.4,0.4,0.4],"translation":[0,1.25,1.25]},"thirdperson_righthand":{"rotation":[48,27,0],"scale":[0.4,0.4,0.4],"translation":[0,1.25,1.25]}},"elements":[{"faces":{"down":{"texture":"#0","uv":[2,10,3,11]},"east":{"texture":"#0","uv":[0,10,3,16]},"north":{"texture":"#0","uv":[0,10,3,16]},"south":{"texture":"#0","uv":[0,10,3,16]},"up":{"texture":"#0","uv":[0,9,1,10]},"west":{"texture":"#0","uv":[0,10,3,16]}},"from":[6.5,0,6.5],"to":[9.5,6,9.5]},{"faces":{"down":{"rotation":180,"texture":"#0","uv":[3,10,8,15]},"east":{"texture":"#0","uv":[10,0,5,10]},"north":{"texture":"#0","uv":[0,0,5,10]},"south":{"texture":"#0","uv":[10,0,15,10]},"west":{"texture":"#0","uv":[5,0,10,10]}},"from":[5.5,6,5.5],"to":[10.5,16,10.5]},{"faces":{"east":{"rotation":180,"texture":"#0","uv":[10,0,5,10]},"north":{"rotation":180,"texture":"#0","uv":[10,0,15,10]},"south":{"rotation":180,"texture":"#0","uv":[0,0,5,10]},"up":{"rotation":180,"texture":"#0","uv":[3,10,8,15]},"west":{"rotation":180,"texture":"#0","uv":[5,0,10,10]}},"from":[10.5,16,10.5],"to":[5.5,6,5.5]}],"textures":{"0":"custom/cosmetics/wolf/wolf_tail","particle":"custom/cosmetics/wolf/wolf_tail"}}