{
  "__comment": "© Droobledore LLC",
  "textures": {
    "particle": "block/block_bookstack",
    "texture": "block/block_bookstack"
  },
  "elements": [
    {
      "from": [
        10,
        0,
        7.5
      ],
      "to": [
        12,
        9.5,
        16.5
      ],
      "faces": {
        "down": {
          "uv": [
            0,
            4.75,
            4.75,
            6
          ],
          "texture": "#texture",
          "rotation": 270
        },
        "up": {
          "uv": [
            4.75,
            4.75,
            0,
            6
          ],
          "texture": "#texture",
          "rotation": 270
        },
        "north": {
          "uv": [
            0,
            0,
            1.25,
            4.75
          ],
          "texture": "#texture"
        },
        "south": {
          "uv": [
            4.75,
            0,
            6,
            4.75
          ],
          "texture": "#texture"
        },
        "west": {
          "uv": [
            1,
            0,
            4.75,
            4.75
          ],
          "texture": "#texture"
        },
        "east": {
          "uv": [
            4.75,
            0,
            1,
            4.75
          ],
          "texture": "#texture"
        }
      }
    },
    {
      "from": [
        1.5,
        0,
        7.5
      ],
      "to": [
        4,
        12.5,
        16.5
      ],
      "faces": {
        "down": {
          "uv": [
            0,
            10.75,
            4.75,
            12
          ],
          "texture": "#texture",
          "rotation": 270
        },
        "up": {
          "uv": [
            4.75,
            10.75,
            0,
            12
          ],
          "texture": "#texture",
          "rotation": 270
        },
        "north": {
          "uv": [
            0,
            6,
            1.25,
            10.75
          ],
          "texture": "#texture"
        },
        "south": {
          "uv": [
            4.75,
            6,
            6,
            12
          ],
          "texture": "#texture"
        },
        "west": {
          "uv": [
            1,
            6,
            4.75,
            10.75
          ],
          "texture": "#texture"
        },
        "east": {
          "uv": [
            4.75,
            6,
            1,
            10.75
          ],
          "texture": "#texture"
        }
      }
    },
    {
      "from": [
        13.5,
        0,
        7
      ],
      "to": [
        16,
        11.5,
        15.5
      ],
      "faces": {
        "down": {
          "uv": [
            0,
            10.75,
            4.75,
            12
          ],
          "texture": "#texture",
          "rotation": 270
        },
        "up": {
          "uv": [
            4.75,
            10.75,
            0,
            12
          ],
          "texture": "#texture",
          "rotation": 270
        },
        "north": {
          "uv": [
            6,
            6,
            7.25,
            10.75
          ],
          "texture": "#texture"
        },
        "south": {
          "uv": [
            4.75,
            6,
            6,
            12
          ],
          "texture": "#texture"
        },
        "west": {
          "uv": [
            7,
            6,
            10.75,
            10.75
          ],
          "texture": "#texture"
        },
        "east": {
          "uv": [
            10.75,
            6,
            7,
            10.75
          ],
          "texture": "#texture"
        }
      }
    },
    {
      "from": [
        4,
        0,
        8
      ],
      "to": [
        5,
        8,
        15.5
      ],
      "faces": {
        "down": {
          "uv": [
            6,
            11,
            8.5,
            11.75
          ],
          "texture": "#texture",
          "rotation": 270
        },
        "up": {
          "uv": [
            8.5,
            11,
            6,
            11.75
          ],
          "texture": "#texture",
          "rotation": 270
        },
        "north": {
          "uv": [
            6.5,
            13,
            7,
            15.25
          ],
          "texture": "#texture"
        },
        "south": {
          "uv": [
            11,
            9,
            11.75,
            12
          ],
          "texture": "#texture"
        },
        "west": {
          "uv": [
            6.75,
            13,
            8.75,
            15.25
          ],
          "texture": "#texture"
        },
        "east": {
          "uv": [
            6.75,
            13,
            8.75,
            15.25
          ],
          "texture": "#texture"
        }
      }
    },
    {
      "from": [
        8.5,
        0,
        7
      ],
      "to": [
        10,
        11,
        15.5
      ],
      "rotation": {
        "origin": [
          8.5,
          0,
          7
        ],
        "axis": "z",
        "angle": 22.5
      },
      "faces": {
        "down": {
          "uv": [
            6,
            4.75,
            10.75,
            6
          ],
          "texture": "#texture",
          "rotation": 270
        },
        "up": {
          "uv": [
            10.75,
            4.75,
            6,
            6
          ],
          "texture": "#texture",
          "rotation": 270
        },
        "north": {
          "uv": [
            6.25,
            0,
            7,
            4.75
          ],
          "texture": "#texture"
        },
        "south": {
          "uv": [
            10.75,
            0,
            12,
            6
          ],
          "texture": "#texture"
        },
        "west": {
          "uv": [
            6.75,
            0,
            10.75,
            4.75
          ],
          "texture": "#texture"
        },
        "east": {
          "uv": [
            10.75,
            0,
            6.75,
            4.749999
          ],
          "texture": "#texture"
        }
      }
    },
    {
      "from": [
        12,
        0,
        6.5
      ],
      "to": [
        13.5,
        12.5,
        15.5
      ],
      "faces": {
        "down": {
          "uv": [
            0,
            10.75,
            3,
            12
          ],
          "texture": "#texture",
          "rotation": 270
        },
        "up": {
          "uv": [
            3,
            10.75,
            0,
            12
          ],
          "texture": "#texture",
          "rotation": 270
        },
        "north": {
          "uv": [
            11.75,
            8.5,
            12.75,
            11.75
          ],
          "texture": "#texture"
        },
        "south": {
          "uv": [
            4.75,
            6,
            6,
            10.5
          ],
          "texture": "#texture"
        },
        "west": {
          "uv": [
            12.5,
            8.5,
            15.25,
            11.75
          ],
          "texture": "#texture"
        },
        "east": {
          "uv": [
            12.5,
            8.5,
            15.25,
            11.75
          ],
          "texture": "#texture"
        }
      }
    },
    {
      "from": [
        3,
        0,
        8
      ],
      "to": [
        3.001,
        13,
        17
      ],
      "faces": {
        "west": {
          "uv": [
            0,
            12,
            5.5,
            16
          ],
          "texture": "#texture",
          "rotation": 90
        },
        "east": {
          "uv": [
            5.5,
            12,
            0,
            16
          ],
          "texture": "#texture",
          "rotation": 90
        }
      }
    },
    {
      "from": [
        11.5,
        -0.5,
        12.5
      ],
      "to": [
        11.501,
        10,
        18.5
      ],
      "rotation": {
        "origin": [
          11.5,
          -0.5,
          12.5
        ],
        "axis": "x",
        "angle": -22.5
      },
      "faces": {
        "west": {
          "uv": [
            0,
            12,
            5.5,
            16
          ],
          "texture": "#texture",
          "rotation": 90
        },
        "east": {
          "uv": [
            5.5,
            12,
            0,
            16
          ],
          "texture": "#texture",
          "rotation": 90
        }
      }
    },
    {
      "from": [
        14.5,
        0,
        8
      ],
      "to": [
        14.501,
        12,
        16
      ],
      "faces": {
        "west": {
          "uv": [
            0,
            12,
            5.5,
            16
          ],
          "texture": "#texture",
          "rotation": 90
        },
        "east": {
          "uv": [
            5.5,
            12,
            0,
            16
          ],
          "texture": "#texture",
          "rotation": 90
        }
      }
    },
    {
      "from": [
        0,
        0,
        8.5
      ],
      "to": [
        1.5,
        10,
        15.5
      ],
      "faces": {
        "down": {
          "uv": [
            0,
            4.75,
            4.75,
            6
          ],
          "texture": "#texture",
          "rotation": 270
        },
        "up": {
          "uv": [
            4.75,
            4.75,
            0,
            6
          ],
          "texture": "#texture",
          "rotation": 270
        },
        "north": {
          "uv": [
            0,
            0,
            1.25,
            4.75
          ],
          "texture": "#texture"
        },
        "south": {
          "uv": [
            4.75,
            0,
            6,
            4.75
          ],
          "texture": "#texture"
        },
        "west": {
          "uv": [
            1,
            0,
            4.75,
            4.75
          ],
          "texture": "#texture"
        },
        "east": {
          "uv": [
            4.75,
            0,
            1,
            4.75
          ],
          "texture": "#texture"
        }
      }
    },
    {
      "from": [
        11,
        0,
        9
      ],
      "to": [
        11.001,
        10.5,
        16
      ],
      "faces": {
        "west": {
          "uv": [
            0,
            12,
            5.5,
            16
          ],
          "texture": "#texture",
          "rotation": 90
        },
        "east": {
          "uv": [
            5.5,
            12,
            0,
            16
          ],
          "texture": "#texture",
          "rotation": 90
        }
      }
    }
  ],
  "display": {
    "thirdperson_righthand": {
      "rotation": [
        -180,
        -90,
        -180
      ],
      "translation": [
        2.0869,
        3.4782,
        2.0869
      ],
      "scale": [
        0.5,
        0.5,
        0.5
      ]
    },
    "thirdperson_lefthand": {
      "rotation": [
        -180,
        -86,
        -180
      ],
      "translation": [
        2.0869,
        3.4782,
        2.0869
      ],
      "scale": [
        0.5,
        0.5,
        0.5
      ]
    },
    "firstperson_righthand": {
      "rotation": [
        -6,
        95,
        -3
      ],
      "translation": [
        -0.694,
        4.1762,
        2.0869
      ],
      "scale": [
        0.5,
        0.5,
        0.5
      ]
    },
    "firstperson_lefthand": {
      "rotation": [
        -6,
        95,
        -3
      ],
      "translation": [
        -0.694,
        4.1762,
        2.0869
      ],
      "scale": [
        0.5,
        0.5,
        0.5
      ]
    },
    "gui": {
      "rotation": [
        29,
        -139,
        -2
      ],
      "translation": [
        2.0869,
        -1.39,
        4.1738
      ],
      "scale": [
        0.8,
        0.8,
        0.8
      ]
    },
    "head": {
      "translation": [
        0.6956,
        14.608,
        -3.477
      ]
    },
    "ground": {
      "translation": [
        0.0006,
        3.4782,
        -2.085
      ],
      "scale": [
        0.6,
        0.6,
        0.6
      ]
    },
    "fixed": {
      "translation": [
        0,
        2.0876,
        -1.387
      ],
      "scale": [
        2,
        2,
        2
      ]
    }
  }
}
