{
  "__comment": "© Droobledore LLC",
  "textures": {
    "particle": "block/block_bookstack",
    "texture": "block/block_bookstack"
  },
  "elements": [
    {
      "from": [
        14,
        0,
        12
      ],
      "to": [
        16,
        13,
        22
      ],
      "faces": {
        "down": {
          "uv": [
            0,
            10.75,
            4.75,
            12
          ],
          "texture": "#texture",
          "rotation": 270
        },
        "up": {
          "uv": [
            4.75,
            10.75,
            0,
            12
          ],
          "texture": "#texture",
          "rotation": 270
        },
        "north": {
          "uv": [
            0.25,
            6,
            1,
            10.75
          ],
          "texture": "#texture"
        },
        "south": {
          "uv": [
            4.75,
            6,
            6,
            12
          ],
          "texture": "#texture"
        },
        "west": {
          "uv": [
            0.75,
            6,
            4.75,
            10.75
          ],
          "texture": "#texture"
        },
        "east": {
          "uv": [
            4.75,
            6.000001,
            0.75,
            10.75
          ],
          "texture": "#texture"
        }
      }
    },
    {
      "from": [
        5,
        0,
        10
      ],
      "to": [
        8.5,
        12.5,
        19.5
      ],
      "faces": {
        "down": {
          "uv": [
            6,
            4.75,
            9,
            6
          ],
          "texture": "#texture",
          "rotation": 270
        },
        "up": {
          "uv": [
            9,
            4.75,
            6,
            6
          ],
          "texture": "#texture",
          "rotation": 270
        },
        "north": {
          "uv": [
            11.75,
            0,
            12.75,
            3.25
          ],
          "texture": "#texture"
        },
        "south": {
          "uv": [
            10.75,
            0,
            12,
            4.5
          ],
          "texture": "#texture"
        },
        "west": {
          "uv": [
            12.5,
            0,
            15.25,
            3.25
          ],
          "texture": "#texture"
        },
        "east": {
          "uv": [
            12.5,
            0,
            15.25,
            3.25
          ],
          "texture": "#texture"
        }
      }
    },
    {
      "from": [
        0,
        0,
        11
      ],
      "to": [
        2,
        13,
        20.5
      ],
      "faces": {
        "down": {
          "uv": [
            0,
            10.75,
            3,
            12
          ],
          "texture": "#texture",
          "rotation": 270
        },
        "up": {
          "uv": [
            3,
            10.75,
            0,
            12
          ],
          "texture": "#texture",
          "rotation": 270
        },
        "north": {
          "uv": [
            11.75,
            4.25,
            12.75,
            7.5
          ],
          "texture": "#texture"
        },
        "south": {
          "uv": [
            4.75,
            6,
            6,
            10.5
          ],
          "texture": "#texture"
        },
        "west": {
          "uv": [
            12.5,
            4.25,
            15.25,
            7.5
          ],
          "texture": "#texture"
        },
        "east": {
          "uv": [
            12.5,
            4.25,
            15.25,
            7.5
          ],
          "texture": "#texture"
        }
      }
    },
    {
      "from": [
        8.5,
        0,
        11.5
      ],
      "to": [
        11,
        13.5,
        21
      ],
      "faces": {
        "down": {
          "uv": [
            6,
            4.75,
            10.75,
            6
          ],
          "texture": "#texture",
          "rotation": 270
        },
        "up": {
          "uv": [
            10.75,
            4.75,
            5.999999,
            6
          ],
          "texture": "#texture",
          "rotation": 270
        },
        "north": {
          "uv": [
            6,
            0,
            7.25,
            4.75
          ],
          "texture": "#texture"
        },
        "south": {
          "uv": [
            10.75,
            0,
            12,
            6
          ],
          "texture": "#texture"
        },
        "west": {
          "uv": [
            7,
            0,
            10.75,
            4.75
          ],
          "texture": "#texture"
        },
        "east": {
          "uv": [
            10.75,
            0,
            7,
            4.75
          ],
          "texture": "#texture"
        }
      }
    },
    {
      "from": [
        13,
        0,
        10.5
      ],
      "to": [
        14,
        12,
        19
      ],
      "faces": {
        "down": {
          "uv": [
            6,
            11,
            8.5,
            11.75
          ],
          "texture": "#texture",
          "rotation": 270
        },
        "up": {
          "uv": [
            8.5,
            11,
            6,
            11.75
          ],
          "texture": "#texture",
          "rotation": 270
        },
        "north": {
          "uv": [
            9.75,
            15,
            12,
            14.25
          ],
          "texture": "#texture",
          "rotation": 90
        },
        "south": {
          "uv": [
            11,
            9,
            11.75,
            12
          ],
          "texture": "#texture"
        },
        "west": {
          "uv": [
            12,
            13,
            10,
            15.25
          ],
          "texture": "#texture"
        },
        "east": {
          "uv": [
            10,
            13,
            12,
            15.25
          ],
          "texture": "#texture"
        }
      }
    },
    {
      "from": [
        11.5,
        0,
        12.5
      ],
      "to": [
        13,
        9,
        20
      ],
      "faces": {
        "down": {
          "uv": [
            0,
            11,
            3.25,
            11.75
          ],
          "texture": "#texture",
          "rotation": 270
        },
        "up": {
          "uv": [
            3.25,
            11,
            0,
            11.75
          ],
          "texture": "#texture",
          "rotation": 270
        },
        "north": {
          "uv": [
            13,
            14.5,
            15.5,
            15.25
          ],
          "texture": "#texture",
          "rotation": 90
        },
        "south": {
          "uv": [
            5,
            6,
            5.75,
            10
          ],
          "texture": "#texture"
        },
        "west": {
          "uv": [
            13.25,
            12.75,
            15.25,
            15.25
          ],
          "texture": "#texture"
        },
        "east": {
          "uv": [
            15.25,
            12.75,
            13.25,
            15.25
          ],
          "texture": "#texture"
        }
      }
    },
    {
      "from": [
        2.5,
        0,
        12
      ],
      "to": [
        5,
        14.5,
        21.5
      ],
      "faces": {
        "down": {
          "uv": [
            0,
            4.75,
            4.75,
            6
          ],
          "texture": "#texture",
          "rotation": 270
        },
        "up": {
          "uv": [
            4.75,
            4.75,
            0,
            6
          ],
          "texture": "#texture",
          "rotation": 270
        },
        "north": {
          "uv": [
            0,
            0,
            1.25,
            4.75
          ],
          "texture": "#texture"
        },
        "south": {
          "uv": [
            4.75,
            0,
            6,
            4.75
          ],
          "texture": "#texture"
        },
        "west": {
          "uv": [
            1,
            0,
            4.75,
            4.75
          ],
          "texture": "#texture"
        },
        "east": {
          "uv": [
            4.75,
            0,
            1,
            4.75
          ],
          "texture": "#texture"
        }
      }
    }
  ],
  "display": {
    "thirdperson_righthand": {
      "rotation": [
        0,
        270,
        0
      ],
      "translation": [
        4.1739,
        1.3913,
        1.3913
      ],
      "scale": [
        0.5,
        0.5,
        0.5
      ]
    },
    "thirdperson_lefthand": {
      "rotation": [
        0,
        270,
        0
      ],
      "translation": [
        4.1739,
        1.3913,
        1.3913
      ],
      "scale": [
        0.5,
        0.5,
        0.5
      ]
    },
    "firstperson_righthand": {
      "rotation": [
        0,
        90,
        0
      ],
      "translation": [
        -2.086,
        2.7849,
        1.3913
      ],
      "scale": [
        0.5,
        0.5,
        0.5
      ]
    },
    "firstperson_lefthand": {
      "rotation": [
        0,
        90,
        0
      ],
      "translation": [
        -2.086,
        2.7849,
        1.3913
      ],
      "scale": [
        0.5,
        0.5,
        0.5
      ]
    },
    "gui": {
      "rotation": [
        31,
        -139,
        0
      ],
      "translation": [
        4.1739,
        -2.781,
        2.7825
      ],
      "scale": [
        0.7,
        0.7,
        0.7
      ]
    },
    "head": {
      "translation": [
        0,
        14.608,
        -8.348
      ]
    },
    "ground": {
      "translation": [
        0.0006,
        3.4782,
        -4.172
      ],
      "scale": [
        0.6,
        0.6,
        0.6
      ]
    },
    "fixed": {
      "translation": [
        0,
        0,
        -13.91
      ],
      "scale": [
        2,
        2,
        2
      ]
    }
  }
}
