{
  "__comment": "© Droobledore LLC",
  "credit": "Created by Droobledore for PotterworldMC, DroobledoreLLC",
  "textures": {
    "0": "block/decor_newspaperstack",
    "particle": "block/decor_newspaperstack"
  },
  "elements": [
    {
      "name": "PotterworldMC",
      "from": [
        4,
        0,
        3
      ],
      "to": [
        12,
        5,
        13
      ],
      "rotation": {
        "angle": 0,
        "axis": "x",
        "origin": [
          8,
          0.25,
          8
        ]
      },
      "faces": {
        "north": {
          "uv": [
            10,
            3.25,
            16,
            8.75
          ],
          "texture": "#0"
        },
        "east": {
          "uv": [
            10,
            3.25,
            16,
            8.75
          ],
          "texture": "#0"
        },
        "south": {
          "uv": [
            10,
            3.25,
            16,
            8.75
          ],
          "texture": "#0"
        },
        "west": {
          "uv": [
            10,
            3.25,
            16,
            8.75
          ],
          "texture": "#0"
        },
        "up": {
          "uv": [
            9.25,
            7,
            3.75,
            14
          ],
          "rotation": 180,
          "texture": "#0"
        },
        "down": {
          "uv": [
            10,
            8.75,
            14.75,
            14.75
          ],
          "rotation": 180,
          "texture": "#0"
        }
      }
    },
    {
      "name": "PotterworldMC",
      "from": [
        4,
        5,
        3
      ],
      "to": [
        12,
        10,
        13
      ],
      "rotation": {
        "angle": 0,
        "axis": "x",
        "origin": [
          8,
          5.25,
          8
        ]
      },
      "faces": {
        "north": {
          "uv": [
            10,
            3.25,
            16,
            8.75
          ],
          "texture": "#0"
        },
        "east": {
          "uv": [
            10,
            3.25,
            16,
            8.75
          ],
          "texture": "#0"
        },
        "south": {
          "uv": [
            10,
            3.25,
            16,
            8.75
          ],
          "texture": "#0"
        },
        "west": {
          "uv": [
            10,
            3.25,
            16,
            8.75
          ],
          "texture": "#0"
        },
        "up": {
          "uv": [
            9.25,
            0,
            3.75,
            7
          ],
          "rotation": 180,
          "texture": "#0"
        },
        "down": {
          "uv": [
            9.25,
            7,
            3.75,
            14
          ],
          "texture": "#0"
        }
      }
    },
    {
      "name": "PotterworldMC",
      "from": [
        7.25,
        2.25,
        3.25
      ],
      "to": [
        12,
        2.25,
        12
      ],
      "rotation": {
        "angle": 22.5,
        "axis": "y",
        "origin": [
          9,
          2.25,
          9
        ]
      },
      "faces": {
        "north": {
          "uv": [
            0,
            0,
            1,
            16
          ],
          "rotation": 270,
          "texture": "#0"
        },
        "east": {
          "uv": [
            0,
            0,
            1,
            16
          ],
          "rotation": 270,
          "texture": "#0"
        },
        "south": {
          "uv": [
            1,
            0,
            0,
            16
          ],
          "rotation": 90,
          "texture": "#0"
        },
        "west": {
          "uv": [
            13.5,
            0,
            14.5,
            16
          ],
          "rotation": 90,
          "texture": "#0"
        },
        "up": {
          "uv": [
            9.25,
            0,
            3.75,
            7
          ],
          "rotation": 180,
          "texture": "#0"
        },
        "down": {
          "uv": [
            9.25,
            7,
            3.75,
            0
          ],
          "rotation": 180,
          "texture": "#0"
        }
      }
    },
    {
      "name": "PotterworldMC",
      "from": [
        6,
        8.75,
        3.75
      ],
      "to": [
        10.75,
        8.75,
        12.5
      ],
      "rotation": {
        "angle": -22.5,
        "axis": "y",
        "origin": [
          7.75,
          8.75,
          9.5
        ]
      },
      "faces": {
        "north": {
          "uv": [
            0,
            0,
            1,
            16
          ],
          "rotation": 270,
          "texture": "#0"
        },
        "east": {
          "uv": [
            0,
            0,
            1,
            16
          ],
          "rotation": 270,
          "texture": "#0"
        },
        "south": {
          "uv": [
            1,
            0,
            0,
            16
          ],
          "rotation": 90,
          "texture": "#0"
        },
        "west": {
          "uv": [
            13.5,
            0,
            14.5,
            16
          ],
          "rotation": 90,
          "texture": "#0"
        },
        "up": {
          "uv": [
            9.25,
            0,
            3.75,
            7
          ],
          "rotation": 180,
          "texture": "#0"
        },
        "down": {
          "uv": [
            9.25,
            7,
            3.75,
            0
          ],
          "rotation": 180,
          "texture": "#0"
        }
      }
    },
    {
      "name": "PotterworldMC",
      "from": [
        4.75,
        7.5,
        4.25
      ],
      "to": [
        9.5,
        7.5,
        11.5
      ],
      "rotation": {
        "angle": 22.5,
        "axis": "y",
        "origin": [
          6.5,
          7.5,
          8.5
        ]
      },
      "faces": {
        "north": {
          "uv": [
            0,
            0,
            1,
            16
          ],
          "rotation": 270,
          "texture": "#0"
        },
        "east": {
          "uv": [
            0,
            0,
            1,
            16
          ],
          "rotation": 270,
          "texture": "#0"
        },
        "south": {
          "uv": [
            1,
            0,
            0,
            16
          ],
          "rotation": 90,
          "texture": "#0"
        },
        "west": {
          "uv": [
            13.5,
            0,
            14.5,
            16
          ],
          "rotation": 90,
          "texture": "#0"
        },
        "up": {
          "uv": [
            9.25,
            0,
            3.75,
            7
          ],
          "rotation": 180,
          "texture": "#0"
        },
        "down": {
          "uv": [
            9.25,
            7,
            3.75,
            0
          ],
          "rotation": 180,
          "texture": "#0"
        }
      }
    },
    {
      "name": "PotterworldMC",
      "from": [
        4,
        2,
        3.5
      ],
      "to": [
        9.75,
        2,
        11.75
      ],
      "rotation": {
        "angle": -22.5,
        "axis": "y",
        "origin": [
          5.75,
          2,
          8.75
        ]
      },
      "faces": {
        "north": {
          "uv": [
            0,
            0,
            1,
            16
          ],
          "rotation": 270,
          "texture": "#0"
        },
        "east": {
          "uv": [
            0,
            0,
            1,
            16
          ],
          "rotation": 270,
          "texture": "#0"
        },
        "south": {
          "uv": [
            1,
            0,
            0,
            16
          ],
          "rotation": 90,
          "texture": "#0"
        },
        "west": {
          "uv": [
            13.5,
            0,
            14.5,
            16
          ],
          "rotation": 90,
          "texture": "#0"
        },
        "up": {
          "uv": [
            9.25,
            0,
            3.75,
            7
          ],
          "rotation": 180,
          "texture": "#0"
        },
        "down": {
          "uv": [
            9.25,
            7,
            3.75,
            0
          ],
          "rotation": 180,
          "texture": "#0"
        }
      }
    },
    {
      "name": "PotterworldMC",
      "from": [
        7.75,
        -0.025,
        2.975
      ],
      "to": [
        8.25,
        5.025,
        13.025
      ],
      "rotation": {
        "angle": 0,
        "axis": "y",
        "origin": [
          8,
          5.5,
          8
        ]
      },
      "faces": {
        "north": {
          "uv": [
            16,
            15.25,
            0,
            16
          ],
          "rotation": 90,
          "texture": "#0"
        },
        "east": {
          "uv": [
            2.75,
            7.5,
            3.5,
            8.25
          ],
          "rotation": 270,
          "texture": "#0"
        },
        "south": {
          "uv": [
            16,
            15.25,
            0,
            16
          ],
          "rotation": 90,
          "texture": "#0"
        },
        "west": {
          "uv": [
            2.75,
            7.5,
            3.5,
            8.25
          ],
          "rotation": 270,
          "texture": "#0"
        },
        "up": {
          "uv": [
            16,
            15.25,
            0,
            16
          ],
          "rotation": 90,
          "texture": "#0"
        },
        "down": {
          "uv": [
            16,
            15.25,
            0,
            16
          ],
          "rotation": 90,
          "texture": "#0"
        }
      }
    },
    {
      "name": "PotterworldMC",
      "from": [
        7.75,
        4.975,
        2.975
      ],
      "to": [
        8.25,
        10.025,
        13.025
      ],
      "rotation": {
        "angle": 0,
        "axis": "y",
        "origin": [
          8,
          10.5,
          8
        ]
      },
      "faces": {
        "north": {
          "uv": [
            16,
            15.25,
            0,
            16
          ],
          "rotation": 90,
          "texture": "#0"
        },
        "east": {
          "uv": [
            2.75,
            7.5,
            3.5,
            8.25
          ],
          "rotation": 270,
          "texture": "#0"
        },
        "south": {
          "uv": [
            16,
            15.25,
            0,
            16
          ],
          "rotation": 90,
          "texture": "#0"
        },
        "west": {
          "uv": [
            2.75,
            7.5,
            3.5,
            8.25
          ],
          "rotation": 270,
          "texture": "#0"
        },
        "up": {
          "uv": [
            16,
            15.25,
            0,
            16
          ],
          "rotation": 90,
          "texture": "#0"
        },
        "down": {
          "uv": [
            16,
            15.25,
            0,
            16
          ],
          "rotation": 90,
          "texture": "#0"
        }
      }
    },
    {
      "name": "PotterworldMC",
      "from": [
        3.975,
        -0.025,
        7.75
      ],
      "to": [
        12.025,
        5.025,
        8.25
      ],
      "rotation": {
        "angle": 0,
        "axis": "y",
        "origin": [
          8,
          5.5,
          8
        ]
      },
      "faces": {
        "north": {
          "uv": [
            2.75,
            7.5,
            3.5,
            8.25
          ],
          "rotation": 270,
          "texture": "#0"
        },
        "east": {
          "uv": [
            16,
            15.25,
            0,
            16
          ],
          "rotation": 90,
          "texture": "#0"
        },
        "south": {
          "uv": [
            2.75,
            7.5,
            3.5,
            8.25
          ],
          "rotation": 270,
          "texture": "#0"
        },
        "west": {
          "uv": [
            16,
            15.25,
            0,
            16
          ],
          "rotation": 90,
          "texture": "#0"
        },
        "up": {
          "uv": [
            16,
            15.25,
            0,
            16
          ],
          "texture": "#0"
        },
        "down": {
          "uv": [
            16,
            15.25,
            0,
            16
          ],
          "rotation": 180,
          "texture": "#0"
        }
      }
    },
    {
      "name": "PotterworldMC",
      "from": [
        3.975,
        4.975,
        7.75
      ],
      "to": [
        12.025,
        10.05,
        8.25
      ],
      "rotation": {
        "angle": 0,
        "axis": "y",
        "origin": [
          8,
          10.5,
          8
        ]
      },
      "faces": {
        "north": {
          "uv": [
            2.75,
            7.5,
            3.5,
            8.25
          ],
          "rotation": 270,
          "texture": "#0"
        },
        "east": {
          "uv": [
            16,
            15.25,
            0,
            16
          ],
          "rotation": 90,
          "texture": "#0"
        },
        "south": {
          "uv": [
            2.75,
            7.5,
            3.5,
            8.25
          ],
          "rotation": 270,
          "texture": "#0"
        },
        "west": {
          "uv": [
            16,
            15.25,
            0,
            16
          ],
          "rotation": 90,
          "texture": "#0"
        },
        "up": {
          "uv": [
            16,
            15.25,
            0,
            16
          ],
          "texture": "#0"
        },
        "down": {
          "uv": [
            16,
            15.25,
            0,
            16
          ],
          "rotation": 180,
          "texture": "#0"
        }
      }
    }
  ],
  "display": {
    "thirdperson_righthand": {
      "rotation": [
        0,
        90,
        0
      ],
      "translation": [
        0,
        1.3913,
        0.3043
      ],
      "scale": [
        0.5,
        0.5,
        0.5
      ]
    },
    "thirdperson_lefthand": {
      "rotation": [
        0,
        90,
        0
      ],
      "translation": [
        0,
        1.3913,
        0.3043
      ],
      "scale": [
        0.5,
        0.5,
        0.5
      ]
    },
    "firstperson_righthand": {
      "rotation": [
        0,
        142,
        0
      ],
      "translation": [
        0,
        3,
        0
      ],
      "scale": [
        0.5,
        0.5,
        0.5
      ]
    },
    "firstperson_lefthand": {
      "rotation": [
        0,
        142,
        0
      ],
      "translation": [
        0,
        3,
        0
      ],
      "scale": [
        0.5,
        0.5,
        0.5
      ]
    },
    "ground": {
      "rotation": [
        90,
        0,
        0
      ],
      "translation": [
        0,
        2,
        0
      ],
      "scale": [
        0.5,
        0.5,
        0.5
      ]
    },
    "gui": {
      "rotation": [
        30,
        225,
        0
      ],
      "scale": [
        0.625,
        0.625,
        0.625
      ]
    },
    "fixed": {
      "translation": [
        0,
        2,
        0.5
      ],
      "scale": [
        2.1,
        2.1,
        2.1
      ]
    }
  }
}
