{
  "__comment": "© Droobledore LLC",
  "credit": "Created by Droobledore for PotterworldMC, DroobledoreLLC",
  "textures": {
    "particle": "block/decor_lamp",
    "texture": "block/decor_lamp"
  },
  "elements": [
    {
      "name": "Cube1",
      "from": [
        5.5,
        6.75,
        5.5
      ],
      "to": [
        10.5,
        7.25,
        10.5
      ],
      "rotation": {
        "angle": 0,
        "axis": "y",
        "origin": [
          8,
          6,
          8
        ]
      },
      "faces": {
        "north": {
          "uv": [
            0,
            14.5,
            8,
            15
          ],
          "texture": "#texture"
        },
        "east": {
          "uv": [
            0,
            14.5,
            8,
            15
          ],
          "texture": "#texture"
        },
        "south": {
          "uv": [
            0,
            14.5,
            8,
            15
          ],
          "texture": "#texture"
        },
        "west": {
          "uv": [
            0,
            14.5,
            8,
            15
          ],
          "texture": "#texture"
        },
        "up": {
          "uv": [
            12,
            0,
            16,
            4
          ],
          "texture": "#texture"
        },
        "down": {
          "uv": [
            0,
            0,
            4,
            4
          ],
          "texture": "#texture"
        }
      }
    },
    {
      "name": "Cube1",
      "from": [
        6,
        1.5,
        6
      ],
      "to": [
        10,
        2.5,
        10
      ],
      "rotation": {
        "angle": 0,
        "axis": "y",
        "origin": [
          8,
          7,
          8
        ]
      },
      "faces": {
        "north": {
          "uv": [
            12,
            12,
            16,
            14
          ],
          "texture": "#texture"
        },
        "east": {
          "uv": [
            12,
            12,
            16,
            14
          ],
          "texture": "#texture"
        },
        "south": {
          "uv": [
            12,
            12,
            16,
            14
          ],
          "texture": "#texture"
        },
        "west": {
          "uv": [
            12,
            12,
            16,
            14
          ],
          "texture": "#texture"
        },
        "up": {
          "uv": [
            12,
            0,
            16,
            4
          ],
          "texture": "#texture"
        },
        "down": {
          "uv": [
            8,
            0,
            12,
            4
          ],
          "texture": "#texture"
        }
      }
    },
    {
      "name": "Cube1",
      "from": [
        7,
        16.25,
        7
      ],
      "to": [
        9,
        17.75,
        9
      ],
      "rotation": {
        "angle": 0,
        "axis": "y",
        "origin": [
          8,
          5.5,
          8
        ]
      },
      "faces": {
        "north": {
          "uv": [
            12,
            10,
            16,
            14
          ],
          "rotation": 180,
          "texture": "#texture"
        },
        "east": {
          "uv": [
            12,
            10,
            16,
            14
          ],
          "rotation": 180,
          "texture": "#texture"
        },
        "south": {
          "uv": [
            12,
            10,
            16,
            14
          ],
          "rotation": 180,
          "texture": "#texture"
        },
        "west": {
          "uv": [
            12,
            10,
            16,
            14
          ],
          "rotation": 180,
          "texture": "#texture"
        },
        "up": {
          "uv": [
            12,
            0,
            16,
            4
          ],
          "texture": "#texture"
        },
        "down": {
          "uv": [
            4,
            0,
            8,
            4
          ],
          "texture": "#texture"
        }
      }
    },
    {
      "name": "Cube2",
      "from": [
        7.5,
        17.75,
        7.5
      ],
      "to": [
        8.5,
        19.5,
        8.5
      ],
      "rotation": {
        "angle": 0,
        "axis": "y",
        "origin": [
          8,
          7,
          8
        ]
      },
      "faces": {
        "north": {
          "uv": [
            12,
            10,
            16,
            14
          ],
          "rotation": 180,
          "texture": "#texture"
        },
        "east": {
          "uv": [
            12,
            10,
            16,
            14
          ],
          "rotation": 180,
          "texture": "#texture"
        },
        "south": {
          "uv": [
            12,
            10,
            16,
            14
          ],
          "rotation": 180,
          "texture": "#texture"
        },
        "west": {
          "uv": [
            12,
            10,
            16,
            14
          ],
          "rotation": 180,
          "texture": "#texture"
        },
        "up": {
          "uv": [
            12,
            0,
            16,
            4
          ],
          "texture": "#texture"
        },
        "down": {
          "uv": [
            4,
            0,
            8,
            4
          ],
          "texture": "#texture"
        }
      }
    },
    {
      "name": "Cube3",
      "from": [
        5.25,
        16.5,
        8
      ],
      "to": [
        7.5,
        19.5,
        8
      ],
      "rotation": {
        "angle": 0,
        "axis": "y",
        "origin": [
          8,
          17.75,
          8
        ]
      },
      "faces": {
        "north": {
          "uv": [
            8,
            4.5,
            6,
            10.5
          ],
          "texture": "#texture"
        },
        "east": {
          "uv": [
            12,
            10,
            16,
            14
          ],
          "rotation": 180,
          "texture": "#texture"
        },
        "south": {
          "uv": [
            6,
            4.5,
            8,
            10.5
          ],
          "texture": "#texture"
        },
        "west": {
          "uv": [
            12,
            10,
            16,
            14
          ],
          "rotation": 180,
          "texture": "#texture"
        },
        "up": {
          "uv": [
            12,
            0,
            16,
            4
          ],
          "texture": "#texture"
        },
        "down": {
          "uv": [
            4,
            0,
            8,
            4
          ],
          "texture": "#texture"
        }
      }
    },
    {
      "name": "Cube4",
      "from": [
        8,
        16.5,
        8.5
      ],
      "to": [
        8,
        19.5,
        10.75
      ],
      "rotation": {
        "angle": 0,
        "axis": "y",
        "origin": [
          8,
          17.75,
          8
        ]
      },
      "faces": {
        "north": {
          "uv": [
            12,
            10,
            16,
            14
          ],
          "rotation": 180,
          "texture": "#texture"
        },
        "east": {
          "uv": [
            6,
            4.5,
            8,
            10.5
          ],
          "texture": "#texture"
        },
        "south": {
          "uv": [
            12,
            10,
            16,
            14
          ],
          "rotation": 180,
          "texture": "#texture"
        },
        "west": {
          "uv": [
            8,
            4.5,
            6,
            10.5
          ],
          "texture": "#texture"
        },
        "up": {
          "uv": [
            12,
            0,
            16,
            4
          ],
          "rotation": 270,
          "texture": "#texture"
        },
        "down": {
          "uv": [
            4,
            0,
            8,
            4
          ],
          "rotation": 90,
          "texture": "#texture"
        }
      }
    },
    {
      "name": "Cube4",
      "from": [
        8.5,
        16.5,
        8
      ],
      "to": [
        10.75,
        19.5,
        8
      ],
      "rotation": {
        "angle": 0,
        "axis": "y",
        "origin": [
          8,
          17.75,
          8
        ]
      },
      "faces": {
        "north": {
          "uv": [
            6,
            4.5,
            8,
            10.5
          ],
          "texture": "#texture"
        },
        "east": {
          "uv": [
            16,
            10,
            12,
            14
          ],
          "rotation": 180,
          "texture": "#texture"
        },
        "south": {
          "uv": [
            8,
            4.5,
            6,
            10.5
          ],
          "texture": "#texture"
        },
        "west": {
          "uv": [
            16,
            10,
            12,
            14
          ],
          "rotation": 180,
          "texture": "#texture"
        },
        "up": {
          "uv": [
            16,
            0,
            12,
            4
          ],
          "texture": "#texture"
        },
        "down": {
          "uv": [
            8,
            0,
            4,
            4
          ],
          "texture": "#texture"
        }
      }
    },
    {
      "name": "Cube5",
      "from": [
        8,
        16.5,
        5.25
      ],
      "to": [
        8,
        19.5,
        7.5
      ],
      "rotation": {
        "angle": 0,
        "axis": "y",
        "origin": [
          8,
          17.75,
          8
        ]
      },
      "faces": {
        "north": {
          "uv": [
            16,
            10,
            12,
            14
          ],
          "rotation": 180,
          "texture": "#texture"
        },
        "east": {
          "uv": [
            8,
            4.5,
            6,
            10.5
          ],
          "texture": "#texture"
        },
        "south": {
          "uv": [
            16,
            10,
            12,
            14
          ],
          "rotation": 180,
          "texture": "#texture"
        },
        "west": {
          "uv": [
            6,
            4.5,
            8,
            10.5
          ],
          "texture": "#texture"
        },
        "up": {
          "uv": [
            16,
            0,
            12,
            4
          ],
          "rotation": 270,
          "texture": "#texture"
        },
        "down": {
          "uv": [
            8,
            0,
            4,
            4
          ],
          "rotation": 90,
          "texture": "#texture"
        }
      }
    },
    {
      "name": "Cube1",
      "from": [
        7.25,
        2.5,
        7.25
      ],
      "to": [
        8.75,
        5,
        8.75
      ],
      "faces": {
        "north": {
          "uv": [
            10.5,
            6,
            12,
            14
          ],
          "texture": "#texture"
        },
        "east": {
          "uv": [
            10.5,
            6,
            12,
            14
          ],
          "texture": "#texture"
        },
        "south": {
          "uv": [
            10.5,
            6,
            12,
            14
          ],
          "texture": "#texture"
        },
        "west": {
          "uv": [
            10.5,
            6,
            12,
            14
          ],
          "texture": "#texture"
        },
        "up": {
          "uv": [
            12,
            0,
            16,
            4
          ],
          "texture": "#texture"
        },
        "down": {
          "uv": [
            8,
            0,
            12,
            4
          ],
          "texture": "#texture"
        }
      }
    },
    {
      "name": "Cube2",
      "from": [
        7.5,
        9,
        7.5
      ],
      "to": [
        8.5,
        11.75,
        8.5
      ],
      "rotation": {
        "angle": 0,
        "axis": "y",
        "origin": [
          8,
          14,
          8
        ]
      },
      "faces": {
        "north": {
          "uv": [
            10.5,
            6,
            12,
            14
          ],
          "texture": "#texture"
        },
        "east": {
          "uv": [
            10.5,
            6,
            12,
            14
          ],
          "texture": "#texture"
        },
        "south": {
          "uv": [
            10.5,
            6,
            12,
            14
          ],
          "texture": "#texture"
        },
        "west": {
          "uv": [
            10.5,
            6,
            12,
            14
          ],
          "texture": "#texture"
        },
        "up": {
          "uv": [
            12,
            0,
            16,
            4
          ],
          "texture": "#texture"
        },
        "down": {
          "uv": [
            8,
            0,
            12,
            4
          ],
          "texture": "#texture"
        }
      }
    },
    {
      "name": "Cube3",
      "from": [
        7.5,
        -4,
        7.5
      ],
      "to": [
        8.5,
        0,
        8.5
      ],
      "rotation": {
        "angle": 0,
        "axis": "y",
        "origin": [
          8,
          1,
          8
        ]
      },
      "faces": {
        "north": {
          "uv": [
            10.5,
            6,
            12,
            14
          ],
          "texture": "#texture"
        },
        "east": {
          "uv": [
            10.5,
            6,
            12,
            14
          ],
          "texture": "#texture"
        },
        "south": {
          "uv": [
            10.5,
            6,
            12,
            14
          ],
          "texture": "#texture"
        },
        "west": {
          "uv": [
            10.5,
            6,
            12,
            14
          ],
          "texture": "#texture"
        },
        "up": {
          "uv": [
            12,
            0,
            16,
            4
          ],
          "texture": "#texture"
        },
        "down": {
          "uv": [
            0,
            0,
            4,
            4
          ],
          "texture": "#texture"
        }
      }
    },
    {
      "name": "Cube1",
      "from": [
        5,
        0,
        5
      ],
      "to": [
        11,
        1.5,
        11
      ],
      "rotation": {
        "angle": 0,
        "axis": "y",
        "origin": [
          8,
          7,
          8
        ]
      },
      "faces": {
        "north": {
          "uv": [
            0,
            14,
            4.5,
            16
          ],
          "texture": "#texture"
        },
        "east": {
          "uv": [
            0,
            14,
            4.5,
            16
          ],
          "texture": "#texture"
        },
        "south": {
          "uv": [
            0,
            14,
            4.5,
            16
          ],
          "texture": "#texture"
        },
        "west": {
          "uv": [
            0,
            14,
            4.5,
            16
          ],
          "texture": "#texture"
        },
        "up": {
          "uv": [
            12,
            0,
            16,
            4
          ],
          "texture": "#texture"
        },
        "down": {
          "uv": [
            0,
            0,
            4,
            4
          ],
          "texture": "#texture"
        }
      }
    },
    {
      "name": "Cube1",
      "from": [
        6,
        5,
        6
      ],
      "to": [
        10,
        9,
        10
      ],
      "rotation": {
        "angle": 0,
        "axis": "y",
        "origin": [
          8,
          6,
          8
        ]
      },
      "faces": {
        "north": {
          "uv": [
            12,
            10,
            16,
            14
          ],
          "texture": "#texture"
        },
        "east": {
          "uv": [
            12,
            10,
            16,
            14
          ],
          "texture": "#texture"
        },
        "south": {
          "uv": [
            12,
            10,
            16,
            14
          ],
          "texture": "#texture"
        },
        "west": {
          "uv": [
            12,
            10,
            16,
            14
          ],
          "texture": "#texture"
        },
        "up": {
          "uv": [
            12,
            0,
            16,
            4
          ],
          "texture": "#texture"
        },
        "down": {
          "uv": [
            0,
            0,
            4,
            4
          ],
          "texture": "#texture"
        }
      }
    },
    {
      "name": "Cube1",
      "from": [
        7,
        9.25,
        7
      ],
      "to": [
        9,
        11.25,
        9
      ],
      "rotation": {
        "angle": 0,
        "axis": "y",
        "origin": [
          8,
          6.25,
          8
        ]
      },
      "faces": {
        "north": {
          "uv": [
            0.5,
            0.5,
            3.5,
            3.5
          ],
          "texture": "#texture"
        },
        "east": {
          "uv": [
            0.5,
            0.5,
            3.5,
            3.5
          ],
          "texture": "#texture"
        },
        "south": {
          "uv": [
            0.5,
            0.5,
            3.5,
            3.5
          ],
          "texture": "#texture"
        },
        "west": {
          "uv": [
            0.5,
            0.5,
            3.5,
            3.5
          ],
          "texture": "#texture"
        },
        "up": {
          "uv": [
            12,
            0,
            16,
            4
          ],
          "texture": "#texture"
        },
        "down": {
          "uv": [
            0,
            0,
            4,
            4
          ],
          "texture": "#texture"
        }
      }
    },
    {
      "name": "Cube2",
      "from": [
        7,
        -3,
        7
      ],
      "to": [
        9,
        -1,
        9
      ],
      "rotation": {
        "angle": 0,
        "axis": "y",
        "origin": [
          8,
          -2,
          8
        ]
      },
      "faces": {
        "north": {
          "uv": [
            0.5,
            0.5,
            3.5,
            3.5
          ],
          "texture": "#texture"
        },
        "east": {
          "uv": [
            0.5,
            0.5,
            3.5,
            3.5
          ],
          "texture": "#texture"
        },
        "south": {
          "uv": [
            0.5,
            0.5,
            3.5,
            3.5
          ],
          "texture": "#texture"
        },
        "west": {
          "uv": [
            0.5,
            0.5,
            3.5,
            3.5
          ],
          "texture": "#texture"
        },
        "up": {
          "uv": [
            0.5,
            0.5,
            3.5,
            3.5
          ],
          "texture": "#texture"
        },
        "down": {
          "uv": [
            0,
            0,
            4,
            4
          ],
          "texture": "#texture"
        }
      }
    },
    {
      "name": "PlaneX12",
      "from": [
        8,
        7.5,
        10
      ],
      "to": [
        8.001,
        9,
        11.5
      ],
      "rotation": {
        "angle": 0,
        "axis": "y",
        "origin": [
          8.0005,
          8.25,
          10.75
        ]
      },
      "faces": {
        "east": {
          "uv": [
            9.5,
            12,
            8,
            13.5
          ],
          "texture": "#texture"
        },
        "west": {
          "uv": [
            8,
            12,
            9.5,
            13.5
          ],
          "texture": "#texture"
        }
      }
    },
    {
      "name": "Cube1",
      "from": [
        5.75,
        11.75,
        5.75
      ],
      "to": [
        10.25,
        16.25,
        10.25
      ],
      "rotation": {
        "angle": 0,
        "axis": "y",
        "origin": [
          8,
          6,
          8
        ]
      },
      "faces": {
        "north": {
          "uv": [
            0,
            4.5,
            6,
            10.5
          ],
          "texture": "#texture"
        },
        "east": {
          "uv": [
            0,
            4.5,
            6,
            10.5
          ],
          "texture": "#texture"
        },
        "south": {
          "uv": [
            0,
            4.5,
            6,
            10.5
          ],
          "texture": "#texture"
        },
        "west": {
          "uv": [
            0,
            4.5,
            6,
            10.5
          ],
          "texture": "#texture"
        },
        "up": {
          "uv": [
            0,
            4.5,
            6,
            10.5
          ],
          "texture": "#texture"
        },
        "down": {
          "uv": [
            0,
            4.5,
            6,
            10.5
          ],
          "texture": "#texture"
        }
      }
    },
    {
      "name": "Cube2",
      "from": [
        4.75,
        14.25,
        4.75
      ],
      "to": [
        11.25,
        16.75,
        11.25
      ],
      "rotation": {
        "angle": 0,
        "axis": "y",
        "origin": [
          8,
          6.25,
          8
        ]
      },
      "faces": {
        "north": {
          "uv": [
            0,
            10.5,
            8,
            14
          ],
          "texture": "#texture"
        },
        "east": {
          "uv": [
            0,
            10.5,
            8,
            14
          ],
          "texture": "#texture"
        },
        "south": {
          "uv": [
            0,
            10.5,
            8,
            14
          ],
          "texture": "#texture"
        },
        "west": {
          "uv": [
            0,
            10.5,
            8,
            14
          ],
          "texture": "#texture"
        },
        "up": {
          "uv": [
            12,
            6,
            16,
            10
          ],
          "texture": "#texture"
        },
        "down": {
          "uv": [
            12,
            6,
            16,
            10
          ],
          "texture": "#texture"
        }
      }
    },
    {
      "name": "Cube3",
      "from": [
        4,
        11.25,
        4
      ],
      "to": [
        12,
        14.75,
        12
      ],
      "rotation": {
        "angle": 0,
        "axis": "y",
        "origin": [
          8,
          4.25,
          8
        ]
      },
      "faces": {
        "north": {
          "uv": [
            0,
            10.5,
            8,
            14
          ],
          "texture": "#texture"
        },
        "east": {
          "uv": [
            0,
            10.5,
            8,
            14
          ],
          "texture": "#texture"
        },
        "south": {
          "uv": [
            0,
            10.5,
            8,
            14
          ],
          "texture": "#texture"
        },
        "west": {
          "uv": [
            0,
            10.5,
            8,
            14
          ],
          "texture": "#texture"
        },
        "up": {
          "uv": [
            12,
            6,
            16,
            10
          ],
          "texture": "#texture"
        },
        "down": {
          "uv": [
            0,
            4.5,
            6,
            10.5
          ],
          "texture": "#texture"
        }
      }
    },
    {
      "name": "Cube4",
      "from": [
        3.25,
        10.75,
        3.25
      ],
      "to": [
        12.75,
        13.25,
        12.75
      ],
      "rotation": {
        "angle": 0,
        "axis": "y",
        "origin": [
          8,
          2.75,
          8
        ]
      },
      "faces": {
        "north": {
          "uv": [
            0,
            10.5,
            8,
            14
          ],
          "texture": "#texture"
        },
        "east": {
          "uv": [
            0,
            10.5,
            8,
            14
          ],
          "texture": "#texture"
        },
        "south": {
          "uv": [
            0,
            10.5,
            8,
            14
          ],
          "texture": "#texture"
        },
        "west": {
          "uv": [
            0,
            10.5,
            8,
            14
          ],
          "texture": "#texture"
        },
        "up": {
          "uv": [
            12,
            6,
            16,
            10
          ],
          "texture": "#texture"
        },
        "down": {
          "uv": [
            12,
            6,
            16,
            10
          ],
          "texture": "#texture"
        }
      }
    },
    {
      "name": "PlaneX12",
      "from": [
        8,
        8,
        4.5
      ],
      "to": [
        8.001,
        11.5,
        5.5
      ],
      "rotation": {
        "angle": 0,
        "axis": "y",
        "origin": [
          8,
          6,
          7.5
        ]
      },
      "faces": {
        "east": {
          "uv": [
            10,
            6,
            8.5,
            11
          ],
          "texture": "#texture"
        },
        "west": {
          "uv": [
            8.5,
            6.5,
            10,
            11
          ],
          "texture": "#texture"
        }
      }
    }
  ],
  "display": {
    "thirdperson_righthand": {
      "scale": [
        0.5,
        0.5,
        0.5
      ]
    },
    "thirdperson_lefthand": {
      "scale": [
        0.5,
        0.5,
        0.5
      ]
    },
    "firstperson_righthand": {
      "scale": [
        0.5,
        0.5,
        0.5
      ]
    },
    "ground": {
      "translation": [
        0,
        2.7826,
        0
      ],
      "scale": [
        0.5,
        0.5,
        0.5
      ]
    },
    "gui": {
      "rotation": [
        8,
        -71,
        0
      ],
      "translation": [
        0,
        -1.39,
        0
      ],
      "scale": [
        0.7,
        0.7,
        0.7
      ]
    },
    "head": {
      "translation": [
        0,
        17.39,
        0
      ],
      "scale": [
        1.25,
        1.25,
        1.25
      ]
    },
    "fixed": {
      "rotation": [
        0,
        90,
        0
      ],
      "translation": [
        0,
        -1.39,
        0
      ],
      "scale": [
        0.9,
        0.9,
        0.9
      ]
    }
  }
}
