{
  "__comment": "© Droobledore LLC",
  "ambientocclusion": false,
  "display": {
    "gui": {
      "rotation": [
        30,
        45,
        0
      ],
      "translation": [
        0,
        0,
        0
      ],
      "scale": [
        1,
        1,
        1
      ]
    },
    "ground": {
      "rotation": [
        0,
        0,
        0
      ],
      "translation": [
        0,
        2,
        0
      ],
      "scale": [
        0.5,
        0.5,
        0.5
      ]
    },
    "head": {
      "rotation": [
        0,
        0,
        0
      ],
      "translation": [
        0,
        14,
        -1
      ],
      "scale": [
        1,
        1,
        1
      ]
    },
    "fixed": {
      "rotation": [
        0,
        0,
        0
      ],
      "translation": [
        0,
        -1,
        1
      ],
      "scale": [
        0.85,
        0.85,
        0.85
      ]
    },
    "thirdperson_righthand": {
      "rotation": [
        65,
        45,
        0
      ],
      "translation": [
        0,
        1.8,
        2.5
      ],
      "scale": [
        0.375,
        0.375,
        0.375
      ]
    },
    "thirdperson_lefthand": {
      "rotation": [
        65,
        45,
        0
      ],
      "translation": [
        0,
        1.8,
        2.5
      ],
      "scale": [
        0.375,
        0.375,
        0.375
      ]
    },
    "firstperson_righthand": {
      "rotation": [
        -25,
        15,
        0
      ],
      "translation": [
        1,
        3,
        0
      ],
      "scale": [
        0.4,
        0.4,
        0.4
      ]
    },
    "firstperson_lefthand": {
      "rotation": [
        -25,
        15,
        0
      ],
      "translation": [
        1,
        3,
        0
      ],
      "scale": [
        0.4,
        0.4,
        0.4
      ]
    }
  },
  "textures": {
    "particle": "#particle"
  },
  "elements": [
    {
      "from": [
        7,
        0.5,
        7
      ],
      "to": [
        9,
        10,
        9
      ],
      "shade": false,
      "faces": {
        "up": {
          "uv": [
            7,
            4,
            9,
            6
          ],
          "texture": "#redstone_torch"
        },
        "north": {
          "uv": [
            7,
            6,
            9,
            15.5
          ],
          "texture": "#redstone_torch"
        },
        "south": {
          "uv": [
            7,
            6,
            9,
            15.5
          ],
          "texture": "#redstone_torch"
        },
        "west": {
          "uv": [
            7,
            6,
            9,
            15.5
          ],
          "texture": "#redstone_torch"
        },
        "east": {
          "uv": [
            7,
            6,
            9,
            15.5
          ],
          "texture": "#redstone_torch"
        }
      }
    },
    {
      "from": [
        6.5,
        0,
        6.5
      ],
      "to": [
        9.5,
        0.5,
        9.5
      ],
      "shade": false,
      "faces": {
        "down": {
          "uv": [
            0,
            0,
            3,
            3
          ],
          "texture": "#redstone_torch",
          "cullface": "down"
        },
        "up": {
          "uv": [
            0,
            0,
            3,
            3
          ],
          "texture": "#redstone_torch"
        },
        "north": {
          "uv": [
            0,
            0,
            3,
            0.5
          ],
          "texture": "#redstone_torch"
        },
        "south": {
          "uv": [
            0,
            0,
            3,
            0.5
          ],
          "texture": "#redstone_torch"
        },
        "west": {
          "uv": [
            0,
            0,
            3,
            0.5
          ],
          "texture": "#redstone_torch"
        },
        "east": {
          "uv": [
            0,
            0,
            3,
            0.5
          ],
          "texture": "#redstone_torch"
        }
      }
    }
  ]
}
