{
	"credit": "DSprl",
	"textures": {
		"0": "item/iron_leggings",
		"3": "block/brown_wool",
		"particle": "item/iron_leggings"
	},
	"elements": [
		{
			"from": [0, 0, 0],
			"to": [16, 0, 16],
			"faces": {
				"up": {"uv": [0, 0, 16, 16], "texture": "#3"},
				"down": {"uv": [0, 0, 16, 16], "texture": "#3"}
			}
		},
		{
			"from": [0, 0, 1],
			"to": [1, 16, 16],
			"faces": {
				"north": {"uv": [0, 0, 1, 16], "texture": "#3"},
				"east": {"uv": [0, 0, 16, 16], "texture": "#3"},
				"south": {"uv": [0, 0, 1, 16], "texture": "#3"},
				"west": {"uv": [0, 0, 16, 16], "texture": "#3"},
				"up": {"uv": [0, 0, 16, 1], "rotation": 270, "texture": "#3"}
			}
		},
		{
			"from": [15, 0, 1],
			"to": [16, 16, 16],
			"faces": {
				"north": {"uv": [0, 0, 1, 16], "texture": "#3"},
				"east": {"uv": [0, 0, 16, 16], "texture": "#3"},
				"south": {"uv": [0, 0, 1, 16], "texture": "#3"},
				"west": {"uv": [0, 0, 16, 16], "texture": "#3"},
				"up": {"uv": [0, 0, 16, 1], "rotation": 270, "texture": "#3"}
			}
		},
		{
			"from": [0, 0, 0],
			"to": [16, 16, 1],
			"faces": {
				"north": {"uv": [0, 0, 16, 16], "texture": "#3"},
				"east": {"uv": [0, 0, 1, 16], "texture": "#3"},
				"south": {"uv": [0, 0, 16, 16], "texture": "#3"},
				"west": {"uv": [0, 0, 1, 16], "texture": "#3"},
				"up": {"uv": [0, 0, 16, 1], "texture": "#3"}
			}
		},
		{
			"from": [1, 0, 15],
			"to": [15, 16, 16],
			"faces": {
				"north": {"uv": [0, 0, 16, 16], "texture": "#3"},
				"east": {"uv": [0, 0, 1, 16], "texture": "#3"},
				"south": {"uv": [0, 0, 16, 16], "texture": "#3"},
				"west": {"uv": [0, 0, 1, 16], "texture": "#3"},
				"up": {"uv": [0, 0, 16, 1], "texture": "#3"}
			}
		},
		{
			"from": [4, 8, -6],
			"to": [12, 10, -5],
			"rotation": {"angle": 45, "axis": "x", "origin": [0, 0, 0]},
			"faces": {
				"north": {"uv": [12, 2, 4, 3], "texture": "#0"},
				"east": {"uv": [11, 2, 12, 3], "texture": "#0"},
				"south": {"uv": [4, 2, 12, 3], "texture": "#0"},
				"west": {"uv": [4, 2, 5, 3], "texture": "#0"},
				"up": {"uv": [4, 2, 12, 3], "texture": "#0"},
				"down": {"uv": [4, 2, 12, 3], "texture": "#0"}
			}
		},
		{
			"from": [3, 8, -5],
			"to": [7, 10, 6],
			"rotation": {"angle": 45, "axis": "x", "origin": [0, 0, 0]},
			"faces": {
				"north": {"uv": [3, 3, 4, 4], "texture": "#0"},
				"east": {"uv": [6, 7, 7, 14], "rotation": 90, "texture": "#0"},
				"south": {"uv": [3, 13, 7, 14], "texture": "#0"},
				"west": {"uv": [3, 14, 4, 3], "rotation": 90, "texture": "#0"},
				"up": {"uv": [3, 3, 7, 14], "texture": "#0"},
				"down": {"uv": [3, 3, 7, 14], "texture": "#0"}
			}
		},
		{
			"from": [9, 8, -5],
			"to": [13, 10, 6],
			"rotation": {"angle": 45, "axis": "x", "origin": [0, 0, 0]},
			"faces": {
				"north": {"uv": [12, 3, 13, 4], "texture": "#0"},
				"east": {"uv": [12, 7, 13, 14], "rotation": 90, "texture": "#0"},
				"south": {"uv": [3, 13, 7, 14], "texture": "#0"},
				"west": {"uv": [9, 14, 10, 3], "rotation": 90, "texture": "#0"},
				"up": {"uv": [9, 3, 13, 14], "texture": "#0"},
				"down": {"uv": [3, 3, 7, 14], "texture": "#0"}
			}
		},
		{
			"from": [7, 8, -5],
			"to": [9, 10, -1],
			"rotation": {"angle": 45, "axis": "x", "origin": [0, 0, 0]},
			"faces": {
				"north": {"uv": [12, 3, 13, 4], "texture": "#0"},
				"east": {"uv": [12, 7, 13, 14], "rotation": 90, "texture": "#0"},
				"south": {"uv": [3, 13, 7, 14], "texture": "#0"},
				"west": {"uv": [9, 14, 10, 3], "rotation": 90, "texture": "#0"},
				"up": {"uv": [7, 3, 9, 7], "texture": "#0"},
				"down": {"uv": [3, 3, 7, 14], "texture": "#0"}
			}
		}
	],
	"display": {
		"thirdperson_righthand": {
			"rotation": [75, 45, 0],
			"translation": [0, 2.5, 0],
			"scale": [0.375, 0.375, 0.375]
		}
	},
	"groups": [0, 1, 2, 3, 4,
		{
			"name": "group",
			"origin": [0, 0, 0],
			"children": [5, 6, 7, 8]
		}
	]
}