{
	"credit": "DSprl",
	"textures": {
		"0": "item/water_bucket"
	},
	"elements": [
		{
			"from": [2, 2, 2],
			"to": [14, 16, 14],
			"faces": {
				"north": {"uv": [2, 2, 16, 16], "texture": "#0"},
				"east": {"uv": [2, 2, 16, 16], "texture": "#0"},
				"south": {"uv": [2, 2, 16, 16], "texture": "#0"},
				"west": {"uv": [2, 2, 16, 16], "texture": "#0"},
				"up": {"uv": [2, 2, 16, 16], "texture": "#0"},
				"down": {"uv": [2, 2, 16, 16], "texture": "#0"}
			}
		}
	],
	"display": {
		"thirdperson_righthand": {
			"rotation": [-23.75, 0, 0],
			"translation": [-5.5, -7.5, 11.5],
			"scale": [0.4, 0.4, 0.4]
		},
		"thirdperson_lefthand": {
			"rotation": [-23.75, 0, 0],
			"translation": [-6, -10, 5.5],
			"scale": [0.4, 0.4, 0.4]
		},
		"firstperson_righthand": {
			"translation": [0, -80, 0],
			"scale": [0.4, 0.4, 0.4]
		},
		"firstperson_lefthand": {
			"rotation": [0, 225, 0],
			"scale": [0.4, 0.4, 0.4]
		},
		"ground": {
			"translation": [0, 3, 0],
			"scale": [0.75, 0.75, 0.75]
		},
		"gui": {
			"rotation": [30, 225, 0],
			"scale": [0.625, 0.625, 0.625]
		},
		"head": {
			"translation": [0, -19, 0],
			"scale": [1.25, 1.25, 1.25]
		},
		"fixed": {
			"scale": [0.5, 0.5, 0.5]
		}
	}
}