{"credit":"Made with Blockbench","display":{"firstperson_lefthand":{"rotation":[0,133,0],"translation":[1.75,4,0]},"firstperson_righthand":{"rotation":[0,133,0],"translation":[1.75,4,0]},"fixed":{"scale":[2,2,2],"translation":[0,8.5,-2.25]},"ground":{"translation":[0,6,0]},"gui":{"rotation":[30,135,0],"scale":[0.78,0.78,0.78],"translation":[1,3,0]},"head":{"scale":[1.65,1.65,1.65],"translation":[0,13,0]},"thirdperson_lefthand":{"rotation":[36,148,0],"scale":[0.4,0.4,0.4],"translation":[0.75,1.5,2]},"thirdperson_righthand":{"rotation":[36,148,0],"scale":[0.4,0.4,0.4],"translation":[0.75,1.5,2]}},"elements":[{"faces":{"east":{"texture":"#0","tintindex":0,"uv":[7,0,9,5]},"north":{"texture":"#0","tintindex":0,"uv":[0,10,9,15]},"south":{"texture":"#0","tintindex":0,"uv":[0,10,9,15]},"up":{"texture":"#0","tintindex":0,"uv":[0,8,9,10]},"west":{"texture":"#0","tintindex":0,"uv":[7,0,9,5]}},"from":[3.5,0,7],"to":[12.5,5,9]},{"faces":{"down":{"rotation":180,"texture":"#0","tintindex":0,"uv":[0,7,3,8]},"east":{"texture":"#0","tintindex":0,"uv":[2,0,3,8]},"north":{"texture":"#0","tintindex":0,"uv":[3,0,0,8]},"south":{"texture":"#0","tintindex":0,"uv":[3,0,6,8]},"up":{"rotation":180,"texture":"#0","tintindex":0,"uv":[0,0,3,1]},"west":{"texture":"#0","tintindex":0,"uv":[0,0,1,8]}},"from":[4,5,7.3],"rotation":{"angle":-22.5,"axis":"y","origin":[5,5,8]},"to":[7,13,8.3]},{"faces":{"down":{"rotation":180,"texture":"#0","tintindex":0,"uv":[0,7,3,8]},"east":{"texture":"#0","tintindex":0,"uv":[0,0,1,8]},"north":{"texture":"#0","tintindex":0,"uv":[0,0,3,8]},"south":{"texture":"#0","tintindex":0,"uv":[6,0,3,8]},"up":{"rotation":180,"texture":"#0","tintindex":0,"uv":[0,0,3,1]},"west":{"texture":"#0","tintindex":0,"uv":[2,0,3,8]}},"from":[9,5,7.3],"rotation":{"angle":22.5,"axis":"y","origin":[11,5,8]},"to":[12,13,8.3]},{"faces":{"north":{"texture":"#0","uv":[7,0,6,7]}},"from":[4.9,4.9,7.2],"rotation":{"angle":-22.5,"axis":"y","origin":[5,5,8]},"to":[6.1,12.1,7.4]},{"faces":{"north":{"texture":"#0","uv":[6,0,7,7]}},"from":[9.9,4.9,7.2],"rotation":{"angle":22.5,"axis":"y","origin":[11,5,8]},"to":[11.1,12.1,7.4]},{"faces":{"north":{"texture":"#0","uv":[16,0,11,3]},"south":{"texture":"#0","uv":[11,0,16,3]}},"from":[0,-4,3.95],"to":[5,-1,3.95]},{"faces":{"north":{"texture":"#0","uv":[11,0,16,3]},"south":{"texture":"#0","uv":[16,0,11,3]}},"from":[11,-4,3.95],"to":[16,-1,3.95]}],"groups":[0,1,2,{"children":[3,4,5,6],"name":"group","origin":[8,8,8]}],"textures":{"0":"custom/cosmetics/easter/bunny_ears","particle":"custom/cosmetics/easter/bunny_ears"}}