{"credit":"Made with Blockbench","display":{"firstperson_lefthand":{"rotation":[-5,28,0],"translation":[6,-7.5,0.25]},"firstperson_righthand":{"rotation":[-5,28,0],"translation":[6,-7.5,0.25]},"gui":{"rotation":[30,135,0],"scale":[0.77,0.77,0.77],"translation":[0,0.5,0]},"thirdperson_lefthand":{"rotation":[66,0,0],"scale":[0.83,0.83,0.83],"translation":[1,-4,-4.25]},"thirdperson_righthand":{"rotation":[66,0,0],"scale":[0.83,0.83,0.83],"translation":[1,-4,-4.25]}},"elements":[{"faces":{"down":{"rotation":90,"texture":"#0","uv":[0,4,6,10]},"east":{"texture":"#0","uv":[0,0,6,3]},"north":{"texture":"#0","uv":[0,0,6,3]},"south":{"texture":"#0","uv":[0,0,6,3]},"up":{"rotation":270,"texture":"#0","uv":[6,0,12,6]},"west":{"texture":"#0","uv":[0,0,6,3]}},"from":[2.41667,2,2.48333],"rotation":{"angle":0,"axis":"y","origin":[8.45,8.53333,8.03333]},"to":[14.41667,8,14.48333]},{"faces":{"east":{"texture":"#0","uv":[13.5,9.5,15,12]},"north":{"texture":"#0","uv":[13.5,9.5,15,12]},"south":{"texture":"#0","uv":[13.5,9.5,15,12]},"up":{"rotation":270,"texture":"#0","uv":[13.5,8,15,9.5]},"west":{"texture":"#0","uv":[13.5,9.5,15,12]}},"from":[3.41667,7,9.48333],"rotation":{"angle":0,"axis":"y","origin":[8.45,8.53333,8.03333]},"to":[6.41667,12,12.48333]},{"faces":{"east":{"texture":"#0","uv":[13.5,9.5,15,12]},"north":{"texture":"#0","uv":[13.5,9.5,15,12]},"south":{"texture":"#0","uv":[13.5,9.5,15,12]},"up":{"rotation":270,"texture":"#0","uv":[13.5,8,15,9.5]},"west":{"texture":"#0","uv":[13.5,9.5,15,12]}},"from":[7.41667,8,6.48333],"rotation":{"angle":0,"axis":"y","origin":[8.45,8.53333,8.03333]},"to":[10.41667,13,9.48333]},{"faces":{"east":{"texture":"#0","uv":[13.5,9.5,15,12]},"north":{"texture":"#0","uv":[13.5,9.5,15,12]},"south":{"texture":"#0","uv":[13.5,9.5,15,12]},"up":{"rotation":270,"texture":"#0","uv":[13.5,8,15,9.5]},"west":{"texture":"#0","uv":[13.5,9.5,15,12]}},"from":[7.41667,4,3.48333],"rotation":{"angle":0,"axis":"y","origin":[8.45,8.53333,8.03333]},"to":[10.41667,9,6.48333]},{"faces":{"east":{"texture":"#0","uv":[13.5,5.5,15,8]},"north":{"texture":"#0","uv":[13.5,5.5,15,8]},"south":{"texture":"#0","uv":[13.5,5.5,15,8]},"up":{"rotation":270,"texture":"#0","uv":[13.5,4,15,5.5]},"west":{"texture":"#0","uv":[13.5,5.5,15,8]}},"from":[3.41667,6,6.48333],"rotation":{"angle":0,"axis":"y","origin":[8.45,8.53333,8.03333]},"to":[6.41667,11,9.48333]},{"faces":{"east":{"texture":"#0","uv":[13.5,5.5,15,8]},"north":{"texture":"#0","uv":[13.5,5.5,15,8]},"south":{"texture":"#0","uv":[13.5,5.5,15,8]},"up":{"rotation":270,"texture":"#0","uv":[13.5,4,15,5.5]},"west":{"texture":"#0","uv":[13.5,5.5,15,8]}},"from":[10.41667,6,10.48333],"rotation":{"angle":0,"axis":"y","origin":[8.45,8.53333,8.03333]},"to":[13.41667,11,13.48333]},{"faces":{"east":{"texture":"#0","uv":[12,9.5,13.5,12]},"north":{"texture":"#0","uv":[12,9.5,13.5,12]},"south":{"texture":"#0","uv":[12,9.5,13.5,12]},"up":{"rotation":270,"texture":"#0","uv":[12,8,13.5,9.5]},"west":{"texture":"#0","uv":[12,9.5,13.5,12]}},"from":[4.41667,6,3.48333],"rotation":{"angle":0,"axis":"y","origin":[8.45,8.53333,8.03333]},"to":[7.41667,11,6.48333]},{"faces":{"east":{"texture":"#0","uv":[12,9.5,13.5,12]},"north":{"texture":"#0","uv":[12,9.5,13.5,12]},"south":{"texture":"#0","uv":[12,9.5,13.5,12]},"up":{"rotation":270,"texture":"#0","uv":[12,8,13.5,9.5]},"west":{"texture":"#0","uv":[12,9.5,13.5,12]}},"from":[10.41667,7,7.48333],"rotation":{"angle":0,"axis":"y","origin":[8.45,8.53333,8.03333]},"to":[13.41667,12,10.48333]},{"faces":{"east":{"texture":"#0","uv":[12,5.5,13.5,8]},"north":{"texture":"#0","uv":[12,5.5,13.5,8]},"south":{"texture":"#0","uv":[12,5.5,13.5,8]},"up":{"rotation":270,"texture":"#0","uv":[12,4,13.5,5.5]},"west":{"texture":"#0","uv":[12,5.5,13.5,8]}},"from":[6.41667,6,10.48333],"rotation":{"angle":0,"axis":"y","origin":[8.45,8.53333,8.03333]},"to":[9.41667,11,13.48333]},{"faces":{"east":{"texture":"#0","uv":[12,5.5,13.5,8]},"north":{"texture":"#0","uv":[12,5.5,13.5,8]},"south":{"texture":"#0","uv":[12,5.5,13.5,8]},"up":{"rotation":270,"texture":"#0","uv":[12,4,13.5,5.5]},"west":{"texture":"#0","uv":[12,5.5,13.5,8]}},"from":[9.41667,6,4.48333],"rotation":{"angle":0,"axis":"y","origin":[8.45,8.53333,8.03333]},"to":[12.41667,11,7.48333]},{"faces":{"east":{"texture":"#0","uv":[2.5,10,3.5,14]},"north":{"texture":"#0","uv":[3,10,3.5,14]},"south":{"texture":"#0","uv":[3,10,3.5,14]},"up":{"rotation":270,"texture":"#0","uv":[2.5,10,3.5,10.5]},"west":{"texture":"#0","uv":[2.5,10,3.5,14]}},"from":[2.41667,8,7.48333],"rotation":{"angle":0,"axis":"y","origin":[8.45,8.53333,8.03333]},"to":[3.41667,16,9.48333]},{"faces":{"east":{"texture":"#0","uv":[2.5,10,3.5,14]},"north":{"texture":"#0","uv":[3,10,3.5,14]},"south":{"texture":"#0","uv":[3,10,3.5,14]},"up":{"rotation":270,"texture":"#0","uv":[2.5,10,3.5,10.5]},"west":{"texture":"#0","uv":[2.5,10,3.5,14]}},"from":[13.41667,8,7.48333],"rotation":{"angle":0,"axis":"y","origin":[8.45,8.53333,8.03333]},"to":[14.41667,16,9.48333]},{"faces":{"down":{"rotation":90,"texture":"#0","uv":[3.5,10,4.5,15]},"north":{"rotation":90,"texture":"#0","uv":[4,10,4.5,15]},"south":{"rotation":90,"texture":"#0","uv":[4,10,4.5,15]},"up":{"rotation":270,"texture":"#0","uv":[3.5,10,4.5,15]}},"from":[3.41667,15,7.48333],"rotation":{"angle":0,"axis":"y","origin":[8.45,8.53333,8.03333]},"to":[13.41667,16,9.48333]},{"faces":{"east":{"texture":"#0","tintindex":0,"uv":[6,6,12,10]},"north":{"texture":"#0","tintindex":0,"uv":[6,6,12,10]},"south":{"texture":"#0","tintindex":0,"uv":[6,6,12,10]},"west":{"texture":"#0","tintindex":0,"uv":[6,6,12,10]}},"from":[2.31667,-1.1,2.38333],"rotation":{"angle":0,"axis":"y","origin":[8.45,8.53333,8.03333]},"to":[14.51667,7.1,14.58333]},{"faces":{"north":{"texture":"#0","tintindex":0,"uv":[4.5,10,9.5,14]},"south":{"texture":"#0","tintindex":0,"uv":[4.5,10,9.5,14]}},"from":[3.41667,-1,2.23333],"rotation":{"angle":0,"axis":"y","origin":[8.45,8.53333,8.03333]},"to":[13.41667,7,2.23333]}],"groups":[{"children":[0,1,2,3,4,5,6,7,8,9,10,11,12],"name":"group","origin":[0,0,0]},13,14],"texture_size":[32,32],"textures":{"0":"custom/cosmetics/easter/easter_basket","particle":"custom/cosmetics/easter/easter_basket"}}