{"credit":"Made with Blockbench","display":{"gui":{"rotation":[30,135,0],"scale":[0.74,0.74,0.74],"translation":[0,5.25,0]},"head":{"rotation":[5,0,0],"scale":[1.9,1.9,1.9],"translation":[0,18.75,1.25]}},"elements":[{"faces":{"east":{"texture":"#0","uv":[2,2,3.5,2.75]},"north":{"texture":"#0","uv":[2,2,3.5,2.75]},"south":{"texture":"#0","uv":[2,2,3.5,2.75]},"west":{"texture":"#0","uv":[2,2,3.5,2.75]}},"from":[4.9,4.9,4.9],"to":[11.1,8.1,11.1]},{"faces":{"east":{"texture":"#0","uv":[0,2,2,3.25]},"north":{"texture":"#0","uv":[0,2,2,3.25]},"south":{"texture":"#0","uv":[0,2,2,3.25]},"west":{"texture":"#0","uv":[0,2,2,3.25]}},"from":[3.9,-0.1,3.9],"to":[12.1,5.1,12.1]},{"faces":{"down":{"texture":"#0","uv":[4,0,9,5]},"up":{"texture":"#0","uv":[4,0,9,5]}},"from":[-2,0,-2],"to":[18,0,18]},{"faces":{"down":{"texture":"#0","tintindex":0,"uv":[9,0,14,5]},"up":{"texture":"#0","tintindex":0,"uv":[9,0,14,5]}},"from":[-2,0,-2],"to":[18,0,18]},{"faces":{"east":{"texture":"#0","tintindex":0,"uv":[2,0,4,1.25]},"north":{"texture":"#0","tintindex":0,"uv":[2,0,4,1.25]},"south":{"texture":"#0","tintindex":0,"uv":[2,0,4,1.25]},"up":{"texture":"#0","tintindex":0,"uv":[0,0,2,2]},"west":{"texture":"#0","tintindex":0,"uv":[2,0,4,1.25]}},"from":[4,0,4],"to":[12,5,12]},{"faces":{"east":{"texture":"#0","tintindex":0,"uv":[2,1.25,3.5,2]},"north":{"texture":"#0","tintindex":0,"uv":[2,1.25,3.5,2]},"south":{"texture":"#0","tintindex":0,"uv":[2,1.25,3.5,2]},"up":{"texture":"#0","tintindex":0,"uv":[0.25,0.25,1.75,1.75]},"west":{"texture":"#0","tintindex":0,"uv":[2,1.25,3.5,2]}},"from":[5,5,5],"to":[11,8,11]},{"faces":{"east":{"texture":"#0","tintindex":0,"uv":[3.5,1.25,3.75,3.25]},"west":{"texture":"#0","tintindex":0,"uv":[3.5,1.25,3.75,3.25]}},"from":[-1,-8,6],"rotation":{"angle":45,"axis":"z","origin":[-1,0,7]},"to":[-1,0,7]},{"faces":{"east":{"texture":"#0","tintindex":0,"uv":[3.5,1.25,3.75,3.25]},"west":{"texture":"#0","tintindex":0,"uv":[3.5,1.25,3.75,3.25]}},"from":[17,-8,6],"rotation":{"angle":-45,"axis":"z","origin":[17,0,6.5]},"to":[17,0,7]},{"faces":{"down":{"rotation":90,"texture":"#0","tintindex":0,"uv":[3.75,1.25,4,3]},"up":{"rotation":90,"texture":"#0","tintindex":0,"uv":[3.75,1.25,4,3]}},"from":[4.65,-5.66,6],"to":[11.35,-5.66,7]},{"faces":{"down":{"texture":"#0","tintindex":0,"uv":[0,0,2,2]},"east":{"rotation":180,"texture":"#0","tintindex":0,"uv":[2,0,4,1.25]},"north":{"rotation":180,"texture":"#0","tintindex":0,"uv":[2,0,4,1.25]},"south":{"rotation":180,"texture":"#0","tintindex":0,"uv":[2,0,4,1.25]},"west":{"rotation":180,"texture":"#0","tintindex":0,"uv":[2,0,4,1.25]}},"from":[12,5,12],"to":[4,0,4]},{"faces":{"north":{"texture":"#0","tintindex":0,"uv":[0,3.25,1.25,4]},"south":{"texture":"#0","tintindex":0,"uv":[0,3.25,1.25,4]}},"from":[5.5,-8.65,6],"rotation":{"angle":0,"axis":"x","origin":[8,-6.5,5]},"to":[10.5,-5.65,6]}],"groups":[0,1,2,{"children":[3,4,5,6,7,8,9,10],"name":"group","origin":[0,0,0]}],"texture_size":[64,64],"textures":{"0":"custom/cosmetics/easter/easter_egg_hat","particle":"custom/cosmetics/easter/easter_egg_hat"}}