{"credit":"Made with Blockbench","display":{"gui":{"rotation":[30,-45,0],"scale":[0.36,0.36,0.36],"translation":[0,-1.5,0]},"head":{"rotation":[0,-180,0],"scale":[1.61,1.61,1.61],"translation":[0,-36.75,11.25]}},"elements":[{"faces":{"down":{"rotation":180,"texture":"#0","tintindex":0,"uv":[0,0,2,2]},"east":{"texture":"#0","tintindex":0,"uv":[0,0,2,2]},"north":{"texture":"#0","tintindex":0,"uv":[0,0,2,2]},"south":{"texture":"#0","tintindex":0,"uv":[0,0,2,2]},"up":{"rotation":180,"texture":"#0","tintindex":0,"uv":[0,0,2,2]},"west":{"texture":"#0","tintindex":0,"uv":[0,0,2,2]}},"from":[5,15,-10],"rotation":{"angle":0,"axis":"y","origin":[9,14.8,-6]},"to":[13,23,-2]},{"faces":{"east":{"texture":"#0","tintindex":0,"uv":[2,2,4,4.5]},"north":{"texture":"#0","tintindex":0,"uv":[0,2,2,4.5]},"south":{"texture":"#0","tintindex":0,"uv":[2,2,4,4.5]},"west":{"texture":"#0","tintindex":0,"uv":[0,2,2,4.5]}},"from":[5,5,-10],"rotation":{"angle":0,"axis":"y","origin":[9,14.8,-6]},"to":[13,15,-2]},{"faces":{"east":{"texture":"#1","tintindex":0,"uv":[7,0,0,16]},"north":{"texture":"#2","tintindex":0,"uv":[0,0,7,16]}},"from":[5,-10,-10],"rotation":{"angle":0,"axis":"y","origin":[9,14.8,-6]},"to":[13,6,-2]},{"faces":{"south":{"rotation":180,"texture":"#2","tintindex":0,"uv":[0,0,7,16]},"west":{"rotation":180,"texture":"#1","tintindex":0,"uv":[7,0,0,16]}},"from":[13,6,-2],"rotation":{"angle":0,"axis":"y","origin":[9,14.8,-6]},"to":[5,-10,-10]},{"faces":{"south":{"texture":"#1","tintindex":0,"uv":[7,0,0,16]},"west":{"texture":"#2","tintindex":0,"uv":[0,0,7,16]}},"from":[-5,-4,0],"rotation":{"angle":0,"axis":"y","origin":[9,14.8,-6]},"to":[3,12,8]},{"faces":{"east":{"rotation":180,"texture":"#2","tintindex":0,"uv":[0,0,7,16]},"north":{"rotation":180,"texture":"#1","tintindex":0,"uv":[7,0,0,16]}},"from":[3,12,8],"rotation":{"angle":0,"axis":"y","origin":[9,14.8,-6]},"to":[-5,-4,0]},{"faces":{"east":{"rotation":180,"texture":"#0","tintindex":0,"uv":[0,2,2,4.5]},"north":{"rotation":180,"texture":"#0","tintindex":0,"uv":[2,2,4,4.5]},"south":{"rotation":180,"texture":"#0","tintindex":0,"uv":[0,2,2,4.5]},"west":{"rotation":180,"texture":"#0","tintindex":0,"uv":[2,2,4,4.5]}},"from":[13,14,-2],"rotation":{"angle":0,"axis":"y","origin":[9,14.8,-6]},"to":[5,4,-10]},{"faces":{"east":{"texture":"#0","tintindex":0,"uv":[4,0,8,4]},"west":{"texture":"#0","tintindex":0,"uv":[4,0,8,4]}},"from":[9,10,-16],"rotation":{"angle":45,"axis":"y","origin":[9,14.8,-6]},"to":[9,26,4]},{"faces":{"north":{"texture":"#0","tintindex":0,"uv":[4,0,8,4]},"south":{"texture":"#0","tintindex":0,"uv":[4,0,8,4]}},"from":[-1,10,-6],"rotation":{"angle":45,"axis":"y","origin":[9,14.8,-6]},"to":[19,26,-6]},{"faces":{"down":{"texture":"#0","tintindex":0,"uv":[0,0,2,2]},"east":{"texture":"#0","tintindex":0,"uv":[0,0,2,2]},"north":{"texture":"#0","tintindex":0,"uv":[0,0,2,2]},"south":{"texture":"#0","tintindex":0,"uv":[0,0,2,2]},"up":{"texture":"#0","tintindex":0,"uv":[0,0,2,2]},"west":{"texture":"#0","tintindex":0,"uv":[0,0,2,2]}},"from":[-4,21,0],"rotation":{"angle":0,"axis":"y","origin":[-4,6,0]},"to":[4,29,8]},{"faces":{"east":{"texture":"#0","tintindex":0,"uv":[0,2,2,4.5]},"north":{"texture":"#0","tintindex":0,"uv":[2,2,4,4.5]},"south":{"texture":"#0","tintindex":0,"uv":[0,2,2,4.5]},"west":{"texture":"#0","tintindex":0,"uv":[2,2,4,4.5]}},"from":[-4,11,0],"rotation":{"angle":0,"axis":"y","origin":[-4,6,0]},"to":[4,21,8]},{"faces":{"east":{"rotation":180,"texture":"#0","tintindex":0,"uv":[2,2,4,4.5]},"north":{"rotation":180,"texture":"#0","tintindex":0,"uv":[0,2,2,4.5]},"south":{"rotation":180,"texture":"#0","tintindex":0,"uv":[2,2,4,4.5]},"west":{"rotation":180,"texture":"#0","tintindex":0,"uv":[0,2,2,4.5]}},"from":[4,20,8],"rotation":{"angle":0,"axis":"y","origin":[-4,6,0]},"to":[-4,10,0]},{"faces":{"north":{"texture":"#0","tintindex":0,"uv":[4,0,8,4]},"south":{"texture":"#0","tintindex":0,"uv":[4,0,8,4]}},"from":[-10,16,4],"rotation":{"angle":-45,"axis":"y","origin":[0,24,4]},"to":[10,32,4]},{"faces":{"north":{"texture":"#0","tintindex":0,"uv":[4,0,8,4]},"south":{"texture":"#0","tintindex":0,"uv":[4,0,8,4]}},"from":[-10,16,4],"rotation":{"angle":45,"axis":"y","origin":[0,24,4]},"to":[10,32,4]},{"faces":{"down":{"texture":"#0","tintindex":0,"uv":[0,0,2,2]},"east":{"texture":"#0","tintindex":0,"uv":[0,0,2,2]},"north":{"texture":"#0","tintindex":0,"uv":[0,0,2,2]},"south":{"texture":"#0","tintindex":0,"uv":[0,0,2,2]},"up":{"texture":"#0","tintindex":0,"uv":[0,0,2,2]},"west":{"texture":"#0","tintindex":0,"uv":[0,0,2,2]}},"from":[12,20,0],"rotation":{"angle":0,"axis":"y","origin":[12,5,0]},"to":[20,28,8]},{"faces":{"east":{"texture":"#0","tintindex":0,"uv":[0,2,2,4.5]},"north":{"texture":"#0","tintindex":0,"uv":[2,2,4,4.5]},"south":{"texture":"#0","tintindex":0,"uv":[0,2,2,4.5]},"west":{"texture":"#0","tintindex":0,"uv":[2,2,4,4.5]}},"from":[12,10,0],"rotation":{"angle":0,"axis":"y","origin":[12,5,0]},"to":[20,20,8]},{"faces":{"east":{"rotation":180,"texture":"#0","tintindex":0,"uv":[2,2,4,4.5]},"north":{"rotation":180,"texture":"#0","tintindex":0,"uv":[0,2,2,4.5]},"south":{"rotation":180,"texture":"#0","tintindex":0,"uv":[2,2,4,4.5]},"west":{"rotation":180,"texture":"#0","tintindex":0,"uv":[0,2,2,4.5]}},"from":[20,19,8],"rotation":{"angle":0,"axis":"y","origin":[12,5,0]},"to":[12,9,0]},{"faces":{"north":{"texture":"#0","tintindex":0,"uv":[4,0,8,4]},"south":{"texture":"#0","tintindex":0,"uv":[4,0,8,4]}},"from":[6,15,4],"rotation":{"angle":-45,"axis":"y","origin":[16,23,4]},"to":[26,31,4]},{"faces":{"north":{"texture":"#0","tintindex":0,"uv":[4,0,8,4]},"south":{"texture":"#0","tintindex":0,"uv":[4,0,8,4]}},"from":[6,15,4],"rotation":{"angle":45,"axis":"y","origin":[16,23,4]},"to":[26,31,4]},{"faces":{"north":{"rotation":180,"texture":"#2","tintindex":0,"uv":[0,0,7,16]},"west":{"rotation":180,"texture":"#1","tintindex":0,"uv":[0,0,7,16]}},"from":[20,11,8],"rotation":{"angle":0,"axis":"y","origin":[9,13.8,-6]},"to":[12,-5,0]},{"faces":{"east":{"texture":"#1","tintindex":0,"uv":[0,0,7,16]},"south":{"texture":"#2","tintindex":0,"uv":[0,0,7,16]}},"from":[12,-5,0],"rotation":{"angle":0,"axis":"y","origin":[9,13.8,-6]},"to":[20,11,8]},{"faces":{"east":{"texture":"#0","tintindex":0,"uv":[2.5,4.5,5,6.75]},"north":{"texture":"#0","tintindex":0,"uv":[2.5,4.5,5,6.75]},"south":{"texture":"#0","tintindex":0,"uv":[2.5,4.5,5,6.75]},"west":{"texture":"#0","tintindex":0,"uv":[2.5,4.5,5,6.75]}},"from":[2.9,-6.1,3.9],"to":[13.1,3.1,14.1]},{"faces":{"up":{"texture":"#0","tintindex":0,"uv":[0.25,9.5,2.25,11.5]}},"from":[4,3.1,5],"to":[12,3.1,13]},{"faces":{"down":{"texture":"#0","uv":[2.5,6.75,5,9.25]},"east":{"texture":"#0","uv":[0,4.5,2.5,6.75]},"north":{"texture":"#0","uv":[0,4.5,2.5,6.75]},"south":{"texture":"#0","uv":[0,4.5,2.5,6.75]},"up":{"texture":"#0","uv":[0,6.75,2.5,9.25]},"west":{"texture":"#0","uv":[0,4.5,2.5,6.75]}},"from":[3,-6,4],"to":[13,3,14]},{"faces":{"east":{"texture":"#0","uv":[5,5.75,5.5,7.25]},"north":{"texture":"#0","uv":[5,5.75,5.5,7.25]},"south":{"texture":"#0","uv":[5.5,5.75,5,7.25]},"up":{"texture":"#0","uv":[5,4.75,5.5,5.25]},"west":{"texture":"#0","uv":[5,5.75,5.5,7.25]}},"from":[7,3,8],"to":[9,9,10]},{"faces":{"down":{"texture":"#0","uv":[6,6.75,6.5,4]},"east":{"rotation":270,"texture":"#0","uv":[6.5,6.75,6,4]},"up":{"rotation":180,"texture":"#0","uv":[6.5,6.75,6,4]},"west":{"rotation":90,"texture":"#0","uv":[6.5,6.75,6,4]}},"from":[7,7,-3],"to":[9,9,8]},{"faces":{"down":{"texture":"#0","uv":[5.5,6.25,6,6.75]},"east":{"texture":"#0","uv":[5.5,4,6,7.75]},"north":{"texture":"#0","uv":[6,4,5.5,7.75]},"south":{"texture":"#0","uv":[6,4,5.5,7.75]},"west":{"texture":"#0","uv":[5.5,4,6,7.75]}},"from":[-1,8,4],"to":[1,23,6]},{"faces":{"down":{"texture":"#0","uv":[5.5,6.25,6,6.75]},"east":{"texture":"#0","uv":[5.5,4,6,7.75]},"north":{"texture":"#0","uv":[6,4,5.5,7.75]},"south":{"texture":"#0","uv":[6,4,5.5,7.75]},"west":{"texture":"#0","uv":[5.5,4,6,7.75]}},"from":[13,8,4],"to":[15,23,6]},{"faces":{"down":{"texture":"#0","uv":[5.5,6.25,6,6.75]},"east":{"texture":"#0","uv":[5.5,4,6,7.75]},"north":{"texture":"#0","uv":[6,4,5.5,7.75]},"south":{"texture":"#0","uv":[6,4,5.5,7.75]},"west":{"texture":"#0","uv":[5.5,4,6,7.75]}},"from":[7,7,-5],"to":[9,22,-3]},{"faces":{"down":{"rotation":90,"texture":"#0","uv":[6,7,6.5,4]},"north":{"rotation":90,"texture":"#0","uv":[6,4,6.5,7]},"south":{"rotation":90,"texture":"#0","uv":[6,7,6.5,4]},"up":{"rotation":90,"texture":"#0","uv":[5,7,5.5,4]}},"from":[1,8,4],"to":[13,10,6]},{"faces":{"east":{"texture":"#0","uv":[2.75,9.25,4.75,10.25]},"west":{"texture":"#0","uv":[2.75,9.25,4.75,10.25]}},"from":[3,-1,5],"rotation":{"angle":-22.5,"axis":"z","origin":[3,3,9]},"to":[3,3,13]},{"faces":{"east":{"texture":"#0","uv":[2.75,9.25,4.75,10.25]},"west":{"texture":"#0","uv":[2.75,9.25,4.75,10.25]}},"from":[13,-1,5],"rotation":{"angle":22.5,"axis":"z","origin":[13,3,9]},"to":[13,3,13]}],"groups":[{"children":[{"children":[0,1,2,3,4,5,6,7,8],"name":"group","origin":[4,18,4]},{"children":[9,10,11,12,13],"name":"group","origin":[4,18,4]},{"children":[14,15,16,17,18,19,20],"name":"group","origin":[4,18,4]}],"name":"group","origin":[8,8,8]},{"children":[21,22],"name":"group","origin":[0,0,0]},{"children":[23],"name":"group","origin":[0,0,0]},24,25,26,27,28,29,30,31],"texture_size":[64,64],"textures":{"0":"custom/cosmetics/easter/wisteria_pot","1":"custom/cosmetics/easter/wisteria_leaf","2":"custom/cosmetics/easter/wisteria_leaf_1","particle":"custom/cosmetics/easter/wisteria_leaf"}}