{
	"__comment": "Designed by MrZoom31 with Cubik Studio - https://cubik.studio",
	"textures": {
		"defence_4": "mcpatcher/cit/escudos/4"
	},
	"elements": [ 	 
		{
			"__comment": "Voxels",
			"from": [ 7, 1, 8 ],
			"to": [ 9, 16, 9 ],
			"faces": {
				"down": { "uv": [ 4.5, 8, 5, 8.25 ], "texture": "#defence_4" },
				"up": { "uv": [ 11.5, 15.75, 12, 15.5 ], "texture": "#defence_4" },
				"north": { "uv": [ 0.5, 12.25, 0, 16 ], "texture": "#defence_4" },
				"south": { "uv": [ 0, 8.5, 0.5, 12.25 ], "texture": "#defence_4" },
				"west": { "uv": [ 0.5, 8, 0.75, 11.75 ], "texture": "#defence_4" },
				"east": { "uv": [ 1, 8, 0.75, 11.75 ], "texture": "#defence_4" }
			}
		},
		{
			"__comment": "Voxels",
			"from": [ 7, 3, 6 ],
			"to": [ 9, 6, 7 ],
			"faces": {
				"down": { "uv": [ 12, 15.5, 12.5, 15.75 ], "texture": "#defence_4" },
				"up": { "uv": [ 12.5, 15.75, 13, 15.5 ], "texture": "#defence_4" },
				"north": { "uv": [ 5.5, 14.75, 5, 15.5 ], "texture": "#defence_4" },
				"south": { "uv": [ 5.25, 13.25, 5.75, 14 ], "texture": "#defence_4" },
				"west": { "uv": [ 5.5, 14, 5.75, 14.75 ], "texture": "#defence_4" },
				"east": { "uv": [ 7.5, 10, 7.25, 10.75 ], "texture": "#defence_4" }
			}
		},
		{
			"__comment": "Voxels",
			"from": [ 7, 3, 10 ],
			"to": [ 9, 6, 11 ],
			"faces": {
				"down": { "uv": [ 13, 15.5, 13.5, 15.75 ], "texture": "#defence_4" },
				"up": { "uv": [ 13.5, 15.75, 14, 15.5 ], "texture": "#defence_4" },
				"north": { "uv": [ 5, 15.25, 4.5, 16 ], "texture": "#defence_4" },
				"south": { "uv": [ 4.5, 13.75, 5, 14.5 ], "texture": "#defence_4" },
				"west": { "uv": [ 7.25, 10.75, 7.5, 11.5 ], "texture": "#defence_4" },
				"east": { "uv": [ 7.5, 13, 7.25, 13.75 ], "texture": "#defence_4" }
			}
		},
		{
			"__comment": "Voxels",
			"from": [ 7, 5, 7 ],
			"to": [ 9, 12, 8 ],
			"faces": {
				"down": { "uv": [ 14, 15.5, 14.5, 15.75 ], "texture": "#defence_4" },
				"up": { "uv": [ 14.5, 15.75, 15, 15.5 ], "texture": "#defence_4" },
				"north": { "uv": [ 3, 10.75, 2.5, 12.5 ], "texture": "#defence_4" },
				"south": { "uv": [ 2.5, 9, 3, 10.75 ], "texture": "#defence_4" },
				"west": { "uv": [ 3.75, 10.5, 4, 12.25 ], "texture": "#defence_4" },
				"east": { "uv": [ 4.25, 12.25, 4, 14 ], "texture": "#defence_4" }
			}
		},
		{
			"__comment": "Voxels",
			"from": [ 7, 5, 9 ],
			"to": [ 9, 12, 10 ],
			"faces": {
				"down": { "uv": [ 15, 15.5, 15.5, 15.75 ], "texture": "#defence_4" },
				"up": { "uv": [ 15.5, 15.75, 16, 15.5 ], "texture": "#defence_4" },
				"north": { "uv": [ 3, 12.5, 2.5, 14.25 ], "texture": "#defence_4" },
				"south": { "uv": [ 2.5, 14.25, 3, 16 ], "texture": "#defence_4" },
				"west": { "uv": [ 4, 10.5, 4.25, 12.25 ], "texture": "#defence_4" },
				"east": { "uv": [ 4, 12.25, 3.75, 14 ], "texture": "#defence_4" }
			}
		},
		{
			"__comment": "Voxels",
			"from": [ 7, 7, 6 ],
			"to": [ 9, 10, 7 ],
			"faces": {
				"down": { "uv": [ 8.5, 15.25, 9, 15.5 ], "texture": "#defence_4" },
				"up": { "uv": [ 9, 15.5, 9.5, 15.25 ], "texture": "#defence_4" },
				"north": { "uv": [ 5, 8.5, 4.5, 9.25 ], "texture": "#defence_4" },
				"south": { "uv": [ 5, 14, 5.5, 14.75 ], "texture": "#defence_4" },
				"west": { "uv": [ 5.25, 12.5, 5.5, 13.25 ], "texture": "#defence_4" },
				"east": { "uv": [ 8, 15.25, 7.75, 16 ], "texture": "#defence_4" }
			}
		},
		{
			"__comment": "Voxels",
			"from": [ 7, 7, 10 ],
			"to": [ 9, 10, 11 ],
			"faces": {
				"down": { "uv": [ 9.5, 15.25, 10, 15.5 ], "texture": "#defence_4" },
				"up": { "uv": [ 10, 15.5, 10.5, 15.25 ], "texture": "#defence_4" },
				"north": { "uv": [ 4.25, 9.75, 3.75, 10.5 ], "texture": "#defence_4" },
				"south": { "uv": [ 3.75, 9, 4.25, 9.75 ], "texture": "#defence_4" },
				"west": { "uv": [ 7.5, 8.5, 7.75, 9.25 ], "texture": "#defence_4" },
				"east": { "uv": [ 7.75, 10.75, 7.5, 11.5 ], "texture": "#defence_4" }
			}
		},
		{
			"__comment": "Voxels",
			"from": [ 7, 11, 6 ],
			"to": [ 9, 14, 7 ],
			"faces": {
				"down": { "uv": [ 10.5, 15.25, 11, 15.5 ], "texture": "#defence_4" },
				"up": { "uv": [ 11, 15.5, 11.5, 15.25 ], "texture": "#defence_4" },
				"north": { "uv": [ 5, 12.25, 4.5, 13 ], "texture": "#defence_4" },
				"south": { "uv": [ 4.5, 14.5, 5, 15.25 ], "texture": "#defence_4" },
				"west": { "uv": [ 7.25, 8.5, 7.5, 9.25 ], "texture": "#defence_4" },
				"east": { "uv": [ 7.5, 11.5, 7.25, 12.25 ], "texture": "#defence_4" }
			}
		},
		{
			"__comment": "Voxels",
			"from": [ 7, 11, 10 ],
			"to": [ 9, 14, 11 ],
			"faces": {
				"down": { "uv": [ 11.5, 15.25, 12, 15.5 ], "texture": "#defence_4" },
				"up": { "uv": [ 12, 15.5, 12.5, 15.25 ], "texture": "#defence_4" },
				"north": { "uv": [ 5, 10.75, 4.5, 11.5 ], "texture": "#defence_4" },
				"south": { "uv": [ 4.5, 10, 5, 10.75 ], "texture": "#defence_4" },
				"west": { "uv": [ 7.25, 9.25, 7.5, 10 ], "texture": "#defence_4" },
				"east": { "uv": [ 7.5, 12.25, 7.25, 13 ], "texture": "#defence_4" }
			}
		},
		{
			"__comment": "Voxels",
			"from": [ 8, -1, 6 ],
			"to": [ 9, 3, 8 ],
			"faces": {
				"down": { "uv": [ 8.25, 14.5, 8.5, 15 ], "texture": "#defence_4" },
				"up": { "uv": [ 8.25, 14.5, 8.5, 14 ], "texture": "#defence_4" },
				"north": { "uv": [ 7, 15, 6.75, 16 ], "texture": "#defence_4" },
				"south": { "uv": [ 6.25, 14, 6.5, 15 ], "texture": "#defence_4" },
				"west": { "uv": [ 3.25, 8, 3.75, 9 ], "texture": "#defence_4" },
				"east": { "uv": [ 4.25, 15, 3.75, 16 ], "texture": "#defence_4" }
			}
		},
		{
			"__comment": "Voxels",
			"from": [ 8, -1, 8 ],
			"to": [ 9, 1, 11 ],
			"faces": {
				"down": { "uv": [ 7.5, 14.5, 7.75, 15.25 ], "texture": "#defence_4" },
				"up": { "uv": [ 7.5, 16, 7.75, 15.25 ], "texture": "#defence_4" },
				"north": { "uv": [ 8.5, 13.5, 8.25, 14 ], "texture": "#defence_4" },
				"south": { "uv": [ 0, 8, 0.25, 8.5 ], "texture": "#defence_4" },
				"west": { "uv": [ 5, 12, 5.75, 12.5 ], "texture": "#defence_4" },
				"east": { "uv": [ 5.75, 15.5, 5, 16 ], "texture": "#defence_4" }
			}
		},
		{
			"__comment": "Voxels",
			"from": [ 8, 0, 5 ],
			"to": [ 9, 17, 6 ],
			"faces": {
				"down": { "uv": [ 8.5, 9, 8.75, 9.25 ], "texture": "#defence_4" },
				"up": { "uv": [ 8.5, 9.5, 8.75, 9.25 ], "texture": "#defence_4" },
				"north": { "uv": [ 1, 11.75, 0.75, 16 ], "texture": "#defence_4" },
				"south": { "uv": [ 1.5, 11.75, 1.75, 16 ], "texture": "#defence_4" },
				"west": { "uv": [ 1.25, 11.75, 1.5, 16 ], "texture": "#defence_4" },
				"east": { "uv": [ 1.25, 11.75, 1, 16 ], "texture": "#defence_4" }
			}
		},
		{
			"__comment": "Voxels",
			"from": [ 8, 0, 11 ],
			"to": [ 9, 17, 12 ],
			"faces": {
				"down": { "uv": [ 8.5, 9.5, 8.75, 9.75 ], "texture": "#defence_4" },
				"up": { "uv": [ 8.5, 10.5, 8.75, 10.25 ], "texture": "#defence_4" },
				"north": { "uv": [ 0.75, 11.75, 0.5, 16 ], "texture": "#defence_4" },
				"south": { "uv": [ 2.25, 11.75, 2.5, 16 ], "texture": "#defence_4" },
				"west": { "uv": [ 2, 11.75, 2.25, 16 ], "texture": "#defence_4" },
				"east": { "uv": [ 2, 11.75, 1.75, 16 ], "texture": "#defence_4" }
			}
		},
		{
			"__comment": "Voxels",
			"from": [ 8, 1, 4 ],
			"to": [ 10, 6, 5 ],
			"faces": {
				"down": { "uv": [ 3.75, 8, 4.25, 8.25 ], "texture": "#defence_4" },
				"up": { "uv": [ 4.5, 8.5, 5, 8.25 ], "texture": "#defence_4" },
				"north": { "uv": [ 3.75, 11, 3.25, 12.25 ], "texture": "#defence_4" },
				"south": { "uv": [ 3.25, 12.25, 3.75, 13.5 ], "texture": "#defence_4" },
				"west": { "uv": [ 5.75, 12.25, 6, 13.5 ], "texture": "#defence_4" },
				"east": { "uv": [ 6, 11, 5.75, 12.25 ], "texture": "#defence_4" }
			}
		},
		{
			"__comment": "Voxels",
			"from": [ 8, 1, 9 ],
			"to": [ 9, 5, 10 ],
			"faces": {
				"down": { "uv": [ 8.5, 10.5, 8.75, 10.75 ], "texture": "#defence_4" },
				"up": { "uv": [ 8.5, 11, 8.75, 10.75 ], "texture": "#defence_4" },
				"north": { "uv": [ 6.5, 13, 6.25, 14 ], "texture": "#defence_4" },
				"south": { "uv": [ 6.25, 12, 6.5, 13 ], "texture": "#defence_4" },
				"west": { "uv": [ 6.5, 8, 6.75, 9 ], "texture": "#defence_4" },
				"east": { "uv": [ 6.5, 10, 6.25, 11 ], "texture": "#defence_4" }
			}
		},
		{
			"__comment": "Voxels",
			"from": [ 8, 1, 10 ],
			"to": [ 9, 3, 11 ],
			"faces": {
				"down": { "uv": [ 8.5, 11, 8.75, 11.25 ], "texture": "#defence_4" },
				"up": { "uv": [ 8.5, 13, 8.75, 12.75 ], "texture": "#defence_4" },
				"north": { "uv": [ 0.5, 8, 0.25, 8.5 ], "texture": "#defence_4" },
				"south": { "uv": [ 1, 8, 1.25, 8.5 ], "texture": "#defence_4" },
				"west": { "uv": [ 1.25, 8, 1.5, 8.5 ], "texture": "#defence_4" },
				"east": { "uv": [ 1.75, 8, 1.5, 8.5 ], "texture": "#defence_4" }
			}
		},
		{
			"__comment": "Voxels",
			"from": [ 8, 1, 12 ],
			"to": [ 10, 6, 13 ],
			"faces": {
				"down": { "uv": [ 5.25, 10.5, 5.75, 10.75 ], "texture": "#defence_4" },
				"up": { "uv": [ 8, 16, 8.5, 15.75 ], "texture": "#defence_4" },
				"north": { "uv": [ 3.75, 13.5, 3.25, 14.75 ], "texture": "#defence_4" },
				"south": { "uv": [ 3.25, 14.75, 3.75, 16 ], "texture": "#defence_4" },
				"west": { "uv": [ 6, 14.75, 6.25, 16 ], "texture": "#defence_4" },
				"east": { "uv": [ 6.25, 13.5, 6, 14.75 ], "texture": "#defence_4" }
			}
		},
		{
			"__comment": "Voxels",
			"from": [ 8, 3, 7 ],
			"to": [ 9, 5, 8 ],
			"faces": {
				"down": { "uv": [ 14.75, 15.25, 15, 15.5 ], "texture": "#defence_4" },
				"up": { "uv": [ 14.5, 15.5, 14.75, 15.25 ], "texture": "#defence_4" },
				"north": { "uv": [ 2, 8, 1.75, 8.5 ], "texture": "#defence_4" },
				"south": { "uv": [ 2, 8, 2.25, 8.5 ], "texture": "#defence_4" },
				"west": { "uv": [ 2.25, 8, 2.5, 8.5 ], "texture": "#defence_4" },
				"east": { "uv": [ 4.5, 8, 4.25, 8.5 ], "texture": "#defence_4" }
			}
		},
		{
			"__comment": "Voxels",
			"from": [ 8, 4, 3 ],
			"to": [ 10, 5, 4 ],
			"faces": {
				"down": { "uv": [ 8.5, 15.75, 9, 16 ], "texture": "#defence_4" },
				"up": { "uv": [ 9, 16, 9.5, 15.75 ], "texture": "#defence_4" },
				"north": { "uv": [ 10, 15.75, 9.5, 16 ], "texture": "#defence_4" },
				"south": { "uv": [ 10, 15.75, 10.5, 16 ], "texture": "#defence_4" },
				"west": { "uv": [ 14.25, 15.25, 14.5, 15.5 ], "texture": "#defence_4" },
				"east": { "uv": [ 14.25, 15.25, 14, 15.5 ], "texture": "#defence_4" }
			}
		},
		{
			"__comment": "Voxels",
			"from": [ 8, 4, 13 ],
			"to": [ 10, 5, 14 ],
			"faces": {
				"down": { "uv": [ 10.5, 15.75, 11, 16 ], "texture": "#defence_4" },
				"up": { "uv": [ 11, 16, 11.5, 15.75 ], "texture": "#defence_4" },
				"north": { "uv": [ 12, 15.75, 11.5, 16 ], "texture": "#defence_4" },
				"south": { "uv": [ 12, 15.75, 12.5, 16 ], "texture": "#defence_4" },
				"west": { "uv": [ 13.25, 15.25, 13.5, 15.5 ], "texture": "#defence_4" },
				"east": { "uv": [ 13.25, 15.25, 13, 15.5 ], "texture": "#defence_4" }
			}
		},
		{
			"__comment": "Voxels",
			"from": [ 8, 6, 6 ],
			"to": [ 9, 7, 7 ],
			"faces": {
				"down": { "uv": [ 12.75, 15.25, 13, 15.5 ], "texture": "#defence_4" },
				"up": { "uv": [ 12.5, 15.5, 12.75, 15.25 ], "texture": "#defence_4" },
				"north": { "uv": [ 11.25, 14.75, 11, 15 ], "texture": "#defence_4" },
				"south": { "uv": [ 10.25, 14.75, 10.5, 15 ], "texture": "#defence_4" },
				"west": { "uv": [ 10, 14.75, 10.25, 15 ], "texture": "#defence_4" },
				"east": { "uv": [ 10, 14.75, 9.75, 15 ], "texture": "#defence_4" }
			}
		},
		{
			"__comment": "Voxels",
			"from": [ 8, 6, 10 ],
			"to": [ 9, 7, 11 ],
			"faces": {
				"down": { "uv": [ 8.75, 8.25, 9, 8.5 ], "texture": "#defence_4" },
				"up": { "uv": [ 8.75, 8.75, 9, 8.5 ], "texture": "#defence_4" },
				"north": { "uv": [ 9, 8.75, 8.75, 9 ], "texture": "#defence_4" },
				"south": { "uv": [ 8.75, 9.5, 9, 9.75 ], "texture": "#defence_4" },
				"west": { "uv": [ 8.75, 10.25, 9, 10.5 ], "texture": "#defence_4" },
				"east": { "uv": [ 9, 11, 8.75, 11.25 ], "texture": "#defence_4" }
			}
		},
		{
			"__comment": "Voxels",
			"from": [ 8, 10, 6 ],
			"to": [ 9, 11, 7 ],
			"faces": {
				"down": { "uv": [ 8.75, 11.25, 9, 11.5 ], "texture": "#defence_4" },
				"up": { "uv": [ 8.75, 13, 9, 12.75 ], "texture": "#defence_4" },
				"north": { "uv": [ 9, 11.5, 8.75, 11.75 ], "texture": "#defence_4" },
				"south": { "uv": [ 8.75, 13, 9, 13.25 ], "texture": "#defence_4" },
				"west": { "uv": [ 8.75, 13.25, 9, 13.5 ], "texture": "#defence_4" },
				"east": { "uv": [ 9, 14, 8.75, 14.25 ], "texture": "#defence_4" }
			}
		},
		{
			"__comment": "Voxels",
			"from": [ 8, 10, 10 ],
			"to": [ 9, 11, 11 ],
			"faces": {
				"down": { "uv": [ 12, 15, 12.25, 15.25 ], "texture": "#defence_4" },
				"up": { "uv": [ 11.75, 15.25, 12, 15 ], "texture": "#defence_4" },
				"north": { "uv": [ 11.75, 15, 11.5, 15.25 ], "texture": "#defence_4" },
				"south": { "uv": [ 8.5, 8.75, 8.75, 9 ], "texture": "#defence_4" },
				"west": { "uv": [ 8.5, 14.75, 8.75, 15 ], "texture": "#defence_4" },
				"east": { "uv": [ 8.75, 15, 8.5, 15.25 ], "texture": "#defence_4" }
			}
		},
		{
			"__comment": "Voxels",
			"from": [ 8, 11, 4 ],
			"to": [ 10, 15, 5 ],
			"faces": {
				"down": { "uv": [ 12.5, 15.75, 13, 16 ], "texture": "#defence_4" },
				"up": { "uv": [ 13, 16, 13.5, 15.75 ], "texture": "#defence_4" },
				"north": { "uv": [ 4.25, 14, 3.75, 15 ], "texture": "#defence_4" },
				"south": { "uv": [ 3.25, 9, 3.75, 10 ], "texture": "#defence_4" },
				"west": { "uv": [ 6.5, 15, 6.75, 16 ], "texture": "#defence_4" },
				"east": { "uv": [ 6.75, 14, 6.5, 15 ], "texture": "#defence_4" }
			}
		},
		{
			"__comment": "Voxels",
			"from": [ 8, 11, 12 ],
			"to": [ 10, 15, 13 ],
			"faces": {
				"down": { "uv": [ 13.5, 15.75, 14, 16 ], "texture": "#defence_4" },
				"up": { "uv": [ 14, 16, 14.5, 15.75 ], "texture": "#defence_4" },
				"north": { "uv": [ 3.75, 10, 3.25, 11 ], "texture": "#defence_4" },
				"south": { "uv": [ 2.5, 8, 3, 9 ], "texture": "#defence_4" },
				"west": { "uv": [ 6.75, 11, 7, 12 ], "texture": "#defence_4" },
				"east": { "uv": [ 6.5, 15, 6.25, 16 ], "texture": "#defence_4" }
			}
		},
		{
			"__comment": "Voxels",
			"from": [ 8, 12, 3 ],
			"to": [ 10, 13, 4 ],
			"faces": {
				"down": { "uv": [ 14.5, 15.75, 15, 16 ], "texture": "#defence_4" },
				"up": { "uv": [ 15, 16, 15.5, 15.75 ], "texture": "#defence_4" },
				"north": { "uv": [ 16, 15.75, 15.5, 16 ], "texture": "#defence_4" },
				"south": { "uv": [ 8, 15.5, 8.5, 15.75 ], "texture": "#defence_4" },
				"west": { "uv": [ 15.75, 15.25, 16, 15.5 ], "texture": "#defence_4" },
				"east": { "uv": [ 15.75, 15.25, 15.5, 15.5 ], "texture": "#defence_4" }
			}
		},
		{
			"__comment": "Voxels",
			"from": [ 8, 12, 7 ],
			"to": [ 9, 18, 8 ],
			"faces": {
				"down": { "uv": [ 8.75, 14.75, 9, 15 ], "texture": "#defence_4" },
				"up": { "uv": [ 15.25, 15.25, 15.5, 15 ], "texture": "#defence_4" },
				"north": { "uv": [ 4.5, 8.5, 4.25, 10 ], "texture": "#defence_4" },
				"south": { "uv": [ 4.25, 11.5, 4.5, 13 ], "texture": "#defence_4" },
				"west": { "uv": [ 5, 10.5, 5.25, 12 ], "texture": "#defence_4" },
				"east": { "uv": [ 4.5, 10, 4.25, 11.5 ], "texture": "#defence_4" }
			}
		},
		{
			"__comment": "Voxels",
			"from": [ 8, 12, 9 ],
			"to": [ 9, 18, 10 ],
			"faces": {
				"down": { "uv": [ 14.5, 15, 14.75, 15.25 ], "texture": "#defence_4" },
				"up": { "uv": [ 14.25, 15.25, 14.5, 15 ], "texture": "#defence_4" },
				"north": { "uv": [ 4.5, 13, 4.25, 14.5 ], "texture": "#defence_4" },
				"south": { "uv": [ 4.25, 14.5, 4.5, 16 ], "texture": "#defence_4" },
				"west": { "uv": [ 3, 8, 3.25, 9.5 ], "texture": "#defence_4" },
				"east": { "uv": [ 5.25, 12.5, 5, 14 ], "texture": "#defence_4" }
			}
		},
		{
			"__comment": "Voxels",
			"from": [ 8, 12, 13 ],
			"to": [ 10, 13, 14 ],
			"faces": {
				"down": { "uv": [ 8.5, 15.5, 9, 15.75 ], "texture": "#defence_4" },
				"up": { "uv": [ 9, 15.75, 9.5, 15.5 ], "texture": "#defence_4" },
				"north": { "uv": [ 10, 15.5, 9.5, 15.75 ], "texture": "#defence_4" },
				"south": { "uv": [ 10, 15.5, 10.5, 15.75 ], "texture": "#defence_4" },
				"west": { "uv": [ 8.5, 13.5, 8.75, 13.75 ], "texture": "#defence_4" },
				"east": { "uv": [ 8.75, 13.25, 8.5, 13.5 ], "texture": "#defence_4" }
			}
		},
		{
			"__comment": "Voxels",
			"from": [ 8, 14, 6 ],
			"to": [ 9, 18, 7 ],
			"faces": {
				"down": { "uv": [ 8.5, 12.5, 8.75, 12.75 ], "texture": "#defence_4" },
				"up": { "uv": [ 8.5, 12.5, 8.75, 12.25 ], "texture": "#defence_4" },
				"north": { "uv": [ 6.75, 12, 6.5, 13 ], "texture": "#defence_4" },
				"south": { "uv": [ 6.5, 13, 6.75, 14 ], "texture": "#defence_4" },
				"west": { "uv": [ 6.75, 10, 7, 11 ], "texture": "#defence_4" },
				"east": { "uv": [ 6.75, 9, 6.5, 10 ], "texture": "#defence_4" }
			}
		},
		{
			"__comment": "Voxels",
			"from": [ 8, 14, 10 ],
			"to": [ 9, 18, 11 ],
			"faces": {
				"down": { "uv": [ 8.75, 12.5, 9, 12.75 ], "texture": "#defence_4" },
				"up": { "uv": [ 8.75, 12, 9, 11.75 ], "texture": "#defence_4" },
				"north": { "uv": [ 7, 12, 6.75, 13 ], "texture": "#defence_4" },
				"south": { "uv": [ 6.75, 13, 7, 14 ], "texture": "#defence_4" },
				"west": { "uv": [ 6.75, 8, 7, 9 ], "texture": "#defence_4" },
				"east": { "uv": [ 7, 14, 6.75, 15 ], "texture": "#defence_4" }
			}
		},
		{
			"__comment": "Voxels",
			"from": [ 8, 16, 8 ],
			"to": [ 9, 18, 9 ],
			"faces": {
				"down": { "uv": [ 8.5, 14, 8.75, 14.25 ], "texture": "#defence_4" },
				"up": { "uv": [ 8.5, 14, 8.75, 13.75 ], "texture": "#defence_4" },
				"north": { "uv": [ 6, 8, 5.75, 8.5 ], "texture": "#defence_4" },
				"south": { "uv": [ 6, 8, 6.25, 8.5 ], "texture": "#defence_4" },
				"west": { "uv": [ 7, 8, 7.25, 8.5 ], "texture": "#defence_4" },
				"east": { "uv": [ 7.5, 8, 7.25, 8.5 ], "texture": "#defence_4" }
			}
		},
		{
			"__comment": "Voxels",
			"from": [ 9, 0, 3 ],
			"to": [ 10, 4, 4 ],
			"faces": {
				"down": { "uv": [ 8.5, 12, 8.75, 12.25 ], "texture": "#defence_4" },
				"up": { "uv": [ 8.5, 12, 8.75, 11.75 ], "texture": "#defence_4" },
				"north": { "uv": [ 6.5, 9, 6.25, 10 ], "texture": "#defence_4" },
				"south": { "uv": [ 6.25, 11, 6.5, 12 ], "texture": "#defence_4" },
				"west": { "uv": [ 6.5, 11, 6.75, 12 ], "texture": "#defence_4" },
				"east": { "uv": [ 6.75, 10, 6.5, 11 ], "texture": "#defence_4" }
			}
		},
		{
			"__comment": "Voxels",
			"from": [ 9, 0, 4 ],
			"to": [ 10, 1, 5 ],
			"faces": {
				"down": { "uv": [ 12.25, 15, 12.5, 15.25 ], "texture": "#defence_4" },
				"up": { "uv": [ 13, 15.25, 13.25, 15 ], "texture": "#defence_4" },
				"north": { "uv": [ 13.5, 15, 13.25, 15.25 ], "texture": "#defence_4" },
				"south": { "uv": [ 13.5, 15, 13.75, 15.25 ], "texture": "#defence_4" },
				"west": { "uv": [ 13.75, 15, 14, 15.25 ], "texture": "#defence_4" },
				"east": { "uv": [ 14.25, 15, 14, 15.25 ], "texture": "#defence_4" }
			}
		},
		{
			"__comment": "Voxels",
			"from": [ 9, 0, 12 ],
			"to": [ 10, 1, 14 ],
			"faces": {
				"down": { "uv": [ 7.5, 8, 7.75, 8.5 ], "texture": "#defence_4" },
				"up": { "uv": [ 7.75, 13, 8, 12.5 ], "texture": "#defence_4" },
				"north": { "uv": [ 15, 15, 14.75, 15.25 ], "texture": "#defence_4" },
				"south": { "uv": [ 15, 15, 15.25, 15.25 ], "texture": "#defence_4" },
				"west": { "uv": [ 10.5, 15.5, 11, 15.75 ], "texture": "#defence_4" },
				"east": { "uv": [ 11.5, 15.5, 11, 15.75 ], "texture": "#defence_4" }
			}
		},
		{
			"__comment": "Voxels",
			"from": [ 9, 1, 2 ],
			"to": [ 10, 6, 3 ],
			"faces": {
				"down": { "uv": [ 8.75, 14.5, 9, 14.75 ], "texture": "#defence_4" },
				"up": { "uv": [ 8.75, 14.5, 9, 14.25 ], "texture": "#defence_4" },
				"north": { "uv": [ 5.75, 9.25, 5.5, 10.5 ], "texture": "#defence_4" },
				"south": { "uv": [ 5.25, 9.25, 5.5, 10.5 ], "texture": "#defence_4" },
				"west": { "uv": [ 5, 9.25, 5.25, 10.5 ], "texture": "#defence_4" },
				"east": { "uv": [ 5.75, 10.75, 5.5, 12 ], "texture": "#defence_4" }
			}
		},
		{
			"__comment": "Voxels",
			"from": [ 9, 1, 13 ],
			"to": [ 10, 4, 15 ],
			"faces": {
				"down": { "uv": [ 7.75, 12, 8, 12.5 ], "texture": "#defence_4" },
				"up": { "uv": [ 7.75, 12, 8, 11.5 ], "texture": "#defence_4" },
				"north": { "uv": [ 5.75, 12.5, 5.5, 13.25 ], "texture": "#defence_4" },
				"south": { "uv": [ 7.25, 13.75, 7.5, 14.5 ], "texture": "#defence_4" },
				"west": { "uv": [ 4.5, 9.25, 5, 10 ], "texture": "#defence_4" },
				"east": { "uv": [ 5, 11.5, 4.5, 12.25 ], "texture": "#defence_4" }
			}
		},
		{
			"__comment": "Voxels",
			"from": [ 9, 2, 5 ],
			"to": [ 10, 15, 6 ],
			"faces": {
				"down": { "uv": [ 8.75, 10, 9, 10.25 ], "texture": "#defence_4" },
				"up": { "uv": [ 8.75, 10, 9, 9.75 ], "texture": "#defence_4" },
				"north": { "uv": [ 2, 8.5, 1.75, 11.75 ], "texture": "#defence_4" },
				"south": { "uv": [ 1, 8.5, 1.25, 11.75 ], "texture": "#defence_4" },
				"west": { "uv": [ 3, 9.5, 3.25, 12.75 ], "texture": "#defence_4" },
				"east": { "uv": [ 3.25, 12.75, 3, 16 ], "texture": "#defence_4" }
			}
		},
		{
			"__comment": "Voxels",
			"from": [ 9, 2, 11 ],
			"to": [ 10, 15, 12 ],
			"faces": {
				"down": { "uv": [ 8.75, 8, 9, 8.25 ], "texture": "#defence_4" },
				"up": { "uv": [ 9.5, 15, 9.75, 14.75 ], "texture": "#defence_4" },
				"north": { "uv": [ 2.5, 8.5, 2.25, 11.75 ], "texture": "#defence_4" },
				"south": { "uv": [ 2, 8.5, 2.25, 11.75 ], "texture": "#defence_4" },
				"west": { "uv": [ 1.5, 8.5, 1.75, 11.75 ], "texture": "#defence_4" },
				"east": { "uv": [ 1.5, 8.5, 1.25, 11.75 ], "texture": "#defence_4" }
			}
		},
		{
			"__comment": "Voxels",
			"from": [ 9, 3, 1 ],
			"to": [ 10, 6, 2 ],
			"faces": {
				"down": { "uv": [ 11.25, 14.75, 11.5, 15 ], "texture": "#defence_4" },
				"up": { "uv": [ 11.5, 15, 11.75, 14.75 ], "texture": "#defence_4" },
				"north": { "uv": [ 7.5, 14.5, 7.25, 15.25 ], "texture": "#defence_4" },
				"south": { "uv": [ 7.25, 15.25, 7.5, 16 ], "texture": "#defence_4" },
				"west": { "uv": [ 7, 8.5, 7.25, 9.25 ], "texture": "#defence_4" },
				"east": { "uv": [ 7.25, 9.25, 7, 10 ], "texture": "#defence_4" }
			}
		},
		{
			"__comment": "Voxels",
			"from": [ 9, 3, 15 ],
			"to": [ 10, 6, 16 ],
			"faces": {
				"down": { "uv": [ 13.5, 15.25, 13.75, 15.5 ], "texture": "#defence_4" },
				"up": { "uv": [ 13.75, 15.5, 14, 15.25 ], "texture": "#defence_4" },
				"north": { "uv": [ 8, 13.75, 7.75, 14.5 ], "texture": "#defence_4" },
				"south": { "uv": [ 7.75, 14.5, 8, 15.25 ], "texture": "#defence_4" },
				"west": { "uv": [ 7.5, 9.25, 7.75, 10 ], "texture": "#defence_4" },
				"east": { "uv": [ 7.75, 10, 7.5, 10.75 ], "texture": "#defence_4" }
			}
		},
		{
			"__comment": "Voxels",
			"from": [ 9, 4, 14 ],
			"to": [ 10, 6, 15 ],
			"faces": {
				"down": { "uv": [ 15, 15.25, 15.25, 15.5 ], "texture": "#defence_4" },
				"up": { "uv": [ 15.25, 15.5, 15.5, 15.25 ], "texture": "#defence_4" },
				"north": { "uv": [ 8, 11, 7.75, 11.5 ], "texture": "#defence_4" },
				"south": { "uv": [ 7.75, 10.5, 8, 11 ], "texture": "#defence_4" },
				"west": { "uv": [ 7.75, 10, 8, 10.5 ], "texture": "#defence_4" },
				"east": { "uv": [ 8, 9.5, 7.75, 10 ], "texture": "#defence_4" }
			}
		},
		{
			"__comment": "Voxels",
			"from": [ 9, 5, 3 ],
			"to": [ 10, 7, 4 ],
			"faces": {
				"down": { "uv": [ 8.5, 14.5, 8.75, 14.75 ], "texture": "#defence_4" },
				"up": { "uv": [ 8.5, 14.5, 8.75, 14.25 ], "texture": "#defence_4" },
				"north": { "uv": [ 8, 9, 7.75, 9.5 ], "texture": "#defence_4" },
				"south": { "uv": [ 7.75, 8.5, 8, 9 ], "texture": "#defence_4" },
				"west": { "uv": [ 7.75, 8, 8, 8.5 ], "texture": "#defence_4" },
				"east": { "uv": [ 8.25, 15, 8, 15.5 ], "texture": "#defence_4" }
			}
		},
		{
			"__comment": "Voxels",
			"from": [ 9, 5, 13 ],
			"to": [ 10, 7, 14 ],
			"faces": {
				"down": { "uv": [ 8.5, 13, 8.75, 13.25 ], "texture": "#defence_4" },
				"up": { "uv": [ 11.75, 15, 12, 14.75 ], "texture": "#defence_4" },
				"north": { "uv": [ 8.25, 14.5, 8, 15 ], "texture": "#defence_4" },
				"south": { "uv": [ 8, 14, 8.25, 14.5 ], "texture": "#defence_4" },
				"west": { "uv": [ 8, 13.5, 8.25, 14 ], "texture": "#defence_4" },
				"east": { "uv": [ 8.25, 13, 8, 13.5 ], "texture": "#defence_4" }
			}
		},
		{
			"__comment": "Voxels",
			"from": [ 9, 6, 4 ],
			"to": [ 10, 11, 5 ],
			"faces": {
				"down": { "uv": [ 8.5, 11.5, 8.75, 11.75 ], "texture": "#defence_4" },
				"up": { "uv": [ 8.5, 11.5, 8.75, 11.25 ], "texture": "#defence_4" },
				"north": { "uv": [ 6, 14.75, 5.75, 16 ], "texture": "#defence_4" },
				"south": { "uv": [ 5.75, 8.5, 6, 9.75 ], "texture": "#defence_4" },
				"west": { "uv": [ 5.75, 9.75, 6, 11 ], "texture": "#defence_4" },
				"east": { "uv": [ 6, 13.5, 5.75, 14.75 ], "texture": "#defence_4" }
			}
		},
		{
			"__comment": "Voxels",
			"from": [ 9, 6, 12 ],
			"to": [ 10, 11, 13 ],
			"faces": {
				"down": { "uv": [ 8.5, 10, 8.75, 10.25 ], "texture": "#defence_4" },
				"up": { "uv": [ 8.5, 10, 8.75, 9.75 ], "texture": "#defence_4" },
				"north": { "uv": [ 5.25, 8, 5, 9.25 ], "texture": "#defence_4" },
				"south": { "uv": [ 5.5, 8, 5.75, 9.25 ], "texture": "#defence_4" },
				"west": { "uv": [ 5.25, 8, 5.5, 9.25 ], "texture": "#defence_4" },
				"east": { "uv": [ 6.25, 12.25, 6, 13.5 ], "texture": "#defence_4" }
			}
		},
		{
			"__comment": "Voxels",
			"from": [ 9, 8, 6 ],
			"to": [ 10, 9, 7 ],
			"faces": {
				"down": { "uv": [ 8.5, 8.5, 8.75, 8.75 ], "texture": "#defence_4" },
				"up": { "uv": [ 8.5, 8.5, 8.75, 8.25 ], "texture": "#defence_4" },
				"north": { "uv": [ 8.75, 8, 8.5, 8.25 ], "texture": "#defence_4" },
				"south": { "uv": [ 8.75, 15, 9, 15.25 ], "texture": "#defence_4" },
				"west": { "uv": [ 9, 15, 9.25, 15.25 ], "texture": "#defence_4" },
				"east": { "uv": [ 9.5, 15, 9.25, 15.25 ], "texture": "#defence_4" }
			}
		},
		{
			"__comment": "Voxels",
			"from": [ 9, 8, 10 ],
			"to": [ 10, 9, 11 ],
			"faces": {
				"down": { "uv": [ 9.5, 15, 9.75, 15.25 ], "texture": "#defence_4" },
				"up": { "uv": [ 9.75, 15.25, 10, 15 ], "texture": "#defence_4" },
				"north": { "uv": [ 10.25, 15, 10, 15.25 ], "texture": "#defence_4" },
				"south": { "uv": [ 10.25, 15, 10.5, 15.25 ], "texture": "#defence_4" },
				"west": { "uv": [ 10.5, 15, 10.75, 15.25 ], "texture": "#defence_4" },
				"east": { "uv": [ 11, 15, 10.75, 15.25 ], "texture": "#defence_4" }
			}
		},
		{
			"__comment": "Voxels",
			"from": [ 9, 10, 3 ],
			"to": [ 10, 12, 4 ],
			"faces": {
				"down": { "uv": [ 11, 15, 11.25, 15.25 ], "texture": "#defence_4" },
				"up": { "uv": [ 11.25, 15.25, 11.5, 15 ], "texture": "#defence_4" },
				"north": { "uv": [ 8.25, 12.5, 8, 13 ], "texture": "#defence_4" },
				"south": { "uv": [ 8, 12, 8.25, 12.5 ], "texture": "#defence_4" },
				"west": { "uv": [ 8, 11.5, 8.25, 12 ], "texture": "#defence_4" },
				"east": { "uv": [ 8.25, 11, 8, 11.5 ], "texture": "#defence_4" }
			}
		},
		{
			"__comment": "Voxels",
			"from": [ 9, 10, 13 ],
			"to": [ 10, 12, 14 ],
			"faces": {
				"down": { "uv": [ 12.5, 15, 12.75, 15.25 ], "texture": "#defence_4" },
				"up": { "uv": [ 12.75, 15.25, 13, 15 ], "texture": "#defence_4" },
				"north": { "uv": [ 8.25, 10.5, 8, 11 ], "texture": "#defence_4" },
				"south": { "uv": [ 8, 10, 8.25, 10.5 ], "texture": "#defence_4" },
				"west": { "uv": [ 8, 9.5, 8.25, 10 ], "texture": "#defence_4" },
				"east": { "uv": [ 8.25, 9, 8, 9.5 ], "texture": "#defence_4" }
			}
		},
		{
			"__comment": "Voxels",
			"from": [ 9, 11, 1 ],
			"to": [ 10, 14, 3 ],
			"faces": {
				"down": { "uv": [ 8, 8.5, 8.25, 9 ], "texture": "#defence_4" },
				"up": { "uv": [ 8, 8.5, 8.25, 8 ], "texture": "#defence_4" },
				"north": { "uv": [ 8, 13, 7.75, 13.75 ], "texture": "#defence_4" },
				"south": { "uv": [ 5.5, 14.75, 5.75, 15.5 ], "texture": "#defence_4" },
				"west": { "uv": [ 4.5, 13, 5, 13.75 ], "texture": "#defence_4" },
				"east": { "uv": [ 4.25, 8.25, 3.75, 9 ], "texture": "#defence_4" }
			}
		},
		{
			"__comment": "Voxels",
			"from": [ 9, 11, 14 ],
			"to": [ 10, 16, 15 ],
			"faces": {
				"down": { "uv": [ 15.5, 15, 15.75, 15.25 ], "texture": "#defence_4" },
				"up": { "uv": [ 15.75, 15.25, 16, 15 ], "texture": "#defence_4" },
				"north": { "uv": [ 6.25, 11, 6, 12.25 ], "texture": "#defence_4" },
				"south": { "uv": [ 6, 9.75, 6.25, 11 ], "texture": "#defence_4" },
				"west": { "uv": [ 6, 8.5, 6.25, 9.75 ], "texture": "#defence_4" },
				"east": { "uv": [ 5.5, 10.75, 5.25, 12 ], "texture": "#defence_4" }
			}
		},
		{
			"__comment": "Voxels",
			"from": [ 9, 11, 15 ],
			"to": [ 10, 14, 16 ],
			"faces": {
				"down": { "uv": [ 8.75, 13.75, 9, 14 ], "texture": "#defence_4" },
				"up": { "uv": [ 8.75, 13.75, 9, 13.5 ], "texture": "#defence_4" },
				"north": { "uv": [ 7.75, 13.75, 7.5, 14.5 ], "texture": "#defence_4" },
				"south": { "uv": [ 7.5, 13, 7.75, 13.75 ], "texture": "#defence_4" },
				"west": { "uv": [ 7.5, 12.25, 7.75, 13 ], "texture": "#defence_4" },
				"east": { "uv": [ 7.75, 11.5, 7.5, 12.25 ], "texture": "#defence_4" }
			}
		},
		{
			"__comment": "Voxels",
			"from": [ 9, 13, 3 ],
			"to": [ 10, 17, 4 ],
			"faces": {
				"down": { "uv": [ 8.75, 12.25, 9, 12.5 ], "texture": "#defence_4" },
				"up": { "uv": [ 8.75, 12.25, 9, 12 ], "texture": "#defence_4" },
				"north": { "uv": [ 6.5, 8, 6.25, 9 ], "texture": "#defence_4" },
				"south": { "uv": [ 7, 15, 7.25, 16 ], "texture": "#defence_4" },
				"west": { "uv": [ 7, 14, 7.25, 15 ], "texture": "#defence_4" },
				"east": { "uv": [ 7.25, 13, 7, 14 ], "texture": "#defence_4" }
			}
		},
		{
			"__comment": "Voxels",
			"from": [ 9, 13, 13 ],
			"to": [ 10, 17, 14 ],
			"faces": {
				"down": { "uv": [ 8.75, 10.75, 9, 11 ], "texture": "#defence_4" },
				"up": { "uv": [ 8.75, 10.75, 9, 10.5 ], "texture": "#defence_4" },
				"north": { "uv": [ 7.25, 12, 7, 13 ], "texture": "#defence_4" },
				"south": { "uv": [ 7, 11, 7.25, 12 ], "texture": "#defence_4" },
				"west": { "uv": [ 7, 10, 7.25, 11 ], "texture": "#defence_4" },
				"east": { "uv": [ 7, 9, 6.75, 10 ], "texture": "#defence_4" }
			}
		},
		{
			"__comment": "Voxels",
			"from": [ 9, 14, 2 ],
			"to": [ 10, 16, 3 ],
			"faces": {
				"down": { "uv": [ 8.75, 9.25, 9, 9.5 ], "texture": "#defence_4" },
				"up": { "uv": [ 8.75, 9.25, 9, 9 ], "texture": "#defence_4" },
				"north": { "uv": [ 8.5, 13, 8.25, 13.5 ], "texture": "#defence_4" },
				"south": { "uv": [ 8.25, 12.5, 8.5, 13 ], "texture": "#defence_4" },
				"west": { "uv": [ 8.25, 12, 8.5, 12.5 ], "texture": "#defence_4" },
				"east": { "uv": [ 8.5, 11.5, 8.25, 12 ], "texture": "#defence_4" }
			}
		},
		{
			"__comment": "Voxels",
			"from": [ 9, 15, 4 ],
			"to": [ 10, 17, 5 ],
			"faces": {
				"down": { "uv": [ 9, 14.75, 9.25, 15 ], "texture": "#defence_4" },
				"up": { "uv": [ 9.25, 15, 9.5, 14.75 ], "texture": "#defence_4" },
				"north": { "uv": [ 8.5, 11, 8.25, 11.5 ], "texture": "#defence_4" },
				"south": { "uv": [ 8.25, 10.5, 8.5, 11 ], "texture": "#defence_4" },
				"west": { "uv": [ 8.25, 10, 8.5, 10.5 ], "texture": "#defence_4" },
				"east": { "uv": [ 8.5, 9.5, 8.25, 10 ], "texture": "#defence_4" }
			}
		},
		{
			"__comment": "Voxels",
			"from": [ 9, 15, 12 ],
			"to": [ 10, 17, 13 ],
			"faces": {
				"down": { "uv": [ 10.5, 14.75, 10.75, 15 ], "texture": "#defence_4" },
				"up": { "uv": [ 10.75, 15, 11, 14.75 ], "texture": "#defence_4" },
				"north": { "uv": [ 8.5, 9, 8.25, 9.5 ], "texture": "#defence_4" },
				"south": { "uv": [ 8.25, 8.5, 8.5, 9 ], "texture": "#defence_4" },
				"west": { "uv": [ 8.25, 8, 8.5, 8.5 ], "texture": "#defence_4" },
				"east": { "uv": [ 8.5, 15, 8.25, 15.5 ], "texture": "#defence_4" }
			}
		}
	],
	"display": {
		"thirdperson_righthand": {
			"rotation":  [ 90, 180, 0 ],
			"translation":  [ 4, -2.5, 4 ]
		},
		"thirdperson_lefthand": {
			"rotation":  [ 90, 0, 0 ],
			"translation":  [ 4, -1.5, 4 ]
		},
		"firstperson_righthand": {
			"rotation":  [ 0, -170, 0 ],
			"translation":  [ 0, -3, 0 ],
			"scale":  [ 1.2, 1.2, 1.1 ]
		},
		"firstperson_lefthand": {
			"translation":  [ 0, -3, 0 ],
			"scale":  [ 1.2, 1.2, 1.1 ]
		},
		"gui": {
			"rotation":  [ 0, 90, 0 ],
			"translation":  [ -0.4, -0.4, 0 ],
			"scale":  [ 0.8, 0.8, 0.8 ]
		},
		"fixed": {
			"rotation":  [ 0, -90, 0 ],
			"translation":  [ 0, -2, -6 ],
			"scale":  [ 4, 4, 4 ]
		}
	}
}