{
	"__comment": "Designed by MrZoom31 with Cubik Studio - https://cubik.studio",
	"textures": {
		"defence_8": "mcpatcher/cit/escudos/6"
	},
	"elements": [ 	 
		{
			"__comment": "Voxels",
			"from": [ 8, 1, 7 ],
			"to": [ 9, 17, 10 ],
			"faces": {
				"down": { "uv": [ 6, 8, 6.25, 8.75 ], "texture": "#defence_8" },
				"up": { "uv": [ 7, 13.75, 7.25, 13 ], "texture": "#defence_8" },
				"north": { "uv": [ 2, 12, 1.75, 16 ], "texture": "#defence_8" },
				"south": { "uv": [ 1.75, 8, 2, 12 ], "texture": "#defence_8" },
				"west": { "uv": [ 0, 12, 0.75, 16 ], "texture": "#defence_8" },
				"east": { "uv": [ 0.75, 8, 0, 12 ], "texture": "#defence_8" }
			}
		},
		{
			"__comment": "Voxels",
			"from": [ 8, 2, 5 ],
			"to": [ 9, 16, 7 ],
			"faces": {
				"down": { "uv": [ 5.5, 8, 5.75, 8.5 ], "texture": "#defence_8" },
				"up": { "uv": [ 5.25, 8.5, 5.5, 8 ], "texture": "#defence_8" },
				"north": { "uv": [ 2.75, 12.5, 2.5, 16 ], "texture": "#defence_8" },
				"south": { "uv": [ 2.5, 9, 2.75, 12.5 ], "texture": "#defence_8" },
				"west": { "uv": [ 0.75, 12.5, 1.25, 16 ], "texture": "#defence_8" },
				"east": { "uv": [ 1.25, 9, 0.75, 12.5 ], "texture": "#defence_8" }
			}
		},
		{
			"__comment": "Voxels",
			"from": [ 8, 2, 10 ],
			"to": [ 9, 16, 12 ],
			"faces": {
				"down": { "uv": [ 5, 8, 5.25, 8.5 ], "texture": "#defence_8" },
				"up": { "uv": [ 4.75, 8.5, 5, 8 ], "texture": "#defence_8" },
				"north": { "uv": [ 3, 12.5, 2.75, 16 ], "texture": "#defence_8" },
				"south": { "uv": [ 2.75, 9, 3, 12.5 ], "texture": "#defence_8" },
				"west": { "uv": [ 1.25, 12.5, 1.75, 16 ], "texture": "#defence_8" },
				"east": { "uv": [ 1.75, 9, 1.25, 12.5 ], "texture": "#defence_8" }
			}
		},
		{
			"__comment": "Voxels",
			"from": [ 8, 3, 4 ],
			"to": [ 9, 15, 5 ],
			"faces": {
				"down": { "uv": [ 11.5, 15.25, 11.75, 15.5 ], "texture": "#defence_8" },
				"up": { "uv": [ 11.75, 15.5, 12, 15.25 ], "texture": "#defence_8" },
				"north": { "uv": [ 3.75, 10, 3.5, 13 ], "texture": "#defence_8" },
				"south": { "uv": [ 3.5, 13, 3.75, 16 ], "texture": "#defence_8" },
				"west": { "uv": [ 3.75, 13, 4, 16 ], "texture": "#defence_8" },
				"east": { "uv": [ 4, 10, 3.75, 13 ], "texture": "#defence_8" }
			}
		},
		{
			"__comment": "Voxels",
			"from": [ 8, 3, 12 ],
			"to": [ 9, 15, 13 ],
			"faces": {
				"down": { "uv": [ 12, 15.25, 12.25, 15.5 ], "texture": "#defence_8" },
				"up": { "uv": [ 12.25, 15.5, 12.5, 15.25 ], "texture": "#defence_8" },
				"north": { "uv": [ 4.5, 13, 4.25, 16 ], "texture": "#defence_8" },
				"south": { "uv": [ 4.25, 10, 4.5, 13 ], "texture": "#defence_8" },
				"west": { "uv": [ 3, 10, 3.25, 13 ], "texture": "#defence_8" },
				"east": { "uv": [ 3.5, 13, 3.25, 16 ], "texture": "#defence_8" }
			}
		},
		{
			"__comment": "Voxels",
			"from": [ 8, 4, 3 ],
			"to": [ 9, 14, 4 ],
			"faces": {
				"down": { "uv": [ 13.5, 15.25, 13.75, 15.5 ], "texture": "#defence_8" },
				"up": { "uv": [ 13.75, 15.5, 14, 15.25 ], "texture": "#defence_8" },
				"north": { "uv": [ 5.25, 11, 5, 13.5 ], "texture": "#defence_8" },
				"south": { "uv": [ 5, 8.5, 5.25, 11 ], "texture": "#defence_8" },
				"west": { "uv": [ 5.25, 13.5, 5.5, 16 ], "texture": "#defence_8" },
				"east": { "uv": [ 5, 8.5, 4.75, 11 ], "texture": "#defence_8" }
			}
		},
		{
			"__comment": "Voxels",
			"from": [ 8, 4, 13 ],
			"to": [ 9, 14, 14 ],
			"faces": {
				"down": { "uv": [ 14, 15.25, 14.25, 15.5 ], "texture": "#defence_8" },
				"up": { "uv": [ 14.25, 15.5, 14.5, 15.25 ], "texture": "#defence_8" },
				"north": { "uv": [ 5.5, 11, 5.25, 13.5 ], "texture": "#defence_8" },
				"south": { "uv": [ 5, 13.5, 5.25, 16 ], "texture": "#defence_8" },
				"west": { "uv": [ 5.5, 13.5, 5.75, 16 ], "texture": "#defence_8" },
				"east": { "uv": [ 5.75, 11, 5.5, 13.5 ], "texture": "#defence_8" }
			}
		},
		{
			"__comment": "Voxels",
			"from": [ 8, 5, 2 ],
			"to": [ 9, 12, 3 ],
			"faces": {
				"down": { "uv": [ 8.5, 13.5, 8.75, 13.75 ], "texture": "#defence_8" },
				"up": { "uv": [ 8.5, 13.5, 8.75, 13.25 ], "texture": "#defence_8" },
				"north": { "uv": [ 6, 10, 5.75, 11.75 ], "texture": "#defence_8" },
				"south": { "uv": [ 3, 8.25, 3.25, 10 ], "texture": "#defence_8" },
				"west": { "uv": [ 3.25, 8.25, 3.5, 10 ], "texture": "#defence_8" },
				"east": { "uv": [ 3.75, 8.25, 3.5, 10 ], "texture": "#defence_8" }
			}
		},
		{
			"__comment": "Voxels",
			"from": [ 8, 5, 14 ],
			"to": [ 9, 12, 15 ],
			"faces": {
				"down": { "uv": [ 8.5, 13, 8.75, 13.25 ], "texture": "#defence_8" },
				"up": { "uv": [ 8.5, 13, 8.75, 12.75 ], "texture": "#defence_8" },
				"north": { "uv": [ 4, 8.25, 3.75, 10 ], "texture": "#defence_8" },
				"south": { "uv": [ 4, 8.25, 4.25, 10 ], "texture": "#defence_8" },
				"west": { "uv": [ 4.25, 8.25, 4.5, 10 ], "texture": "#defence_8" },
				"east": { "uv": [ 6, 11.75, 5.75, 13.5 ], "texture": "#defence_8" }
			}
		},
		{
			"__comment": "Voxels",
			"from": [ 9, -1, 6 ],
			"to": [ 10, 2, 7 ],
			"faces": {
				"down": { "uv": [ 8.5, 12, 8.75, 12.25 ], "texture": "#defence_8" },
				"up": { "uv": [ 8.5, 12, 8.75, 11.75 ], "texture": "#defence_8" },
				"north": { "uv": [ 7.75, 9.25, 7.5, 10 ], "texture": "#defence_8" },
				"south": { "uv": [ 8, 12.25, 8.25, 13 ], "texture": "#defence_8" },
				"west": { "uv": [ 8, 11.5, 8.25, 12.25 ], "texture": "#defence_8" },
				"east": { "uv": [ 8.5, 13.75, 8.25, 14.5 ], "texture": "#defence_8" }
			}
		},
		{
			"__comment": "Voxels",
			"from": [ 9, -1, 7 ],
			"to": [ 10, 1, 11 ],
			"faces": {
				"down": { "uv": [ 2.5, 8, 2.75, 9 ], "texture": "#defence_8" },
				"up": { "uv": [ 2.75, 9, 3, 8 ], "texture": "#defence_8" },
				"north": { "uv": [ 2.25, 8, 2, 8.5 ], "texture": "#defence_8" },
				"south": { "uv": [ 8.25, 10.25, 8.5, 10.75 ], "texture": "#defence_8" },
				"west": { "uv": [ 6, 15, 7, 15.5 ], "texture": "#defence_8" },
				"east": { "uv": [ 7, 15.5, 6, 16 ], "texture": "#defence_8" }
			}
		},
		{
			"__comment": "Voxels",
			"from": [ 9, 0, 0 ],
			"to": [ 10, 3, 2 ],
			"faces": {
				"down": { "uv": [ 7.75, 8, 8, 8.5 ], "texture": "#defence_8" },
				"up": { "uv": [ 8.25, 11.75, 8.5, 11.25 ], "texture": "#defence_8" },
				"north": { "uv": [ 6.75, 9, 6.5, 9.75 ], "texture": "#defence_8" },
				"south": { "uv": [ 6.75, 9, 7, 9.75 ], "texture": "#defence_8" },
				"west": { "uv": [ 6, 14.25, 6.5, 15 ], "texture": "#defence_8" },
				"east": { "uv": [ 7, 14.25, 6.5, 15 ], "texture": "#defence_8" }
			}
		},
		{
			"__comment": "Voxels",
			"from": [ 9, 0, 4 ],
			"to": [ 10, 3, 5 ],
			"faces": {
				"down": { "uv": [ 8.5, 11.5, 8.75, 11.75 ], "texture": "#defence_8" },
				"up": { "uv": [ 8.5, 11.5, 8.75, 11.25 ], "texture": "#defence_8" },
				"north": { "uv": [ 6.75, 8, 6.5, 8.75 ], "texture": "#defence_8" },
				"south": { "uv": [ 6.75, 8, 7, 8.75 ], "texture": "#defence_8" },
				"west": { "uv": [ 7, 15.25, 7.25, 16 ], "texture": "#defence_8" },
				"east": { "uv": [ 7.25, 14.5, 7, 15.25 ], "texture": "#defence_8" }
			}
		},
		{
			"__comment": "Voxels",
			"from": [ 9, 0, 5 ],
			"to": [ 10, 2, 6 ],
			"faces": {
				"down": { "uv": [ 1.5, 8, 1.75, 8.25 ], "texture": "#defence_8" },
				"up": { "uv": [ 3, 8.25, 3.25, 8 ], "texture": "#defence_8" },
				"north": { "uv": [ 8.25, 8, 8, 8.5 ], "texture": "#defence_8" },
				"south": { "uv": [ 7.5, 8, 7.75, 8.5 ], "texture": "#defence_8" },
				"west": { "uv": [ 7.25, 8, 7.5, 8.5 ], "texture": "#defence_8" },
				"east": { "uv": [ 7, 9.75, 6.75, 10.25 ], "texture": "#defence_8" }
			}
		},
		{
			"__comment": "Voxels",
			"from": [ 9, 0, 11 ],
			"to": [ 10, 2, 13 ],
			"faces": {
				"down": { "uv": [ 6.75, 10.25, 7, 10.75 ], "texture": "#defence_8" },
				"up": { "uv": [ 6.75, 13.75, 7, 13.25 ], "texture": "#defence_8" },
				"north": { "uv": [ 7, 13.75, 6.75, 14.25 ], "texture": "#defence_8" },
				"south": { "uv": [ 7, 8, 7.25, 8.5 ], "texture": "#defence_8" },
				"west": { "uv": [ 6, 11.75, 6.5, 12.25 ], "texture": "#defence_8" },
				"east": { "uv": [ 7, 11.75, 6.5, 12.25 ], "texture": "#defence_8" }
			}
		},
		{
			"__comment": "Voxels",
			"from": [ 9, 0, 15 ],
			"to": [ 10, 15, 16 ],
			"faces": {
				"down": { "uv": [ 3.25, 8, 3.5, 8.25 ], "texture": "#defence_8" },
				"up": { "uv": [ 11.5, 16, 11.75, 15.75 ], "texture": "#defence_8" },
				"north": { "uv": [ 2.5, 12.25, 2.25, 16 ], "texture": "#defence_8" },
				"south": { "uv": [ 2.25, 8.5, 2.5, 12.25 ], "texture": "#defence_8" },
				"west": { "uv": [ 2, 8.5, 2.25, 12.25 ], "texture": "#defence_8" },
				"east": { "uv": [ 2.25, 12.25, 2, 16 ], "texture": "#defence_8" }
			}
		},
		{
			"__comment": "Voxels",
			"from": [ 9, 0, 16 ],
			"to": [ 10, 3, 17 ],
			"faces": {
				"down": { "uv": [ 11.5, 15.5, 11.75, 15.75 ], "texture": "#defence_8" },
				"up": { "uv": [ 11.75, 16, 12, 15.75 ], "texture": "#defence_8" },
				"north": { "uv": [ 7.25, 11.5, 7, 12.25 ], "texture": "#defence_8" },
				"south": { "uv": [ 7.25, 10.75, 7.5, 11.5 ], "texture": "#defence_8" },
				"west": { "uv": [ 7.25, 10, 7.5, 10.75 ], "texture": "#defence_8" },
				"east": { "uv": [ 7.5, 9.25, 7.25, 10 ], "texture": "#defence_8" }
			}
		},
		{
			"__comment": "Voxels",
			"from": [ 9, 1, -1 ],
			"to": [ 10, 2, 0 ],
			"faces": {
				"down": { "uv": [ 11.75, 15.5, 12, 15.75 ], "texture": "#defence_8" },
				"up": { "uv": [ 12.25, 16, 12.5, 15.75 ], "texture": "#defence_8" },
				"north": { "uv": [ 12.5, 15.5, 12.25, 15.75 ], "texture": "#defence_8" },
				"south": { "uv": [ 12.5, 15.75, 12.75, 16 ], "texture": "#defence_8" },
				"west": { "uv": [ 9.25, 15.25, 9.5, 15.5 ], "texture": "#defence_8" },
				"east": { "uv": [ 12.75, 15.5, 12.5, 15.75 ], "texture": "#defence_8" }
			}
		},
		{
			"__comment": "Voxels",
			"from": [ 9, 1, 2 ],
			"to": [ 10, 5, 3 ],
			"faces": {
				"down": { "uv": [ 13, 15.75, 13.25, 16 ], "texture": "#defence_8" },
				"up": { "uv": [ 13, 15.75, 13.25, 15.5 ], "texture": "#defence_8" },
				"north": { "uv": [ 6.25, 12.25, 6, 13.25 ], "texture": "#defence_8" },
				"south": { "uv": [ 5.75, 9, 6, 10 ], "texture": "#defence_8" },
				"west": { "uv": [ 5.75, 8, 6, 9 ], "texture": "#defence_8" },
				"east": { "uv": [ 6.5, 12.25, 6.25, 13.25 ], "texture": "#defence_8" }
			}
		},
		{
			"__comment": "Voxels",
			"from": [ 9, 1, 3 ],
			"to": [ 10, 4, 4 ],
			"faces": {
				"down": { "uv": [ 13.25, 15.75, 13.5, 16 ], "texture": "#defence_8" },
				"up": { "uv": [ 13.25, 15.75, 13.5, 15.5 ], "texture": "#defence_8" },
				"north": { "uv": [ 7.25, 12.25, 7, 13 ], "texture": "#defence_8" },
				"south": { "uv": [ 7.25, 8.5, 7.5, 9.25 ], "texture": "#defence_8" },
				"west": { "uv": [ 7.5, 15.25, 7.75, 16 ], "texture": "#defence_8" },
				"east": { "uv": [ 7.75, 14.5, 7.5, 15.25 ], "texture": "#defence_8" }
			}
		},
		{
			"__comment": "Voxels",
			"from": [ 9, 1, 10 ],
			"to": [ 10, 2, 11 ],
			"faces": {
				"down": { "uv": [ 13.75, 15.75, 14, 16 ], "texture": "#defence_8" },
				"up": { "uv": [ 13.75, 15.75, 14, 15.5 ], "texture": "#defence_8" },
				"north": { "uv": [ 14.25, 15.75, 14, 16 ], "texture": "#defence_8" },
				"south": { "uv": [ 14, 15.5, 14.25, 15.75 ], "texture": "#defence_8" },
				"west": { "uv": [ 14.5, 15.75, 14.75, 16 ], "texture": "#defence_8" },
				"east": { "uv": [ 14.75, 15.5, 14.5, 15.75 ], "texture": "#defence_8" }
			}
		},
		{
			"__comment": "Voxels",
			"from": [ 9, 1, 13 ],
			"to": [ 10, 4, 15 ],
			"faces": {
				"down": { "uv": [ 4.5, 8, 4.75, 8.5 ], "texture": "#defence_8" },
				"up": { "uv": [ 2.25, 8.5, 2.5, 8 ], "texture": "#defence_8" },
				"north": { "uv": [ 7.75, 13, 7.5, 13.75 ], "texture": "#defence_8" },
				"south": { "uv": [ 6.25, 8, 6.5, 8.75 ], "texture": "#defence_8" },
				"west": { "uv": [ 1.25, 8.25, 1.75, 9 ], "texture": "#defence_8" },
				"east": { "uv": [ 1.25, 8.25, 0.75, 9 ], "texture": "#defence_8" }
			}
		},
		{
			"__comment": "Voxels",
			"from": [ 9, 1, 17 ],
			"to": [ 10, 2, 18 ],
			"faces": {
				"down": { "uv": [ 14.75, 15.75, 15, 16 ], "texture": "#defence_8" },
				"up": { "uv": [ 14.75, 15.75, 15, 15.5 ], "texture": "#defence_8" },
				"north": { "uv": [ 15.5, 15.75, 15.25, 16 ], "texture": "#defence_8" },
				"south": { "uv": [ 15.25, 15.5, 15.5, 15.75 ], "texture": "#defence_8" },
				"west": { "uv": [ 15.5, 15.75, 15.75, 16 ], "texture": "#defence_8" },
				"east": { "uv": [ 16, 15.75, 15.75, 16 ], "texture": "#defence_8" }
			}
		},
		{
			"__comment": "Voxels",
			"from": [ 9, 2, 12 ],
			"to": [ 10, 3, 13 ],
			"faces": {
				"down": { "uv": [ 8.5, 15.25, 8.75, 15.5 ], "texture": "#defence_8" },
				"up": { "uv": [ 8.75, 15.5, 9, 15.25 ], "texture": "#defence_8" },
				"north": { "uv": [ 9.25, 15.25, 9, 15.5 ], "texture": "#defence_8" },
				"south": { "uv": [ 1.25, 8, 1.5, 8.25 ], "texture": "#defence_8" },
				"west": { "uv": [ 10, 15.25, 10.25, 15.5 ], "texture": "#defence_8" },
				"east": { "uv": [ 10.5, 15.25, 10.25, 15.5 ], "texture": "#defence_8" }
			}
		},
		{
			"__comment": "Voxels",
			"from": [ 9, 3, 1 ],
			"to": [ 10, 15, 2 ],
			"faces": {
				"down": { "uv": [ 10.5, 15.25, 10.75, 15.5 ], "texture": "#defence_8" },
				"up": { "uv": [ 10.75, 15.5, 11, 15.25 ], "texture": "#defence_8" },
				"north": { "uv": [ 3.5, 10, 3.25, 13 ], "texture": "#defence_8" },
				"south": { "uv": [ 3, 13, 3.25, 16 ], "texture": "#defence_8" },
				"west": { "uv": [ 4, 13, 4.25, 16 ], "texture": "#defence_8" },
				"east": { "uv": [ 4.25, 10, 4, 13 ], "texture": "#defence_8" }
			}
		},
		{
			"__comment": "Voxels",
			"from": [ 9, 4, 0 ],
			"to": [ 10, 14, 1 ],
			"faces": {
				"down": { "uv": [ 13, 15.25, 13.25, 15.5 ], "texture": "#defence_8" },
				"up": { "uv": [ 13.25, 15.5, 13.5, 15.25 ], "texture": "#defence_8" },
				"north": { "uv": [ 5.5, 8.5, 5.25, 11 ], "texture": "#defence_8" },
				"south": { "uv": [ 4.75, 13.5, 5, 16 ], "texture": "#defence_8" },
				"west": { "uv": [ 4.5, 8.5, 4.75, 11 ], "texture": "#defence_8" },
				"east": { "uv": [ 4.75, 11, 4.5, 13.5 ], "texture": "#defence_8" }
			}
		},
		{
			"__comment": "Voxels",
			"from": [ 9, 4, 14 ],
			"to": [ 10, 5, 15 ],
			"faces": {
				"down": { "uv": [ 14.5, 15.25, 14.75, 15.5 ], "texture": "#defence_8" },
				"up": { "uv": [ 14.75, 15.5, 15, 15.25 ], "texture": "#defence_8" },
				"north": { "uv": [ 15.25, 15.25, 15, 15.5 ], "texture": "#defence_8" },
				"south": { "uv": [ 15.25, 15.25, 15.5, 15.5 ], "texture": "#defence_8" },
				"west": { "uv": [ 8.5, 15, 8.75, 15.25 ], "texture": "#defence_8" },
				"east": { "uv": [ 8.75, 14.75, 8.5, 15 ], "texture": "#defence_8" }
			}
		},
		{
			"__comment": "Voxels",
			"from": [ 9, 4, 16 ],
			"to": [ 10, 14, 17 ],
			"faces": {
				"down": { "uv": [ 8.5, 14.5, 8.75, 14.75 ], "texture": "#defence_8" },
				"up": { "uv": [ 8.5, 14.5, 8.75, 14.25 ], "texture": "#defence_8" },
				"north": { "uv": [ 4.75, 13.5, 4.5, 16 ], "texture": "#defence_8" },
				"south": { "uv": [ 5.5, 8.5, 5.75, 11 ], "texture": "#defence_8" },
				"west": { "uv": [ 5.75, 13.5, 6, 16 ], "texture": "#defence_8" },
				"east": { "uv": [ 5, 11, 4.75, 13.5 ], "texture": "#defence_8" }
			}
		},
		{
			"__comment": "Voxels",
			"from": [ 9, 7, -1 ],
			"to": [ 10, 10, 0 ],
			"faces": {
				"down": { "uv": [ 8.5, 12.5, 8.75, 12.75 ], "texture": "#defence_8" },
				"up": { "uv": [ 8.5, 12.5, 8.75, 12.25 ], "texture": "#defence_8" },
				"north": { "uv": [ 7.25, 10.75, 7, 11.5 ], "texture": "#defence_8" },
				"south": { "uv": [ 6.25, 9, 6.5, 9.75 ], "texture": "#defence_8" },
				"west": { "uv": [ 7, 10, 7.25, 10.75 ], "texture": "#defence_8" },
				"east": { "uv": [ 7.25, 9.25, 7, 10 ], "texture": "#defence_8" }
			}
		},
		{
			"__comment": "Voxels",
			"from": [ 9, 7, 17 ],
			"to": [ 10, 10, 18 ],
			"faces": {
				"down": { "uv": [ 0.75, 8, 1, 8.25 ], "texture": "#defence_8" },
				"up": { "uv": [ 1, 8.25, 1.25, 8 ], "texture": "#defence_8" },
				"north": { "uv": [ 7.75, 13.75, 7.5, 14.5 ], "texture": "#defence_8" },
				"south": { "uv": [ 7, 8.5, 7.25, 9.25 ], "texture": "#defence_8" },
				"west": { "uv": [ 7.25, 15.25, 7.5, 16 ], "texture": "#defence_8" },
				"east": { "uv": [ 7.5, 14.5, 7.25, 15.25 ], "texture": "#defence_8" }
			}
		},
		{
			"__comment": "Voxels",
			"from": [ 9, 8, -2 ],
			"to": [ 10, 9, -1 ],
			"faces": {
				"down": { "uv": [ 3.5, 8, 3.75, 8.25 ], "texture": "#defence_8" },
				"up": { "uv": [ 3.75, 8.25, 4, 8 ], "texture": "#defence_8" },
				"north": { "uv": [ 4.25, 8, 4, 8.25 ], "texture": "#defence_8" },
				"south": { "uv": [ 4.25, 8, 4.5, 8.25 ], "texture": "#defence_8" },
				"west": { "uv": [ 6.25, 8.75, 6.5, 9 ], "texture": "#defence_8" },
				"east": { "uv": [ 6.75, 8.75, 6.5, 9 ], "texture": "#defence_8" }
			}
		},
		{
			"__comment": "Voxels",
			"from": [ 9, 8, 18 ],
			"to": [ 10, 9, 19 ],
			"faces": {
				"down": { "uv": [ 6.75, 8.75, 7, 9 ], "texture": "#defence_8" },
				"up": { "uv": [ 8.25, 8.25, 8.5, 8 ], "texture": "#defence_8" },
				"north": { "uv": [ 11, 15.75, 10.75, 16 ], "texture": "#defence_8" },
				"south": { "uv": [ 10.75, 15.5, 11, 15.75 ], "texture": "#defence_8" },
				"west": { "uv": [ 11, 15.75, 11.25, 16 ], "texture": "#defence_8" },
				"east": { "uv": [ 11.25, 15.5, 11, 15.75 ], "texture": "#defence_8" }
			}
		},
		{
			"__comment": "Voxels",
			"from": [ 9, 12, -1 ],
			"to": [ 10, 15, 0 ],
			"faces": {
				"down": { "uv": [ 11.25, 15.75, 11.5, 16 ], "texture": "#defence_8" },
				"up": { "uv": [ 11.25, 15.75, 11.5, 15.5 ], "texture": "#defence_8" },
				"north": { "uv": [ 7.5, 13.75, 7.25, 14.5 ], "texture": "#defence_8" },
				"south": { "uv": [ 7.25, 13, 7.5, 13.75 ], "texture": "#defence_8" },
				"west": { "uv": [ 7.25, 12.25, 7.5, 13 ], "texture": "#defence_8" },
				"east": { "uv": [ 7.5, 11.5, 7.25, 12.25 ], "texture": "#defence_8" }
			}
		},
		{
			"__comment": "Voxels",
			"from": [ 9, 12, 2 ],
			"to": [ 10, 16, 3 ],
			"faces": {
				"down": { "uv": [ 12, 15.75, 12.25, 16 ], "texture": "#defence_8" },
				"up": { "uv": [ 12, 15.75, 12.25, 15.5 ], "texture": "#defence_8" },
				"north": { "uv": [ 6.75, 12.25, 6.5, 13.25 ], "texture": "#defence_8" },
				"south": { "uv": [ 6.75, 12.25, 7, 13.25 ], "texture": "#defence_8" },
				"west": { "uv": [ 6, 8.75, 6.25, 9.75 ], "texture": "#defence_8" },
				"east": { "uv": [ 6.25, 10.75, 6, 11.75 ], "texture": "#defence_8" }
			}
		},
		{
			"__comment": "Voxels",
			"from": [ 9, 12, 14 ],
			"to": [ 10, 16, 15 ],
			"faces": {
				"down": { "uv": [ 12.75, 15.75, 13, 16 ], "texture": "#defence_8" },
				"up": { "uv": [ 12.75, 15.75, 13, 15.5 ], "texture": "#defence_8" },
				"north": { "uv": [ 6.5, 10.75, 6.25, 11.75 ], "texture": "#defence_8" },
				"south": { "uv": [ 6.5, 10.75, 6.75, 11.75 ], "texture": "#defence_8" },
				"west": { "uv": [ 6.75, 10.75, 7, 11.75 ], "texture": "#defence_8" },
				"east": { "uv": [ 6.25, 9.75, 6, 10.75 ], "texture": "#defence_8" }
			}
		},
		{
			"__comment": "Voxels",
			"from": [ 9, 12, 17 ],
			"to": [ 10, 15, 18 ],
			"faces": {
				"down": { "uv": [ 13.5, 15.75, 13.75, 16 ], "texture": "#defence_8" },
				"up": { "uv": [ 13.5, 15.75, 13.75, 15.5 ], "texture": "#defence_8" },
				"north": { "uv": [ 7.75, 12.25, 7.5, 13 ], "texture": "#defence_8" },
				"south": { "uv": [ 7.5, 11.5, 7.75, 12.25 ], "texture": "#defence_8" },
				"west": { "uv": [ 7.5, 10.75, 7.75, 11.5 ], "texture": "#defence_8" },
				"east": { "uv": [ 7.75, 10, 7.5, 10.75 ], "texture": "#defence_8" }
			}
		},
		{
			"__comment": "Voxels",
			"from": [ 9, 13, -2 ],
			"to": [ 10, 15, -1 ],
			"faces": {
				"down": { "uv": [ 14.25, 15.75, 14.5, 16 ], "texture": "#defence_8" },
				"up": { "uv": [ 14.25, 15.75, 14.5, 15.5 ], "texture": "#defence_8" },
				"north": { "uv": [ 8.5, 10.75, 8.25, 11.25 ], "texture": "#defence_8" },
				"south": { "uv": [ 10.5, 15.5, 10.75, 16 ], "texture": "#defence_8" },
				"west": { "uv": [ 8.25, 9.75, 8.5, 10.25 ], "texture": "#defence_8" },
				"east": { "uv": [ 8.5, 9.25, 8.25, 9.75 ], "texture": "#defence_8" }
			}
		},
		{
			"__comment": "Voxels",
			"from": [ 9, 13, 18 ],
			"to": [ 10, 15, 19 ],
			"faces": {
				"down": { "uv": [ 15, 15.75, 15.25, 16 ], "texture": "#defence_8" },
				"up": { "uv": [ 15, 15.75, 15.25, 15.5 ], "texture": "#defence_8" },
				"north": { "uv": [ 8.5, 8.75, 8.25, 9.25 ], "texture": "#defence_8" },
				"south": { "uv": [ 9.25, 15.5, 9.5, 16 ], "texture": "#defence_8" },
				"west": { "uv": [ 9.5, 15.5, 9.75, 16 ], "texture": "#defence_8" },
				"east": { "uv": [ 10.5, 15.5, 10.25, 16 ], "texture": "#defence_8" }
			}
		},
		{
			"__comment": "Voxels",
			"from": [ 9, 14, 3 ],
			"to": [ 10, 17, 4 ],
			"faces": {
				"down": { "uv": [ 15.5, 15.5, 15.75, 15.75 ], "texture": "#defence_8" },
				"up": { "uv": [ 15.75, 15.75, 16, 15.5 ], "texture": "#defence_8" },
				"north": { "uv": [ 7.75, 8.5, 7.5, 9.25 ], "texture": "#defence_8" },
				"south": { "uv": [ 7.75, 15.25, 8, 16 ], "texture": "#defence_8" },
				"west": { "uv": [ 7.75, 14.5, 8, 15.25 ], "texture": "#defence_8" },
				"east": { "uv": [ 8, 13.75, 7.75, 14.5 ], "texture": "#defence_8" }
			}
		},
		{
			"__comment": "Voxels",
			"from": [ 9, 14, 13 ],
			"to": [ 10, 17, 14 ],
			"faces": {
				"down": { "uv": [ 9.5, 15.25, 9.75, 15.5 ], "texture": "#defence_8" },
				"up": { "uv": [ 9.75, 15.5, 10, 15.25 ], "texture": "#defence_8" },
				"north": { "uv": [ 8, 13, 7.75, 13.75 ], "texture": "#defence_8" },
				"south": { "uv": [ 7.75, 12.25, 8, 13 ], "texture": "#defence_8" },
				"west": { "uv": [ 7.75, 11.5, 8, 12.25 ], "texture": "#defence_8" },
				"east": { "uv": [ 8, 10.75, 7.75, 11.5 ], "texture": "#defence_8" }
			}
		},
		{
			"__comment": "Voxels",
			"from": [ 9, 15, 4 ],
			"to": [ 10, 18, 5 ],
			"faces": {
				"down": { "uv": [ 11, 15.25, 11.25, 15.5 ], "texture": "#defence_8" },
				"up": { "uv": [ 11.25, 15.5, 11.5, 15.25 ], "texture": "#defence_8" },
				"north": { "uv": [ 8, 10, 7.75, 10.75 ], "texture": "#defence_8" },
				"south": { "uv": [ 7.75, 9.25, 8, 10 ], "texture": "#defence_8" },
				"west": { "uv": [ 7.75, 8.5, 8, 9.25 ], "texture": "#defence_8" },
				"east": { "uv": [ 8.25, 15.25, 8, 16 ], "texture": "#defence_8" }
			}
		},
		{
			"__comment": "Voxels",
			"from": [ 9, 15, 12 ],
			"to": [ 10, 18, 13 ],
			"faces": {
				"down": { "uv": [ 12.5, 15.25, 12.75, 15.5 ], "texture": "#defence_8" },
				"up": { "uv": [ 12.75, 15.5, 13, 15.25 ], "texture": "#defence_8" },
				"north": { "uv": [ 8.25, 14.5, 8, 15.25 ], "texture": "#defence_8" },
				"south": { "uv": [ 8, 13.75, 8.25, 14.5 ], "texture": "#defence_8" },
				"west": { "uv": [ 7, 13.75, 7.25, 14.5 ], "texture": "#defence_8" },
				"east": { "uv": [ 8.25, 13, 8, 13.75 ], "texture": "#defence_8" }
			}
		},
		{
			"__comment": "Voxels",
			"from": [ 9, 16, 5 ],
			"to": [ 10, 18, 7 ],
			"faces": {
				"down": { "uv": [ 8.25, 13.25, 8.5, 13.75 ], "texture": "#defence_8" },
				"up": { "uv": [ 8.25, 13.25, 8.5, 12.75 ], "texture": "#defence_8" },
				"north": { "uv": [ 8.5, 12.25, 8.25, 12.75 ], "texture": "#defence_8" },
				"south": { "uv": [ 8.25, 11.75, 8.5, 12.25 ], "texture": "#defence_8" },
				"west": { "uv": [ 6.25, 10.25, 6.75, 10.75 ], "texture": "#defence_8" },
				"east": { "uv": [ 6.75, 9.75, 6.25, 10.25 ], "texture": "#defence_8" }
			}
		},
		{
			"__comment": "Voxels",
			"from": [ 9, 16, 10 ],
			"to": [ 10, 19, 11 ],
			"faces": {
				"down": { "uv": [ 15.5, 15.25, 15.75, 15.5 ], "texture": "#defence_8" },
				"up": { "uv": [ 15.75, 15.5, 16, 15.25 ], "texture": "#defence_8" },
				"north": { "uv": [ 8.25, 10.75, 8, 11.5 ], "texture": "#defence_8" },
				"south": { "uv": [ 8, 10, 8.25, 10.75 ], "texture": "#defence_8" },
				"west": { "uv": [ 8, 9.25, 8.25, 10 ], "texture": "#defence_8" },
				"east": { "uv": [ 8.25, 8.5, 8, 9.25 ], "texture": "#defence_8" }
			}
		},
		{
			"__comment": "Voxels",
			"from": [ 9, 16, 11 ],
			"to": [ 10, 18, 12 ],
			"faces": {
				"down": { "uv": [ 8.5, 14, 8.75, 14.25 ], "texture": "#defence_8" },
				"up": { "uv": [ 8.5, 14, 8.75, 13.75 ], "texture": "#defence_8" },
				"north": { "uv": [ 8.5, 8.25, 8.25, 8.75 ], "texture": "#defence_8" },
				"south": { "uv": [ 8.5, 15.5, 8.75, 16 ], "texture": "#defence_8" },
				"west": { "uv": [ 8.75, 15.5, 9, 16 ], "texture": "#defence_8" },
				"east": { "uv": [ 9.25, 15.5, 9, 16 ], "texture": "#defence_8" }
			}
		},
		{
			"__comment": "Voxels",
			"from": [ 9, 17, 7 ],
			"to": [ 10, 19, 10 ],
			"faces": {
				"down": { "uv": [ 8.25, 15.25, 8.5, 16 ], "texture": "#defence_8" },
				"up": { "uv": [ 8.25, 15.25, 8.5, 14.5 ], "texture": "#defence_8" },
				"north": { "uv": [ 10, 15.5, 9.75, 16 ], "texture": "#defence_8" },
				"south": { "uv": [ 10, 15.5, 10.25, 16 ], "texture": "#defence_8" },
				"west": { "uv": [ 6, 13.75, 6.75, 14.25 ], "texture": "#defence_8" },
				"east": { "uv": [ 6.75, 13.25, 6, 13.75 ], "texture": "#defence_8" }
			}
		},
		{
			"__comment": "Voxels",
			"from": [ 9, 18, 6 ],
			"to": [ 10, 19, 7 ],
			"faces": {
				"down": { "uv": [ 8.5, 11, 8.75, 11.25 ], "texture": "#defence_8" },
				"up": { "uv": [ 8.5, 11, 8.75, 10.75 ], "texture": "#defence_8" },
				"north": { "uv": [ 8.75, 10.5, 8.5, 10.75 ], "texture": "#defence_8" },
				"south": { "uv": [ 8.5, 10.25, 8.75, 10.5 ], "texture": "#defence_8" },
				"west": { "uv": [ 8.5, 10, 8.75, 10.25 ], "texture": "#defence_8" },
				"east": { "uv": [ 8.75, 9.75, 8.5, 10 ], "texture": "#defence_8" }
			}
		}
	],
	"display": {
		"thirdperson_righthand": {
			"rotation":  [ 90, 180, 0 ],
			"translation":  [ 5, -2, 2 ],
			"scale":  [ 1, 0.9, 1 ]
		},
		"thirdperson_lefthand": {
			"rotation":  [ 90, 0, 0 ],
			"translation":  [ 5, -2, 2 ],
			"scale":  [ 1, 0.9, 1 ]
		},
		"firstperson_righthand": {
			"rotation":  [ 0, -110, 0 ],
			"translation":  [ 2, -6, 0 ]
		},
		"firstperson_lefthand": {
			"rotation":  [ 0, 40, 0 ],
			"translation":  [ 2, -6, 0 ]
		},
		"gui": {
			"rotation":  [ 0, 90, 0 ],
			"translation":  [ -0.3, -0.6, 0 ],
			"scale":  [ 0.5, 0.7, 0.7 ]
		},
		"fixed": {
			"rotation":  [ 0, -90, 0 ],
			"translation":  [ 0, -4, -4 ],
			"scale":  [ 4, 4, 4 ]
		}
	}
}