{
	"parent": "item/generated",
    "textures": {
        "layer0": "items/iron_sword"
    },
	"display": {
		"thirdperson_righthand": {
			"rotation":  [ 90, 90, 0 ],
			"translation":  [ 2, 0, 5 ],
			"scale":  [ 1.5, 2.2, 2.2 ]
		},
		"thirdperson_lefthand": {
			"rotation":  [ 90, 90, 0 ],
			"translation":  [ 2, 0, 5 ],
			"scale":  [ 1.5, 2.2, 2.2 ]
		},
		"firstperson_righthand": {
			"rotation":  [ 0, -170, 0 ],
			"translation":  [ 0, -3, 0 ],
			"scale":  [ 2.2, 2.2, 2.2 ]
		},
		"firstperson_lefthand": {
			"translation":  [ 0, -3, 0 ],
			"scale":  [ 2.2, 2.2, 2.2 ]
		},
		"gui": {
			"translation":  [ -0.4, -0.4, 0 ],
			"scale":  [ 1.8, 1.8, 1.8 ]
		},
		"fixed": {
			"rotation":  [ 0, -90, 0 ],
			"translation":  [ 0, -2, -6 ],
			"scale":  [ 4, 4, 4 ]
		}
	}
}