{
	"__comment": "Designed by MrZoom31 with Cubik Studio - https://cubik.studio",
	"textures": {
		"defence_6": "mcpatcher/cit/escudos/8"
	},
	"elements": [ 	 
		{
			"__comment": "Voxels",
			"from": [ 5, -10, 8 ],
			"to": [ 6, 7, 9 ],
			"faces": {
				"down": { "uv": [ 13, 8.25, 13.25, 8.5 ], "texture": "#defence_6" },
				"up": { "uv": [ 12.5, 10.25, 12.75, 10 ], "texture": "#defence_6" },
				"north": { "uv": [ 0.25, 11.75, 0, 16 ], "texture": "#defence_6" },
				"south": { "uv": [ 0.25, 11.75, 0.5, 16 ], "texture": "#defence_6" },
				"west": { "uv": [ 0.5, 11.75, 0.75, 16 ], "texture": "#defence_6" },
				"east": { "uv": [ 1, 11.75, 0.75, 16 ], "texture": "#defence_6" }
			}
		},
		{
			"__comment": "Voxels",
			"from": [ 5, -9, 7 ],
			"to": [ 6, 6, 8 ],
			"faces": {
				"down": { "uv": [ 12.5, 9.75, 12.75, 10 ], "texture": "#defence_6" },
				"up": { "uv": [ 12.5, 9.75, 12.75, 9.5 ], "texture": "#defence_6" },
				"north": { "uv": [ 0.5, 8, 0.25, 11.75 ], "texture": "#defence_6" },
				"south": { "uv": [ 0.5, 8, 0.75, 11.75 ], "texture": "#defence_6" },
				"west": { "uv": [ 0.75, 8, 1, 11.75 ], "texture": "#defence_6" },
				"east": { "uv": [ 2.25, 12.25, 2, 16 ], "texture": "#defence_6" }
			}
		},
		{
			"__comment": "Voxels",
			"from": [ 5, -9, 9 ],
			"to": [ 6, 6, 10 ],
			"faces": {
				"down": { "uv": [ 12.5, 8, 12.75, 8.25 ], "texture": "#defence_6" },
				"up": { "uv": [ 12.75, 11.25, 13, 11 ], "texture": "#defence_6" },
				"north": { "uv": [ 2.25, 8.5, 2, 12.25 ], "texture": "#defence_6" },
				"south": { "uv": [ 0, 8, 0.25, 11.75 ], "texture": "#defence_6" },
				"west": { "uv": [ 2.25, 12.25, 2.5, 16 ], "texture": "#defence_6" },
				"east": { "uv": [ 2.5, 8.5, 2.25, 12.25 ], "texture": "#defence_6" }
			}
		},
		{
			"__comment": "Voxels",
			"from": [ 5, -3, 6 ],
			"to": [ 7, 0, 7 ],
			"faces": {
				"down": { "uv": [ 15.5, 12.75, 16, 13 ], "texture": "#defence_6" },
				"up": { "uv": [ 11, 12.75, 11.5, 12.5 ], "texture": "#defence_6" },
				"north": { "uv": [ 7.5, 13, 7, 13.75 ], "texture": "#defence_6" },
				"south": { "uv": [ 7, 11.5, 7.5, 12.25 ], "texture": "#defence_6" },
				"west": { "uv": [ 9.5, 10.25, 9.75, 11 ], "texture": "#defence_6" },
				"east": { "uv": [ 9.75, 9.5, 9.5, 10.25 ], "texture": "#defence_6" }
			}
		},
		{
			"__comment": "Voxels",
			"from": [ 5, -3, 10 ],
			"to": [ 7, 0, 11 ],
			"faces": {
				"down": { "uv": [ 15, 12.5, 15.5, 12.75 ], "texture": "#defence_6" },
				"up": { "uv": [ 15.5, 12.75, 16, 12.5 ], "texture": "#defence_6" },
				"north": { "uv": [ 7.5, 15.25, 7, 16 ], "texture": "#defence_6" },
				"south": { "uv": [ 7, 10.75, 7.5, 11.5 ], "texture": "#defence_6" },
				"west": { "uv": [ 9.5, 8, 9.75, 8.75 ], "texture": "#defence_6" },
				"east": { "uv": [ 10, 13.75, 9.75, 14.5 ], "texture": "#defence_6" }
			}
		},
		{
			"__comment": "Voxels",
			"from": [ 5, 4, 6 ],
			"to": [ 8, 7, 7 ],
			"faces": {
				"down": { "uv": [ 11.5, 14.75, 12.25, 15 ], "texture": "#defence_6" },
				"up": { "uv": [ 11.5, 14.75, 12.25, 14.5 ], "texture": "#defence_6" },
				"north": { "uv": [ 4.25, 9.25, 3.5, 10 ], "texture": "#defence_6" },
				"south": { "uv": [ 3.5, 8.5, 4.25, 9.25 ], "texture": "#defence_6" },
				"west": { "uv": [ 9.75, 13, 10, 13.75 ], "texture": "#defence_6" },
				"east": { "uv": [ 10, 12.25, 9.75, 13 ], "texture": "#defence_6" }
			}
		},
		{
			"__comment": "Voxels",
			"from": [ 5, 4, 10 ],
			"to": [ 8, 7, 11 ],
			"faces": {
				"down": { "uv": [ 12.25, 14.75, 13, 15 ], "texture": "#defence_6" },
				"up": { "uv": [ 12.25, 14.75, 13, 14.5 ], "texture": "#defence_6" },
				"north": { "uv": [ 3.25, 10, 2.5, 10.75 ], "texture": "#defence_6" },
				"south": { "uv": [ 2.5, 9.25, 3.25, 10 ], "texture": "#defence_6" },
				"west": { "uv": [ 9.75, 11.5, 10, 12.25 ], "texture": "#defence_6" },
				"east": { "uv": [ 10, 10.75, 9.75, 11.5 ], "texture": "#defence_6" }
			}
		},
		{
			"__comment": "Voxels",
			"from": [ 5, 5, 5 ],
			"to": [ 6, 14, 6 ],
			"faces": {
				"down": { "uv": [ 13.5, 11, 13.75, 11.25 ], "texture": "#defence_6" },
				"up": { "uv": [ 13.75, 11.25, 14, 11 ], "texture": "#defence_6" },
				"north": { "uv": [ 3.5, 11.5, 3.25, 13.75 ], "texture": "#defence_6" },
				"south": { "uv": [ 3.25, 13.75, 3.5, 16 ], "texture": "#defence_6" },
				"west": { "uv": [ 3.25, 9.25, 3.5, 11.5 ], "texture": "#defence_6" },
				"east": { "uv": [ 3.75, 10.75, 3.5, 13 ], "texture": "#defence_6" }
			}
		},
		{
			"__comment": "Voxels",
			"from": [ 5, 5, 11 ],
			"to": [ 6, 14, 12 ],
			"faces": {
				"down": { "uv": [ 14, 11, 14.25, 11.25 ], "texture": "#defence_6" },
				"up": { "uv": [ 15.75, 11.25, 16, 11 ], "texture": "#defence_6" },
				"north": { "uv": [ 4, 10.75, 3.75, 13 ], "texture": "#defence_6" },
				"south": { "uv": [ 4, 10.75, 4.25, 13 ], "texture": "#defence_6" },
				"west": { "uv": [ 4.25, 13.75, 4.5, 16 ], "texture": "#defence_6" },
				"east": { "uv": [ 4.5, 11.5, 4.25, 13.75 ], "texture": "#defence_6" }
			}
		},
		{
			"__comment": "Voxels",
			"from": [ 5, 6, 4 ],
			"to": [ 9, 10, 5 ],
			"faces": {
				"down": { "uv": [ 11.25, 15.75, 12.25, 16 ], "texture": "#defence_6" },
				"up": { "uv": [ 11.25, 15.75, 12.25, 15.5 ], "texture": "#defence_6" },
				"north": { "uv": [ 2, 8, 1, 9 ], "texture": "#defence_6" },
				"south": { "uv": [ 1, 15, 2, 16 ], "texture": "#defence_6" },
				"west": { "uv": [ 12.25, 15, 12.5, 16 ], "texture": "#defence_6" },
				"east": { "uv": [ 12.75, 15, 12.5, 16 ], "texture": "#defence_6" }
			}
		},
		{
			"__comment": "Voxels",
			"from": [ 5, 6, 12 ],
			"to": [ 9, 10, 13 ],
			"faces": {
				"down": { "uv": [ 11.25, 15.25, 12.25, 15.5 ], "texture": "#defence_6" },
				"up": { "uv": [ 11.25, 15.25, 12.25, 15 ], "texture": "#defence_6" },
				"north": { "uv": [ 2, 14, 1, 15 ], "texture": "#defence_6" },
				"south": { "uv": [ 1, 11, 2, 12 ], "texture": "#defence_6" },
				"west": { "uv": [ 5, 12.75, 5.25, 13.75 ], "texture": "#defence_6" },
				"east": { "uv": [ 13, 15, 12.75, 16 ], "texture": "#defence_6" }
			}
		},
		{
			"__comment": "Voxels",
			"from": [ 5, 8, 6 ],
			"to": [ 8, 9, 7 ],
			"faces": {
				"down": { "uv": [ 10, 14.75, 10.75, 15 ], "texture": "#defence_6" },
				"up": { "uv": [ 13.75, 14.75, 14.5, 14.5 ], "texture": "#defence_6" },
				"north": { "uv": [ 15.25, 14.75, 14.5, 15 ], "texture": "#defence_6" },
				"south": { "uv": [ 14.5, 14.5, 15.25, 14.75 ], "texture": "#defence_6" },
				"west": { "uv": [ 12.75, 10.25, 13, 10.5 ], "texture": "#defence_6" },
				"east": { "uv": [ 13, 10, 12.75, 10.25 ], "texture": "#defence_6" }
			}
		},
		{
			"__comment": "Voxels",
			"from": [ 5, 8, 10 ],
			"to": [ 8, 9, 11 ],
			"faces": {
				"down": { "uv": [ 15.25, 14.75, 16, 15 ], "texture": "#defence_6" },
				"up": { "uv": [ 15.25, 14.75, 16, 14.5 ], "texture": "#defence_6" },
				"north": { "uv": [ 11, 14.25, 10.25, 14.5 ], "texture": "#defence_6" },
				"south": { "uv": [ 10.25, 14, 11, 14.25 ], "texture": "#defence_6" },
				"west": { "uv": [ 15, 10.75, 15.25, 11 ], "texture": "#defence_6" },
				"east": { "uv": [ 15.5, 10.75, 15.25, 11 ], "texture": "#defence_6" }
			}
		},
		{
			"__comment": "Voxels",
			"from": [ 5, 10, 4 ],
			"to": [ 7, 11, 5 ],
			"faces": {
				"down": { "uv": [ 11, 11.25, 11.5, 11.5 ], "texture": "#defence_6" },
				"up": { "uv": [ 11, 11.25, 11.5, 11 ], "texture": "#defence_6" },
				"north": { "uv": [ 11.5, 10.75, 11, 11 ], "texture": "#defence_6" },
				"south": { "uv": [ 11, 10, 11.5, 10.25 ], "texture": "#defence_6" },
				"west": { "uv": [ 12.5, 10.75, 12.75, 11 ], "texture": "#defence_6" },
				"east": { "uv": [ 15.75, 10.75, 15.5, 11 ], "texture": "#defence_6" }
			}
		},
		{
			"__comment": "Voxels",
			"from": [ 5, 10, 6 ],
			"to": [ 8, 13, 7 ],
			"faces": {
				"down": { "uv": [ 12.5, 14, 13.25, 14.25 ], "texture": "#defence_6" },
				"up": { "uv": [ 12.5, 14, 13.25, 13.75 ], "texture": "#defence_6" },
				"north": { "uv": [ 3.25, 10.75, 2.5, 11.5 ], "texture": "#defence_6" },
				"south": { "uv": [ 2.5, 8.5, 3.25, 9.25 ], "texture": "#defence_6" },
				"west": { "uv": [ 13.25, 13.75, 13.5, 14.5 ], "texture": "#defence_6" },
				"east": { "uv": [ 13.75, 13.75, 13.5, 14.5 ], "texture": "#defence_6" }
			}
		},
		{
			"__comment": "Voxels",
			"from": [ 5, 10, 8 ],
			"to": [ 8, 12, 9 ],
			"faces": {
				"down": { "uv": [ 13.75, 14.25, 14.5, 14.5 ], "texture": "#defence_6" },
				"up": { "uv": [ 13.75, 14.25, 14.5, 14 ], "texture": "#defence_6" },
				"north": { "uv": [ 3.25, 8, 2.5, 8.5 ], "texture": "#defence_6" },
				"south": { "uv": [ 3.5, 8, 4.25, 8.5 ], "texture": "#defence_6" },
				"west": { "uv": [ 11.5, 10, 11.75, 10.5 ], "texture": "#defence_6" },
				"east": { "uv": [ 11.75, 9.5, 11.5, 10 ], "texture": "#defence_6" }
			}
		},
		{
			"__comment": "Voxels",
			"from": [ 5, 10, 10 ],
			"to": [ 8, 13, 11 ],
			"faces": {
				"down": { "uv": [ 10, 14.5, 10.75, 14.75 ], "texture": "#defence_6" },
				"up": { "uv": [ 10.75, 15, 11.5, 14.75 ], "texture": "#defence_6" },
				"north": { "uv": [ 4.25, 14.5, 3.5, 15.25 ], "texture": "#defence_6" },
				"south": { "uv": [ 3.5, 13.75, 4.25, 14.5 ], "texture": "#defence_6" },
				"west": { "uv": [ 9.5, 11, 9.75, 11.75 ], "texture": "#defence_6" },
				"east": { "uv": [ 9.75, 8.75, 9.5, 9.5 ], "texture": "#defence_6" }
			}
		},
		{
			"__comment": "Voxels",
			"from": [ 5, 10, 12 ],
			"to": [ 7, 11, 13 ],
			"faces": {
				"down": { "uv": [ 13.75, 12.25, 14.25, 12.5 ], "texture": "#defence_6" },
				"up": { "uv": [ 14.25, 12.5, 14.75, 12.25 ], "texture": "#defence_6" },
				"north": { "uv": [ 15.25, 12.25, 14.75, 12.5 ], "texture": "#defence_6" },
				"south": { "uv": [ 15.25, 12.25, 15.75, 12.5 ], "texture": "#defence_6" },
				"west": { "uv": [ 15.75, 10.75, 16, 11 ], "texture": "#defence_6" },
				"east": { "uv": [ 13.25, 10, 13, 10.25 ], "texture": "#defence_6" }
			}
		},
		{
			"__comment": "Voxels",
			"from": [ 5, 11, 7 ],
			"to": [ 8, 12, 8 ],
			"faces": {
				"down": { "uv": [ 11.75, 14.25, 12.5, 14.5 ], "texture": "#defence_6" },
				"up": { "uv": [ 11.75, 14.25, 12.5, 14 ], "texture": "#defence_6" },
				"north": { "uv": [ 12.5, 13.75, 11.75, 14 ], "texture": "#defence_6" },
				"south": { "uv": [ 12.5, 14.25, 13.25, 14.5 ], "texture": "#defence_6" },
				"west": { "uv": [ 13, 9.75, 13.25, 10 ], "texture": "#defence_6" },
				"east": { "uv": [ 13.25, 9.5, 13, 9.75 ], "texture": "#defence_6" }
			}
		},
		{
			"__comment": "Voxels",
			"from": [ 5, 11, 9 ],
			"to": [ 8, 12, 10 ],
			"faces": {
				"down": { "uv": [ 10.75, 14.5, 11.5, 14.75 ], "texture": "#defence_6" },
				"up": { "uv": [ 13, 15, 13.75, 14.75 ], "texture": "#defence_6" },
				"north": { "uv": [ 14.5, 14.75, 13.75, 15 ], "texture": "#defence_6" },
				"south": { "uv": [ 10.25, 13.75, 11, 14 ], "texture": "#defence_6" },
				"west": { "uv": [ 13, 9.25, 13.25, 9.5 ], "texture": "#defence_6" },
				"east": { "uv": [ 13.25, 8.5, 13, 8.75 ], "texture": "#defence_6" }
			}
		},
		{
			"__comment": "Voxels",
			"from": [ 5, 12, 7 ],
			"to": [ 7, 16, 10 ],
			"faces": {
				"down": { "uv": [ 7, 10, 7.5, 10.75 ], "texture": "#defence_6" },
				"up": { "uv": [ 7, 14.5, 7.5, 13.75 ], "texture": "#defence_6" },
				"north": { "uv": [ 5, 12.75, 4.5, 13.75 ], "texture": "#defence_6" },
				"south": { "uv": [ 4.5, 11.75, 5, 12.75 ], "texture": "#defence_6" },
				"west": { "uv": [ 2.5, 15, 3.25, 16 ], "texture": "#defence_6" },
				"east": { "uv": [ 3.25, 14, 2.5, 15 ], "texture": "#defence_6" }
			}
		},
		{
			"__comment": "Voxels",
			"from": [ 5, 13, 6 ],
			"to": [ 7, 15, 7 ],
			"faces": {
				"down": { "uv": [ 14.25, 12, 14.75, 12.25 ], "texture": "#defence_6" },
				"up": { "uv": [ 14.75, 12.25, 15.25, 12 ], "texture": "#defence_6" },
				"north": { "uv": [ 7.5, 8, 7, 8.5 ], "texture": "#defence_6" },
				"south": { "uv": [ 7.75, 8, 8.25, 8.5 ], "texture": "#defence_6" },
				"west": { "uv": [ 11.5, 8.5, 11.75, 9 ], "texture": "#defence_6" },
				"east": { "uv": [ 11.75, 8, 11.5, 8.5 ], "texture": "#defence_6" }
			}
		},
		{
			"__comment": "Voxels",
			"from": [ 5, 13, 10 ],
			"to": [ 7, 15, 11 ],
			"faces": {
				"down": { "uv": [ 11.75, 11.75, 12.25, 12 ], "texture": "#defence_6" },
				"up": { "uv": [ 12.25, 12, 12.75, 11.75 ], "texture": "#defence_6" },
				"north": { "uv": [ 10.75, 15.5, 10.25, 16 ], "texture": "#defence_6" },
				"south": { "uv": [ 10.25, 15, 10.75, 15.5 ], "texture": "#defence_6" },
				"west": { "uv": [ 11.75, 11.25, 12, 11.75 ], "texture": "#defence_6" },
				"east": { "uv": [ 12, 10.75, 11.75, 11.25 ], "texture": "#defence_6" }
			}
		},
		{
			"__comment": "Voxels",
			"from": [ 6, -8, 6 ],
			"to": [ 7, -3, 7 ],
			"faces": {
				"down": { "uv": [ 13, 8, 13.25, 8.25 ], "texture": "#defence_6" },
				"up": { "uv": [ 13.25, 10.75, 13.5, 10.5 ], "texture": "#defence_6" },
				"north": { "uv": [ 8.25, 8.5, 8, 9.75 ], "texture": "#defence_6" },
				"south": { "uv": [ 7.75, 8.5, 8, 9.75 ], "texture": "#defence_6" },
				"west": { "uv": [ 3, 11.5, 3.25, 12.75 ], "texture": "#defence_6" },
				"east": { "uv": [ 8.5, 13.5, 8.25, 14.75 ], "texture": "#defence_6" }
			}
		},
		{
			"__comment": "Voxels",
			"from": [ 6, -7, 10 ],
			"to": [ 7, -3, 11 ],
			"faces": {
				"down": { "uv": [ 14, 10.5, 14.25, 10.75 ], "texture": "#defence_6" },
				"up": { "uv": [ 14.25, 10.75, 14.5, 10.5 ], "texture": "#defence_6" },
				"north": { "uv": [ 14.25, 15, 14, 16 ], "texture": "#defence_6" },
				"south": { "uv": [ 14.25, 15, 14.5, 16 ], "texture": "#defence_6" },
				"west": { "uv": [ 14.5, 15, 14.75, 16 ], "texture": "#defence_6" },
				"east": { "uv": [ 15, 15, 14.75, 16 ], "texture": "#defence_6" }
			}
		},
		{
			"__comment": "Voxels",
			"from": [ 6, -3, 5 ],
			"to": [ 8, -1, 6 ],
			"faces": {
				"down": { "uv": [ 13.75, 11.75, 14.25, 12 ], "texture": "#defence_6" },
				"up": { "uv": [ 14.25, 12, 14.75, 11.75 ], "texture": "#defence_6" },
				"north": { "uv": [ 16, 15.5, 15.5, 16 ], "texture": "#defence_6" },
				"south": { "uv": [ 15.5, 15, 16, 15.5 ], "texture": "#defence_6" },
				"west": { "uv": [ 11.75, 10.25, 12, 10.75 ], "texture": "#defence_6" },
				"east": { "uv": [ 12, 9.75, 11.75, 10.25 ], "texture": "#defence_6" }
			}
		},
		{
			"__comment": "Voxels",
			"from": [ 6, -3, 11 ],
			"to": [ 8, -1, 12 ],
			"faces": {
				"down": { "uv": [ 12, 13.5, 12.5, 13.75 ], "texture": "#defence_6" },
				"up": { "uv": [ 12.5, 13.75, 13, 13.5 ], "texture": "#defence_6" },
				"north": { "uv": [ 9.5, 14.5, 9, 15 ], "texture": "#defence_6" },
				"south": { "uv": [ 9.5, 14.5, 10, 15 ], "texture": "#defence_6" },
				"west": { "uv": [ 2, 8, 2.25, 8.5 ], "texture": "#defence_6" },
				"east": { "uv": [ 2.5, 8, 2.25, 8.5 ], "texture": "#defence_6" }
			}
		},
		{
			"__comment": "Voxels",
			"from": [ 6, 0, 6 ],
			"to": [ 7, 4, 7 ],
			"faces": {
				"down": { "uv": [ 14.5, 10.5, 14.75, 10.75 ], "texture": "#defence_6" },
				"up": { "uv": [ 15.75, 12.5, 16, 12.25 ], "texture": "#defence_6" },
				"north": { "uv": [ 9.25, 12.5, 9, 13.5 ], "texture": "#defence_6" },
				"south": { "uv": [ 9, 11.5, 9.25, 12.5 ], "texture": "#defence_6" },
				"west": { "uv": [ 9, 10.5, 9.25, 11.5 ], "texture": "#defence_6" },
				"east": { "uv": [ 9.25, 9.5, 9, 10.5 ], "texture": "#defence_6" }
			}
		},
		{
			"__comment": "Voxels",
			"from": [ 6, 0, 10 ],
			"to": [ 7, 4, 11 ],
			"faces": {
				"down": { "uv": [ 15.75, 12, 16, 12.25 ], "texture": "#defence_6" },
				"up": { "uv": [ 14.75, 12, 15, 11.75 ], "texture": "#defence_6" },
				"north": { "uv": [ 9.5, 12.5, 9.25, 13.5 ], "texture": "#defence_6" },
				"south": { "uv": [ 9.25, 11.5, 9.5, 12.5 ], "texture": "#defence_6" },
				"west": { "uv": [ 9.25, 10.5, 9.5, 11.5 ], "texture": "#defence_6" },
				"east": { "uv": [ 9.5, 9.5, 9.25, 10.5 ], "texture": "#defence_6" }
			}
		},
		{
			"__comment": "Voxels",
			"from": [ 6, 3, 7 ],
			"to": [ 7, 11, 8 ],
			"faces": {
				"down": { "uv": [ 12, 9.5, 12.25, 9.75 ], "texture": "#defence_6" },
				"up": { "uv": [ 12, 9, 12.25, 8.75 ], "texture": "#defence_6" },
				"north": { "uv": [ 5.5, 12, 5.25, 14 ], "texture": "#defence_6" },
				"south": { "uv": [ 5.25, 14, 5.5, 16 ], "texture": "#defence_6" },
				"west": { "uv": [ 5.25, 10, 5.5, 12 ], "texture": "#defence_6" },
				"east": { "uv": [ 5.5, 8, 5.25, 10 ], "texture": "#defence_6" }
			}
		},
		{
			"__comment": "Voxels",
			"from": [ 6, 3, 9 ],
			"to": [ 7, 11, 10 ],
			"faces": {
				"down": { "uv": [ 12, 8, 12.25, 8.25 ], "texture": "#defence_6" },
				"up": { "uv": [ 12.25, 11.75, 12.5, 11.5 ], "texture": "#defence_6" },
				"north": { "uv": [ 5.75, 10, 5.5, 12 ], "texture": "#defence_6" },
				"south": { "uv": [ 5.75, 10, 6, 12 ], "texture": "#defence_6" },
				"west": { "uv": [ 5.5, 8, 5.75, 10 ], "texture": "#defence_6" },
				"east": { "uv": [ 5, 9.75, 4.75, 11.75 ], "texture": "#defence_6" }
			}
		},
		{
			"__comment": "Voxels",
			"from": [ 6, 4, 8 ],
			"to": [ 7, 10, 9 ],
			"faces": {
				"down": { "uv": [ 12.5, 11.5, 12.75, 11.75 ], "texture": "#defence_6" },
				"up": { "uv": [ 12.5, 9.5, 12.75, 9.25 ], "texture": "#defence_6" },
				"north": { "uv": [ 7.75, 13, 7.5, 14.5 ], "texture": "#defence_6" },
				"south": { "uv": [ 7.5, 11.5, 7.75, 13 ], "texture": "#defence_6" },
				"west": { "uv": [ 7.5, 10, 7.75, 11.5 ], "texture": "#defence_6" },
				"east": { "uv": [ 8.25, 12.25, 8, 13.75 ], "texture": "#defence_6" }
			}
		},
		{
			"__comment": "Voxels",
			"from": [ 6, 6, 5 ],
			"to": [ 8, 14, 6 ],
			"faces": {
				"down": { "uv": [ 13.25, 12.25, 13.75, 12.5 ], "texture": "#defence_6" },
				"up": { "uv": [ 12.75, 12.5, 13.25, 12.25 ], "texture": "#defence_6" },
				"north": { "uv": [ 2, 9, 1.5, 11 ], "texture": "#defence_6" },
				"south": { "uv": [ 1, 9, 1.5, 11 ], "texture": "#defence_6" },
				"west": { "uv": [ 5.75, 8, 6, 10 ], "texture": "#defence_6" },
				"east": { "uv": [ 4.5, 9.5, 4.25, 11.5 ], "texture": "#defence_6" }
			}
		},
		{
			"__comment": "Voxels",
			"from": [ 6, 6, 11 ],
			"to": [ 8, 14, 12 ],
			"faces": {
				"down": { "uv": [ 12.25, 12.25, 12.75, 12.5 ], "texture": "#defence_6" },
				"up": { "uv": [ 11.75, 12.5, 12.25, 12.25 ], "texture": "#defence_6" },
				"north": { "uv": [ 2, 12, 1.5, 14 ], "texture": "#defence_6" },
				"south": { "uv": [ 1, 12, 1.5, 14 ], "texture": "#defence_6" },
				"west": { "uv": [ 4.5, 9.75, 4.75, 11.75 ], "texture": "#defence_6" },
				"east": { "uv": [ 5.25, 9.75, 5, 11.75 ], "texture": "#defence_6" }
			}
		},
		{
			"__comment": "Voxels",
			"from": [ 6, 7, 3 ],
			"to": [ 9, 10, 4 ],
			"faces": {
				"down": { "uv": [ 11.25, 13.5, 12, 13.75 ], "texture": "#defence_6" },
				"up": { "uv": [ 10.5, 13.75, 11.25, 13.5 ], "texture": "#defence_6" },
				"north": { "uv": [ 4.25, 13, 3.5, 13.75 ], "texture": "#defence_6" },
				"south": { "uv": [ 3.5, 10, 4.25, 10.75 ], "texture": "#defence_6" },
				"west": { "uv": [ 10.25, 12.25, 10.5, 13 ], "texture": "#defence_6" },
				"east": { "uv": [ 10.5, 13, 10.25, 13.75 ], "texture": "#defence_6" }
			}
		},
		{
			"__comment": "Voxels",
			"from": [ 6, 7, 6 ],
			"to": [ 8, 8, 7 ],
			"faces": {
				"down": { "uv": [ 11, 9.5, 11.5, 9.75 ], "texture": "#defence_6" },
				"up": { "uv": [ 11, 10, 11.5, 9.75 ], "texture": "#defence_6" },
				"north": { "uv": [ 12.75, 12, 12.25, 12.25 ], "texture": "#defence_6" },
				"south": { "uv": [ 11, 10.25, 11.5, 10.5 ], "texture": "#defence_6" },
				"west": { "uv": [ 12.25, 10.25, 12.5, 10.5 ], "texture": "#defence_6" },
				"east": { "uv": [ 12.5, 10.5, 12.25, 10.75 ], "texture": "#defence_6" }
			}
		},
		{
			"__comment": "Voxels",
			"from": [ 6, 7, 10 ],
			"to": [ 8, 8, 11 ],
			"faces": {
				"down": { "uv": [ 11, 10.5, 11.5, 10.75 ], "texture": "#defence_6" },
				"up": { "uv": [ 15.5, 13.25, 16, 13 ], "texture": "#defence_6" },
				"north": { "uv": [ 15.5, 12.75, 15, 13 ], "texture": "#defence_6" },
				"south": { "uv": [ 13.5, 13.25, 14, 13.5 ], "texture": "#defence_6" },
				"west": { "uv": [ 12.5, 8.25, 12.75, 8.5 ], "texture": "#defence_6" },
				"east": { "uv": [ 12.75, 8.5, 12.5, 8.75 ], "texture": "#defence_6" }
			}
		},
		{
			"__comment": "Voxels",
			"from": [ 6, 7, 13 ],
			"to": [ 9, 10, 14 ],
			"faces": {
				"down": { "uv": [ 13.75, 13.75, 14.5, 14 ], "texture": "#defence_6" },
				"up": { "uv": [ 13, 14.75, 13.75, 14.5 ], "texture": "#defence_6" },
				"north": { "uv": [ 5.25, 14.5, 4.5, 15.25 ], "texture": "#defence_6" },
				"south": { "uv": [ 4.5, 13.75, 5.25, 14.5 ], "texture": "#defence_6" },
				"west": { "uv": [ 9.75, 10, 10, 10.75 ], "texture": "#defence_6" },
				"east": { "uv": [ 9.75, 11.75, 9.5, 12.5 ], "texture": "#defence_6" }
			}
		},
		{
			"__comment": "Voxels",
			"from": [ 6, 9, 6 ],
			"to": [ 8, 10, 7 ],
			"faces": {
				"down": { "uv": [ 12.5, 12.75, 13, 13 ], "texture": "#defence_6" },
				"up": { "uv": [ 14.5, 13.75, 15, 13.5 ], "texture": "#defence_6" },
				"north": { "uv": [ 14.5, 13.5, 14, 13.75 ], "texture": "#defence_6" },
				"south": { "uv": [ 13.5, 13.5, 14, 13.75 ], "texture": "#defence_6" },
				"west": { "uv": [ 15.5, 11.25, 15.75, 11.5 ], "texture": "#defence_6" },
				"east": { "uv": [ 13.5, 11.25, 13.25, 11.5 ], "texture": "#defence_6" }
			}
		},
		{
			"__comment": "Voxels",
			"from": [ 6, 9, 10 ],
			"to": [ 8, 10, 11 ],
			"faces": {
				"down": { "uv": [ 12.5, 13, 13, 13.25 ], "texture": "#defence_6" },
				"up": { "uv": [ 12, 13, 12.5, 12.75 ], "texture": "#defence_6" },
				"north": { "uv": [ 12.5, 13, 12, 13.25 ], "texture": "#defence_6" },
				"south": { "uv": [ 15, 13.5, 15.5, 13.75 ], "texture": "#defence_6" },
				"west": { "uv": [ 12.25, 8.5, 12.5, 8.75 ], "texture": "#defence_6" },
				"east": { "uv": [ 12.5, 8.75, 12.25, 9 ], "texture": "#defence_6" }
			}
		},
		{
			"__comment": "Voxels",
			"from": [ 6, 11, 4 ],
			"to": [ 8, 15, 5 ],
			"faces": {
				"down": { "uv": [ 12.75, 11.75, 13.25, 12 ], "texture": "#defence_6" },
				"up": { "uv": [ 15.25, 12.25, 15.75, 12 ], "texture": "#defence_6" },
				"north": { "uv": [ 6, 13, 5.5, 14 ], "texture": "#defence_6" },
				"south": { "uv": [ 5.5, 14, 6, 15 ], "texture": "#defence_6" },
				"west": { "uv": [ 6.5, 8, 6.75, 9 ], "texture": "#defence_6" },
				"east": { "uv": [ 7, 8, 6.75, 9 ], "texture": "#defence_6" }
			}
		},
		{
			"__comment": "Voxels",
			"from": [ 6, 11, 12 ],
			"to": [ 8, 15, 13 ],
			"faces": {
				"down": { "uv": [ 12.75, 12, 13.25, 12.25 ], "texture": "#defence_6" },
				"up": { "uv": [ 11.75, 12.25, 12.25, 12 ], "texture": "#defence_6" },
				"north": { "uv": [ 6, 12, 5.5, 13 ], "texture": "#defence_6" },
				"south": { "uv": [ 6, 15, 6.5, 16 ], "texture": "#defence_6" },
				"west": { "uv": [ 8.25, 8.75, 8.5, 9.75 ], "texture": "#defence_6" },
				"east": { "uv": [ 8.75, 15, 8.5, 16 ], "texture": "#defence_6" }
			}
		},
		{
			"__comment": "Voxels",
			"from": [ 6, 14, 5 ],
			"to": [ 7, 18, 6 ],
			"faces": {
				"down": { "uv": [ 14, 11.5, 14.25, 11.75 ], "texture": "#defence_6" },
				"up": { "uv": [ 13.75, 11.75, 14, 11.5 ], "texture": "#defence_6" },
				"north": { "uv": [ 8.75, 14, 8.5, 15 ], "texture": "#defence_6" },
				"south": { "uv": [ 8.5, 13, 8.75, 14 ], "texture": "#defence_6" },
				"west": { "uv": [ 8.5, 12, 8.75, 13 ], "texture": "#defence_6" },
				"east": { "uv": [ 8.75, 11, 8.5, 12 ], "texture": "#defence_6" }
			}
		},
		{
			"__comment": "Voxels",
			"from": [ 6, 14, 11 ],
			"to": [ 7, 18, 12 ],
			"faces": {
				"down": { "uv": [ 12.5, 11.25, 12.75, 11.5 ], "texture": "#defence_6" },
				"up": { "uv": [ 15.25, 11.75, 15.5, 11.5 ], "texture": "#defence_6" },
				"north": { "uv": [ 8.75, 10, 8.5, 11 ], "texture": "#defence_6" },
				"south": { "uv": [ 8.5, 9, 8.75, 10 ], "texture": "#defence_6" },
				"west": { "uv": [ 8.5, 8, 8.75, 9 ], "texture": "#defence_6" },
				"east": { "uv": [ 9, 15, 8.75, 16 ], "texture": "#defence_6" }
			}
		},
		{
			"__comment": "Voxels",
			"from": [ 6, 15, 4 ],
			"to": [ 7, 17, 5 ],
			"faces": {
				"down": { "uv": [ 15.5, 11.5, 15.75, 11.75 ], "texture": "#defence_6" },
				"up": { "uv": [ 15.75, 11.75, 16, 11.5 ], "texture": "#defence_6" },
				"north": { "uv": [ 10, 8, 9.75, 8.5 ], "texture": "#defence_6" },
				"south": { "uv": [ 7.5, 8, 7.75, 8.5 ], "texture": "#defence_6" },
				"west": { "uv": [ 9, 8, 9.25, 8.5 ], "texture": "#defence_6" },
				"east": { "uv": [ 9.5, 8, 9.25, 8.5 ], "texture": "#defence_6" }
			}
		},
		{
			"__comment": "Voxels",
			"from": [ 6, 15, 6 ],
			"to": [ 7, 18, 7 ],
			"faces": {
				"down": { "uv": [ 12.75, 9.75, 13, 10 ], "texture": "#defence_6" },
				"up": { "uv": [ 12.75, 9.75, 13, 9.5 ], "texture": "#defence_6" },
				"north": { "uv": [ 15, 13.75, 14.75, 14.5 ], "texture": "#defence_6" },
				"south": { "uv": [ 15, 13.75, 15.25, 14.5 ], "texture": "#defence_6" },
				"west": { "uv": [ 15.25, 13.75, 15.5, 14.5 ], "texture": "#defence_6" },
				"east": { "uv": [ 15.75, 13.75, 15.5, 14.5 ], "texture": "#defence_6" }
			}
		},
		{
			"__comment": "Voxels",
			"from": [ 6, 15, 10 ],
			"to": [ 7, 18, 11 ],
			"faces": {
				"down": { "uv": [ 12, 9.25, 12.25, 9.5 ], "texture": "#defence_6" },
				"up": { "uv": [ 12, 9.25, 12.25, 9 ], "texture": "#defence_6" },
				"north": { "uv": [ 16, 13.75, 15.75, 14.5 ], "texture": "#defence_6" },
				"south": { "uv": [ 10, 13, 10.25, 13.75 ], "texture": "#defence_6" },
				"west": { "uv": [ 10, 12.25, 10.25, 13 ], "texture": "#defence_6" },
				"east": { "uv": [ 10.25, 11.5, 10, 12.25 ], "texture": "#defence_6" }
			}
		},
		{
			"__comment": "Voxels",
			"from": [ 6, 15, 12 ],
			"to": [ 7, 17, 13 ],
			"faces": {
				"down": { "uv": [ 12.75, 11.5, 13, 11.75 ], "texture": "#defence_6" },
				"up": { "uv": [ 13.5, 11.75, 13.75, 11.5 ], "texture": "#defence_6" },
				"north": { "uv": [ 10.25, 8, 10, 8.5 ], "texture": "#defence_6" },
				"south": { "uv": [ 10.25, 8, 10.5, 8.5 ], "texture": "#defence_6" },
				"west": { "uv": [ 11, 11.5, 11.25, 12 ], "texture": "#defence_6" },
				"east": { "uv": [ 11.5, 11.5, 11.25, 12 ], "texture": "#defence_6" }
			}
		},
		{
			"__comment": "Voxels",
			"from": [ 6, 16, 7 ],
			"to": [ 7, 19, 10 ],
			"faces": {
				"down": { "uv": [ 10, 10.75, 10.25, 11.5 ], "texture": "#defence_6" },
				"up": { "uv": [ 10, 10.75, 10.25, 10 ], "texture": "#defence_6" },
				"north": { "uv": [ 10.25, 9.25, 10, 10 ], "texture": "#defence_6" },
				"south": { "uv": [ 14.5, 13.75, 14.75, 14.5 ], "texture": "#defence_6" },
				"west": { "uv": [ 4.5, 15.25, 5.25, 16 ], "texture": "#defence_6" },
				"east": { "uv": [ 4.25, 15.25, 3.5, 16 ], "texture": "#defence_6" }
			}
		},
		{
			"__comment": "Voxels",
			"from": [ 7, -7, 5 ],
			"to": [ 8, -3, 6 ],
			"faces": {
				"down": { "uv": [ 14.25, 11.5, 14.5, 11.75 ], "texture": "#defence_6" },
				"up": { "uv": [ 15, 11.75, 15.25, 11.5 ], "texture": "#defence_6" },
				"north": { "uv": [ 9.25, 15, 9, 16 ], "texture": "#defence_6" },
				"south": { "uv": [ 9.25, 15, 9.5, 16 ], "texture": "#defence_6" },
				"west": { "uv": [ 9.5, 15, 9.75, 16 ], "texture": "#defence_6" },
				"east": { "uv": [ 10, 15, 9.75, 16 ], "texture": "#defence_6" }
			}
		},
		{
			"__comment": "Voxels",
			"from": [ 7, -6, 11 ],
			"to": [ 8, -3, 12 ],
			"faces": {
				"down": { "uv": [ 12.25, 10.75, 12.5, 11 ], "texture": "#defence_6" },
				"up": { "uv": [ 12.25, 10.25, 12.5, 10 ], "texture": "#defence_6" },
				"north": { "uv": [ 10, 9.25, 9.75, 10 ], "texture": "#defence_6" },
				"south": { "uv": [ 9.75, 8.5, 10, 9.25 ], "texture": "#defence_6" },
				"west": { "uv": [ 10, 13.75, 10.25, 14.5 ], "texture": "#defence_6" },
				"east": { "uv": [ 11.25, 13.75, 11, 14.5 ], "texture": "#defence_6" }
			}
		},
		{
			"__comment": "Voxels",
			"from": [ 7, -5, 4 ],
			"to": [ 9, -2, 5 ],
			"faces": {
				"down": { "uv": [ 11, 12, 11.5, 12.25 ], "texture": "#defence_6" },
				"up": { "uv": [ 11, 8.25, 11.5, 8 ], "texture": "#defence_6" },
				"north": { "uv": [ 7.5, 12.25, 7, 13 ], "texture": "#defence_6" },
				"south": { "uv": [ 7, 14.5, 7.5, 15.25 ], "texture": "#defence_6" },
				"west": { "uv": [ 5, 8, 5.25, 8.75 ], "texture": "#defence_6" },
				"east": { "uv": [ 8.5, 8, 8.25, 8.75 ], "texture": "#defence_6" }
			}
		},
		{
			"__comment": "Voxels",
			"from": [ 7, -5, 12 ],
			"to": [ 9, -2, 13 ],
			"faces": {
				"down": { "uv": [ 13.25, 12, 13.75, 12.25 ], "texture": "#defence_6" },
				"up": { "uv": [ 13.75, 12.25, 14.25, 12 ], "texture": "#defence_6" },
				"north": { "uv": [ 8.25, 15.25, 7.75, 16 ], "texture": "#defence_6" },
				"south": { "uv": [ 4.5, 8, 5, 8.75 ], "texture": "#defence_6" },
				"west": { "uv": [ 11.25, 13.75, 11.5, 14.5 ], "texture": "#defence_6" },
				"east": { "uv": [ 11.75, 13.75, 11.5, 14.5 ], "texture": "#defence_6" }
			}
		},
		{
			"__comment": "Voxels",
			"from": [ 7, -1, 5 ],
			"to": [ 8, 6, 6 ],
			"faces": {
				"down": { "uv": [ 12.25, 9.25, 12.5, 9.5 ], "texture": "#defence_6" },
				"up": { "uv": [ 12.25, 9.25, 12.5, 9 ], "texture": "#defence_6" },
				"north": { "uv": [ 6.25, 9.75, 6, 11.5 ], "texture": "#defence_6" },
				"south": { "uv": [ 6.25, 13.25, 6.5, 15 ], "texture": "#defence_6" },
				"west": { "uv": [ 6.75, 9, 7, 10.75 ], "texture": "#defence_6" },
				"east": { "uv": [ 6.25, 13.25, 6, 15 ], "texture": "#defence_6" }
			}
		},
		{
			"__comment": "Voxels",
			"from": [ 7, -1, 11 ],
			"to": [ 8, 6, 12 ],
			"faces": {
				"down": { "uv": [ 12.75, 11.25, 13, 11.5 ], "texture": "#defence_6" },
				"up": { "uv": [ 13, 11.5, 13.25, 11.25 ], "texture": "#defence_6" },
				"north": { "uv": [ 7, 10.75, 6.75, 12.5 ], "texture": "#defence_6" },
				"south": { "uv": [ 6.5, 9, 6.75, 10.75 ], "texture": "#defence_6" },
				"west": { "uv": [ 6.25, 11.5, 6.5, 13.25 ], "texture": "#defence_6" },
				"east": { "uv": [ 6.25, 11.5, 6, 13.25 ], "texture": "#defence_6" }
			}
		},
		{
			"__comment": "Voxels",
			"from": [ 7, 5, 4 ],
			"to": [ 9, 6, 5 ],
			"faces": {
				"down": { "uv": [ 11, 12.25, 11.5, 12.5 ], "texture": "#defence_6" },
				"up": { "uv": [ 12.5, 13.5, 13, 13.25 ], "texture": "#defence_6" },
				"north": { "uv": [ 13.5, 12.75, 13, 13 ], "texture": "#defence_6" },
				"south": { "uv": [ 14, 12.75, 14.5, 13 ], "texture": "#defence_6" },
				"west": { "uv": [ 14, 11.25, 14.25, 11.5 ], "texture": "#defence_6" },
				"east": { "uv": [ 14.5, 11.25, 14.25, 11.5 ], "texture": "#defence_6" }
			}
		},
		{
			"__comment": "Voxels",
			"from": [ 7, 5, 7 ],
			"to": [ 8, 11, 8 ],
			"faces": {
				"down": { "uv": [ 14.5, 11.25, 14.75, 11.5 ], "texture": "#defence_6" },
				"up": { "uv": [ 14.75, 11.5, 15, 11.25 ], "texture": "#defence_6" },
				"north": { "uv": [ 8, 12.25, 7.75, 13.75 ], "texture": "#defence_6" },
				"south": { "uv": [ 8, 13.75, 8.25, 15.25 ], "texture": "#defence_6" },
				"west": { "uv": [ 7.75, 13.75, 8, 15.25 ], "texture": "#defence_6" },
				"east": { "uv": [ 7.75, 8.5, 7.5, 10 ], "texture": "#defence_6" }
			}
		},
		{
			"__comment": "Voxels",
			"from": [ 7, 5, 9 ],
			"to": [ 8, 11, 10 ],
			"faces": {
				"down": { "uv": [ 15.75, 11.25, 16, 11.5 ], "texture": "#defence_6" },
				"up": { "uv": [ 12.5, 11.25, 12.75, 11 ], "texture": "#defence_6" },
				"north": { "uv": [ 7.75, 14.5, 7.5, 16 ], "texture": "#defence_6" },
				"south": { "uv": [ 7.25, 8.5, 7.5, 10 ], "texture": "#defence_6" },
				"west": { "uv": [ 7, 8.5, 7.25, 10 ], "texture": "#defence_6" },
				"east": { "uv": [ 4.5, 8, 4.25, 9.5 ], "texture": "#defence_6" }
			}
		},
		{
			"__comment": "Voxels",
			"from": [ 7, 5, 12 ],
			"to": [ 9, 6, 13 ],
			"faces": {
				"down": { "uv": [ 13.25, 11.75, 13.75, 12 ], "texture": "#defence_6" },
				"up": { "uv": [ 13, 13.75, 13.5, 13.5 ], "texture": "#defence_6" },
				"north": { "uv": [ 16, 13.5, 15.5, 13.75 ], "texture": "#defence_6" },
				"south": { "uv": [ 12, 13.25, 12.5, 13.5 ], "texture": "#defence_6" },
				"west": { "uv": [ 15, 11.75, 15.25, 12 ], "texture": "#defence_6" },
				"east": { "uv": [ 12.75, 10.25, 12.5, 10.5 ], "texture": "#defence_6" }
			}
		},
		{
			"__comment": "Voxels",
			"from": [ 7, 6, 2 ],
			"to": [ 9, 11, 3 ],
			"faces": {
				"down": { "uv": [ 13, 13.25, 13.5, 13.5 ], "texture": "#defence_6" },
				"up": { "uv": [ 13, 13.25, 13.5, 13 ], "texture": "#defence_6" },
				"north": { "uv": [ 3, 12.75, 2.5, 14 ], "texture": "#defence_6" },
				"south": { "uv": [ 2.5, 11.5, 3, 12.75 ], "texture": "#defence_6" },
				"west": { "uv": [ 3.25, 8, 3.5, 9.25 ], "texture": "#defence_6" },
				"east": { "uv": [ 8, 11, 7.75, 12.25 ], "texture": "#defence_6" }
			}
		},
		{
			"__comment": "Voxels",
			"from": [ 7, 6, 3 ],
			"to": [ 9, 7, 4 ],
			"faces": {
				"down": { "uv": [ 13.5, 13, 14, 13.25 ], "texture": "#defence_6" },
				"up": { "uv": [ 13.5, 13, 14, 12.75 ], "texture": "#defence_6" },
				"north": { "uv": [ 14.5, 13.25, 14, 13.5 ], "texture": "#defence_6" },
				"south": { "uv": [ 14, 13, 14.5, 13.25 ], "texture": "#defence_6" },
				"west": { "uv": [ 14.25, 11, 14.5, 11.25 ], "texture": "#defence_6" },
				"east": { "uv": [ 15.25, 11, 15, 11.25 ], "texture": "#defence_6" }
			}
		},
		{
			"__comment": "Voxels",
			"from": [ 7, 6, 8 ],
			"to": [ 8, 10, 9 ],
			"faces": {
				"down": { "uv": [ 15.25, 11, 15.5, 11.25 ], "texture": "#defence_6" },
				"up": { "uv": [ 15.5, 11.25, 15.75, 11 ], "texture": "#defence_6" },
				"north": { "uv": [ 10.25, 15, 10, 16 ], "texture": "#defence_6" },
				"south": { "uv": [ 10.75, 15, 11, 16 ], "texture": "#defence_6" },
				"west": { "uv": [ 11, 15, 11.25, 16 ], "texture": "#defence_6" },
				"east": { "uv": [ 13.25, 15, 13, 16 ], "texture": "#defence_6" }
			}
		},
		{
			"__comment": "Voxels",
			"from": [ 7, 6, 13 ],
			"to": [ 9, 7, 15 ],
			"faces": {
				"down": { "uv": [ 13.25, 15.5, 13.75, 16 ], "texture": "#defence_6" },
				"up": { "uv": [ 13.25, 15.5, 13.75, 15 ], "texture": "#defence_6" },
				"north": { "uv": [ 15, 13.25, 14.5, 13.5 ], "texture": "#defence_6" },
				"south": { "uv": [ 14.5, 13, 15, 13.25 ], "texture": "#defence_6" },
				"west": { "uv": [ 14.5, 12.75, 15, 13 ], "texture": "#defence_6" },
				"east": { "uv": [ 15.5, 13.25, 15, 13.5 ], "texture": "#defence_6" }
			}
		},
		{
			"__comment": "Voxels",
			"from": [ 7, 7, 14 ],
			"to": [ 9, 11, 15 ],
			"faces": {
				"down": { "uv": [ 15.5, 13.25, 16, 13.5 ], "texture": "#defence_6" },
				"up": { "uv": [ 15, 13.25, 15.5, 13 ], "texture": "#defence_6" },
				"north": { "uv": [ 6, 15, 5.5, 16 ], "texture": "#defence_6" },
				"south": { "uv": [ 4.5, 8.75, 5, 9.75 ], "texture": "#defence_6" },
				"west": { "uv": [ 13.75, 15, 14, 16 ], "texture": "#defence_6" },
				"east": { "uv": [ 15.25, 15, 15, 16 ], "texture": "#defence_6" }
			}
		},
		{
			"__comment": "Voxels",
			"from": [ 7, 10, 3 ],
			"to": [ 9, 11, 4 ],
			"faces": {
				"down": { "uv": [ 11.5, 12.5, 12, 12.75 ], "texture": "#defence_6" },
				"up": { "uv": [ 12, 12.75, 12.5, 12.5 ], "texture": "#defence_6" },
				"north": { "uv": [ 13, 12.5, 12.5, 12.75 ], "texture": "#defence_6" },
				"south": { "uv": [ 13, 12.5, 13.5, 12.75 ], "texture": "#defence_6" },
				"west": { "uv": [ 10.5, 8, 10.75, 8.25 ], "texture": "#defence_6" },
				"east": { "uv": [ 11, 8, 10.75, 8.25 ], "texture": "#defence_6" }
			}
		},
		{
			"__comment": "Voxels",
			"from": [ 7, 10, 13 ],
			"to": [ 9, 11, 14 ],
			"faces": {
				"down": { "uv": [ 13.5, 12.5, 14, 12.75 ], "texture": "#defence_6" },
				"up": { "uv": [ 14, 12.75, 14.5, 12.5 ], "texture": "#defence_6" },
				"north": { "uv": [ 15, 12.5, 14.5, 12.75 ], "texture": "#defence_6" },
				"south": { "uv": [ 11, 9.25, 11.5, 9.5 ], "texture": "#defence_6" },
				"west": { "uv": [ 15.25, 11.75, 15.5, 12 ], "texture": "#defence_6" },
				"east": { "uv": [ 15.75, 11.75, 15.5, 12 ], "texture": "#defence_6" }
			}
		},
		{
			"__comment": "Voxels",
			"from": [ 7, 11, 3 ],
			"to": [ 8, 15, 4 ],
			"faces": {
				"down": { "uv": [ 15.75, 11.75, 16, 12 ], "texture": "#defence_6" },
				"up": { "uv": [ 11.75, 8.25, 12, 8 ], "texture": "#defence_6" },
				"north": { "uv": [ 15.5, 15, 15.25, 16 ], "texture": "#defence_6" },
				"south": { "uv": [ 8.75, 14, 9, 15 ], "texture": "#defence_6" },
				"west": { "uv": [ 8.75, 13, 9, 14 ], "texture": "#defence_6" },
				"east": { "uv": [ 9, 12, 8.75, 13 ], "texture": "#defence_6" }
			}
		},
		{
			"__comment": "Voxels",
			"from": [ 7, 11, 13 ],
			"to": [ 8, 15, 14 ],
			"faces": {
				"down": { "uv": [ 12, 8.5, 12.25, 8.75 ], "texture": "#defence_6" },
				"up": { "uv": [ 12, 8.5, 12.25, 8.25 ], "texture": "#defence_6" },
				"north": { "uv": [ 9, 11, 8.75, 12 ], "texture": "#defence_6" },
				"south": { "uv": [ 8.75, 10, 9, 11 ], "texture": "#defence_6" },
				"west": { "uv": [ 8.75, 9, 9, 10 ], "texture": "#defence_6" },
				"east": { "uv": [ 9, 8, 8.75, 9 ], "texture": "#defence_6" }
			}
		},
		{
			"__comment": "Voxels",
			"from": [ 8, -4, 3 ],
			"to": [ 9, 0, 4 ],
			"faces": {
				"down": { "uv": [ 13, 11.5, 13.25, 11.75 ], "texture": "#defence_6" },
				"up": { "uv": [ 13.25, 11.75, 13.5, 11.5 ], "texture": "#defence_6" },
				"north": { "uv": [ 9.25, 13.5, 9, 14.5 ], "texture": "#defence_6" },
				"south": { "uv": [ 9, 8.5, 9.25, 9.5 ], "texture": "#defence_6" },
				"west": { "uv": [ 9.25, 13.5, 9.5, 14.5 ], "texture": "#defence_6" },
				"east": { "uv": [ 9.5, 8.5, 9.25, 9.5 ], "texture": "#defence_6" }
			}
		},
		{
			"__comment": "Voxels",
			"from": [ 8, -4, 13 ],
			"to": [ 9, 0, 14 ],
			"faces": {
				"down": { "uv": [ 14.5, 11.5, 14.75, 11.75 ], "texture": "#defence_6" },
				"up": { "uv": [ 14.75, 11.75, 15, 11.5 ], "texture": "#defence_6" },
				"north": { "uv": [ 9.75, 13.5, 9.5, 14.5 ], "texture": "#defence_6" },
				"south": { "uv": [ 9.5, 12.5, 9.75, 13.5 ], "texture": "#defence_6" },
				"west": { "uv": [ 5, 11.75, 5.25, 12.75 ], "texture": "#defence_6" },
				"east": { "uv": [ 5.25, 8.75, 5, 9.75 ], "texture": "#defence_6" }
			}
		},
		{
			"__comment": "Voxels",
			"from": [ 8, -2, 4 ],
			"to": [ 9, 5, 5 ],
			"faces": {
				"down": { "uv": [ 12.25, 11.25, 12.5, 11.5 ], "texture": "#defence_6" },
				"up": { "uv": [ 12.25, 11.25, 12.5, 11 ], "texture": "#defence_6" },
				"north": { "uv": [ 7, 14.25, 6.75, 16 ], "texture": "#defence_6" },
				"south": { "uv": [ 6.75, 12.5, 7, 14.25 ], "texture": "#defence_6" },
				"west": { "uv": [ 6.5, 12.5, 6.75, 14.25 ], "texture": "#defence_6" },
				"east": { "uv": [ 6.75, 14.25, 6.5, 16 ], "texture": "#defence_6" }
			}
		},
		{
			"__comment": "Voxels",
			"from": [ 8, -2, 12 ],
			"to": [ 9, 5, 13 ],
			"faces": {
				"down": { "uv": [ 12.25, 9.75, 12.5, 10 ], "texture": "#defence_6" },
				"up": { "uv": [ 12.25, 9.75, 12.5, 9.5 ], "texture": "#defence_6" },
				"north": { "uv": [ 6.5, 8, 6.25, 9.75 ], "texture": "#defence_6" },
				"south": { "uv": [ 6, 8, 6.25, 9.75 ], "texture": "#defence_6" },
				"west": { "uv": [ 6.25, 9.75, 6.5, 11.5 ], "texture": "#defence_6" },
				"east": { "uv": [ 6.75, 10.75, 6.5, 12.5 ], "texture": "#defence_6" }
			}
		},
		{
			"__comment": "Voxels",
			"from": [ 8, 4, 3 ],
			"to": [ 9, 6, 4 ],
			"faces": {
				"down": { "uv": [ 12.25, 8.25, 12.5, 8.5 ], "texture": "#defence_6" },
				"up": { "uv": [ 12.25, 8.25, 12.5, 8 ], "texture": "#defence_6" },
				"north": { "uv": [ 11.25, 8.75, 11, 9.25 ], "texture": "#defence_6" },
				"south": { "uv": [ 11.25, 8.75, 11.5, 9.25 ], "texture": "#defence_6" },
				"west": { "uv": [ 11, 8.25, 11.25, 8.75 ], "texture": "#defence_6" },
				"east": { "uv": [ 11.5, 8.25, 11.25, 8.75 ], "texture": "#defence_6" }
			}
		},
		{
			"__comment": "Voxels",
			"from": [ 8, 4, 13 ],
			"to": [ 9, 6, 14 ],
			"faces": {
				"down": { "uv": [ 13.5, 11.25, 13.75, 11.5 ], "texture": "#defence_6" },
				"up": { "uv": [ 13.75, 11.5, 14, 11.25 ], "texture": "#defence_6" },
				"north": { "uv": [ 11.75, 12, 11.5, 12.5 ], "texture": "#defence_6" },
				"south": { "uv": [ 11.5, 11.5, 11.75, 12 ], "texture": "#defence_6" },
				"west": { "uv": [ 11.5, 11, 11.75, 11.5 ], "texture": "#defence_6" },
				"east": { "uv": [ 11.75, 10.5, 11.5, 11 ], "texture": "#defence_6" }
			}
		},
		{
			"__comment": "Voxels",
			"from": [ 8, 6, 1 ],
			"to": [ 9, 11, 2 ],
			"faces": {
				"down": { "uv": [ 15, 11.25, 15.25, 11.5 ], "texture": "#defence_6" },
				"up": { "uv": [ 15.25, 11.5, 15.5, 11.25 ], "texture": "#defence_6" },
				"north": { "uv": [ 8.5, 9.75, 8.25, 11 ], "texture": "#defence_6" },
				"south": { "uv": [ 8, 11, 8.25, 12.25 ], "texture": "#defence_6" },
				"west": { "uv": [ 8.25, 14.75, 8.5, 16 ], "texture": "#defence_6" },
				"east": { "uv": [ 8.5, 11, 8.25, 12.25 ], "texture": "#defence_6" }
			}
		},
		{
			"__comment": "Voxels",
			"from": [ 8, 6, 15 ],
			"to": [ 9, 11, 16 ],
			"faces": {
				"down": { "uv": [ 12.5, 10.5, 12.75, 10.75 ], "texture": "#defence_6" },
				"up": { "uv": [ 14.75, 10.75, 15, 10.5 ], "texture": "#defence_6" },
				"north": { "uv": [ 8.5, 12.25, 8.25, 13.5 ], "texture": "#defence_6" },
				"south": { "uv": [ 8, 9.75, 8.25, 11 ], "texture": "#defence_6" },
				"west": { "uv": [ 7.75, 9.75, 8, 11 ], "texture": "#defence_6" },
				"east": { "uv": [ 3.25, 12.75, 3, 14 ], "texture": "#defence_6" }
			}
		},
		{
			"__comment": "Voxels",
			"from": [ 8, 7, 5 ],
			"to": [ 9, 10, 6 ],
			"faces": {
				"down": { "uv": [ 12.5, 9, 12.75, 9.25 ], "texture": "#defence_6" },
				"up": { "uv": [ 12.5, 9, 12.75, 8.75 ], "texture": "#defence_6" },
				"north": { "uv": [ 10.5, 11.5, 10.25, 12.25 ], "texture": "#defence_6" },
				"south": { "uv": [ 10.25, 10.75, 10.5, 11.5 ], "texture": "#defence_6" },
				"west": { "uv": [ 10.25, 10, 10.5, 10.75 ], "texture": "#defence_6" },
				"east": { "uv": [ 10.5, 9.25, 10.25, 10 ], "texture": "#defence_6" }
			}
		},
		{
			"__comment": "Voxels",
			"from": [ 8, 7, 11 ],
			"to": [ 9, 10, 12 ],
			"faces": {
				"down": { "uv": [ 13, 11, 13.25, 11.25 ], "texture": "#defence_6" },
				"up": { "uv": [ 13.25, 11.25, 13.5, 11 ], "texture": "#defence_6" },
				"north": { "uv": [ 10.5, 8.5, 10.25, 9.25 ], "texture": "#defence_6" },
				"south": { "uv": [ 10, 8.5, 10.25, 9.25 ], "texture": "#defence_6" },
				"west": { "uv": [ 10.5, 12.75, 10.75, 13.5 ], "texture": "#defence_6" },
				"east": { "uv": [ 10.75, 12, 10.5, 12.75 ], "texture": "#defence_6" }
			}
		},
		{
			"__comment": "Voxels",
			"from": [ 8, 8, 0 ],
			"to": [ 9, 11, 1 ],
			"faces": {
				"down": { "uv": [ 14.5, 11, 14.75, 11.25 ], "texture": "#defence_6" },
				"up": { "uv": [ 14.75, 11.25, 15, 11 ], "texture": "#defence_6" },
				"north": { "uv": [ 10.75, 11.25, 10.5, 12 ], "texture": "#defence_6" },
				"south": { "uv": [ 10.5, 10.5, 10.75, 11.25 ], "texture": "#defence_6" },
				"west": { "uv": [ 10.5, 9.75, 10.75, 10.5 ], "texture": "#defence_6" },
				"east": { "uv": [ 10.75, 9, 10.5, 9.75 ], "texture": "#defence_6" }
			}
		},
		{
			"__comment": "Voxels",
			"from": [ 8, 8, 16 ],
			"to": [ 9, 11, 17 ],
			"faces": {
				"down": { "uv": [ 12.75, 10.75, 13, 11 ], "texture": "#defence_6" },
				"up": { "uv": [ 12.75, 10.75, 13, 10.5 ], "texture": "#defence_6" },
				"north": { "uv": [ 10.75, 8.25, 10.5, 9 ], "texture": "#defence_6" },
				"south": { "uv": [ 10.75, 12.75, 11, 13.5 ], "texture": "#defence_6" },
				"west": { "uv": [ 10.75, 12, 11, 12.75 ], "texture": "#defence_6" },
				"east": { "uv": [ 11, 11.25, 10.75, 12 ], "texture": "#defence_6" }
			}
		},
		{
			"__comment": "Voxels",
			"from": [ 8, 10, 4 ],
			"to": [ 9, 11, 5 ],
			"faces": {
				"down": { "uv": [ 12.75, 9.25, 13, 9.5 ], "texture": "#defence_6" },
				"up": { "uv": [ 12.75, 9.25, 13, 9 ], "texture": "#defence_6" },
				"north": { "uv": [ 13, 8.75, 12.75, 9 ], "texture": "#defence_6" },
				"south": { "uv": [ 12.75, 8.5, 13, 8.75 ], "texture": "#defence_6" },
				"west": { "uv": [ 12.75, 8.25, 13, 8.5 ], "texture": "#defence_6" },
				"east": { "uv": [ 13, 8, 12.75, 8.25 ], "texture": "#defence_6" }
			}
		},
		{
			"__comment": "Voxels",
			"from": [ 8, 10, 12 ],
			"to": [ 9, 11, 13 ],
			"faces": {
				"down": { "uv": [ 13, 10.75, 13.25, 11 ], "texture": "#defence_6" },
				"up": { "uv": [ 13.25, 11, 13.5, 10.75 ], "texture": "#defence_6" },
				"north": { "uv": [ 13.75, 10.75, 13.5, 11 ], "texture": "#defence_6" },
				"south": { "uv": [ 13.75, 10.75, 14, 11 ], "texture": "#defence_6" },
				"west": { "uv": [ 14, 10.75, 14.25, 11 ], "texture": "#defence_6" },
				"east": { "uv": [ 14.5, 10.75, 14.25, 11 ], "texture": "#defence_6" }
			}
		},
		{
			"__comment": "Voxels",
			"from": [ 9, 9, -1 ],
			"to": [ 10, 12, 0 ],
			"faces": {
				"down": { "uv": [ 14.5, 10.75, 14.75, 11 ], "texture": "#defence_6" },
				"up": { "uv": [ 14.75, 11, 15, 10.75 ], "texture": "#defence_6" },
				"north": { "uv": [ 11, 10.5, 10.75, 11.25 ], "texture": "#defence_6" },
				"south": { "uv": [ 10.75, 9.75, 11, 10.5 ], "texture": "#defence_6" },
				"west": { "uv": [ 10.75, 9, 11, 9.75 ], "texture": "#defence_6" },
				"east": { "uv": [ 11, 8.25, 10.75, 9 ], "texture": "#defence_6" }
			}
		},
		{
			"__comment": "Voxels",
			"from": [ 9, 9, 17 ],
			"to": [ 10, 12, 18 ],
			"faces": {
				"down": { "uv": [ 13, 10.5, 13.25, 10.75 ], "texture": "#defence_6" },
				"up": { "uv": [ 13, 10.5, 13.25, 10.25 ], "texture": "#defence_6" },
				"north": { "uv": [ 11.25, 12.75, 11, 13.5 ], "texture": "#defence_6" },
				"south": { "uv": [ 11.25, 12.75, 11.5, 13.5 ], "texture": "#defence_6" },
				"west": { "uv": [ 11.5, 12.75, 11.75, 13.5 ], "texture": "#defence_6" },
				"east": { "uv": [ 12, 12.75, 11.75, 13.5 ], "texture": "#defence_6" }
			}
		},
		{
			"__comment": "Voxels",
			"from": [ 9, 10, 0 ],
			"to": [ 10, 12, 1 ],
			"faces": {
				"down": { "uv": [ 13, 9, 13.25, 9.25 ], "texture": "#defence_6" },
				"up": { "uv": [ 13, 9, 13.25, 8.75 ], "texture": "#defence_6" },
				"north": { "uv": [ 12, 9.25, 11.75, 9.75 ], "texture": "#defence_6" },
				"south": { "uv": [ 11.75, 8.75, 12, 9.25 ], "texture": "#defence_6" },
				"west": { "uv": [ 11.75, 8.25, 12, 8.75 ], "texture": "#defence_6" },
				"east": { "uv": [ 12.25, 11.25, 12, 11.75 ], "texture": "#defence_6" }
			}
		},
		{
			"__comment": "Voxels",
			"from": [ 9, 10, 16 ],
			"to": [ 10, 12, 17 ],
			"faces": {
				"down": { "uv": [ 13.5, 10.5, 13.75, 10.75 ], "texture": "#defence_6" },
				"up": { "uv": [ 13.75, 10.75, 14, 10.5 ], "texture": "#defence_6" },
				"north": { "uv": [ 12.25, 10.75, 12, 11.25 ], "texture": "#defence_6" },
				"south": { "uv": [ 12, 10.25, 12.25, 10.75 ], "texture": "#defence_6" },
				"west": { "uv": [ 12, 9.75, 12.25, 10.25 ], "texture": "#defence_6" },
				"east": { "uv": [ 11.75, 9, 11.5, 9.5 ], "texture": "#defence_6" }
			}
		}
	],
	"display": {
		"thirdperson_righthand": {
			"rotation":  [ 90, 180, 0 ],
			"translation":  [ 3, -2.6, 7 ],
			"scale":  [ 0.9, 1.1, 1.1 ]
		},
		"thirdperson_lefthand": {
			"rotation":  [ 90, 0, 0 ],
			"translation":  [ 3, -1.5, 7 ],
			"scale":  [ 0.9, 1.1, 1.1 ]
		},
		"firstperson_righthand": {
			"rotation":  [ 0, -160, 0 ],
			"translation":  [ 2, -4, 0 ]
		},
		"firstperson_lefthand": {
			"translation":  [ 2, -4, 0 ]
		},
		"gui": {
			"rotation":  [ 0, 90, 0 ],
			"translation":  [ 0, 1.8, 0 ],
			"scale":  [ 0.5, 0.52, 0.52 ]
		},
		"fixed": {
			"rotation":  [ 0, -90, 0 ],
			"translation":  [ 0, 8, -3 ],
			"scale":  [ 4, 4, 4 ]
		}
	}
}