{
	"__comment": "Designed by MrZoom31 with Cubik Studio - https://cubik.studio",
	"textures": {
		"defence_1": "mcpatcher/cit/escudos/7"
	},
	"elements": [ 	 
		{
			"__comment": "Voxels",
			"from": [ 7, 13, 10 ],
			"to": [ 9, 16, 13 ],
			"faces": {
				"down": { "uv": [ 1.75, 10, 2.25, 10.75 ], "texture": "#defence_1" },
				"up": { "uv": [ 0.75, 9.25, 1.25, 8.5 ], "texture": "#defence_1" },
				"north": { "uv": [ 2.25, 8.5, 1.75, 9.25 ], "texture": "#defence_1" },
				"south": { "uv": [ 1.75, 9.25, 2.25, 10 ], "texture": "#defence_1" },
				"west": { "uv": [ 12.25, 15.25, 13, 16 ], "texture": "#defence_1" },
				"east": { "uv": [ 0.75, 8.5, 0, 9.25 ], "texture": "#defence_1" }
			}
		},
		{
			"__comment": "Voxels",
			"from": [ 8, 4, 8 ],
			"to": [ 9, 25, 10 ],
			"faces": {
				"down": { "uv": [ 4, 10, 4.25, 10.5 ], "texture": "#defence_1" },
				"up": { "uv": [ 1.25, 8.5, 1.5, 8 ], "texture": "#defence_1" },
				"north": { "uv": [ 8.25, 10.75, 8, 16 ], "texture": "#defence_1" },
				"south": { "uv": [ 8.25, 10.75, 8.5, 16 ], "texture": "#defence_1" },
				"west": { "uv": [ 1.25, 10.75, 1.75, 16 ], "texture": "#defence_1" },
				"east": { "uv": [ 2.25, 10.75, 1.75, 16 ], "texture": "#defence_1" }
			}
		},
		{
			"__comment": "Voxels",
			"from": [ 8, 4, 10 ],
			"to": [ 9, 13, 15 ],
			"faces": {
				"down": { "uv": [ 3.75, 10.5, 4, 11.75 ], "texture": "#defence_1" },
				"up": { "uv": [ 4, 11.75, 4.25, 10.5 ], "texture": "#defence_1" },
				"north": { "uv": [ 1.25, 9.25, 1, 11.5 ], "texture": "#defence_1" },
				"south": { "uv": [ 0.75, 9.25, 1, 11.5 ], "texture": "#defence_1" },
				"west": { "uv": [ 0, 13.75, 1.25, 16 ], "texture": "#defence_1" },
				"east": { "uv": [ 1.25, 11.5, 0, 13.75 ], "texture": "#defence_1" }
			}
		},
		{
			"__comment": "Voxels",
			"from": [ 8, 6, 7 ],
			"to": [ 10, 23, 8 ],
			"faces": {
				"down": { "uv": [ 0.5, 8.25, 1, 8.5 ], "texture": "#defence_1" },
				"up": { "uv": [ 2.75, 8.25, 3.25, 8 ], "texture": "#defence_1" },
				"north": { "uv": [ 5.75, 11.75, 5.25, 16 ], "texture": "#defence_1" },
				"south": { "uv": [ 5.75, 11.75, 6.25, 16 ], "texture": "#defence_1" },
				"west": { "uv": [ 10.75, 11.75, 11, 16 ], "texture": "#defence_1" },
				"east": { "uv": [ 12.25, 11.75, 12, 16 ], "texture": "#defence_1" }
			}
		},
		{
			"__comment": "Voxels",
			"from": [ 8, 6, 15 ],
			"to": [ 10, 23, 16 ],
			"faces": {
				"down": { "uv": [ 2.25, 8, 2.75, 8.25 ], "texture": "#defence_1" },
				"up": { "uv": [ 0.5, 8.25, 1, 8 ], "texture": "#defence_1" },
				"north": { "uv": [ 7.25, 11.75, 6.75, 16 ], "texture": "#defence_1" },
				"south": { "uv": [ 6.25, 11.75, 6.75, 16 ], "texture": "#defence_1" },
				"west": { "uv": [ 11, 11.75, 11.25, 16 ], "texture": "#defence_1" },
				"east": { "uv": [ 11.5, 11.75, 11.25, 16 ], "texture": "#defence_1" }
			}
		},
		{
			"__comment": "Voxels",
			"from": [ 8, 13, 13 ],
			"to": [ 9, 25, 15 ],
			"faces": {
				"down": { "uv": [ 3.75, 8, 4, 8.5 ], "texture": "#defence_1" },
				"up": { "uv": [ 4, 9, 4.25, 8.5 ], "texture": "#defence_1" },
				"north": { "uv": [ 3.5, 8.75, 3.25, 11.75 ], "texture": "#defence_1" },
				"south": { "uv": [ 3.5, 8.75, 3.75, 11.75 ], "texture": "#defence_1" },
				"west": { "uv": [ 2.75, 8.25, 3.25, 11.25 ], "texture": "#defence_1" },
				"east": { "uv": [ 2.75, 8.25, 2.25, 11.25 ], "texture": "#defence_1" }
			}
		},
		{
			"__comment": "Voxels",
			"from": [ 8, 16, 10 ],
			"to": [ 9, 25, 13 ],
			"faces": {
				"down": { "uv": [ 3.5, 8, 3.75, 8.75 ], "texture": "#defence_1" },
				"up": { "uv": [ 3.25, 8.75, 3.5, 8 ], "texture": "#defence_1" },
				"north": { "uv": [ 1.5, 8.5, 1.25, 10.75 ], "texture": "#defence_1" },
				"south": { "uv": [ 1.5, 8.5, 1.75, 10.75 ], "texture": "#defence_1" },
				"west": { "uv": [ 7.25, 13.75, 8, 16 ], "texture": "#defence_1" },
				"east": { "uv": [ 0.75, 9.25, 0, 11.5 ], "texture": "#defence_1" }
			}
		},
		{
			"__comment": "Voxels",
			"from": [ 9, 4, 6 ],
			"to": [ 10, 25, 7 ],
			"faces": {
				"down": { "uv": [ 4.5, 8.75, 4.75, 9 ], "texture": "#defence_1" },
				"up": { "uv": [ 4.25, 9, 4.5, 8.75 ], "texture": "#defence_1" },
				"north": { "uv": [ 8, 8.5, 7.75, 13.75 ], "texture": "#defence_1" },
				"south": { "uv": [ 7.5, 8.5, 7.75, 13.75 ], "texture": "#defence_1" },
				"west": { "uv": [ 7.25, 8.5, 7.5, 13.75 ], "texture": "#defence_1" },
				"east": { "uv": [ 8.75, 10.75, 8.5, 16 ], "texture": "#defence_1" }
			}
		},
		{
			"__comment": "Voxels",
			"from": [ 9, 4, 7 ],
			"to": [ 10, 6, 8 ],
			"faces": {
				"down": { "uv": [ 4.5, 8.25, 4.75, 8.5 ], "texture": "#defence_1" },
				"up": { "uv": [ 4.25, 8.5, 4.5, 8.25 ], "texture": "#defence_1" },
				"north": { "uv": [ 4, 9, 3.75, 9.5 ], "texture": "#defence_1" },
				"south": { "uv": [ 4, 8, 4.25, 8.5 ], "texture": "#defence_1" },
				"west": { "uv": [ 0, 8, 0.25, 8.5 ], "texture": "#defence_1" },
				"east": { "uv": [ 0.5, 8, 0.25, 8.5 ], "texture": "#defence_1" }
			}
		},
		{
			"__comment": "Voxels",
			"from": [ 9, 4, 15 ],
			"to": [ 10, 6, 16 ],
			"faces": {
				"down": { "uv": [ 1, 8.25, 1.25, 8.5 ], "texture": "#defence_1" },
				"up": { "uv": [ 1, 8.25, 1.25, 8 ], "texture": "#defence_1" },
				"north": { "uv": [ 1.75, 8, 1.5, 8.5 ], "texture": "#defence_1" },
				"south": { "uv": [ 1.75, 8, 2, 8.5 ], "texture": "#defence_1" },
				"west": { "uv": [ 2, 8, 2.25, 8.5 ], "texture": "#defence_1" },
				"east": { "uv": [ 4, 10, 3.75, 10.5 ], "texture": "#defence_1" }
			}
		},
		{
			"__comment": "Voxels",
			"from": [ 9, 5, 5 ],
			"to": [ 10, 24, 6 ],
			"faces": {
				"down": { "uv": [ 4.25, 9, 4.5, 9.25 ], "texture": "#defence_1" },
				"up": { "uv": [ 4.5, 9.25, 4.75, 9 ], "texture": "#defence_1" },
				"north": { "uv": [ 9, 11.25, 8.75, 16 ], "texture": "#defence_1" },
				"south": { "uv": [ 9.75, 11.25, 10, 16 ], "texture": "#defence_1" },
				"west": { "uv": [ 10, 11.25, 10.25, 16 ], "texture": "#defence_1" },
				"east": { "uv": [ 9.75, 11.25, 9.5, 16 ], "texture": "#defence_1" }
			}
		},
		{
			"__comment": "Voxels",
			"from": [ 9, 5, 16 ],
			"to": [ 10, 24, 18 ],
			"faces": {
				"down": { "uv": [ 4, 9, 4.25, 9.5 ], "texture": "#defence_1" },
				"up": { "uv": [ 3.75, 9, 4, 8.5 ], "texture": "#defence_1" },
				"north": { "uv": [ 9.25, 11.25, 9, 16 ], "texture": "#defence_1" },
				"south": { "uv": [ 9.25, 11.25, 9.5, 16 ], "texture": "#defence_1" },
				"west": { "uv": [ 2.75, 11.25, 3.25, 16 ], "texture": "#defence_1" },
				"east": { "uv": [ 2.75, 11.25, 2.25, 16 ], "texture": "#defence_1" }
			}
		},
		{
			"__comment": "Voxels",
			"from": [ 9, 23, 7 ],
			"to": [ 10, 25, 8 ],
			"faces": {
				"down": { "uv": [ 4.25, 8.5, 4.5, 8.75 ], "texture": "#defence_1" },
				"up": { "uv": [ 4.5, 8.75, 4.75, 8.5 ], "texture": "#defence_1" },
				"north": { "uv": [ 4.75, 11.25, 4.5, 11.75 ], "texture": "#defence_1" },
				"south": { "uv": [ 4.25, 10.75, 4.5, 11.25 ], "texture": "#defence_1" },
				"west": { "uv": [ 4.5, 10.75, 4.75, 11.25 ], "texture": "#defence_1" },
				"east": { "uv": [ 4.5, 10.25, 4.25, 10.75 ], "texture": "#defence_1" }
			}
		},
		{
			"__comment": "Voxels",
			"from": [ 9, 23, 15 ],
			"to": [ 10, 25, 16 ],
			"faces": {
				"down": { "uv": [ 4.5, 8, 4.75, 8.25 ], "texture": "#defence_1" },
				"up": { "uv": [ 4.25, 8.25, 4.5, 8 ], "texture": "#defence_1" },
				"north": { "uv": [ 4.75, 10.25, 4.5, 10.75 ], "texture": "#defence_1" },
				"south": { "uv": [ 4.25, 9.75, 4.5, 10.25 ], "texture": "#defence_1" },
				"west": { "uv": [ 4.5, 9.75, 4.75, 10.25 ], "texture": "#defence_1" },
				"east": { "uv": [ 4.5, 11.25, 4.25, 11.75 ], "texture": "#defence_1" }
			}
		},
		{
			"__comment": "Voxels",
			"from": [ 10, 6, 4 ],
			"to": [ 11, 23, 6 ],
			"faces": {
				"down": { "uv": [ 4.25, 9.25, 4.5, 9.75 ], "texture": "#defence_1" },
				"up": { "uv": [ 4.5, 9.75, 4.75, 9.25 ], "texture": "#defence_1" },
				"north": { "uv": [ 10.5, 11.75, 10.25, 16 ], "texture": "#defence_1" },
				"south": { "uv": [ 10.5, 11.75, 10.75, 16 ], "texture": "#defence_1" },
				"west": { "uv": [ 4.25, 11.75, 4.75, 16 ], "texture": "#defence_1" },
				"east": { "uv": [ 3.75, 11.75, 3.25, 16 ], "texture": "#defence_1" }
			}
		},
		{
			"__comment": "Voxels",
			"from": [ 10, 6, 17 ],
			"to": [ 11, 23, 19 ],
			"faces": {
				"down": { "uv": [ 3.75, 9.5, 4, 10 ], "texture": "#defence_1" },
				"up": { "uv": [ 4, 10, 4.25, 9.5 ], "texture": "#defence_1" },
				"north": { "uv": [ 11.75, 11.75, 11.5, 16 ], "texture": "#defence_1" },
				"south": { "uv": [ 11.75, 11.75, 12, 16 ], "texture": "#defence_1" },
				"west": { "uv": [ 4.75, 11.75, 5.25, 16 ], "texture": "#defence_1" },
				"east": { "uv": [ 4.25, 11.75, 3.75, 16 ], "texture": "#defence_1" }
			}
		}
	],
	"display": {
		"thirdperson_righthand": {
			"rotation":  [ 90, 180, -1 ],
			"translation":  [ 4.6, -5, -3 ]
		},
		"thirdperson_lefthand": {
			"rotation":  [ 90, 0, -1 ],
			"translation":  [ 4.6, 2, -3 ]
		},
		"firstperson_righthand": {
			"rotation":  [ 0, -115, 0 ],
			"translation":  [ 4, -10, 0 ],
			"scale":  [ 1, 1.1, 1 ]
		},
		"firstperson_lefthand": {
			"rotation":  [ 0, 45, 0 ],
			"translation":  [ 0, -10, 0 ],
			"scale":  [ 1, 1.1, 1 ]
		},
		"gui": {
			"rotation":  [ 0, 90, 0 ],
			"translation":  [ -2.5, -4.5, 0 ],
			"scale":  [ 0.5, 0.7, 0.7 ]
		},
		"fixed": {
			"rotation":  [ 0, -90, 0 ],
			"translation":  [ 14, -27, -5 ],
			"scale":  [ 4, 4, 4 ]
		}
	}
}