{
  "parent": "minecraft:item/handheld",
  "textures": {
    "layer0": "custom_items/fish"
  },
    "display": {
        "thirdperson_righthand": {
            "rotation": [ -270, 260, -40 ],
            "translation": [ 0, 3, 1.75 ],
            "scale": [ 0.6, 0.6, 0.6 ]
        },
        "thirdperson_lefthand": {
            "rotation": [ -80, -280, 40 ],
            "translation": [ -1, -2, 2.5 ],
            "scale": [ 0.9, 0.9, 0.9 ]
        },
        "firstperson_righthand": {
            "rotation": [ 135, -90, 25 ],
            "translation": [ 1.13, 3.2, 1.13],
            "scale": [ 0.68, 0.68, 0.68 ]
        },
        "firstperson_lefthand": {
            "rotation": [ 0, 90, -25 ],
            "translation": [ 1.13, 3.2, 1.13],
            "scale": [ 0.68, 0.68, 0.68 ]
        }
   }
}