{
  "parent": "minecraft:item/handheld",
  "textures": {
    "layer0": "custom_items/knife"
  },
    "display": {
        "thirdperson_righthand": {
            "rotation": [ -60, 245, -40 ],
            "translation": [ -2, 2, 1.75 ],
            "scale": [ 0.5, 0.5, 0.5 ]
        },
        "thirdperson_lefthand": {
            "rotation": [ -80, -280, 40 ],
            "translation": [ -1, -2, 2.5 ],
            "scale": [ 0.9, 0.9, 0.9 ]
        },
        "firstperson_righthand": {
            "rotation": [ -60, -90, 25 ],
            "translation": [ 1.13, 4.2, 1.13],
            "scale": [ 0.48, 0.48, 0.48 ]
        },
        "firstperson_lefthand": {
            "rotation": [ 0, 90, -25 ],
            "translation": [ 1.13, 3.2, 1.13],
            "scale": [ 0.68, 0.68, 0.68 ]
        }
   }
}