{
  "parent": "minecraft:item/handheld",
  "textures": {
    "layer0": "custom_items/rpg"
  },
    "display": {
        "thirdperson_righthand": {
            "rotation": [ -80, 260, -40 ],
            "translation": [ -1, 1.5, 2.0 ],
            "scale": [ 1.4, 1.4, 1.4 ]
        },
        "thirdperson_lefthand": {
            "rotation": [ -80, -280, 40 ],
            "translation": [ -1, -2, 2.5 ],
            "scale": [ 0.9, 0.9, 0.9 ]
        },
        "firstperson_righthand": {
            "rotation": [ 0, -90, 45 ],
            "translation": [ 14, 0.5, -22],
            "scale": [ 3.0, 3.0, 3.0 ]
        },
        "firstperson_lefthand": {
            "rotation": [ 0, 90, -25 ],
            "translation": [ 1.13, 3.2, 1.13],
            "scale": [ 0.68, 0.68, 0.68 ]
        }
    }
}