{
	"parent": "block/block",
	"textures": {
		"3": "custom/fancy_leaves/oak_leaves",
		"particle": "custom/fancy_leaves/oak_leaves"
	},
	"elements": [
		{
			"from": [10.67141, 11.28127, -4.08929],
			"to": [10.67141, 23.28127, 19.91071],
			"rotation": {"angle": -22.5, "axis": "z", "origin": [4.97176, 9.49366, 6.70196]},
			"faces": {
				"east": {"uv": [0.00667, 7.99333, 15.99333, 0.00667], "rotation": 180, "texture": "#3", "tintindex": 0}
			}
		},
		{
			"from": [10.75, -5.338, -4.0916],
			"to": [10.75, 6.662, 19.9084],
			"rotation": {"angle": 22.5, "axis": "z", "origin": [5.05, 8.25, 6.7]},
			"faces": {
				"east": {"uv": [0, 16, 16, 8], "rotation": 180, "texture": "#3", "tintindex": 0}
			}
		},
		{
			"from": [-5.4084, -5.338, 10.9],
			"to": [18.5916, 6.662, 10.9],
			"rotation": {"angle": -22.5, "axis": "x", "origin": [7.8, 8.25, 5.2]},
			"faces": {
				"south": {"uv": [0, 16, 16, 8], "rotation": 180, "texture": "#3", "tintindex": 0}
			}
		},
		{
			"from": [-5.41071, 11.28127, 10.82141],
			"to": [18.58929, 23.28127, 10.82141],
			"rotation": {"angle": 22.5, "axis": "x", "origin": [7.79804, 9.49366, 5.12176]},
			"faces": {
				"south": {"uv": [0.00667, 7.99333, 15.99333, 0.00667], "rotation": 180, "texture": "#3", "tintindex": 0}
			}
		},
		{
			"from": [3.35, -5.338, -5.0084],
			"to": [3.35, 6.662, 18.9916],
			"rotation": {"angle": -22.5, "axis": "z", "origin": [9.05, 8.25, 8.2]},
			"faces": {
				"west": {"uv": [0, 16, 16, 8], "rotation": 180, "texture": "#3", "tintindex": 0}
			}
		},
		{
			"from": [3.42859, 11.28127, -5.01071],
			"to": [3.42859, 23.28127, 18.98929],
			"rotation": {"angle": 22.5, "axis": "z", "origin": [9.12824, 9.49366, 8.19804]},
			"faces": {
				"west": {"uv": [0.00667, 7.99333, 15.99333, 0.00667], "rotation": 180, "texture": "#3", "tintindex": 0}
			}
		},
		{
			"from": [-4.2416, -5.338, 3.5],
			"to": [19.7584, 6.662, 3.5],
			"rotation": {"angle": 22.5, "axis": "x", "origin": [6.55, 8.25, 9.2]},
			"faces": {
				"north": {"uv": [0, 16, 16, 8], "rotation": 180, "texture": "#3", "tintindex": 0}
			}
		},
		{
			"from": [-4.23929, 11.28127, 3.57859],
			"to": [19.76071, 23.28127, 3.57859],
			"rotation": {"angle": -22.5, "axis": "x", "origin": [6.55196, 9.49366, 9.27824]},
			"faces": {
				"north": {"uv": [0.00667, 7.99333, 15.99333, 0.00667], "rotation": 180, "texture": "#3", "tintindex": 0}
			}
		},
		{
			"from": [-1.78328, 13.31, -3.7204],
			"to": [17.41672, 13.31, 5.8796],
			"rotation": {"angle": 22.5, "axis": "x", "origin": [6.85, 8.75, 7.15]},
			"faces": {
				"up": {"uv": [0.00667, 7.99333, 15.99333, 0.00667], "rotation": 180, "texture": "#3", "tintindex": 0},
				"down": {"uv": [0, 15.5, 16, 7.5], "rotation": 180, "texture": "#3", "tintindex": 0}
			}
		},
		{
			"from": [-1.78143, 13.24713, 9.57502],
			"to": [17.41857, 13.24713, 19.17502],
			"rotation": {"angle": -22.5, "axis": "x", "origin": [6.85157, 8.68741, 8.14493]},
			"faces": {
				"up": {"uv": [0, 8, 16, 16], "texture": "#3", "tintindex": 0},
				"down": {"uv": [0, 7.5, 16, 15.5], "rotation": 180, "texture": "#3", "tintindex": 0}
			}
		},
		{
			"from": [0.73835, -2.34464, 5.7],
			"to": [17.77835, 6.17536, 5.7],
			"rotation": {"angle": -45, "axis": "y", "origin": [6.09607, 12.08539, 4.82731]},
			"faces": {
				"north": {"uv": [12.99858, 10.49972, 2.99976, 15.49912], "texture": "#3", "tintindex": 0},
				"south": {"uv": [2.99976, 10.49972, 12.99858, 15.49912], "texture": "#3", "tintindex": 0}
			}
		},
		{
			"from": [-3.24994, -2.34448, 7.95],
			"to": [13.79006, 6.17552, 7.95],
			"rotation": {"angle": 45, "axis": "y", "origin": [6.11, 10.7, 4.74]},
			"faces": {
				"north": {"uv": [12.99858, 10.49972, 2.99976, 15.49912], "texture": "#3", "tintindex": 0},
				"south": {"uv": [2.99976, 10.49972, 12.99858, 15.49912], "texture": "#3", "tintindex": 0}
			}
		}
	],
	"groups": [
		{
			"name": "group",
			"children": [0, 1, 2, 3, 4, 5, 6, 7, 8, 9, 10, 11]
		}
	]
}