{
	"parent": "block/block",
	"textures": {
		"3": "custom/fancy_leaves/oak_leaves",
		"particle": "custom/fancy_leaves/oak_leaves"
	},
	"elements": [
		{
			"from": [11.12141, 11.43127, -3.13929],
			"to": [11.12141, 23.43127, 20.86071],
			"rotation": {"angle": -22.5, "axis": "z", "origin": [5.42176, 9.64366, 7.65196]},
			"faces": {
				"east": {"uv": [0.00667, 7.99333, 15.99333, 0.00667], "rotation": 180, "texture": "#3", "tintindex": 0}
			}
		},
		{
			"from": [11.2, -5.188, -3.1416],
			"to": [11.2, 6.812, 20.8584],
			"rotation": {"angle": 22.5, "axis": "z", "origin": [5.5, 8.4, 7.65]},
			"faces": {
				"east": {"uv": [0, 16, 16, 8], "rotation": 180, "texture": "#3", "tintindex": 0}
			}
		},
		{
			"from": [-4.9584, -5.188, 11.85],
			"to": [19.0416, 6.812, 11.85],
			"rotation": {"angle": -22.5, "axis": "x", "origin": [8.25, 8.4, 6.15]},
			"faces": {
				"south": {"uv": [0, 16, 16, 8], "rotation": 180, "texture": "#3", "tintindex": 0}
			}
		},
		{
			"from": [-4.96071, 11.43127, 11.77141],
			"to": [19.03929, 23.43127, 11.77141],
			"rotation": {"angle": 22.5, "axis": "x", "origin": [8.24804, 9.64366, 6.07176]},
			"faces": {
				"south": {"uv": [0.00667, 7.99333, 15.99333, 0.00667], "rotation": 180, "texture": "#3", "tintindex": 0}
			}
		},
		{
			"from": [3.8, -5.188, -4.0584],
			"to": [3.8, 6.812, 19.9416],
			"rotation": {"angle": -22.5, "axis": "z", "origin": [9.5, 8.4, 9.15]},
			"faces": {
				"west": {"uv": [0, 16, 16, 8], "rotation": 180, "texture": "#3", "tintindex": 0}
			}
		},
		{
			"from": [3.87859, 11.43127, -4.06071],
			"to": [3.87859, 23.43127, 19.93929],
			"rotation": {"angle": 22.5, "axis": "z", "origin": [9.57824, 9.64366, 9.14804]},
			"faces": {
				"west": {"uv": [0.00667, 7.99333, 15.99333, 0.00667], "rotation": 180, "texture": "#3", "tintindex": 0}
			}
		},
		{
			"from": [-3.7916, -5.188, 4.45],
			"to": [20.2084, 6.812, 4.45],
			"rotation": {"angle": 22.5, "axis": "x", "origin": [7, 8.4, 10.15]},
			"faces": {
				"north": {"uv": [0, 16, 16, 8], "rotation": 180, "texture": "#3", "tintindex": 0}
			}
		},
		{
			"from": [-3.78929, 11.43127, 4.52859],
			"to": [20.21071, 23.43127, 4.52859],
			"rotation": {"angle": -22.5, "axis": "x", "origin": [7.00196, 9.64366, 10.22824]},
			"faces": {
				"north": {"uv": [0.00667, 7.99333, 15.99333, 0.00667], "rotation": 180, "texture": "#3", "tintindex": 0}
			}
		},
		{
			"from": [-1.33328, 13.46, -2.7704],
			"to": [17.86672, 13.46, 6.8296],
			"rotation": {"angle": 22.5, "axis": "x", "origin": [7.3, 8.9, 8.1]},
			"faces": {
				"up": {"uv": [0.00667, 7.99333, 15.99333, 0.00667], "rotation": 180, "texture": "#3", "tintindex": 0},
				"down": {"uv": [0, 15.5, 16, 7.5], "rotation": 180, "texture": "#3", "tintindex": 0}
			}
		},
		{
			"from": [-1.33143, 13.39713, 10.52502],
			"to": [17.86857, 13.39713, 20.12502],
			"rotation": {"angle": -22.5, "axis": "x", "origin": [7.30157, 8.83741, 9.09493]},
			"faces": {
				"up": {"uv": [0, 8, 16, 16], "texture": "#3", "tintindex": 0},
				"down": {"uv": [0, 7.5, 16, 15.5], "rotation": 180, "texture": "#3", "tintindex": 0}
			}
		},
		{
			"from": [1.18835, -2.19464, 6.65],
			"to": [18.22835, 6.32536, 6.65],
			"rotation": {"angle": -45, "axis": "y", "origin": [6.54607, 12.23539, 5.77731]},
			"faces": {
				"north": {"uv": [12.99858, 10.49972, 2.99976, 15.49912], "texture": "#3", "tintindex": 0},
				"south": {"uv": [2.99976, 10.49972, 12.99858, 15.49912], "texture": "#3", "tintindex": 0}
			}
		},
		{
			"from": [-2.79994, -2.19448, 8.9],
			"to": [14.24006, 6.32552, 8.9],
			"rotation": {"angle": 45, "axis": "y", "origin": [6.56, 10.85, 5.69]},
			"faces": {
				"north": {"uv": [12.99858, 10.49972, 2.99976, 15.49912], "texture": "#3", "tintindex": 0},
				"south": {"uv": [2.99976, 10.49972, 12.99858, 15.49912], "texture": "#3", "tintindex": 0}
			}
		}
	],
	"groups": [
		{
			"name": "group",
			"children": [0, 1, 2, 3, 4, 5, 6, 7, 8, 9, 10, 11]
		}
	]
}