{
	"parent": "block/block",
	"textures": {
		"3": "custom/fancy_leaves/oak_leaves",
		"particle": "custom/fancy_leaves/oak_leaves"
	},
	"elements": [
		{
			"from": [11.32141, 10.58127, -3.78929],
			"to": [11.32141, 22.58127, 20.21071],
			"rotation": {"angle": -22.5, "axis": "z", "origin": [5.62176, 8.79366, 7.00196]},
			"faces": {
				"east": {"uv": [0.00667, 7.99333, 15.99333, 0.00667], "rotation": 180, "texture": "#3", "tintindex": 0}
			}
		},
		{
			"from": [11.4, -6.038, -3.7916],
			"to": [11.4, 5.962, 20.2084],
			"rotation": {"angle": 22.5, "axis": "z", "origin": [5.7, 7.55, 7]},
			"faces": {
				"east": {"uv": [0, 16, 16, 8], "rotation": 180, "texture": "#3", "tintindex": 0}
			}
		},
		{
			"from": [-4.7584, -6.038, 11.2],
			"to": [19.2416, 5.962, 11.2],
			"rotation": {"angle": -22.5, "axis": "x", "origin": [8.45, 7.55, 5.5]},
			"faces": {
				"south": {"uv": [0, 16, 16, 8], "rotation": 180, "texture": "#3", "tintindex": 0}
			}
		},
		{
			"from": [-4.76071, 10.58127, 11.12141],
			"to": [19.23929, 22.58127, 11.12141],
			"rotation": {"angle": 22.5, "axis": "x", "origin": [8.44804, 8.79366, 5.42176]},
			"faces": {
				"south": {"uv": [0.00667, 7.99333, 15.99333, 0.00667], "rotation": 180, "texture": "#3", "tintindex": 0}
			}
		},
		{
			"from": [4, -6.038, -4.7084],
			"to": [4, 5.962, 19.2916],
			"rotation": {"angle": -22.5, "axis": "z", "origin": [9.7, 7.55, 8.5]},
			"faces": {
				"west": {"uv": [0, 16, 16, 8], "rotation": 180, "texture": "#3", "tintindex": 0}
			}
		},
		{
			"from": [4.07859, 10.58127, -4.71071],
			"to": [4.07859, 22.58127, 19.28929],
			"rotation": {"angle": 22.5, "axis": "z", "origin": [9.77824, 8.79366, 8.49804]},
			"faces": {
				"west": {"uv": [0.00667, 7.99333, 15.99333, 0.00667], "rotation": 180, "texture": "#3", "tintindex": 0}
			}
		},
		{
			"from": [-3.5916, -6.038, 3.8],
			"to": [20.4084, 5.962, 3.8],
			"rotation": {"angle": 22.5, "axis": "x", "origin": [7.2, 7.55, 9.5]},
			"faces": {
				"north": {"uv": [0, 16, 16, 8], "rotation": 180, "texture": "#3", "tintindex": 0}
			}
		},
		{
			"from": [-3.58929, 10.58127, 3.87859],
			"to": [20.41071, 22.58127, 3.87859],
			"rotation": {"angle": -22.5, "axis": "x", "origin": [7.20196, 8.79366, 9.57824]},
			"faces": {
				"north": {"uv": [0.00667, 7.99333, 15.99333, 0.00667], "rotation": 180, "texture": "#3", "tintindex": 0}
			}
		},
		{
			"from": [-1.13328, 12.61, -3.4204],
			"to": [18.06672, 12.61, 6.1796],
			"rotation": {"angle": 22.5, "axis": "x", "origin": [7.5, 8.05, 7.45]},
			"faces": {
				"up": {"uv": [0.00667, 7.99333, 15.99333, 0.00667], "rotation": 180, "texture": "#3", "tintindex": 0},
				"down": {"uv": [0, 15.5, 16, 7.5], "rotation": 180, "texture": "#3", "tintindex": 0}
			}
		},
		{
			"from": [-1.13143, 12.54713, 9.87502],
			"to": [18.06857, 12.54713, 19.47502],
			"rotation": {"angle": -22.5, "axis": "x", "origin": [7.50157, 7.98741, 8.44493]},
			"faces": {
				"up": {"uv": [0, 8, 16, 16], "texture": "#3", "tintindex": 0},
				"down": {"uv": [0, 7.5, 16, 15.5], "rotation": 180, "texture": "#3", "tintindex": 0}
			}
		},
		{
			"from": [1.38835, -3.04464, 6],
			"to": [18.42835, 5.47536, 6],
			"rotation": {"angle": -45, "axis": "y", "origin": [6.74607, 11.38539, 5.12731]},
			"faces": {
				"north": {"uv": [12.99858, 10.49972, 2.99976, 15.49912], "texture": "#3", "tintindex": 0},
				"south": {"uv": [2.99976, 10.49972, 12.99858, 15.49912], "texture": "#3", "tintindex": 0}
			}
		},
		{
			"from": [-2.59994, -3.04448, 8.25],
			"to": [14.44006, 5.47552, 8.25],
			"rotation": {"angle": 45, "axis": "y", "origin": [6.76, 10, 5.04]},
			"faces": {
				"north": {"uv": [12.99858, 10.49972, 2.99976, 15.49912], "texture": "#3", "tintindex": 0},
				"south": {"uv": [2.99976, 10.49972, 12.99858, 15.49912], "texture": "#3", "tintindex": 0}
			}
		}
	],
	"groups": [
		{
			"name": "group",
			"children": [0, 1, 2, 3, 4, 5, 6, 7, 8, 9, 10, 11]
		}
	]
}