{"elements":[{"__comment":"Element","faces":{"down":{"cullface":"down","texture":"#all","uv":[2,6,6,10]},"east":{"cullface":"east","texture":"#all","uv":[2,6,6,10]},"north":{"cullface":"north","texture":"#all","uv":[2,6,6,10]},"south":{"cullface":"south","texture":"#all","uv":[2,6,6,10]},"up":{"cullface":"up","texture":"#all","uv":[2,6,6,10]},"west":{"cullface":"west","texture":"#all","uv":[2,6,6,10]}},"from":[0,0,0],"to":[16,16,16]},{"__comment":"Element","faces":{"east":{"texture":"#all","uv":[6,4,14,12]},"west":{"texture":"#all","uv":[6,4,14,12]}},"from":[14,-6,-7],"rotation":{"angle":-22.5,"axis":"y","origin":[14.125,-8,-6.8125]},"shade":false,"to":[14.001,22,25]},{"__comment":"Element","faces":{"north":{"texture":"#all","uv":[6,4,14,12]},"south":{"texture":"#all","uv":[6,4,14,12]}},"from":[-7,-6,2],"rotation":{"angle":-22.5,"axis":"y","origin":[-6.8125,-8,1.875]},"shade":false,"to":[25,22,2.001]}],"parent":"block/block","textures":{"all":"block/dark_oak_leaves_bushy_inventory","particle":"block/dark_oak_leaves"}}