{"elements":[{"faces":{"down":{"cullface":"down","texture":"#all","uv":[16,16,0,0]},"east":{"cullface":"east","texture":"#all","uv":[0,0,16,16]},"north":{"cullface":"north","texture":"#all","uv":[0,0,16,16]},"south":{"cullface":"south","texture":"#all","uv":[0,0,16,16]},"up":{"cullface":"up","texture":"#all","uv":[0,0,16,16]},"west":{"cullface":"west","texture":"#all","uv":[0,0,16,16]}},"from":[0,0,0],"to":[16,16,16]},{"faces":{"east":{"texture":"#bushy","uv":[0,0,16,16]},"west":{"texture":"#bushy","uv":[0,0,16,16]}},"from":[14,-6,-7],"rotation":{"angle":-22.5,"axis":"y","origin":[14.125,-8,-6.8125]},"shade":false,"to":[14,22,25]},{"faces":{"north":{"texture":"#bushy","uv":[0,0,16,16]},"south":{"texture":"#bushy","uv":[0,0,16,16]}},"from":[-7,-6,2],"rotation":{"angle":-22.5,"axis":"y","origin":[-6.8125,-8,1.875]},"shade":false,"to":[25,22,2]}],"parent":"block/block","textures":{"bushy":"block/leaves_birch_bl","particle":"#all"}}