{"credit":"Made with Blockbench","elements":[{"faces":{"north":{"texture":"#0","tintindex":0,"uv":[0,0,8,11.5]},"south":{"texture":"#0","tintindex":0,"uv":[0,0,8,11.5]}},"from":[-2,-7,8],"rotation":{"angle":45,"axis":"y","origin":[8,4.5,8]},"shade":false,"to":[18,16,8]},{"faces":{"north":{"texture":"#0","tintindex":0,"uv":[0,0,8,11.5]},"south":{"texture":"#0","tintindex":0,"uv":[0,0,8,11.5]}},"from":[-2,-7,8],"rotation":{"angle":-45,"axis":"y","origin":[8,4.5,8]},"shade":false,"to":[18,16,8]}],"texture_size":[32,32],"textures":{"0":"block/sugar_cane","particle":"block/sugar_cane"}}