{"ambientocclusion":false,"credit":"Made with Blockbench","elements":[{"faces":{"down":{"texture":"#0","tintindex":0,"uv":[0,2,8,10]},"up":{"rotation":180,"texture":"#0","tintindex":0,"uv":[0,2,8,10]}},"from":[0,15.2,0],"shade":false,"to":[16,15.2,16]},{"faces":{"north":{"texture":"#0","tintindex":0,"uv":[0,0,8,12]},"south":{"texture":"#0","tintindex":0,"uv":[0,0,8,12]}},"from":[0,-8,15.2],"shade":false,"to":[16,16,15.2]},{"faces":{"down":{"texture":"#0","uv":[0,0,0,10]},"east":{"texture":"#0","tintindex":0,"uv":[8.5,0,14.5,6]},"north":{"texture":"#0","uv":[0,0,0,10]},"south":{"texture":"#0","uv":[0,0,0,10]},"up":{"texture":"#0","uv":[0,0,0,10]},"west":{"texture":"#0","tintindex":0,"uv":[14.5,0,8.5,6]}},"from":[12,4,3],"shade":false,"to":[12,16,15]},{"faces":{"down":{"texture":"#0","uv":[0,0,0,15]},"east":{"texture":"#0","tintindex":0,"uv":[8.5,6.5,16,14]},"north":{"texture":"#0","uv":[0,0,0,15]},"south":{"texture":"#0","uv":[0,0,0,15]},"up":{"texture":"#0","uv":[0,0,0,15]},"west":{"texture":"#0","tintindex":0,"uv":[16,6.5,8.5,14]}},"from":[4,1,0],"shade":false,"to":[4,16,15]}],"textures":{"0":"block/vinecustom","particle":"block/vine"}}