{"credit":"Made with Blockbench","display":{"firstperson_lefthand":{"rotation":[0,119,0],"translation":[4,2,-2]},"firstperson_righthand":{"rotation":[0,119,0],"translation":[4,2,-2]},"fixed":{"translation":[0,1.75,0]},"ground":{"scale":[0.6,0.6,0.6],"translation":[0,7.25,0]},"gui":{"rotation":[30,135,0],"translation":[0,2,0]},"head":{"scale":[1.6,1.6,1.6],"translation":[-0.75,-8,-0.75]},"thirdperson_lefthand":{"rotation":[67,45,0],"scale":[0.67,0.67,0.67],"translation":[-0.5,1.5,2.75]},"thirdperson_righthand":{"rotation":[67,45,0],"scale":[0.67,0.67,0.67],"translation":[-0.5,1.5,2.75]}},"elements":[{"faces":{"east":{"texture":"#0","uv":[1.75,6.25,2.75,8.75]},"north":{"texture":"#0","uv":[0,6.25,1.5,8.75]},"south":{"texture":"#0","uv":[3,6.25,4.5,8.75]},"up":{"texture":"#0","uv":[0,6.25,1.5,6.5]},"west":{"texture":"#0","uv":[1.75,6.25,2.75,8.75]}},"from":[5.5,0,6.5],"rotation":{"angle":0,"axis":"y","origin":[8,4,10]},"to":[11.5,10,10.5]},{"faces":{"down":{"texture":"#0","uv":[0,8,1.5,8.75]},"east":{"texture":"#0","uv":[6.5,6.25,7.5,8.75]},"north":{"texture":"#0","uv":[4.75,6.25,6.25,8.75]},"south":{"texture":"#0","uv":[7.75,6.25,9.25,8.75]},"up":{"rotation":180,"texture":"#0","uv":[4.75,5.25,6.25,6.25]},"west":{"texture":"#0","uv":[6.5,6.25,7.5,8.75]}},"from":[5.25,-0.25,6.25],"rotation":{"angle":0,"axis":"y","origin":[8,4,10]},"to":[11.75,10.25,10.75]},{"faces":{"down":{"texture":"#0","uv":[9.5,1,9.75,2.25]},"east":{"texture":"#0","uv":[9.75,0.5,8.5,3.5]},"north":{"texture":"#0","uv":[8.5,0.5,8.75,3.5]},"south":{"texture":"#0","uv":[9.5,0.5,9.75,3.5]},"up":{"texture":"#0","uv":[9.5,1,9.75,2.25]},"west":{"texture":"#0","uv":[8.5,0.5,9.75,3.5]}},"from":[11,-1,6],"rotation":{"angle":0,"axis":"y","origin":[8,8,18]},"to":[12,11,11]},{"faces":{"down":{"texture":"#0","uv":[9.5,1,9.75,2.25]},"east":{"texture":"#0","uv":[9.75,0.5,8.5,3.5]},"north":{"texture":"#0","uv":[8.5,0.5,8.75,3.5]},"south":{"texture":"#0","uv":[9.5,0.5,9.75,3.5]},"up":{"texture":"#0","uv":[9.5,1,9.75,2.25]},"west":{"texture":"#0","uv":[8.5,0.5,9.75,3.5]}},"from":[5,-1,6],"rotation":{"angle":0,"axis":"y","origin":[8,8,18]},"to":[6,11,11]}],"groups":[{"children":[{"children":[],"name":"group","origin":[8,8,8]},0,1,2,3],"name":"group","origin":[8,8,8]}],"textures":{"0":"custom/entities/banker/banker_base","particle":"custom/entities/banker/banker_base"}}