{"credit":"Made with Blockbench","display":{"firstperson_lefthand":{"translation":[2.5,7,0]},"firstperson_righthand":{"translation":[2.5,7,0]},"fixed":{"translation":[0,1.25,0]},"ground":{"scale":[0.6,0.6,0.6],"translation":[0,4,0]},"gui":{"rotation":[30,45,0],"translation":[0,2.25,0]},"head":{"scale":[1.6,1.6,1.6],"translation":[0,19.25,0]},"thirdperson_lefthand":{"rotation":[90,180,0],"translation":[-4.5,-1.5,10]},"thirdperson_righthand":{"rotation":[90,0,0],"translation":[-4.5,-2.5,10]}},"elements":[{"faces":{"down":{"texture":"#0","uv":[2.25,11.5,3,12.5]},"east":{"texture":"#0","uv":[2.25,9,3.25,11.5]},"north":{"texture":"#0","uv":[3,9,3.75,11.5]},"south":{"texture":"#0","uv":[3.75,9,3,11.5]},"up":{"texture":"#0","uv":[3.25,9,3.5,9.25]},"west":{"texture":"#0","uv":[3.25,9,2.25,11.5]}},"from":[6.5,0,5.5],"rotation":{"angle":0,"axis":"x","origin":[10.0061,0.02012,-1.52618]},"to":[9.5,10,9.5]}],"groups":[{"children":[0],"name":"group","origin":[8,8,8]}],"textures":{"0":"custom/entities/banker/banker_base","particle":"custom/entities/banker/banker_base"}}