{
    "sven.aah": {
        "sounds": [
            "sven/aah"
        ]
    },
    "sven.accessdenied": {
        "sounds": [
            "sven/accessdenied"
        ]
    },
    "sven.ak47s": {
        "sounds": [
            "sven/ak47s"
        ]
    },
    "sven.allah": {
        "sounds": [
            "sven/allah"
        ]
    },
    "sven.applause": {
        "sounds": [
            "sven/applause"
        ]
    },
    "sven.aww": {
        "sounds": [
            "sven/aww"
        ]
    },
    "sven.bombplanted": {
        "sounds": [
            "sven/bombplanted"
        ]
    },
    "sven.burp": {
        "sounds": [
            "sven/burp"
        ]
    },
    "sven.cof": {
        "sounds": [
            "sven/cof"
        ]
    },
    "sven.coverme": {
        "sounds": [
            "sven/coverme"
        ]
    },
    "sven.dale": {
        "sounds": [
            "sven/dale"
        ]
    },
    "sven.doh": {
        "sounds": [
            "sven/doh"
        ]
    },
    "sven.ey": {
        "sounds": [
            "sven/ey"
        ]
    },
    "sven.failed": {
        "sounds": [
            "sven/failed"
        ]
    },
    "sven.fireinhole": {
        "sounds": [
            "sven/fireinhole"
        ]
    },
    "sven.gogogo": {
        "sounds": [
            "sven/gogogo"
        ]
    },
    "sven.greetings": {
        "sounds": [
            "sven/greetings"
        ]
    },
    "sven.hax": {
        "sounds": [
            "sven/hax"
        ]
    },
    "sven.helpme_nigga": {
        "sounds": [
            "sven/helpme_nigga"
        ]
    },
    "sven.hurra": {
        "sounds": [
            "sven/hurra"
        ]
    },
    "sven.iphone": {
        "sounds": [
            "sven/iphone"
        ]
    },
    "sven.iwantdrugs": {
        "sounds": [
            "sven/iwantdrugs"
        ]
    },
    "sven.kiss": {
        "sounds": [
            "sven/kiss"
        ]
    },
    "sven.letmein": {
        "sounds": [
            "sven/letmein"
        ]
    },
    "sven.letsgo": {
        "sounds": [
            "sven/letsgo"
        ]
    },
    "sven.medic": {
        "sounds": [
            "sven/medic"
        ]
    },
    "sven.mgalert": {
        "sounds": [
            "sven/mgalert"
        ]
    },
    "sven.mmm": {
        "sounds": [
            "sven/mmm"
        ]
    },
    "sven.nani": {
        "sounds": [
            "sven/nani"
        ]
    },
    "sven.nyannyan": {
        "sounds": [
            "sven/nyannyan"
        ]
    },
    "sven.ohbanana": {
        "sounds": [
            "sven/ohbanana"
        ]
    },
    "sven.ohhayo": {
        "sounds": [
            "sven/ohhayo"
        ]
    },
    "sven.ohmygah": {
        "sounds": [
            "sven/ohmygah"
        ]
    },
    "sven.ohshit": {
        "sounds": [
            "sven/ohshit"
        ]
    },
    "sven.omae": {
        "sounds": [
            "sven/omae"
        ]
    },
    "sven.omg": {
        "sounds": [
            "sven/omg"
        ]
    },
    "sven.oneshot": {
        "sounds": [
            "sven/oneshot"
        ]
    },
    "sven.oops": {
        "sounds": [
            "sven/oops"
        ]
    },
    "sven.pacman": {
        "sounds": [
            "sven/pacman"
        ]
    },
    "sven.pedo": {
        "sounds": [
            "sven/pedo"
        ]
    },
    "sven.punch": {
        "sounds": [
            "sven/punch"
        ]
    },
    "sven.quack": {
        "sounds": [
            "sven/quack"
        ]
    },
    "sven.retard": {
        "sounds": [
            "sven/retard"
        ]
    },
    "sven.rip": {
        "sounds": [
            "sven/rip"
        ]
    },
    "sven.rlly_nigga": {
        "sounds": [
            "sven/rlly_nigga"
        ]
    },
    "sven.slap": {
        "sounds": [
            "sven/slap"
        ]
    },
    "sven.surprise": {
        "sounds": [
            "sven/surprise"
        ]
    },
    "sven.tamtamtam": {
        "sounds": [
            "sven/tamtamtam"
        ]
    },
    "sven.thug": {
        "sounds": [
            "sven/thug"
        ]
    },
    "sven.trap": {
        "sounds": [
            "sven/trap"
        ]
    },
    "sven.victory": {
        "sounds": [
            "sven/victory"
        ]
    },
    "sven.whyumad": {
        "sounds": [
            "sven/whyumad"
        ]
    },
    "sven.xfiles": {
        "sounds": [
            "sven/xfiles"
        ]
    },
    "sven.yawn": {
        "sounds": [
            "sven/yawn"
        ]
    },
    "sven.yay": {
        "sounds": [
            "sven/yay"
        ]
    },
    "sven.yes_daddy": {
        "sounds": [
            "sven/yes_daddy"
        ]
    },
    "sven.yes_sir": {
        "sounds": [
            "sven/yes_sir"
        ]
    },
    "sven.ouf": {
        "sounds": [
            "roblox/ouf"
        ]
    },
    "sven.elmasperron": {
        "sounds": [
            "naturo/elmasperron"
        ]
    },
    "sven.agarrate": {
        "sounds": [
            "sven/agarrate"
        ]
    },
    "sven.aliens": {
        "sounds": [
            "sven/aliens"
        ]
    },
    "sven.andate": {
        "sounds": [
            "sven/andate"
        ]
    },
    "sven.aiuda": {
        "sounds": [
            "sven/ayuda"
        ]
    },
    "sven.badum": {
        "sounds": [
            "sven/badum"
        ]
    },
    "sven.arrepentir": {
        "sounds": [
            "sven/arrepentir"
        ]
    },
    "sven.bomba": {
        "sounds": [
            "sven/bomba"
        ]
    },
    "sven.buu": {
        "sounds": [
            "sven/buu"
        ]
    },
    "sven.gameover": {
        "sounds": [
            "sven/gameover"
        ]
    },
    "sven.monkey": {
        "sounds": [
            "sven/monkey"
        ]
    },
    "sven.musica": {
        "sounds": [
            "sven/musica"
        ]
    },
    "sven.noomira": {
        "sounds": [
            "sven/noomira"
        ]
    },
    "sven.ohyeah": {
        "sounds": [
            "sven/ohyeah"
        ]
    },
    "sven.paraste": {
        "sounds": [
            "sven/paraste"
        ]
    },
    "sven.quienteconoce": {
        "sounds": [
            "sven/qtc"
        ]
    },
    "sven.saleel": {
        "sounds": [
            "sven/saleel"
        ]
    },
    "sven.upa": {
        "sounds": [
            "sven/upa"
        ]
    },
    "sven.cua": {
        "sounds": [
            "sven/cua"
        ]
    }
}