{"textures":{"4":"modelengine:entity/medusa"},"elements":[{"from":[7.142857,7.428571,5.714286],"to":[8.857143,8.571428,8.0],"rotation":{"angle":0.0,"axis":"y","origin":[8.0,8.0,8.0]},"faces":{"east":{"uv":[12.125,7.375,12.625,7.625],"rotation":0,"texture":"#4","tintindex":0},"south":{"uv":[12.25,1.625,12.625,1.875],"rotation":0,"texture":"#4","tintindex":0},"north":{"uv":[12.25,1.375,12.625,1.625],"rotation":0,"texture":"#4","tintindex":0},"west":{"uv":[12.125,10.375,12.625,10.625],"rotation":0,"texture":"#4","tintindex":0},"up":{"uv":[12.5,3.375,12.125,2.875],"rotation":0,"texture":"#4","tintindex":0},"down":{"uv":[12.5,4.0,12.125,4.5],"rotation":0,"texture":"#4","tintindex":0}}},{"from":[7.428571,7.857143,6.142857],"to":[8.571428,9.0,7.857143],"rotation":{"angle":-22.5,"axis":"x","origin":[8.142858,8.714286,7.285714]},"faces":{"east":{"uv":[12.25,1.875,12.625,2.125],"rotation":0,"texture":"#4","tintindex":0},"south":{"uv":[6.875,1.875,7.125,2.125],"rotation":0,"texture":"#4","tintindex":0},"north":{"uv":[5.25,5.625,5.5,5.875],"rotation":0,"texture":"#4","tintindex":0},"west":{"uv":[12.25,2.125,12.625,2.375],"rotation":0,"texture":"#4","tintindex":0},"up":{"uv":[5.25,9.375,5.0,9.0],"rotation":0,"texture":"#4","tintindex":0},"down":{"uv":[5.25,9.375,5.0,9.75],"rotation":0,"texture":"#4","tintindex":0}}}],"display":{"head":{"translation":[0.0,-6.4,0.0],"scale":[4.0,4.0,4.0]}}}