{
	"credit": "Para minijuego",
	"textures": {
		"0": "mcpatcher/cit/capas/azul",
		"particle": "mcpatcher/cit/capas/azul"
	},
	"elements": [
		{
			"from": [0, 0, 0],
			"to": [1, 10, 16],
			"faces": {
				"north": {"uv": [0, 0, 1, 10], "texture": "#0"},
				"east": {"uv": [0, 0, 16, 10], "texture": "#0"},
				"south": {"uv": [0, 0, 1, 10], "texture": "#0"},
				"west": {"uv": [0, 0, 16, 10], "texture": "#0"},
				"up": {"uv": [0, 0, 1, 16], "texture": "#0"},
				"down": {"uv": [0, 0, 1, 16], "texture": "#0"}
			}
		}
	],
	"display": {
		"thirdperson_righthand": {
			"rotation": [-88.75, 0, 0],
			"translation": [7.5, 0, -3.75]
		},
		"thirdperson_lefthand": {
			"rotation": [147, 176.5, -88.5],
			"translation": [-9.25, -15.25, 10.5]
		},
		"firstperson_righthand": {
			"translation": [9.5, 0, 0]
		},
		"firstperson_lefthand": {
			"translation": [80, 0, 0]
		},
		"ground": {
			"rotation": [-90.75, 0, 0],
			"translation": [0, 5.25, 0]
		},
		"gui": {
			"rotation": [90, 0, 92],
			"translation": [-3, 0, 0],
			"scale": [0.75, 0.75, 0.75]
		}
	}
}