{
	"credit": "Para minijuego",
	"textures": {
		"0": "mcpatcher/cit/capas/capa10",
		"particle": "mcpatcher/cit/capas/capa10"
	},
	"elements": [
		{
			"from": [0, 0, 0],
			"to": [0.1, 22, 29],
			"faces": {
				"east": {"uv": [0, 16, 12.5, 0], "rotation": 90, "texture": "#0"},
				"west": {"uv": [0, 0, 12.5, 16], "rotation": 90, "texture": "#0"}
			}
		}
	],
	"display": {
		"thirdperson_righthand": {
			"rotation": [-88.75, 0, 0],
			"translation": [7.5, -4.25, 1.75]
		},
		"thirdperson_lefthand": {
			"rotation": [128.25, 176.5, -88.5],
			"translation": [-3.75, -23.75, 8.5]
		},
		"firstperson_righthand": {
			"translation": [9.5, 0, 0]
		},
		"firstperson_lefthand": {
			"translation": [80, 0, 0]
		},
		"ground": {
			"rotation": [-90.75, 0, 0],
			"translation": [0, 5.25, 0]
		},
		"gui": {
			"rotation": [90, 0, 92],
			"translation": [-3, 0, 0],
			"scale": [0.75, 0.75, 0.75]
		}
	}
}