{"parent": "item/generated","textures":{"layer0":"item/leather_boots","layer1":"item/leather_boots_overlay"},"overrides":[{"predicate":{"custom_model_data":1},"model":"b"},
{"predicate":{"custom_model_data":2},"model":"1b"},
{"predicate":{"custom_model_data":3},"model":"s/a/1_1"},
{"predicate":{"custom_model_data":4},"model":"s/a/2_1"},
{"predicate":{"custom_model_data":5},"model":"s/a/3_1"},
{"predicate":{"custom_model_data":6},"model":"s/a/4_1"},
{"predicate":{"custom_model_data":7},"model":"s/a/5_1"},
{"predicate":{"custom_model_data":8},"model":"s/a/6_1"},
{"predicate":{"custom_model_data":9},"model":"s/a/7_1"},
{"predicate":{"custom_model_data":10},"model":"s/a/8_1"},
{"predicate":{"custom_model_data":11},"model":"s/a/9_1"},
{"predicate":{"custom_model_data":12},"model":"s/a/10_1"},
{"predicate":{"custom_model_data":13},"model":"s/a/11_1"},
{"predicate":{"custom_model_data":14},"model":"s/a/12_1"},
{"predicate":{"custom_model_data":15},"model":"s/a/13_1"}
]}