{"parent": "minecraft:item/handheld","textures":{"layer0": "minecraft:item/netherite_sword"},"overrides":[
{"predicate":{"custom_model_data":1},"model":"s/n_s/1"},
{"predicate":{"custom_model_data":2},"model":"s/n_s/2"},
{"predicate":{"custom_model_data":3},"model":"s/n_s/3"},
{"predicate":{"custom_model_data":4},"model":"s/n_s/4"},
{"predicate":{"custom_model_data":5},"model":"s/n_s/5"},
{"predicate":{"custom_model_data":6},"model":"s/n_s/6"},
{"predicate":{"custom_model_data":7},"model":"s/n_s/7"},
{"predicate":{"custom_model_data":8},"model":"s/n_s/8"},
{"predicate":{"custom_model_data":9},"model":"s/n_s/9"},
{"predicate":{"custom_model_data":10},"model":"s/n_s/10"},
{"predicate":{"custom_model_data":11},"model":"s/n_s/11"},
{"predicate":{"custom_model_data":12},"model":"s/n_s/12"},
{"predicate":{"custom_model_data":13},"model":"s/n_s/13"}
]}