{"textures":{"0":"modelengine:entity/medusa"},"elements":[{"from":[7.142857,7.428571,5.714286],"to":[8.857143,8.571428,8.0],"rotation":{"angle":0.0,"axis":"y","origin":[8.0,8.0,8.0]},"faces":{"east":{"uv":[12.625,3.375,12.125,3.625],"rotation":0,"texture":"#0","tintindex":0},"south":{"uv":[12.625,1.125,12.25,1.375],"rotation":0,"texture":"#0","tintindex":0},"north":{"uv":[12.625,0.875,12.25,1.125],"rotation":0,"texture":"#0","tintindex":0},"west":{"uv":[10.375,4.625,9.875,4.875],"rotation":0,"texture":"#0","tintindex":0},"up":{"uv":[12.125,0.5,12.5,0.0],"rotation":0,"texture":"#0","tintindex":0},"down":{"uv":[1.375,12.125,1.75,12.625],"rotation":0,"texture":"#0","tintindex":0}}}],"display":{"head":{"translation":[0.0,-6.4,0.0],"scale":[4.0,4.0,4.0]}}}