{"textures":{"0":"modelengine:entity/capybara"},"elements":[{"from":[5.714286,8.0,9.985714],"to":[6.857143,9.714286,11.1285715],"rotation":{"angle":0.0,"axis":"y","origin":[6.285714,8.0,9.985714]},"faces":{"east":{"uv":[6.0,9.25,6.5,10.0],"rotation":0,"texture":"#0","tintindex":0},"south":{"uv":[7.5,9.25,8.0,10.0],"rotation":0,"texture":"#0","tintindex":0},"north":{"uv":[6.5,9.25,7.0,10.0],"rotation":0,"texture":"#0","tintindex":0},"west":{"uv":[7.0,9.25,7.5,10.0],"rotation":0,"texture":"#0","tintindex":0},"up":{"uv":[7.0,9.25,6.5,8.75],"rotation":0,"texture":"#0","tintindex":0},"down":{"uv":[7.5,8.75,7.0,9.25],"rotation":0,"texture":"#0","tintindex":0}}}],"display":{"head":{"translation":[0.0,-6.4,0.0],"scale":[4.0,4.0,4.0]}}}