{"textures":{"0":"modelengine:entity/capybara"},"elements":[{"from":[6.857143,8.0,7.428571],"to":[8.571428,10.857143,9.142858],"rotation":{"angle":0.0,"axis":"y","origin":[8.0,8.0,7.428571]},"faces":{"east":{"uv":[3.0,8.5,3.75,9.75],"rotation":0,"texture":"#0","tintindex":0},"south":{"uv":[5.25,8.5,6.0,9.75],"rotation":0,"texture":"#0","tintindex":0},"north":{"uv":[3.75,8.5,4.5,9.75],"rotation":0,"texture":"#0","tintindex":0},"west":{"uv":[4.5,8.5,5.25,9.75],"rotation":0,"texture":"#0","tintindex":0},"up":{"uv":[4.5,8.5,3.75,7.75],"rotation":0,"texture":"#0","tintindex":0},"down":{"uv":[5.25,7.75,4.5,8.5],"rotation":0,"texture":"#0","tintindex":0}}}],"display":{"head":{"translation":[0.0,-6.4,0.0],"scale":[4.0,4.0,4.0]}}}