{"textures":{"0":"modelengine:entity/capybara"},"elements":[{"from":[9.142858,10.542857,4.928571],"to":[10.285714,12.257143,6.357143],"rotation":{"angle":0.0,"axis":"y","origin":[9.142858,10.542857,5.642857]},"faces":{"east":{"uv":[8.5,5.75,9.0,6.5],"rotation":0,"texture":"#0","tintindex":0},"south":{"uv":[10.0,5.75,10.5,6.5],"rotation":0,"texture":"#0","tintindex":0},"north":{"uv":[9.0,5.75,9.5,6.5],"rotation":0,"texture":"#0","tintindex":0},"west":{"uv":[9.5,5.75,10.0,6.5],"rotation":0,"texture":"#0","tintindex":0},"up":{"uv":[9.5,5.75,9.0,5.25],"rotation":0,"texture":"#0","tintindex":0},"down":{"uv":[10.0,5.25,9.5,5.75],"rotation":0,"texture":"#0","tintindex":0}}}],"display":{"head":{"translation":[0.0,-6.4,0.0],"scale":[4.0,4.0,4.0]}}}