{"ambientocclusion":false,"credit":"Made with Blockbench","elements":[{"faces":{"down":{"cullface":"down","texture":"#bottom","uv":[1,1,15,15]},"up":{"cullface":"up","texture":"#top","uv":[1,1,15,15]}},"from":[1,0,1],"name":"stem_top","to":[15,16,15]},{"faces":{"north":{"texture":"#side","uv":[1,0,15,16]},"south":{"texture":"#side","uv":[1,0,15,16]}},"from":[1,0,2],"name":"stem_side","rotation":{"angle":0,"axis":"y","origin":[8,8,7]},"to":[15,16,14]},{"faces":{"east":{"texture":"#arm","uv":[1,0,15,16]},"west":{"texture":"#arm","uv":[1,0,15,16]}},"from":[2,0,1],"name":"stem_side","rotation":{"angle":0,"axis":"y","origin":[7,8,8]},"to":[14,16,15]},{"faces":{"east":{"texture":"#arm_side","uv":[0,0,6,11]},"west":{"texture":"#arm_side","uv":[0,0,6,11]}},"from":[17,5,5],"rotation":{"angle":0,"axis":"y","origin":[8,9,8]},"to":[21,16,11]},{"faces":{"down":{"rotation":180,"texture":"#arm_side","uv":[4,11,7,15]},"north":{"texture":"#arm_side","uv":[4,11,7,15]},"south":{"rotation":180,"texture":"#arm_side","uv":[4,11,7,15]},"up":{"rotation":180,"texture":"#arm_side","uv":[4,11,7,15]}},"from":[14,5,6],"rotation":{"angle":0,"axis":"y","origin":[8,9,8]},"to":[17,9,10]},{"faces":{"down":{"rotation":270,"texture":"#arm_side","uv":[12,10,16,16]},"north":{"texture":"#arm_side","uv":[6,0,12,11]},"south":{"texture":"#arm_side","uv":[12,0,6,11]},"up":{"rotation":90,"texture":"#arm_side","uv":[12,10,16,16]}},"from":[16,5,6],"rotation":{"angle":0,"axis":"y","origin":[8,9,8]},"to":[22,16,10]},{"faces":{"east":{"texture":"#arm_side","uv":[0,0,6,11]},"west":{"texture":"#arm_side","uv":[0,0,6,11]}},"from":[-5,2,5],"rotation":{"angle":0,"axis":"y","origin":[8,6,8]},"to":[-1,13,11]},{"faces":{"down":{"texture":"#arm_side","uv":[4,11,7,15]},"north":{"rotation":180,"texture":"#arm_side","uv":[4,11,7,15]},"south":{"texture":"#arm_side","uv":[4,11,7,15]},"up":{"texture":"#arm_side","uv":[4,11,7,15]}},"from":[-1,2,6],"rotation":{"angle":0,"axis":"y","origin":[8,6,8]},"to":[2,6,10]},{"faces":{"down":{"rotation":90,"texture":"#arm_side","uv":[12,10,16,16]},"north":{"texture":"#arm_side","uv":[12,0,6,11]},"south":{"texture":"#arm_side","uv":[6,0,12,11]},"up":{"rotation":270,"texture":"#arm_side","uv":[12,10,16,16]}},"from":[-6,2,6],"rotation":{"angle":0,"axis":"y","origin":[8,6,8]},"to":[0,13,10]}],"groups":[0,1,2,{"children":[3,4,5],"name":"group","origin":[14,12,2]},{"children":[6,7,8],"name":"group","origin":[14,12,2]}],"textures":{"arm":"custom/misc_blocks/cactus/cactus_arm_side","arm_side":"custom/misc_blocks/cactus/cactus_arm","bottom":"custom/misc_blocks/cactus/cactus_bottom","particle":"custom/misc_blocks/cactus/cactus_side","side":"custom/misc_blocks/cactus/cactus_side","top":"custom/misc_blocks/cactus/cactus_top"}}