{
    "providers": [
        {   "type": "bitmap",
            "file": "minecraft:t/b.png",
            "ascent": 7,
            "chars": [
                "b"
            ]
        },
        {
            "type": "bitmap",
            "file": "minecraft:t/1.png",
            "ascent": 64,
            "height": 64,
            "chars": [
                "1"
            ]
        },
        {
            "type": "bitmap",
            "file": "minecraft:t/2.png",
            "ascent": 64,
            "height": 64,
            "chars": [
                "2"
            ]
        },
        {
            "type": "bitmap",
            "file": "minecraft:t/d.png",
            "ascent": 23,
            "height": 37,
            "chars": [
                "d"
            ]
        },
        {
            "type": "bitmap",
            "file": "minecraft:t/o.png",
            "ascent": 26,
            "height": 37,
            "chars": [
                "o"
            ]
        },
        {
            "type": "bitmap",
            "file": "minecraft:t/hi.png",
            "ascent": 14,
            "height": 20,
            "chars": [
                "h"
            ]
        },
        {
            "type": "bitmap",
            "file": "minecraft:t/c.png",
            "ascent": 13,
            "height": 20,
            "chars": [
                "c"
            ]
        },
        {
            "type": "bitmap",
            "file": "minecraft:t/a.png",
            "ascent": 13,
            "height": 20,
            "chars": [
                "a"
            ]
        },
        {
            "type": "bitmap",
            "file": "minecraft:t/e.png",
            "ascent": 10,
            "height": 20,
            "chars": [
                "e"
            ]
        },
        {
            "type": "bitmap",
            "file": "minecraft:t/g.png",
            "ascent": 24,
            "height": 40,
            "chars": [
                "g"
            ]
        },
        {
            "type": "bitmap",
            "file": "minecraft:t/n.png",
            "ascent": 24,
            "height": 40,
            "chars": [
                "n"
            ]
        },
        {
            "type": "bitmap",
            "file": "minecraft:t/m.png",
            "ascent": 24,
            "height": 40,
            "chars": [
                "m"
            ]
        },
        {
            "type": "bitmap",
            "file": "minecraft:t/i.png",
            "ascent": 24,
            "height": 40,
            "chars": [
                "i"
            ]
        },
        {
            "type": "bitmap",
            "file": "minecraft:t/z.png",
            "ascent": 25,
            "height": 40,
            "chars": [
                "wx",
                "yz",
                "uv",
                "st"
            ]
        },
        {
            "type": "bitmap",
            "file": "minecraft:t/f.png",
            "ascent": 24,
            "height": 40,
            "chars": [
                "f"
            ]
        },
        {
            "type": "bitmap",
            "file": "minecraft:t/r.png",
            "ascent": 24,
            "height": 40,
            "chars": [
                "r"
            ]
        },
        {
            "type": "bitmap",
            "file": "minecraft:t/j.png",
            "ascent": 24,
            "height": 40,
            "chars": [
                "j"
            ]
        },
        {
            "type": "bitmap",
            "file": "minecraft:t/k.png",
            "ascent": 24,
            "height": 40,
            "chars": [
                "k"
            ]
        },
        {
            "type": "bitmap",
            "file": "minecraft:t/3.png",
            "ascent": 24,
            "height": 40,
            "chars": [
                "3"
            ]
        },
        {
            "type": "bitmap",
            "file": "minecraft:t/4.png",
            "ascent": 24,
            "height": 40,
            "chars": [
                "4"
            ]
        },
        {
            "type": "bitmap",
            "file": "minecraft:t/5.png",
            "ascent": 24,
            "height": 40,
            "chars": [
                "5"
            ]
        }
    ]
}
