{"textures":{"1":"modelengine:entity/medusa_bow"},"elements":[{"from":[7.5824175,6.16296,5.8136077],"to":[8.153846,7.305817,9.813608],"rotation":{"angle":0.0,"axis":"y","origin":[-3.327855,6.7730284,11.383131]},"faces":{"east":{"uv":[6.5,4.0,8.25,4.5],"rotation":0,"texture":"#1","tintindex":0},"south":{"uv":[2.0,6.5,2.25,7.0],"rotation":0,"texture":"#1","tintindex":0},"north":{"uv":[2.0,6.0,2.25,6.5],"rotation":0,"texture":"#1","tintindex":0},"west":{"uv":[2.0,7.0,3.75,7.5],"rotation":0,"texture":"#1","tintindex":0},"up":{"uv":[6.75,9.0,6.5,7.25],"rotation":0,"texture":"#1","tintindex":0},"down":{"uv":[7.0,7.25,6.75,9.0],"rotation":0,"texture":"#1","tintindex":0}}},{"from":[8.725275,3.3058171,4.6707506],"to":[10.439561,7.877246,10.956465],"rotation":{"angle":0.0,"axis":"y","origin":[-3.327855,6.7730284,11.383131]},"faces":{"east":{"uv":[0.0,0.0,2.75,2.0],"rotation":0,"texture":"#1","tintindex":0},"south":{"uv":[2.25,5.0,3.0,7.0],"rotation":0,"texture":"#1","tintindex":0},"north":{"uv":[1.5,4.0,2.25,6.0],"rotation":0,"texture":"#1","tintindex":0},"west":{"uv":[0.0,2.0,2.75,4.0],"rotation":0,"texture":"#1","tintindex":0},"up":{"uv":[0.75,6.75,0.0,4.0],"rotation":0,"texture":"#1","tintindex":0},"down":{"uv":[1.5,4.0,0.75,6.75],"rotation":0,"texture":"#1","tintindex":0}}},{"from":[7.010989,5.5915313,1.8136077],"to":[8.725275,7.877246,5.8136077],"rotation":{"angle":0.0,"axis":"y","origin":[-3.327855,6.7730284,11.383131]},"faces":{"east":{"uv":[4.5,4.5,6.25,5.5],"rotation":0,"texture":"#1","tintindex":0},"south":{"uv":[5.0,7.25,5.75,8.25],"rotation":0,"texture":"#1","tintindex":0},"north":{"uv":[4.25,7.25,5.0,8.25],"rotation":0,"texture":"#1","tintindex":0},"west":{"uv":[4.75,0.0,6.5,1.0],"rotation":0,"texture":"#1","tintindex":0},"up":{"uv":[5.25,7.25,4.5,5.5],"rotation":0,"texture":"#1","tintindex":0},"down":{"uv":[6.0,5.5,5.25,7.25],"rotation":0,"texture":"#1","tintindex":0}}},{"from":[7.010989,6.043726,-1.6630507],"to":[8.725275,8.329441,2.9083776],"rotation":{"angle":22.5,"axis":"x","origin":[8.386431,8.56952,1.2243242]},"faces":{"east":{"uv":[4.5,2.5,6.5,3.5],"rotation":0,"texture":"#1","tintindex":0},"south":{"uv":[7.5,0.0,8.25,1.0],"rotation":0,"texture":"#1","tintindex":0},"north":{"uv":[5.75,7.25,6.5,8.25],"rotation":0,"texture":"#1","tintindex":0},"west":{"uv":[4.5,3.5,6.5,4.5],"rotation":0,"texture":"#1","tintindex":0},"up":{"uv":[3.75,7.0,3.0,5.0],"rotation":0,"texture":"#1","tintindex":0},"down":{"uv":[4.5,5.0,3.75,7.0],"rotation":0,"texture":"#1","tintindex":0}}},{"from":[7.010989,3.8772454,2.9564648],"to":[8.725275,5.5915313,4.6707506],"rotation":{"angle":0.0,"axis":"y","origin":[-3.327855,6.7730284,11.383131]},"faces":{"east":{"uv":[7.5,1.75,8.25,2.5],"rotation":0,"texture":"#1","tintindex":0},"south":{"uv":[2.0,7.5,2.75,8.25],"rotation":0,"texture":"#1","tintindex":0},"north":{"uv":[7.5,1.0,8.25,1.75],"rotation":0,"texture":"#1","tintindex":0},"west":{"uv":[7.5,2.5,8.25,3.25],"rotation":0,"texture":"#1","tintindex":0},"up":{"uv":[3.5,8.25,2.75,7.5],"rotation":0,"texture":"#1","tintindex":0},"down":{"uv":[8.25,3.25,7.5,4.0],"rotation":0,"texture":"#1","tintindex":0}}},{"from":[7.2967033,8.095376,-3.5390606],"to":[8.439561,9.809662,0.4609394],"rotation":{"angle":45.0,"axis":"x","origin":[8.386431,11.183498,-1.8851347]},"faces":{"east":{"uv":[6.0,5.5,7.75,6.25],"rotation":0,"texture":"#1","tintindex":0},"south":{"uv":[0.0,7.75,0.5,8.5],"rotation":0,"texture":"#1","tintindex":0},"north":{"uv":[7.5,7.0,8.0,7.75],"rotation":0,"texture":"#1","tintindex":0},"west":{"uv":[6.25,4.5,8.0,5.25],"rotation":0,"texture":"#1","tintindex":0},"up":{"uv":[4.25,8.75,3.75,7.0],"rotation":0,"texture":"#1","tintindex":0},"down":{"uv":[7.5,6.25,7.0,8.0],"rotation":0,"texture":"#1","tintindex":0}}},{"from":[6.7252746,7.5239477,-5.8247757],"to":[9.010989,9.809662,-3.5390606],"rotation":{"angle":45.0,"axis":"x","origin":[8.386431,11.183498,-1.8851347]},"faces":{"east":{"uv":[6.5,0.0,7.5,1.0],"rotation":0,"texture":"#1","tintindex":0},"south":{"uv":[6.5,1.0,7.5,2.0],"rotation":0,"texture":"#1","tintindex":0},"north":{"uv":[6.0,6.25,7.0,7.25],"rotation":0,"texture":"#1","tintindex":0},"west":{"uv":[6.5,2.0,7.5,3.0],"rotation":0,"texture":"#1","tintindex":0},"up":{"uv":[7.5,4.0,6.5,3.0],"rotation":0,"texture":"#1","tintindex":0},"down":{"uv":[1.0,6.75,0.0,7.75],"rotation":0,"texture":"#1","tintindex":0}}},{"from":[7.8681316,11.144858,-5.7403727],"to":[7.8681316,11.716287,20.545343],"rotation":{"angle":0.0,"axis":"y","origin":[8.386431,11.183498,-1.8851347]},"faces":{"east":{"uv":[0.0,9.0,11.5,9.25],"rotation":0,"texture":"#1","tintindex":0},"south":{"uv":[0.25,10.0,0.25,10.25],"rotation":0,"texture":"#1","tintindex":0},"north":{"uv":[4.0,12.5,4.0,12.75],"rotation":0,"texture":"#1","tintindex":0},"west":{"uv":[0.0,9.0,11.5,9.25],"rotation":0,"texture":"#1","tintindex":0},"up":{"uv":[14.0,13.5,14.0,2.0],"rotation":0,"texture":"#1","tintindex":0},"down":{"uv":[13.5,3.75,13.75,15.25],"rotation":0,"texture":"#1","tintindex":0}}},{"from":[7.010989,5.5915313,9.813608],"to":[8.725275,7.877246,13.813608],"rotation":{"angle":0.0,"axis":"y","origin":[-3.327855,6.7730284,8.525988]},"faces":{"east":{"uv":[6.25,4.5,4.5,5.5],"rotation":0,"texture":"#1","tintindex":0},"south":{"uv":[5.0,7.25,4.25,8.25],"rotation":0,"texture":"#1","tintindex":0},"north":{"uv":[5.75,7.25,5.0,8.25],"rotation":0,"texture":"#1","tintindex":0},"west":{"uv":[6.5,0.0,4.75,1.0],"rotation":0,"texture":"#1","tintindex":0},"up":{"uv":[5.25,5.5,4.5,7.25],"rotation":0,"texture":"#1","tintindex":0},"down":{"uv":[6.0,7.25,5.25,5.5],"rotation":0,"texture":"#1","tintindex":0}}},{"from":[7.010989,7.6823397,13.044779],"to":[8.725275,9.968054,17.616207],"rotation":{"angle":-22.5,"axis":"x","origin":[8.386431,8.56952,18.684795]},"faces":{"east":{"uv":[6.5,2.5,4.5,3.5],"rotation":0,"texture":"#1","tintindex":0},"south":{"uv":[6.5,7.25,5.75,8.25],"rotation":0,"texture":"#1","tintindex":0},"north":{"uv":[8.25,0.0,7.5,1.0],"rotation":0,"texture":"#1","tintindex":0},"west":{"uv":[6.5,3.5,4.5,4.5],"rotation":0,"texture":"#1","tintindex":0},"up":{"uv":[3.75,5.0,3.0,7.0],"rotation":0,"texture":"#1","tintindex":0},"down":{"uv":[4.5,7.0,3.75,5.0],"rotation":0,"texture":"#1","tintindex":0}}},{"from":[7.010989,3.8772454,10.956465],"to":[8.725275,5.5915313,12.670752],"rotation":{"angle":0.0,"axis":"y","origin":[-3.327855,6.7730284,8.525988]},"faces":{"east":{"uv":[8.25,1.75,7.5,2.5],"rotation":0,"texture":"#1","tintindex":0},"south":{"uv":[8.25,1.0,7.5,1.75],"rotation":0,"texture":"#1","tintindex":0},"north":{"uv":[2.75,7.5,2.0,8.25],"rotation":0,"texture":"#1","tintindex":0},"west":{"uv":[8.25,2.5,7.5,3.25],"rotation":0,"texture":"#1","tintindex":0},"up":{"uv":[3.5,7.5,2.75,8.25],"rotation":0,"texture":"#1","tintindex":0},"down":{"uv":[8.25,4.0,7.5,3.25],"rotation":0,"texture":"#1","tintindex":0}}},{"from":[7.2967033,11.123138,16.420418],"to":[8.439561,12.837424,20.420418],"rotation":{"angle":-45.0,"axis":"x","origin":[8.386431,11.183498,21.794254]},"faces":{"east":{"uv":[7.75,5.5,6.0,6.25],"rotation":0,"texture":"#1","tintindex":0},"south":{"uv":[8.0,7.0,7.5,7.75],"rotation":0,"texture":"#1","tintindex":0},"north":{"uv":[0.5,7.75,0.0,8.5],"rotation":0,"texture":"#1","tintindex":0},"west":{"uv":[8.0,4.5,6.25,5.25],"rotation":0,"texture":"#1","tintindex":0},"up":{"uv":[4.25,7.0,3.75,8.75],"rotation":0,"texture":"#1","tintindex":0},"down":{"uv":[7.5,8.0,7.0,6.25],"rotation":0,"texture":"#1","tintindex":0}}},{"from":[6.7252746,10.55171,20.420418],"to":[9.010989,12.837424,22.706131],"rotation":{"angle":-45.0,"axis":"x","origin":[8.386431,11.183498,21.794254]},"faces":{"east":{"uv":[7.5,0.0,6.5,1.0],"rotation":0,"texture":"#1","tintindex":0},"south":{"uv":[7.0,6.25,6.0,7.25],"rotation":0,"texture":"#1","tintindex":0},"north":{"uv":[7.5,1.0,6.5,2.0],"rotation":0,"texture":"#1","tintindex":0},"west":{"uv":[7.5,2.0,6.5,3.0],"rotation":0,"texture":"#1","tintindex":0},"up":{"uv":[7.5,3.0,6.5,4.0],"rotation":0,"texture":"#1","tintindex":0},"down":{"uv":[1.0,7.75,0.0,6.75],"rotation":0,"texture":"#1","tintindex":0}}}],"display":{"head":{"translation":[0.0,-6.4,0.0],"scale":[4.0,4.0,4.0]}}}