{"textures":{"0":"modelengine:entity/medusa"},"elements":[{"from":[6.8285713,3.4285712,8.0],"to":[10.257143,8.0,10.285714],"rotation":{"angle":0.0,"axis":"y","origin":[9.714286,11.428572,10.285714]},"faces":{"east":{"uv":[4.125,10.875,4.625,11.875],"rotation":0,"texture":"#0","tintindex":0},"south":{"uv":[10.375,5.875,11.125,6.875],"rotation":0,"texture":"#0","tintindex":0},"north":{"uv":[2.125,10.25,2.875,11.25],"rotation":0,"texture":"#0","tintindex":0},"west":{"uv":[6.25,11.0,6.75,12.0],"rotation":0,"texture":"#0","tintindex":0},"up":{"uv":[11.125,11.875,10.375,11.375],"rotation":0,"texture":"#0","tintindex":0},"down":{"uv":[11.875,11.375,11.125,11.875],"rotation":0,"texture":"#0","tintindex":0}}}],"display":{"head":{"translation":[0.0,-6.4,0.0],"scale":[4.0,4.0,4.0]}}}