{
  "__comment": "JimStoneCraft - 2016",
  "multipart": [
    {
      "apply": {
        "model": "block/block_fence_wood_post"
      }
    },
    {
      "when": {
        "north": "true"
      },
      "apply": {
        "model": "block/block_fence_wood_side",
        "uvlock": false
      }
    },
    {
      "when": {
        "east": "true"
      },
      "apply": {
        "model": "block/block_fence_wood_side",
        "y": 90,
        "uvlock": false
      }
    },
    {
      "when": {
        "south": "true"
      },
      "apply": {
        "model": "block/block_fence_wood_side",
        "y": 180,
        "uvlock": false
      }
    },
    {
      "when": {
        "west": "true"
      },
      "apply": {
        "model": "block/block_fence_wood_side",
        "y": 270,
        "uvlock": false
      }
    }
  ]
}
