{
  "variants": {
    "power=0": {
      "model": "block/heavy_weighted_pressure_plate"
    },
    "power=1": {
      "model": "block/decor_plate_nw"
    },
    "power=2": {
      "model": "block/decor_plate_nw",
      "y": 180
    },
    "power=3": {
      "model": "block/decor_plate_nw",
      "y": 90
    },
    "power=4": {
      "model": "block/decor_plate",
      "y": 0
    },
    "power=5": {
      "model": "block/decor_plate",
      "y": 90
    },
    "power=6": {
      "model": "block/decor_plate",
      "y": 180
    },
    "power=7": {
      "model": "block/decor_plate",
      "y": 270
    },
    "power=8": {
      "model": "block/decor_plate_nw",
      "y": 270
    },
    "power=9": {
      "model": "block/heavy_weighted_pressure_plate_down"
    },
    "power=10": {
      "model": "block/heavy_weighted_pressure_plate_down"
    },
    "power=11": {
      "model": "block/heavy_weighted_pressure_plate_down"
    },
    "power=12": {
      "model": "block/heavy_weighted_pressure_plate_down"
    },
    "power=13": {
      "model": "block/heavy_weighted_pressure_plate_down"
    },
    "power=14": {
      "model": "block/heavy_weighted_pressure_plate_down"
    },
    "power=15": [
      {
        "model": "block/decor_newspaperstack"
      },
      {
        "model": "block/decor_newspaperstack",
        "y": 90
      },
      {
        "model": "block/decor_newspaperstack",
        "y": 180
      },
      {
        "model": "block/decor_newspaperstack",
        "y": 270
      },
      {
        "model": "block/decor_newspaperstack1"
      },
      {
        "model": "block/decor_newspaperstack1",
        "y": 90
      },
      {
        "model": "block/decor_newspaperstack1",
        "y": 180
      },
      {
        "model": "block/decor_newspaperstack1",
        "y": 270
      },
      {
        "model": "block/decor_newspaperstack2"
      },
      {
        "model": "block/decor_newspaperstack2",
        "y": 90
      },
      {
        "model": "block/decor_newspaperstack2",
        "y": 180
      },
      {
        "model": "block/decor_newspaperstack2",
        "y": 270
      },
      {
        "model": "block/decor_newspaperstack3"
      },
      {
        "model": "block/decor_newspaperstack3",
        "y": 90
      },
      {
        "model": "block/decor_newspaperstack3",
        "y": 180
      },
      {
        "model": "block/decor_newspaperstack3",
        "y": 270
      },
      {
        "model": "block/decor_newspaperstack4"
      },
      {
        "model": "block/decor_newspaperstack4",
        "y": 90
      },
      {
        "model": "block/decor_newspaperstack4",
        "y": 180
      },
      {
        "model": "block/decor_newspaperstack4",
        "y": 270
      },
      {
        "model": "block/decor_newspaperstack5"
      },
      {
        "model": "block/decor_newspaperstack5",
        "y": 90
      },
      {
        "model": "block/decor_newspaperstack5",
        "y": 180
      },
      {
        "model": "block/decor_newspaperstack5",
        "y": 270
      }
    ]
  }
}
