{"textures":{"0":"modelengine:entity/beast"},"elements":[{"from":[4.5714283,13.714286,4.5714283],"to":[11.428572,18.285715,16.0],"rotation":{"angle":22.5,"axis":"x","origin":[8.0,8.0,-11.428572]},"faces":{"east":{"uv":[5.0,5.0,6.25,5.5],"rotation":0,"texture":"#0","tintindex":0},"south":{"uv":[3.5,6.125,4.25,6.625],"rotation":0,"texture":"#0","tintindex":0},"north":{"uv":[2.25,1.125,3.0,1.625],"rotation":0,"texture":"#0","tintindex":0},"west":{"uv":[0.0,5.3125,1.25,5.8125],"rotation":0,"texture":"#0","tintindex":0},"up":{"uv":[5.0,4.25,4.25,3.0],"rotation":0,"texture":"#0","tintindex":0},"down":{"uv":[5.0,4.25,4.25,5.5],"rotation":0,"texture":"#0","tintindex":0}}}],"display":{"head":{"translation":[0.0,-6.4,0.0],"scale":[4.0,4.0,4.0]}}}