{"credit":"Made with Blockbench","display":{"firstperson_lefthand":{"rotation":[0,128,0],"translation":[5.25,3,-3.25]},"firstperson_righthand":{"rotation":[0,128,0],"translation":[5.25,3,-3.25]},"ground":{"scale":[0.4,0.4,0.4],"translation":[0,5,0]},"gui":{"rotation":[30,135,0],"translation":[0,1.25,0]},"head":{"scale":[1.9,1.9,1.9],"translation":[0,2,0]},"thirdperson_lefthand":{"rotation":[48,50,0],"scale":[0.4,0.4,0.4],"translation":[0,0.75,-0.5]},"thirdperson_righthand":{"rotation":[48,50,0],"scale":[0.4,0.4,0.4],"translation":[0,0.75,-0.5]}},"elements":[{"faces":{"east":{"texture":"#0","uv":[8,4,4,9.5]},"north":{"texture":"#0","uv":[0,4,4,9.5]},"south":{"texture":"#0","uv":[12,4,8,9.5]},"up":{"texture":"#0","uv":[0,0,4,4]},"west":{"texture":"#0","uv":[4,4,8,9.5]}},"from":[3.75,-0.25,3.75],"to":[12.25,11.25,12.25]},{"faces":{"down":{"texture":"#0","uv":[4,0,0,4]},"east":{"rotation":180,"texture":"#0","uv":[8,4,4,9.5]},"north":{"rotation":180,"texture":"#0","uv":[8,4,12,9.5]},"south":{"rotation":180,"texture":"#0","uv":[0,4,4,9.5]},"west":{"rotation":180,"texture":"#0","uv":[4,4,8,9.5]}},"from":[12.25,11.25,12.25],"to":[3.75,-0.25,3.75]},{"faces":{"east":{"texture":"#0","uv":[8,0,12,4]},"north":{"texture":"#0","uv":[4,0,8,4]},"south":{"texture":"#0","uv":[8,0,12,4]},"up":{"texture":"#0","uv":[4,0,4.5,0.5]},"west":{"texture":"#0","uv":[8,0,12,4]}},"from":[4,3,4],"to":[12,11,12]},{"faces":{"down":{"texture":"#0","uv":[4,0,4.5,0.5]},"east":{"rotation":180,"texture":"#0","uv":[8,0,12,4]},"north":{"rotation":180,"texture":"#0","uv":[8,0,12,4]},"south":{"rotation":180,"texture":"#0","uv":[4,0,8,4]},"west":{"rotation":180,"texture":"#0","uv":[8,0,12,4]}},"from":[12,11,12],"to":[4,3,4]}],"textures":{"0":"custom/custom_gear/shadow_gear/shadow_cap","particle":"custom/custom_gear/shadow_gear/shadow_cap"}}