{"textures":{"0":"modelengine:entity/medusa_snakehead"},"elements":[{"from":[4.285714,3.5889559,-5.0466413],"to":[6.5714283,5.87467,-4.475213],"rotation":{"angle":22.5,"axis":"x","origin":[5.428571,10.198719,8.437352]},"faces":{"east":{"uv":[5.875,1.0,5.75,1.5],"rotation":0,"texture":"#0","tintindex":0},"south":{"uv":[8.625,8.25,8.125,8.75],"rotation":0,"texture":"#0","tintindex":0},"north":{"uv":[8.125,8.25,7.625,8.75],"rotation":0,"texture":"#0","tintindex":0},"west":{"uv":[2.25,5.375,2.125,5.875],"rotation":0,"texture":"#0","tintindex":0},"up":{"uv":[3.0,2.875,3.5,2.75],"rotation":0,"texture":"#0","tintindex":0},"down":{"uv":[3.5,2.75,4.0,2.875],"rotation":0,"texture":"#0","tintindex":0}}},{"from":[3.7142854,6.966481,-6.5496798],"to":[12.857143,9.252195,0.3074627],"rotation":{"angle":0.0,"axis":"y","origin":[8.285714,6.966481,0.878891]},"faces":{"east":{"uv":[7.25,0.5,8.75,1.0],"rotation":0,"texture":"#0","tintindex":0},"south":{"uv":[7.125,6.25,9.125,6.75],"rotation":0,"texture":"#0","tintindex":0},"north":{"uv":[7.125,5.75,9.125,6.25],"rotation":0,"texture":"#0","tintindex":0},"west":{"uv":[7.125,7.25,8.625,7.75],"rotation":0,"texture":"#0","tintindex":0},"up":{"uv":[2.0,4.375,0.0,2.875],"rotation":0,"texture":"#0","tintindex":0},"down":{"uv":[4.0,2.875,2.0,4.375],"rotation":0,"texture":"#0","tintindex":0}}},{"from":[3.7142854,5.8236237,0.3074627],"to":[12.857143,9.252195,7.1646056],"rotation":{"angle":0.0,"axis":"y","origin":[8.285714,6.966481,0.878891]},"faces":{"east":{"uv":[7.125,2.5,8.625,3.25],"rotation":0,"texture":"#0","tintindex":0},"south":{"uv":[6.0,1.75,8.0,2.5],"rotation":0,"texture":"#0","tintindex":0},"north":{"uv":[6.0,1.0,8.0,1.75],"rotation":0,"texture":"#0","tintindex":0},"west":{"uv":[7.125,3.25,8.625,4.0],"rotation":0,"texture":"#0","tintindex":0},"up":{"uv":[5.0,1.5,3.0,0.0],"rotation":0,"texture":"#0","tintindex":0},"down":{"uv":[6.0,1.5,4.0,3.0],"rotation":0,"texture":"#0","tintindex":0}}},{"from":[5.142857,5.8236237,5.4503202],"to":[11.428572,12.680767,9.45032],"rotation":{"angle":0.0,"axis":"y","origin":[8.285714,6.966481,0.878891]},"faces":{"east":{"uv":[2.125,6.0,3.0,7.5],"rotation":0,"texture":"#0","tintindex":0},"south":{"uv":[5.75,5.5,7.125,7.0],"rotation":0,"texture":"#0","tintindex":0},"north":{"uv":[4.375,5.5,5.75,7.0],"rotation":0,"texture":"#0","tintindex":0},"west":{"uv":[6.25,2.5,7.125,4.0],"rotation":0,"texture":"#0","tintindex":0},"up":{"uv":[5.75,7.875,4.375,7.0],"rotation":0,"texture":"#0","tintindex":0},"down":{"uv":[7.125,7.0,5.75,7.875],"rotation":0,"texture":"#0","tintindex":0}}},{"from":[8.857143,6.4138117,-6.439748],"to":[12.285715,7.5566688,-3.5826054],"rotation":{"angle":-22.5,"axis":"x","origin":[11.142858,6.9852405,-5.011176]},"faces":{"east":{"uv":[8.625,2.5,9.25,2.75],"rotation":0,"texture":"#0","tintindex":0},"south":{"uv":[2.625,8.5,3.375,8.75],"rotation":0,"texture":"#0","tintindex":0},"north":{"uv":[3.0,2.5,3.75,2.75],"rotation":0,"texture":"#0","tintindex":0},"west":{"uv":[8.625,2.75,9.25,3.0],"rotation":0,"texture":"#0","tintindex":0},"up":{"uv":[0.75,8.625,0.0,8.0],"rotation":0,"texture":"#0","tintindex":0},"down":{"uv":[8.75,1.375,8.0,2.0],"rotation":0,"texture":"#0","tintindex":0}}},{"from":[9.428572,3.3824358,-5.8936424],"to":[11.714286,7.3824363,-3.6079283],"rotation":{"angle":0.0,"axis":"y","origin":[10.571428,3.6565347,-4.45399]},"faces":{"east":{"uv":[1.25,8.25,1.75,9.125],"rotation":0,"texture":"#0","tintindex":0},"south":{"uv":[5.625,8.25,6.125,9.125],"rotation":0,"texture":"#0","tintindex":0},"north":{"uv":[0.75,8.0,1.25,8.875],"rotation":0,"texture":"#0","tintindex":0},"west":{"uv":[6.125,8.25,6.625,9.125],"rotation":0,"texture":"#0","tintindex":0},"up":{"uv":[8.875,8.25,8.375,7.75],"rotation":0,"texture":"#0","tintindex":0},"down":{"uv":[2.625,8.5,2.125,9.0],"rotation":0,"texture":"#0","tintindex":0}}},{"from":[10.0,0.8349018,-6.0347824],"to":[11.142858,4.2634735,-4.3204966],"rotation":{"angle":-45.0,"axis":"x","origin":[11.142858,3.9933252,-4.9007053]},"faces":{"east":{"uv":[3.625,4.375,4.0,5.125],"rotation":0,"texture":"#0","tintindex":0},"south":{"uv":[0.0,8.625,0.25,9.375],"rotation":0,"texture":"#0","tintindex":0},"north":{"uv":[3.75,1.5,4.0,2.25],"rotation":0,"texture":"#0","tintindex":0},"west":{"uv":[1.75,8.25,2.125,9.0],"rotation":0,"texture":"#0","tintindex":0},"up":{"uv":[4.0,2.625,3.75,2.25],"rotation":0,"texture":"#0","tintindex":0},"down":{"uv":[3.875,5.125,3.625,5.5],"rotation":0,"texture":"#0","tintindex":0}}},{"from":[10.571428,-0.30795574,-6.0347824],"to":[10.571428,0.8349018,-4.891925],"rotation":{"angle":-45.0,"axis":"x","origin":[11.142858,3.9933252,-4.9007053]},"faces":{"east":{"uv":[6.0,2.5,6.25,2.75],"rotation":0,"texture":"#0","tintindex":0},"south":{"uv":[0.0,0.0,0.0,0.25],"rotation":0,"texture":"#0","tintindex":0},"north":{"uv":[0.0,0.0,0.0,0.25],"rotation":0,"texture":"#0","tintindex":0},"west":{"uv":[6.0,2.75,6.25,3.0],"rotation":0,"texture":"#0","tintindex":0},"up":{"uv":[0.0,0.25,0.0,0.0],"rotation":0,"texture":"#0","tintindex":0},"down":{"uv":[0.0,0.0,0.0,0.25],"rotation":0,"texture":"#0","tintindex":0}}},{"from":[4.285714,6.4138117,-6.439748],"to":[7.714286,7.5566688,-3.5826054],"rotation":{"angle":-22.5,"axis":"x","origin":[5.428571,6.9852405,-5.011176]},"faces":{"east":{"uv":[9.25,2.75,8.625,3.0],"rotation":0,"texture":"#0","tintindex":0},"south":{"uv":[3.375,8.5,2.625,8.75],"rotation":0,"texture":"#0","tintindex":0},"north":{"uv":[3.75,2.5,3.0,2.75],"rotation":0,"texture":"#0","tintindex":0},"west":{"uv":[9.25,2.5,8.625,2.75],"rotation":0,"texture":"#0","tintindex":0},"up":{"uv":[0.0,8.625,0.75,8.0],"rotation":0,"texture":"#0","tintindex":0},"down":{"uv":[8.0,1.375,8.75,2.0],"rotation":0,"texture":"#0","tintindex":0}}},{"from":[4.8571424,3.3824358,-5.8936424],"to":[7.142857,7.3824363,-3.6079283],"rotation":{"angle":0.0,"axis":"y","origin":[6.0,3.6565347,-4.45399]},"faces":{"east":{"uv":[6.625,8.25,6.125,9.125],"rotation":0,"texture":"#0","tintindex":0},"south":{"uv":[6.125,8.25,5.625,9.125],"rotation":0,"texture":"#0","tintindex":0},"north":{"uv":[1.25,8.0,0.75,8.875],"rotation":0,"texture":"#0","tintindex":0},"west":{"uv":[1.75,8.25,1.25,9.125],"rotation":0,"texture":"#0","tintindex":0},"up":{"uv":[8.375,8.25,8.875,7.75],"rotation":0,"texture":"#0","tintindex":0},"down":{"uv":[2.125,8.5,2.625,9.0],"rotation":0,"texture":"#0","tintindex":0}}},{"from":[5.428571,0.8349018,-6.0347824],"to":[6.5714283,4.2634735,-4.3204966],"rotation":{"angle":-45.0,"axis":"x","origin":[5.428571,3.9933252,-4.9007053]},"faces":{"east":{"uv":[2.125,8.25,1.75,9.0],"rotation":0,"texture":"#0","tintindex":0},"south":{"uv":[0.25,8.625,0.0,9.375],"rotation":0,"texture":"#0","tintindex":0},"north":{"uv":[4.0,1.5,3.75,2.25],"rotation":0,"texture":"#0","tintindex":0},"west":{"uv":[4.0,4.375,3.625,5.125],"rotation":0,"texture":"#0","tintindex":0},"up":{"uv":[3.75,2.625,4.0,2.25],"rotation":0,"texture":"#0","tintindex":0},"down":{"uv":[3.625,5.125,3.875,5.5],"rotation":0,"texture":"#0","tintindex":0}}},{"from":[6.0,-0.30795574,-6.0347824],"to":[6.0,0.8349018,-4.891925],"rotation":{"angle":-45.0,"axis":"x","origin":[5.428571,3.9933252,-4.9007053]},"faces":{"east":{"uv":[6.25,2.75,6.0,3.0],"rotation":0,"texture":"#0","tintindex":0},"south":{"uv":[0.0,0.0,0.0,0.25],"rotation":0,"texture":"#0","tintindex":0},"north":{"uv":[0.0,0.0,0.0,0.25],"rotation":0,"texture":"#0","tintindex":0},"west":{"uv":[6.25,2.5,6.0,2.75],"rotation":0,"texture":"#0","tintindex":0},"up":{"uv":[0.0,0.25,0.0,0.0],"rotation":0,"texture":"#0","tintindex":0},"down":{"uv":[0.0,0.0,0.0,0.25],"rotation":0,"texture":"#0","tintindex":0}}},{"from":[5.428571,9.252195,-1.9782515],"to":[11.714286,11.5379095,5.4503202],"rotation":{"angle":0.0,"axis":"y","origin":[8.285714,6.966481,0.878891]},"faces":{"east":{"uv":[7.125,6.75,8.75,7.25],"rotation":0,"texture":"#0","tintindex":0},"south":{"uv":[7.5,4.5,8.875,5.0],"rotation":0,"texture":"#0","tintindex":0},"north":{"uv":[7.5,4.0,8.875,4.5],"rotation":0,"texture":"#0","tintindex":0},"west":{"uv":[7.25,0.0,8.875,0.5],"rotation":0,"texture":"#0","tintindex":0},"up":{"uv":[3.625,6.0,2.25,4.375],"rotation":0,"texture":"#0","tintindex":0},"down":{"uv":[1.375,5.375,0.0,7.0],"rotation":0,"texture":"#0","tintindex":0}}},{"from":[10.0,10.823624,-2.5496798],"to":[12.285715,13.109339,3.1646056],"rotation":{"angle":-22.5,"axis":"x","origin":[11.142858,11.5379095,1.7360339]},"faces":{"east":{"uv":[7.125,7.75,8.375,8.25],"rotation":0,"texture":"#0","tintindex":0},"south":{"uv":[4.0,8.375,4.5,8.875],"rotation":0,"texture":"#0","tintindex":0},"north":{"uv":[3.5,8.375,4.0,8.875],"rotation":0,"texture":"#0","tintindex":0},"west":{"uv":[4.375,7.875,5.625,8.375],"rotation":0,"texture":"#0","tintindex":0},"up":{"uv":[3.5,7.25,3.0,6.0],"rotation":0,"texture":"#0","tintindex":0},"down":{"uv":[3.5,7.25,3.0,8.5],"rotation":0,"texture":"#0","tintindex":0}}},{"from":[10.0,11.250696,2.4545026],"to":[12.285715,13.536411,5.883074],"rotation":{"angle":0.0,"axis":"y","origin":[11.142858,11.964982,6.7402167]},"faces":{"east":{"uv":[5.0,1.0,5.75,1.5],"rotation":0,"texture":"#0","tintindex":0},"south":{"uv":[5.0,8.375,5.5,8.875],"rotation":0,"texture":"#0","tintindex":0},"north":{"uv":[4.5,8.375,5.0,8.875],"rotation":0,"texture":"#0","tintindex":0},"west":{"uv":[8.0,2.0,8.75,2.5],"rotation":0,"texture":"#0","tintindex":0},"up":{"uv":[7.125,9.0,6.625,8.25],"rotation":0,"texture":"#0","tintindex":0},"down":{"uv":[7.625,8.25,7.125,9.0],"rotation":0,"texture":"#0","tintindex":0}}},{"from":[4.285714,10.823624,-2.5496798],"to":[6.5714283,13.109339,3.1646056],"rotation":{"angle":-22.5,"axis":"x","origin":[5.428571,11.5379095,1.7360339]},"faces":{"east":{"uv":[5.625,7.875,4.375,8.375],"rotation":0,"texture":"#0","tintindex":0},"south":{"uv":[4.5,8.375,4.0,8.875],"rotation":0,"texture":"#0","tintindex":0},"north":{"uv":[4.0,8.375,3.5,8.875],"rotation":0,"texture":"#0","tintindex":0},"west":{"uv":[8.375,7.75,7.125,8.25],"rotation":0,"texture":"#0","tintindex":0},"up":{"uv":[3.0,7.25,3.5,6.0],"rotation":0,"texture":"#0","tintindex":0},"down":{"uv":[3.0,7.25,3.5,8.5],"rotation":0,"texture":"#0","tintindex":0}}},{"from":[4.285714,11.250696,2.4545026],"to":[6.5714283,13.536411,5.883074],"rotation":{"angle":0.0,"axis":"y","origin":[5.428571,11.964982,6.7402167]},"faces":{"east":{"uv":[8.75,2.0,8.0,2.5],"rotation":0,"texture":"#0","tintindex":0},"south":{"uv":[5.5,8.375,5.0,8.875],"rotation":0,"texture":"#0","tintindex":0},"north":{"uv":[5.0,8.375,4.5,8.875],"rotation":0,"texture":"#0","tintindex":0},"west":{"uv":[5.75,1.0,5.0,1.5],"rotation":0,"texture":"#0","tintindex":0},"up":{"uv":[6.625,9.0,7.125,8.25],"rotation":0,"texture":"#0","tintindex":0},"down":{"uv":[7.125,8.25,7.625,9.0],"rotation":0,"texture":"#0","tintindex":0}}},{"from":[10.0,9.142858,-6.5714293],"to":[12.285715,11.428572,-6.000001],"rotation":{"angle":22.5,"axis":"x","origin":[11.428572,9.142858,-6.285715]},"faces":{"east":{"uv":[2.125,5.375,2.25,5.875],"rotation":0,"texture":"#0","tintindex":0},"south":{"uv":[8.125,8.25,8.625,8.75],"rotation":0,"texture":"#0","tintindex":0},"north":{"uv":[7.625,8.25,8.125,8.75],"rotation":0,"texture":"#0","tintindex":0},"west":{"uv":[5.75,1.0,5.875,1.5],"rotation":0,"texture":"#0","tintindex":0},"up":{"uv":[3.5,2.875,3.0,2.75],"rotation":0,"texture":"#0","tintindex":0},"down":{"uv":[4.0,2.75,3.5,2.875],"rotation":0,"texture":"#0","tintindex":0}}}],"display":{"head":{"translation":[0.0,-6.4,0.0],"scale":[4.0,4.0,4.0]}}}