{"textures":{"0":"modelengine:entity/medusa_snakehead"},"elements":[{"from":[6.285714,7.142857,-3.4285717],"to":[9.714286,7.142857,9.714286],"rotation":{"angle":0.0,"axis":"y","origin":[8.0,8.285714,3.4285712]},"faces":{"east":{"uv":[0.0,0.0,2.875,0.0],"rotation":0,"texture":"#0","tintindex":0},"south":{"uv":[0.0,0.0,0.75,0.0],"rotation":0,"texture":"#0","tintindex":0},"north":{"uv":[0.0,0.0,0.75,0.0],"rotation":0,"texture":"#0","tintindex":0},"west":{"uv":[0.0,0.0,2.875,0.0],"rotation":0,"texture":"#0","tintindex":0},"up":{"uv":[2.125,8.25,1.375,5.375],"rotation":0,"texture":"#0","tintindex":0},"down":{"uv":[4.375,5.5,3.625,8.375],"rotation":0,"texture":"#0","tintindex":0}}},{"from":[6.285714,6.267624,-7.8257923],"to":[9.714286,6.267624,-3.254363],"rotation":{"angle":-22.5,"axis":"x","origin":[8.0,6.267624,-5.540078]},"faces":{"east":{"uv":[0.0,0.0,1.0,0.0],"rotation":0,"texture":"#0","tintindex":0},"south":{"uv":[0.0,0.0,0.75,0.0],"rotation":0,"texture":"#0","tintindex":0},"north":{"uv":[0.0,0.0,0.75,0.0],"rotation":0,"texture":"#0","tintindex":0},"west":{"uv":[0.0,0.0,1.0,0.0],"rotation":0,"texture":"#0","tintindex":0},"up":{"uv":[3.75,2.5,3.0,1.5],"rotation":0,"texture":"#0","tintindex":0},"down":{"uv":[3.0,1.5,3.75,2.5],"rotation":0,"texture":"#0","tintindex":0}}},{"from":[4.5714283,5.142857,-3.4285717],"to":[11.428572,6.857143,5.714286],"rotation":{"angle":0.0,"axis":"y","origin":[8.0,8.0,3.4285712]},"faces":{"east":{"uv":[6.25,5.0,9.125,5.375],"rotation":0,"texture":"#0","tintindex":0},"south":{"uv":[8.0,1.0,9.5,1.375],"rotation":0,"texture":"#0","tintindex":0},"north":{"uv":[5.625,7.875,7.125,8.25],"rotation":0,"texture":"#0","tintindex":0},"west":{"uv":[7.125,5.375,10.0,5.75],"rotation":0,"texture":"#0","tintindex":0},"up":{"uv":[1.5,2.0,0.0,0.0],"rotation":0,"texture":"#0","tintindex":0},"down":{"uv":[3.0,0.0,1.5,2.0],"rotation":0,"texture":"#0","tintindex":0}}},{"from":[2.8571424,5.142857,5.714286],"to":[13.142858,9.714286,11.428572],"rotation":{"angle":0.0,"axis":"y","origin":[8.0,8.0,3.4285712]},"faces":{"east":{"uv":[6.25,4.0,7.5,5.0],"rotation":0,"texture":"#0","tintindex":0},"south":{"uv":[5.0,0.0,7.25,1.0],"rotation":0,"texture":"#0","tintindex":0},"north":{"uv":[0.0,4.375,2.25,5.375],"rotation":0,"texture":"#0","tintindex":0},"west":{"uv":[0.0,7.0,1.25,8.0],"rotation":0,"texture":"#0","tintindex":0},"up":{"uv":[6.25,4.25,4.0,3.0],"rotation":0,"texture":"#0","tintindex":0},"down":{"uv":[6.25,4.25,4.0,5.5],"rotation":0,"texture":"#0","tintindex":0}}}],"display":{"head":{"translation":[0.0,-6.4,0.0],"scale":[4.0,4.0,4.0]}}}