{"credit":"Made with Blockbench","display":{"firstperson_lefthand":{"rotation":[-9,-77,0],"translation":[13.5,0.75,-3.5]},"firstperson_righthand":{"rotation":[-9,-77,0],"translation":[13.5,0.75,-3.5]},"fixed":{"scale":[2,2,2],"translation":[0,10.25,-3]},"ground":{"scale":[0.39,0.39,0.39],"translation":[0,12.75,0]},"gui":{"rotation":[-21,-180,45],"scale":[0.62,0.62,0.62],"translation":[1.5,1.5,0]},"head":{"translation":[0,7.25,0]},"thirdperson_lefthand":{"rotation":[58,-9,-7],"translation":[1.25,2,4.75]},"thirdperson_righthand":{"rotation":[58,-9,-7],"translation":[1.25,2,4.75]}},"elements":[{"faces":{"down":{"rotation":90,"texture":"#0","uv":[0,0,2,2]},"north":{"rotation":270,"texture":"#0","uv":[0,2,2,0]},"south":{"rotation":270,"texture":"#0","uv":[0,0,2,2]},"up":{"rotation":180,"texture":"#0","uv":[0,2,2,0]},"west":{"rotation":270,"texture":"#0","uv":[0,2,2,0]}},"from":[3,11,6],"rotation":{"angle":-45,"axis":"z","origin":[8,14,8]},"to":[7,15,10]},{"faces":{"down":{"rotation":180,"texture":"#0","uv":[0,2,2,4]},"east":{"texture":"#0","uv":[0,0,2,4]},"north":{"texture":"#0","uv":[0,0,2,4]},"south":{"texture":"#0","uv":[2,0,0,4]},"up":{"rotation":180,"texture":"#0","uv":[0,2,2,0]},"west":{"texture":"#0","uv":[2,0,4,4]}},"from":[7,11,6],"rotation":{"angle":-45,"axis":"z","origin":[8,14,8]},"to":[11,19,10]},{"faces":{"down":{"texture":"#0","uv":[0,4,2.5,6.5]},"east":{"texture":"#0","uv":[0,6.5,2.5,7.5]},"north":{"texture":"#0","uv":[0,6.5,2.5,7.5]},"south":{"texture":"#0","uv":[0,6.5,2.5,7.5]},"up":{"texture":"#0","uv":[0,4,2.5,6.5]},"west":{"texture":"#0","uv":[0,6.5,2.5,7.5]}},"from":[5.5,8,5.5],"rotation":{"angle":0,"axis":"y","origin":[13,16,13]},"to":[10.5,10,10.5]},{"faces":{"east":{"texture":"#0","uv":[8,0,7,8]},"north":{"texture":"#0","uv":[7,0,8,8]},"south":{"texture":"#0","uv":[7,0,8,8]},"west":{"texture":"#0","uv":[8,0,7,8]}},"from":[7,-8,7],"rotation":{"angle":0,"axis":"y","origin":[15,0,15]},"to":[9,8,9]},{"faces":{"down":{"texture":"#0","uv":[6.5,9.5,7,10]},"east":{"texture":"#0","uv":[8,8,8.5,10]},"north":{"texture":"#0","uv":[6.5,8,8.5,10]},"south":{"texture":"#0","uv":[6.5,8,8.5,10]},"up":{"texture":"#0","uv":[6.5,8,8.5,8.5]},"west":{"texture":"#0","uv":[8,8,8.5,10]}},"from":[6,-12,7],"rotation":{"angle":0,"axis":"y","origin":[14,-4,15]},"to":[10,-8,9]},{"faces":{"north":{"rotation":180,"texture":"#0","uv":[14,4.5,8,0]},"south":{"rotation":180,"texture":"#0","uv":[8,4.5,14,0]}},"from":[9,5,8],"rotation":{"angle":22.5,"axis":"x","origin":[8,9.5,8]},"to":[21,14,8]},{"faces":{"north":{"rotation":180,"texture":"#0","uv":[8,4.5,14,0]},"south":{"rotation":180,"texture":"#0","uv":[14,4.5,8,0]}},"from":[-5,5,8],"rotation":{"angle":22.5,"axis":"x","origin":[8,9.5,8]},"to":[7,14,8]},{"faces":{"north":{"texture":"#0","tintindex":0,"uv":[5,6,7,8]},"south":{"texture":"#0","tintindex":0,"uv":[5,6,7,8]}},"from":[5.9,-12.1,6.9],"rotation":{"angle":0,"axis":"y","origin":[14,-4,15]},"to":[10.1,-7.9,9.1]},{"faces":{"east":{"texture":"#0","tintindex":0,"uv":[2.5,5,3.5,6.5]},"north":{"texture":"#0","tintindex":0,"uv":[2.5,5,3.5,6.5]},"south":{"texture":"#0","tintindex":0,"uv":[2.5,5,3.5,6.5]},"west":{"texture":"#0","tintindex":0,"uv":[2.5,5,3.5,6.5]}},"from":[6.9,-7.1,6.9],"rotation":{"angle":0,"axis":"y","origin":[15,1,15]},"to":[9.1,-3.9,9.1]},{"faces":{"east":{"rotation":180,"texture":"#0","tintindex":0,"uv":[2.5,5,3.5,6.5]},"north":{"rotation":180,"texture":"#0","tintindex":0,"uv":[2.5,5,3.5,6.5]},"south":{"rotation":180,"texture":"#0","tintindex":0,"uv":[2.5,5,3.5,6.5]},"west":{"rotation":180,"texture":"#0","tintindex":0,"uv":[2.5,5,3.5,6.5]}},"from":[9.1,-3.9,9.1],"rotation":{"angle":0,"axis":"y","origin":[17,4,17]},"to":[6.9,-7.1,6.9]},{"faces":{"north":{"rotation":180,"texture":"#0","tintindex":0,"uv":[0,12,4.5,7.5]},"south":{"rotation":180,"texture":"#0","tintindex":0,"uv":[0,12,4.5,7.5]}},"from":[3.5,3,4.2],"rotation":{"angle":22.5,"axis":"x","origin":[8,7.5,4.2]},"to":[12.5,12,4.2]},{"faces":{"east":{"rotation":180,"texture":"#0","tintindex":0,"uv":[2.5,6.5,5,7.5]},"north":{"rotation":180,"texture":"#0","tintindex":0,"uv":[2.5,6.5,5,7.5]},"south":{"rotation":180,"texture":"#0","tintindex":0,"uv":[2.5,6.5,5,7.5]},"west":{"rotation":180,"texture":"#0","tintindex":0,"uv":[2.5,6.5,5,7.5]}},"from":[10.65,10.15,10.65],"rotation":{"angle":0,"axis":"y","origin":[18,18,18]},"to":[5.35,7.85,5.35]},{"faces":{"east":{"texture":"#0","tintindex":0,"uv":[2.5,6.5,5,7.5]},"north":{"texture":"#0","tintindex":0,"uv":[2.5,6.5,5,7.5]},"south":{"texture":"#0","tintindex":0,"uv":[2.5,6.5,5,7.5]},"west":{"texture":"#0","tintindex":0,"uv":[2.5,6.5,5,7.5]}},"from":[5.35,7.85,5.35],"rotation":{"angle":0,"axis":"y","origin":[13,16,13]},"to":[10.65,10.15,10.65]}],"groups":[{"children":[0,1],"name":"group","origin":[16,8,14]},2,3,4,5,6,{"children":[7,8,9,10,11,12],"name":"group","origin":[13,16,13]}],"texture_size":[32,32],"textures":{"0":"custom/cosmetics/valentine/heart_staff","particle":"custom/cosmetics/valentine/heart_staff"}}