{"textures":{"0":"modelengine:entity/capybara"},"elements":[{"from":[6.714286,13.0,1.1428566],"to":[9.285714,15.857143,3.4285712],"rotation":{"angle":0.0,"axis":"y","origin":[8.0,15.285715,2.8571424]},"faces":{"east":{"uv":[6.5,7.5,7.5,8.75],"rotation":0,"texture":"#0","tintindex":0},"south":{"uv":[9.5,7.5,10.5,8.75],"rotation":0,"texture":"#0","tintindex":0},"north":{"uv":[7.5,7.5,8.5,8.75],"rotation":0,"texture":"#0","tintindex":0},"west":{"uv":[8.5,7.5,9.5,8.75],"rotation":0,"texture":"#0","tintindex":0},"up":{"uv":[8.5,7.5,7.5,6.5],"rotation":0,"texture":"#0","tintindex":0},"down":{"uv":[9.5,6.5,8.5,7.5],"rotation":0,"texture":"#0","tintindex":0}}}],"display":{"head":{"translation":[0.0,-6.4,0.0],"scale":[4.0,4.0,4.0]}}}