{"textures":{"0":"modelengine:entity/capybara"},"elements":[{"from":[13.714286,8.0,5.1],"to":[14.857143,10.857143,6.242857],"rotation":{"angle":0.0,"axis":"y","origin":[13.714286,8.0,5.6714287]},"faces":{"east":{"uv":[0.0,0.5,0.5,1.75],"rotation":0,"texture":"#0","tintindex":0},"south":{"uv":[1.5,0.5,2.0,1.75],"rotation":0,"texture":"#0","tintindex":0},"north":{"uv":[0.5,0.5,1.0,1.75],"rotation":0,"texture":"#0","tintindex":0},"west":{"uv":[1.0,0.5,1.5,1.75],"rotation":0,"texture":"#0","tintindex":0},"up":{"uv":[1.0,0.5,0.5,0.0],"rotation":0,"texture":"#0","tintindex":0},"down":{"uv":[1.5,0.0,1.0,0.5],"rotation":0,"texture":"#0","tintindex":0}}}],"display":{"head":{"translation":[0.0,-6.4,0.0],"scale":[4.0,4.0,4.0]}}}