{"textures":{"0":"modelengine:entity/capybara"},"elements":[{"from":[7.0,11.285714,1.4285712],"to":[9.0,13.714286,6.285714],"rotation":{"angle":22.5,"axis":"x","origin":[8.0,12.0,6.0]},"faces":{"east":{"uv":[5.0,4.0,7.0,5.0],"rotation":0,"texture":"#0","tintindex":0},"south":{"uv":[9.75,4.0,10.5,5.0],"rotation":0,"texture":"#0","tintindex":0},"north":{"uv":[7.0,4.0,7.75,5.0],"rotation":0,"texture":"#0","tintindex":0},"west":{"uv":[7.75,4.0,9.75,5.0],"rotation":0,"texture":"#0","tintindex":0},"up":{"uv":[7.75,4.0,7.0,2.0],"rotation":0,"texture":"#0","tintindex":0},"down":{"uv":[8.5,2.0,7.75,4.0],"rotation":0,"texture":"#0","tintindex":0}}}],"display":{"head":{"translation":[0.0,-6.4,0.0],"scale":[4.0,4.0,4.0]}}}