{"textures":{"0":"modelengine:entity/capybara"},"elements":[{"from":[9.142858,8.0,5.1],"to":[10.285714,10.857143,6.242857],"rotation":{"angle":0.0,"axis":"y","origin":[9.142858,8.0,5.6714287]},"faces":{"east":{"uv":[8.5,0.5,9.0,1.75],"rotation":0,"texture":"#0","tintindex":0},"south":{"uv":[10.0,0.5,10.5,1.75],"rotation":0,"texture":"#0","tintindex":0},"north":{"uv":[9.0,0.5,9.5,1.75],"rotation":0,"texture":"#0","tintindex":0},"west":{"uv":[9.5,0.5,10.0,1.75],"rotation":0,"texture":"#0","tintindex":0},"up":{"uv":[9.5,0.5,9.0,0.0],"rotation":0,"texture":"#0","tintindex":0},"down":{"uv":[10.0,0.0,9.5,0.5],"rotation":0,"texture":"#0","tintindex":0}}}],"display":{"head":{"translation":[0.0,-6.4,0.0],"scale":[4.0,4.0,4.0]}}}