{"credit":"Made with Blockbench","display":{"firstperson_lefthand":{"rotation":[0,147,0],"translation":[14.5,1.75,-11.75]},"firstperson_righthand":{"rotation":[0,147,0],"translation":[14.5,1.75,-11.75]},"fixed":{"scale":[2,2,2],"translation":[0,0,-6.5]},"ground":{"scale":[0.4,0.4,0.4],"translation":[0,3.25,0]},"gui":{"rotation":[30,135,0],"scale":[0.69,0.69,0.69],"translation":[0.25,-1.25,0]},"head":{"scale":[1.85,1.85,1.85],"translation":[0,7,0]},"thirdperson_lefthand":{"rotation":[46,23,0],"scale":[0.4,0.4,0.4],"translation":[0,0,0.75]},"thirdperson_righthand":{"rotation":[46,23,0],"scale":[0.4,0.4,0.4],"translation":[0,0,0.75]}},"elements":[{"faces":{"north":{"rotation":90,"texture":"#0","tintindex":0,"uv":[8.5,4,10,8]},"south":{"rotation":270,"texture":"#0","tintindex":0,"uv":[8.5,4,10,8]}},"from":[0,3,3],"rotation":{"angle":45,"axis":"y","origin":[8,8,8]},"to":[8,6,3]},{"faces":{"north":{"rotation":90,"texture":"#0","tintindex":0,"uv":[8.5,4,10,8]},"south":{"rotation":270,"texture":"#0","tintindex":0,"uv":[8.5,4,10,8]}},"from":[0,4,5.5],"rotation":{"angle":-22.5,"axis":"z","origin":[8,8,8]},"to":[8,7,5.5]},{"faces":{"north":{"rotation":270,"texture":"#0","tintindex":0,"uv":[8.5,4,10,8]},"south":{"rotation":90,"texture":"#0","tintindex":0,"uv":[8.5,4,10,8]}},"from":[8,3,3],"rotation":{"angle":-45,"axis":"y","origin":[8,8,8]},"to":[16,6,3]},{"faces":{"north":{"rotation":270,"texture":"#0","tintindex":0,"uv":[8.5,4,10,8]},"south":{"rotation":90,"texture":"#0","tintindex":0,"uv":[8.5,4,10,8]}},"from":[8,4,5.5],"rotation":{"angle":22.5,"axis":"z","origin":[8,8,8]},"to":[16,7,5.5]},{"faces":{"east":{"texture":"#0","tintindex":0,"uv":[5,8.5,4,13.5]},"north":{"texture":"#0","tintindex":0,"uv":[0,8.5,4,13.5]},"west":{"texture":"#0","tintindex":0,"uv":[4,8.5,5,13.5]}},"from":[3.8,-0.2,2.8],"to":[12.2,10.2,5.2]},{"faces":{"down":{"rotation":180,"texture":"#0","uv":[0,6,4,7]},"east":{"texture":"#0","uv":[5,1,4,6]},"north":{"texture":"#0","uv":[0,1,4,6]},"south":{"texture":"#0","uv":[1.5,5.5,2.5,6.5]},"up":{"texture":"#0","uv":[4,1,0,0]},"west":{"texture":"#0","uv":[4,1,5,6]}},"from":[4,0,3],"to":[12,10,5]},{"faces":{"east":{"texture":"#0","uv":[4,7,0.5,8]},"south":{"texture":"#0","uv":[4,7,8,8]},"west":{"texture":"#0","uv":[0.5,7,4,8]}},"from":[4,5,5],"to":[12,7,12]},{"faces":{"east":{"rotation":180,"texture":"#0","uv":[4,7,0.5,8]},"north":{"rotation":180,"texture":"#0","uv":[4,7,8,8]},"west":{"rotation":180,"texture":"#0","uv":[0.5,7,4,8]}},"from":[12,7,12],"to":[4,5,5]},{"faces":{"north":{"texture":"#0","uv":[12.5,0,16,8]},"south":{"texture":"#0","uv":[12.5,0,16,8]}},"from":[4.5,6,5],"rotation":{"angle":22.5,"axis":"x","origin":[8,8,8]},"to":[11.5,22,5]},{"faces":{"north":{"texture":"#0","uv":[10,4.5,12.5,8]},"south":{"texture":"#0","uv":[10,4.5,12.5,8]}},"from":[4,10,5],"rotation":{"angle":45,"axis":"z","origin":[8,8,8]},"to":[9,17,5]},{"faces":{"north":{"texture":"#0","uv":[10,4.5,12.5,8]},"south":{"texture":"#0","uv":[10,4.5,12.5,8]}},"from":[7,10,5],"rotation":{"angle":-45,"axis":"z","origin":[8,8,8]},"to":[12,17,5]}],"groups":[{"children":[0,1,2,3,4],"name":"group","origin":[8,8,8]},5,6,7,8,9,10],"textures":{"0":"custom/cosmetics/tribal/tribal_mask","particle":"custom/cosmetics/tribal/tribal_mask"}}