{"credit":"Made with Blockbench","display":{"firstperson_lefthand":{"rotation":[0,145,0],"translation":[17.5,0,-11]},"firstperson_righthand":{"rotation":[0,145,0],"translation":[17.5,0,-11]},"fixed":{"scale":[2,2,2],"translation":[0,6,6]},"ground":{"scale":[0.39,0.39,0.39],"translation":[0,4.75,1]},"gui":{"rotation":[0,180,0],"scale":[0.56,0.56,0.56],"translation":[0,1,0]},"head":{"rotation":[0,180,0],"scale":[1.6,1.6,1.6],"translation":[0,-46,-1.25]},"thirdperson_lefthand":{"rotation":[78,0,0],"scale":[0.39,0.39,0.39],"translation":[0,-1.25,1]},"thirdperson_righthand":{"rotation":[78,0,0],"scale":[0.39,0.39,0.39],"translation":[0,-1.25,1]}},"elements":[{"faces":{"north":{"texture":"#1","tintindex":0,"uv":[9.5,13,16,8]},"south":{"texture":"#1","tintindex":0,"uv":[16,13,9.5,8]}},"from":[-8,-3,6],"rotation":{"angle":-22.5,"axis":"y","origin":[8,8,8]},"to":[5,7,6]},{"faces":{"north":{"texture":"#1","tintindex":0,"uv":[16,13,9.5,8]},"south":{"texture":"#1","tintindex":0,"uv":[9.5,13,16,8]}},"from":[11,-3,6],"rotation":{"angle":22.5,"axis":"y","origin":[8,8,8]},"to":[24,7,6]},{"faces":{"down":{"texture":"#0","tintindex":0,"uv":[0.5,15.5,1,16]},"east":{"texture":"#0","tintindex":0,"uv":[0.5,0,1,16]},"north":{"texture":"#0","tintindex":0,"uv":[0.5,0,1,16]},"south":{"texture":"#0","tintindex":0,"uv":[0.5,0,1,16]},"west":{"texture":"#0","tintindex":0,"uv":[0.5,0,1,16]}},"from":[-0.05,-9.05,3.95],"rotation":{"angle":45,"axis":"z","origin":[7.48172,14.75518,4.52884]},"to":[1.05,23.05,5.05]},{"faces":{"down":{"texture":"#0","tintindex":0,"uv":[0.5,15.5,1,16]},"east":{"texture":"#0","tintindex":0,"uv":[0.5,0,1,16]},"north":{"texture":"#0","tintindex":0,"uv":[0.5,0,1,16]},"south":{"texture":"#0","tintindex":0,"uv":[0.5,0,1,16]},"west":{"texture":"#0","tintindex":0,"uv":[0.5,0,1,16]}},"from":[14.95,-9.05,3.95],"rotation":{"angle":-45,"axis":"z","origin":[8.48172,14.75693,4.5271]},"to":[16.05,23.05,5.05]},{"faces":{"north":{"texture":"#0","tintindex":0,"uv":[2.5,6,7.5,11]}},"from":[2.9,-0.1,2.9],"rotation":{"angle":0,"axis":"y","origin":[8,8,11]},"to":[13.1,10.1,4.1]},{"faces":{"down":{"texture":"#0","uv":[2.5,5.5,7.5,6]},"east":{"texture":"#0","uv":[7.5,0.5,8,5.5]},"north":{"texture":"#0","uv":[2.5,0.5,7.5,5.5]},"south":{"texture":"#0","uv":[2.5,0.5,7.5,5.5]},"up":{"texture":"#0","uv":[2.5,0,7.5,0.5]},"west":{"texture":"#0","uv":[7.5,0.5,8,5.5]}},"from":[3,0,3],"rotation":{"angle":0,"axis":"y","origin":[8,8,11]},"to":[13,10,4]},{"faces":{"east":{"texture":"#0","uv":[0,0,0.5,16]},"north":{"texture":"#0","uv":[0,0,0.5,16]},"south":{"texture":"#0","uv":[0,0,0.5,16]},"up":{"texture":"#0","uv":[0,0,0.5,0.5]},"west":{"texture":"#0","uv":[0,0,0.5,16]}},"from":[15,-9,4],"rotation":{"angle":-45,"axis":"z","origin":[8.48172,14.75693,4.5271]},"to":[16,23,5]},{"faces":{"north":{"texture":"#0","uv":[1,0,2.5,3.5]},"south":{"texture":"#0","uv":[1,0,2.5,3.5]}},"from":[14,21,4.5],"rotation":{"angle":-45,"axis":"z","origin":[8.48172,14.75693,4.5271]},"to":[17,28,4.5]},{"faces":{"east":{"texture":"#0","uv":[1,0,2.5,3.5]},"west":{"texture":"#0","uv":[1,0,2.5,3.5]}},"from":[15.49831,21,3.06462],"rotation":{"angle":-45,"axis":"z","origin":[8.48172,14.75693,4.5271]},"to":[15.49831,28,6.06462]},{"faces":{"east":{"texture":"#0","uv":[0,0,0.5,16]},"north":{"texture":"#0","uv":[0,0,0.5,16]},"south":{"texture":"#0","uv":[0,0,0.5,16]},"up":{"texture":"#0","uv":[0,0,0.5,0.5]},"west":{"texture":"#0","uv":[0,0,0.5,16]}},"from":[0,-9,4],"rotation":{"angle":45,"axis":"z","origin":[7.48172,14.75518,4.52884]},"to":[1,23,5]},{"faces":{"north":{"texture":"#0","uv":[1,0,2.5,3.5]},"south":{"texture":"#0","uv":[1,0,2.5,3.5]}},"from":[-1,21,4.5],"rotation":{"angle":45,"axis":"z","origin":[7.48172,14.75518,4.52884]},"to":[2,28,4.5]},{"faces":{"east":{"texture":"#0","uv":[1,0,2.5,3.5]},"west":{"texture":"#0","uv":[1,0,2.5,3.5]}},"from":[0.49831,21,3.06462],"rotation":{"angle":45,"axis":"z","origin":[7.48172,14.75518,4.52884]},"to":[0.49831,28,6.06462]},{"faces":{"north":{"rotation":180,"texture":"#1","uv":[10,4.5,12.5,8]},"south":{"rotation":180,"texture":"#1","uv":[10,4.5,12.5,8]}},"from":[1,-7,3.5],"rotation":{"angle":-22.5,"axis":"z","origin":[4.51223,-3.49823,3.48601]},"to":[6,0,3.5]},{"faces":{"north":{"rotation":180,"texture":"#1","uv":[10,4.5,12.5,8]},"south":{"rotation":180,"texture":"#1","uv":[10,4.5,12.5,8]}},"from":[10,-7,3.5],"rotation":{"angle":22.5,"axis":"z","origin":[11.51221,-3.48599,3.47381]},"to":[15,0,3.5]}],"groups":[{"children":[{"children":[0,1,2,3,4],"name":"group","origin":[8,8,11]},5],"name":"group","origin":[8,8,8]},{"children":[6,7,8],"name":"group","origin":[8,8,8]},{"children":[9,10,11],"name":"group","origin":[8,8,8]},12,13],"textures":{"0":"custom/cosmetics/tribal/tribal_spears","1":"custom/cosmetics/tribal/tribal_mask","particle":"custom/cosmetics/tribal/tribal_spears"}}