{"credit":"Made with Blockbench","display":{"firstperson_lefthand":{"rotation":[-6,18,-16],"translation":[4.75,-5,0]},"firstperson_righthand":{"rotation":[-6,18,-16],"translation":[4.75,-5,0]},"fixed":{"rotation":[-90,0,0],"scale":[2,2,2],"translation":[0,0,-16]},"ground":{"scale":[0.4,0.4,0.4]},"gui":{"rotation":[-18,180,46],"scale":[0.55,0.55,0.55],"translation":[-2.75,-2.5,0]},"head":{"translation":[0,7.5,0]},"thirdperson_lefthand":{"rotation":[46,-36,-18],"translation":[0.5,-1.75,-1.25]},"thirdperson_righthand":{"rotation":[46,-36,-18],"translation":[0.5,-1.75,-1.25]}},"elements":[{"faces":{"north":{"texture":"#1","tintindex":0,"uv":[8.5,4,10,8]},"south":{"texture":"#1","tintindex":0,"uv":[8.5,4,10,8]}},"from":[6.5,22,2],"rotation":{"angle":22.5,"axis":"x","origin":[8,3,8]},"to":[9.5,30,2]},{"faces":{"north":{"texture":"#1","tintindex":0,"uv":[8.5,4,10,8]},"south":{"texture":"#1","tintindex":0,"uv":[8.5,4,10,8]}},"from":[1.5,23,10],"rotation":{"angle":45,"axis":"z","origin":[4.97034,26.99121,10.03844]},"to":[4.5,31,10]},{"faces":{"north":{"texture":"#1","tintindex":0,"uv":[10,4,8.5,8]},"south":{"texture":"#1","tintindex":0,"uv":[8.5,4,10,8]}},"from":[11.5,23,10],"rotation":{"angle":-45,"axis":"z","origin":[10.97032,27.0017,10.02799]},"to":[14.5,31,10]},{"faces":{"down":{"texture":"#0","tintindex":0,"uv":[0.5,13.5,1,14]},"east":{"texture":"#0","tintindex":0,"uv":[0.5,2,1,14]},"north":{"texture":"#0","tintindex":0,"uv":[0.5,2,1,14]},"south":{"texture":"#0","tintindex":0,"uv":[0.5,2,1,14]},"west":{"texture":"#0","tintindex":0,"uv":[0.5,2,1,14]}},"from":[7.45,-5.05,7.45],"rotation":{"angle":0,"axis":"y","origin":[8,3,8]},"to":[8.55,19.05,8.55]},{"faces":{"east":{"texture":"#0","uv":[0,2,0.5,14]},"north":{"texture":"#0","uv":[0,2,0.5,14]},"south":{"texture":"#0","uv":[0,2,0.5,14]},"west":{"texture":"#0","uv":[0,2,0.5,14]}},"from":[7.5,-5,7.5],"rotation":{"angle":0,"axis":"y","origin":[8,3,8]},"to":[8.5,19,8.5]},{"faces":{"north":{"texture":"#0","uv":[3,4,5,5.5]},"south":{"texture":"#0","uv":[5,4,3,5.5]}},"from":[3.5,16,8],"rotation":{"angle":-22.5,"axis":"y","origin":[8,3,8]},"to":[7.5,19,8]},{"faces":{"east":{"texture":"#0","uv":[3,4,5,5.5]},"west":{"texture":"#0","uv":[5,4,3,5.5]}},"from":[8,15,3.5],"rotation":{"angle":-45,"axis":"y","origin":[8,3,8]},"to":[8,18,7.5]},{"faces":{"east":{"texture":"#0","uv":[5,4,3,5.5]},"west":{"texture":"#0","uv":[3,4,5,5.5]}},"from":[8,16,8.5],"rotation":{"angle":22.5,"axis":"y","origin":[8,3,8]},"to":[8,19,12.5]},{"faces":{"down":{"texture":"#0","uv":[0,0,1.5,1.5]},"east":{"texture":"#0","uv":[0,0,1.5,2]},"north":{"texture":"#0","uv":[0,0,1.5,2]},"south":{"texture":"#0","uv":[0,0,1.5,2]},"up":{"texture":"#0","uv":[0,0,1.5,1.5]},"west":{"texture":"#0","uv":[0,0,1.5,2]}},"from":[6.5,19,6.5],"rotation":{"angle":0,"axis":"y","origin":[8,3,8]},"to":[9.5,23,9.5]},{"faces":{"east":{"texture":"#0","uv":[7,2,5,4]},"north":{"texture":"#0","uv":[3,2,5,4]},"south":{"texture":"#0","uv":[7,2,9,4]},"up":{"rotation":90,"texture":"#0","uv":[3,0,5,2]},"west":{"texture":"#0","uv":[5,2,7,4]}},"from":[6,20,6],"rotation":{"angle":0,"axis":"y","origin":[8,3,8]},"to":[10,24,10]},{"faces":{"down":{"rotation":90,"texture":"#0","uv":[3,2,5,0]},"east":{"rotation":180,"texture":"#0","uv":[7,2,5,4]},"north":{"rotation":180,"texture":"#0","uv":[9,2,7,4]},"south":{"rotation":180,"texture":"#0","uv":[3,2,5,4]},"west":{"rotation":180,"texture":"#0","uv":[5,2,7,4]}},"from":[10,24,10],"rotation":{"angle":0,"axis":"y","origin":[8,3,8]},"to":[6,20,6]}],"groups":[{"children":[0,1,2,3],"name":"group","origin":[8,8,8]},4,5,6,7,8,9,10],"textures":{"0":"custom/cosmetics/tribal/tribal_staff","1":"custom/cosmetics/tribal/tribal_mask","particle":"custom/cosmetics/tribal/tribal_staff"}}