{"credit":"Made with Blockbench","display":{"firstperson_lefthand":{"rotation":[9,0,0],"translation":[11.5,2,0]},"firstperson_righthand":{"rotation":[9,0,0],"translation":[11.5,2,0]},"gui":{"rotation":[17,-8,-49],"scale":[0.84,0.84,0.84],"translation":[6.5,4.5,0]},"thirdperson_lefthand":{"rotation":[94,-11,0],"translation":[0,-2,8.5]},"thirdperson_righthand":{"rotation":[94,169,0],"translation":[0,-2,8.5]}},"elements":[{"faces":{"east":{"rotation":90,"texture":"#0","tintindex":0,"uv":[2,6.5,5.5,7]},"north":{"rotation":90,"texture":"#0","tintindex":0,"uv":[2,4.5,5.5,7]},"south":{"rotation":90,"texture":"#0","tintindex":0,"uv":[2,7,5.5,4.5]},"up":{"rotation":270,"texture":"#0","tintindex":0,"uv":[2,4.5,2.5,7]},"west":{"rotation":90,"texture":"#0","tintindex":0,"uv":[2,4.5,5.5,5]}},"from":[4,-3,7.5],"rotation":{"angle":-45,"axis":"z","origin":[5.5,3.5,8]},"to":[9,4,8.5]},{"faces":{"down":{"rotation":270,"texture":"#0","tintindex":0,"uv":[9,3,11,5]},"north":{"texture":"#0","tintindex":0,"uv":[0,4.5,2,7]},"south":{"texture":"#0","tintindex":0,"uv":[2,4.5,0,7]},"west":{"texture":"#0","tintindex":0,"uv":[5.5,4.5,7.5,7]}},"from":[6,-7,6],"to":[10,-2,10]},{"faces":{"east":{"rotation":180,"texture":"#0","tintindex":0,"uv":[12.5,3,13,6]},"north":{"rotation":180,"texture":"#0","tintindex":0,"uv":[11,3,13,6]},"south":{"rotation":180,"texture":"#0","tintindex":0,"uv":[13,3,11,6]},"up":{"texture":"#0","tintindex":0,"uv":[11,5.5,13,6]},"west":{"rotation":180,"texture":"#0","tintindex":0,"uv":[11,3,11.5,6]}},"from":[4.9,-12.1,7.4],"rotation":{"angle":-45,"axis":"z","origin":[7,-7.5,8]},"to":[9.1,-5.9,8.6]},{"faces":{"north":{"texture":"#0","tintindex":0,"uv":[13,3,15,5.5]},"south":{"texture":"#0","tintindex":0,"uv":[15,3,13,5.5]},"west":{"texture":"#0","tintindex":0,"uv":[14.5,3,15,5.5]}},"from":[7,-11,7.5],"rotation":{"angle":45,"axis":"z","origin":[9,-7.5,8]},"to":[11,-6,8.5]},{"faces":{"down":{"rotation":270,"texture":"#0","tintindex":0,"uv":[12,0,15,3]},"east":{"texture":"#0","tintindex":0,"uv":[6,0,9,4.5]},"north":{"texture":"#0","tintindex":0,"uv":[0,0,3,4.5]},"south":{"texture":"#0","tintindex":0,"uv":[3,0,0,4.5]},"west":{"texture":"#0","tintindex":0,"uv":[3,0,6,4.5]}},"from":[5,-2,5],"to":[11,7,11]},{"faces":{"down":{"rotation":270,"texture":"#0","uv":[9,10,11,12]},"east":{"texture":"#0","uv":[6.5,8,8.5,10.5]},"north":{"texture":"#0","uv":[0,11.5,2,14]},"south":{"texture":"#0","uv":[2,11.5,0,14]},"west":{"texture":"#0","uv":[5.5,11.5,7.5,14]}},"from":[6,-7,6],"to":[10,-2,10]},{"faces":{"down":{"rotation":270,"texture":"#0","uv":[5,11.5,5.5,14]},"east":{"rotation":90,"texture":"#0","uv":[2,13.5,5.5,14]},"north":{"rotation":90,"texture":"#0","uv":[2,11.5,5.5,14]},"south":{"rotation":90,"texture":"#0","uv":[2,14,5.5,11.5]},"west":{"rotation":90,"texture":"#0","uv":[2,11.5,5.5,12]}},"from":[4,-3,7.5],"rotation":{"angle":-45,"axis":"z","origin":[5.5,3.5,8]},"to":[9,4,8.5]},{"faces":{"down":{"texture":"#0","uv":[11,10,13,10.5]},"east":{"rotation":180,"texture":"#0","uv":[12.5,10,13,13]},"north":{"rotation":180,"texture":"#0","uv":[11,10,13,13]},"south":{"rotation":180,"texture":"#0","uv":[13,10,11,13]},"west":{"rotation":180,"texture":"#0","uv":[11,10,11.5,13]}},"from":[4.9,-12.1,7.4],"rotation":{"angle":-45,"axis":"z","origin":[7,-7.5,8]},"to":[9.1,-5.9,8.6]},{"faces":{"down":{"rotation":180,"texture":"#0","uv":[13,12,15,12.5]},"east":{"texture":"#0","uv":[13,10,13.5,12.5]},"north":{"texture":"#0","uv":[13,10,15,12.5]},"south":{"texture":"#0","uv":[15,10,13,12.5]},"west":{"texture":"#0","uv":[14.5,10,15,12.5]}},"from":[7,-11,7.5],"rotation":{"angle":45,"axis":"z","origin":[9,-7.5,8]},"to":[11,-6,8.5]},{"faces":{"down":{"rotation":270,"texture":"#0","uv":[12,7,15,10]},"east":{"texture":"#0","uv":[6,7,9,11.5]},"north":{"texture":"#0","uv":[0,7,3,11.5]},"south":{"texture":"#0","uv":[3,7,0,11.5]},"up":{"rotation":270,"texture":"#0","uv":[9,7,12,10]},"west":{"texture":"#0","uv":[3,7,6,11.5]}},"from":[5,-2,5],"to":[11,7,11]}],"groups":[{"children":[0,1,2,3,4],"name":"group","origin":[0,0,0]},5,6,7,8,9],"gui_light":"front","texture_size":[32,32],"textures":{"0":"custom/cosmetics/summer/fish_arm","particle":"custom/cosmetics/summer/fish_arm"}}