{"credit":"Made with Blockbench","display":{"gui":{"rotation":[30,135,0],"scale":[0.82,0.82,0.82],"translation":[-0.25,-2.5,0]},"head":{"rotation":[2,0,0],"scale":[1.66,1.66,1.66],"translation":[0,6,0.5]}},"elements":[{"faces":{"east":{"texture":"#0","uv":[0,0,2.5,3]},"north":{"texture":"#0","uv":[0,0,2.5,3]},"south":{"texture":"#0","uv":[0,0,2.5,3]},"up":{"texture":"#0","uv":[2.5,0,5,2.5]},"west":{"texture":"#0","uv":[0,0,2.5,3]}},"from":[5.5,9,5.5],"rotation":{"angle":0,"axis":"y","origin":[0,1,0]},"to":[10.5,15,10.5]},{"faces":{"north":{"texture":"#0","uv":[5,0,8.5,4]},"south":{"texture":"#0","uv":[5,0,8.5,4]}},"from":[3.5,15,8],"rotation":{"angle":45,"axis":"y","origin":[8,19,8]},"to":[12.5,23,8]},{"faces":{"north":{"texture":"#0","uv":[5,0,8.5,4]},"south":{"texture":"#0","uv":[5,0,8.5,4]}},"from":[3.5,15,8],"rotation":{"angle":-45,"axis":"y","origin":[8,19,8]},"to":[12.5,23,8]},{"faces":{"down":{"rotation":90,"texture":"#0","uv":[4,3.5,4.5,4]},"east":{"texture":"#0","uv":[4,3,5,4]},"north":{"texture":"#0","uv":[5,3,4,4]},"south":{"texture":"#0","uv":[5,3,4,4]},"up":{"rotation":90,"texture":"#0","uv":[5,4,6,5]},"west":{"texture":"#0","uv":[4,3,5,4]}},"from":[3,9,9],"to":[5,11,11]},{"faces":{"down":{"rotation":90,"texture":"#0","uv":[4,3.5,4.5,4]},"east":{"texture":"#0","uv":[4,3,5,4]},"north":{"texture":"#0","uv":[5,3,4,4]},"south":{"texture":"#0","uv":[5,3,4,4]},"up":{"rotation":90,"texture":"#0","uv":[5,4,6,5]},"west":{"texture":"#0","uv":[4,3,5,4]}},"from":[6,8,12],"to":[8,10,14]},{"faces":{"down":{"rotation":90,"texture":"#0","uv":[3,3.5,3.5,4]},"east":{"texture":"#0","uv":[3,3,4,4]},"north":{"texture":"#0","uv":[4,3,3,4]},"south":{"texture":"#0","uv":[4,3,3,4]},"up":{"rotation":90,"texture":"#0","uv":[6,4,7,5]},"west":{"texture":"#0","uv":[3,3,4,4]}},"from":[2,8,7],"to":[4,10,9]},{"faces":{"down":{"rotation":90,"texture":"#0","uv":[3,3.5,3.5,4]},"east":{"texture":"#0","uv":[3,3,4,4]},"north":{"texture":"#0","uv":[4,3,3,4]},"south":{"texture":"#0","uv":[4,3,3,4]},"up":{"rotation":90,"texture":"#0","uv":[6,4,7,5]},"west":{"texture":"#0","uv":[3,3,4,4]}},"from":[3,8,11],"to":[5,10,13]},{"faces":{"down":{"rotation":90,"texture":"#0","uv":[3,3.5,3.5,4]},"east":{"texture":"#0","uv":[3,3,4,4]},"north":{"texture":"#0","uv":[4,3,3,4]},"south":{"texture":"#0","uv":[4,3,3,4]},"up":{"rotation":90,"texture":"#0","uv":[6,4,7,5]},"west":{"texture":"#0","uv":[3,3,4,4]}},"from":[3,4,11],"to":[5,6,13]},{"faces":{"down":{"rotation":90,"texture":"#0","uv":[3,4.5,3.5,5]},"east":{"texture":"#0","uv":[3,4,4,5]},"north":{"texture":"#0","uv":[4,4,3,5]},"south":{"texture":"#0","uv":[4,4,3,5]},"up":{"rotation":90,"texture":"#0","uv":[7,4,8,5]},"west":{"texture":"#0","uv":[3,4,4,5]}},"from":[2,6,10],"to":[4,8,12]},{"faces":{"down":{"rotation":90,"texture":"#0","uv":[3,4.5,3.5,5]},"east":{"texture":"#0","uv":[3,4,4,5]},"north":{"texture":"#0","uv":[4,4,3,5]},"south":{"texture":"#0","uv":[4,4,3,5]},"up":{"rotation":90,"texture":"#0","uv":[7,4,8,5]},"west":{"texture":"#0","uv":[3,4,4,5]}},"from":[4,6,12],"to":[6,8,14]},{"faces":{"east":{"texture":"#0","uv":[4,3,5,4]},"north":{"texture":"#0","uv":[5,3,4,4]},"south":{"texture":"#0","uv":[5,3,4,4]},"up":{"rotation":90,"texture":"#0","uv":[5,4,6,5]},"west":{"texture":"#0","uv":[4,3,5,4]}},"from":[4,9,5],"to":[6,11,7]},{"faces":{"down":{"rotation":180,"texture":"#0","uv":[0,4.5,1.5,5]},"east":{"texture":"#0","uv":[0,3,0.5,5]},"north":{"texture":"#0","uv":[0,3,1.5,5]},"south":{"texture":"#0","uv":[1.5,3,0,5]},"up":{"rotation":180,"texture":"#0","uv":[0,3,1.5,3.5]},"west":{"texture":"#0","uv":[1,3,1.5,5]}},"from":[9.5,8.5,8],"rotation":{"angle":-22.5,"axis":"z","origin":[11.5,8,5.5]},"to":[12.5,12.5,9]},{"faces":{"down":{"rotation":90,"texture":"#0","uv":[1.5,3,2,5]},"east":{"rotation":270,"texture":"#0","uv":[1.5,3,3,3.5]},"north":{"rotation":270,"texture":"#0","uv":[1.5,3,3,5]},"south":{"rotation":90,"texture":"#0","uv":[3,3,1.5,5]},"up":{"rotation":90,"texture":"#0","uv":[2.5,3,3,5]},"west":{"rotation":270,"texture":"#0","uv":[1.5,4.5,3,5]}},"from":[11.5,5.5,6],"rotation":{"angle":45,"axis":"z","origin":[11.5,8,5.5]},"to":[15.5,8.5,7]},{"faces":{"north":{"texture":"#0","uv":[6,5,3,8]},"south":{"texture":"#0","uv":[6,5,3,8]}},"from":[7,11.1173,4.91028],"rotation":{"angle":22.5,"axis":"x","origin":[10,14.1173,4.91028]},"to":[13,17.1173,4.91028]},{"faces":{"north":{"texture":"#0","uv":[6,5,3,8]},"south":{"texture":"#0","uv":[6,5,3,8]}},"from":[5,10.29321,12.3],"rotation":{"angle":-22.5,"axis":"x","origin":[6,11.29321,12.71588]},"to":[11,16.29321,12.3]},{"faces":{"north":{"texture":"#0","uv":[6,5,7.5,6.5]},"south":{"texture":"#0","uv":[7.5,5,6,6.5]}},"from":[2,10,6],"to":[5,13,6]},{"faces":{"north":{"texture":"#0","uv":[7.5,5,6,6.5]},"south":{"texture":"#0","uv":[6,5,7.5,6.5]}},"from":[8,9,5],"rotation":{"angle":22.5,"axis":"y","origin":[9.5,10.5,5]},"to":[11,12,5]},{"faces":{"north":{"texture":"#0","uv":[7.5,5,6,6.5]},"south":{"texture":"#0","uv":[6,5,7.5,6.5]}},"from":[9.8,9,10],"rotation":{"angle":-45,"axis":"y","origin":[9.5,10.5,11]},"to":[12.8,12,10]},{"faces":{"east":{"texture":"#0","tintindex":0,"uv":[11.5,4.5,15.5,9]},"north":{"texture":"#0","tintindex":0,"uv":[11.5,9,16,13.5]},"south":{"texture":"#0","tintindex":0,"uv":[2.5,9,7,13.5]},"up":{"rotation":180,"texture":"#0","tintindex":0,"uv":[7,9,11.5,13]},"west":{"texture":"#0","tintindex":0,"uv":[15.5,0,11.5,4.5]}},"from":[3.5,0,4.5],"to":[12.5,9,12.5]},{"faces":{"north":{"texture":"#0","tintindex":0,"uv":[3,5,0,8]},"south":{"texture":"#0","tintindex":0,"uv":[3,5,0,8]}},"from":[7,11.1173,4.91028],"rotation":{"angle":22.5,"axis":"x","origin":[10,14.1173,4.91028]},"to":[13,17.1173,4.91028]},{"faces":{"north":{"texture":"#0","tintindex":0,"uv":[0,5,3,8]},"south":{"texture":"#0","tintindex":0,"uv":[3,5,0,8]}},"from":[5,10.29321,12.3],"rotation":{"angle":-22.5,"axis":"x","origin":[6,11.29321,12.71588]},"to":[11,16.29321,12.3]},{"faces":{"down":{"rotation":180,"texture":"#0","tintindex":0,"uv":[11.5,9,7,13]},"east":{"texture":"#0","tintindex":0,"uv":[15.5,4.5,11.5,0]},"north":{"texture":"#0","tintindex":0,"uv":[2.5,13.5,7,9]},"south":{"texture":"#0","tintindex":0,"uv":[11.5,13.5,16,9]},"west":{"texture":"#0","tintindex":0,"uv":[11.5,9,15.5,4.5]}},"from":[12.5,9,12.5],"name":"cube inverted","to":[3.5,0,4.5]}],"groups":[0,1,2,3,4,5,6,7,8,9,10,11,12,13,14,15,16,17,{"children":[18,19,20,21],"name":"group","origin":[6,11.29321,12.71588]}],"texture_size":[32,32],"textures":{"0":"custom/cosmetics/summer/fruit_crown","particle":"custom/cosmetics/summer/fruit_crown"}}