{"credit":"Made with Blockbench","display":{"firstperson_lefthand":{"rotation":[6,64,0],"translation":[12.75,1.75,-5.25]},"firstperson_righthand":{"rotation":[6,0,0],"translation":[12.75,1.75,-5.25]},"gui":{"rotation":[0,47,-56],"scale":[1.14,1.14,1.14],"translation":[-0.75,-0.5,0]},"thirdperson_lefthand":{"rotation":[70,-180,6],"translation":[0.5,2.5,6.25]},"thirdperson_righthand":{"rotation":[70,0,-3],"translation":[0.25,2.5,6.5]}},"elements":[{"faces":{"down":{"texture":"#0","uv":[13,3,15,5]},"east":{"texture":"#0","uv":[13,2,15,5]},"north":{"texture":"#0","uv":[15,2,13,5]},"south":{"texture":"#0","uv":[15,2,13,5]},"west":{"texture":"#0","uv":[13,2,15,5]}},"from":[7,0.2,7],"to":[9,3.2,9]},{"faces":{"down":{"texture":"#0","uv":[14,2,15,3]},"east":{"texture":"#0","uv":[12,0,16,2]},"north":{"texture":"#0","uv":[12,0,16,2]},"south":{"texture":"#0","uv":[12,0,16,2]},"up":{"texture":"#0","uv":[14,2,15,3]},"west":{"texture":"#0","uv":[12,0,16,2]}},"from":[6.1,3.2,6.1],"to":[9.9,5,9.9]},{"faces":{"down":{"texture":"#0","uv":[4,8,8,12]},"east":{"texture":"#0","uv":[0,4,4,8]},"north":{"texture":"#0","uv":[0,4,4,8]},"south":{"texture":"#0","uv":[0,4,4,8]},"up":{"texture":"#0","uv":[8,0,12,4]},"west":{"texture":"#0","uv":[0,4,4,8]}},"from":[5,9,5],"to":[9,13,9]},{"faces":{"east":{"texture":"#0","tintindex":0,"uv":[8,4,12,12]},"north":{"texture":"#0","tintindex":0,"uv":[8,4,12,12]},"south":{"texture":"#0","tintindex":0,"uv":[0,8,4,16]},"west":{"texture":"#0","tintindex":0,"uv":[8,4,12,12]}},"from":[6,-3,6],"to":[10,5,10]},{"faces":{"down":{"texture":"#0","tintindex":0,"uv":[4,4,8,8]},"east":{"texture":"#0","tintindex":0,"uv":[0,0,4,4]},"north":{"texture":"#0","tintindex":0,"uv":[0,0,4,4]},"south":{"texture":"#0","tintindex":0,"uv":[0,0,4,4]},"up":{"texture":"#0","tintindex":0,"uv":[4,0,8,4]},"west":{"texture":"#0","tintindex":0,"uv":[0,0,4,4]}},"from":[6,5,6],"to":[10,9,10]},{"faces":{"down":{"texture":"#0","tintindex":0,"uv":[4,4,8,8]},"east":{"texture":"#0","tintindex":0,"uv":[0,0,4,4]},"north":{"texture":"#0","tintindex":0,"uv":[0,0,4,4]},"south":{"texture":"#0","tintindex":0,"uv":[0,0,4,4]},"up":{"texture":"#0","tintindex":0,"uv":[4,0,8,4]},"west":{"texture":"#0","tintindex":0,"uv":[0,0,4,4]}},"from":[6,13,6],"to":[10,17,10]},{"faces":{"down":{"texture":"#0","uv":[14,6,15,7]},"east":{"texture":"#0","uv":[16,5,14,7]},"north":{"texture":"#0","uv":[14,5,16,7]},"south":{"texture":"#0","uv":[14,5,16,7]},"up":{"texture":"#0","uv":[12,5,14,7]},"west":{"texture":"#0","uv":[16,5,14,7]}},"from":[7,17,7],"to":[9,19,9]},{"faces":{"north":{"texture":"#0","uv":[15,7,16,9]},"south":{"texture":"#0","uv":[15,7,16,9]}},"from":[7,18.8,8],"rotation":{"angle":22.5,"axis":"z","origin":[7.5,19,8]},"to":[8,20.8,8]}],"groups":[0,1,2,{"children":[3,4,5],"name":"group","origin":[0,0,0]},6,7],"textures":{"0":"custom/cosmetics/summer/ice_cream_cone","particle":"custom/cosmetics/summer/ice_cream_cone"}}