{"credit":"Made with Blockbench","display":{"fixed":{"rotation":[0,-180,0],"scale":[2,2,2],"translation":[0,0,-16]},"gui":{"scale":[0.68,0.68,0.68],"translation":[0,2.25,0]},"head":{"rotation":[-13,0,0],"scale":[1.61,1.61,1.61],"translation":[0,-46.5,17.75]}},"elements":[{"faces":{"down":{"texture":"#0","uv":[1,9.25,4,9.5]},"east":{"texture":"#0","uv":[4,6.5,4.75,9.5]},"north":{"texture":"#0","uv":[1,6.5,4,9.5]},"south":{"texture":"#0","uv":[1,6.5,4,9.5]},"up":{"rotation":180,"texture":"#0","uv":[1,9.5,4,10.25]},"west":{"texture":"#0","uv":[4,6.5,4.75,9.5]}},"from":[2,2,0],"rotation":{"angle":0,"axis":"x","origin":[17.5,8,8]},"to":[14,14,3]},{"faces":{"down":{"rotation":270,"texture":"#0","uv":[4.75,8,5.5,9.5]},"east":{"rotation":180,"texture":"#0","uv":[4.75,6.5,5.5,8]},"up":{"rotation":90,"texture":"#0","uv":[4.75,8,5.5,9.5]},"west":{"rotation":180,"texture":"#0","uv":[4.75,6.5,5.5,8]}},"from":[11,11,3],"rotation":{"angle":0,"axis":"x","origin":[17.5,8,8]},"to":[5,5,0]},{"faces":{"down":{"texture":"#0","tintindex":0,"uv":[1,13,4,13.25]},"east":{"texture":"#0","tintindex":0,"uv":[4,10.25,4.75,13.25]},"north":{"texture":"#0","tintindex":0,"uv":[1,10.25,4,13.25]},"south":{"texture":"#0","tintindex":0,"uv":[1,10.25,4,13.25]},"up":{"rotation":180,"texture":"#0","tintindex":0,"uv":[1,13.25,4,14]},"west":{"texture":"#0","tintindex":0,"uv":[4,10.25,4.75,13.25]}},"from":[2,2,0],"rotation":{"angle":0,"axis":"x","origin":[17.5,8,8]},"to":[14,14,3]},{"faces":{"down":{"rotation":270,"texture":"#0","tintindex":0,"uv":[4.75,11.75,5.5,13.25]},"east":{"rotation":180,"texture":"#0","tintindex":0,"uv":[4.75,10.25,5.5,11.75]},"up":{"rotation":90,"texture":"#0","tintindex":0,"uv":[4.75,11.75,5.5,13.25]},"west":{"rotation":180,"texture":"#0","tintindex":0,"uv":[4.75,10.25,5.5,11.75]}},"from":[11,11,3],"rotation":{"angle":0,"axis":"x","origin":[17.5,8,8]},"to":[5,5,0]},{"faces":{"down":{"rotation":270,"texture":"#1","tintindex":0,"uv":[4.5,1,4.75,1.5]},"east":{"rotation":90,"texture":"#1","tintindex":0,"uv":[4.25,1.25,4.75,1.5]},"north":{"rotation":90,"texture":"#1","tintindex":0,"uv":[4.25,1,4.75,1.5]},"south":{"rotation":270,"texture":"#1","tintindex":0,"uv":[4.75,1,4.25,1.5]},"up":{"rotation":270,"texture":"#1","tintindex":0,"uv":[4.25,1,4.5,1.5]},"west":{"rotation":90,"texture":"#1","tintindex":0,"uv":[4.25,1,4.75,1.25]}},"from":[7.76514,-1.68693,1.1],"rotation":{"angle":-22.5,"axis":"z","origin":[7,-1.36955,1.6125]},"to":[9.76514,0.31307,2.1]},{"faces":{"down":{"texture":"#1","tintindex":0,"uv":[4.25,1.25,4.75,1.5]},"east":{"texture":"#1","tintindex":0,"uv":[4.5,1,4.75,1.5]},"north":{"texture":"#1","tintindex":0,"uv":[4.75,1,4.25,1.5]},"south":{"texture":"#1","tintindex":0,"uv":[4.25,1,4.75,1.5]},"up":{"texture":"#1","tintindex":0,"uv":[4.25,1,4.75,1.25]},"west":{"texture":"#1","tintindex":0,"uv":[4.25,1,4.5,1.5]}},"from":[5.31738,-4.13469,1.1],"rotation":{"angle":22.5,"axis":"z","origin":[7,-1.36955,1.6125]},"to":[7.31738,-2.13469,2.1]},{"faces":{"down":{"texture":"#1","tintindex":0,"uv":[4,0.75,5.5,1]},"east":{"texture":"#1","tintindex":0,"uv":[4,0.5,4.25,1]},"north":{"texture":"#1","tintindex":0,"uv":[4,0.5,5.5,1]},"south":{"texture":"#1","tintindex":0,"uv":[4,0.5,5.5,1]},"up":{"texture":"#1","tintindex":0,"uv":[4,0.5,5.5,0.75]},"west":{"texture":"#1","tintindex":0,"uv":[4,0.5,4.25,1]}},"from":[4,-2,1.15],"rotation":{"angle":45,"axis":"z","origin":[7,-1.36955,1.6125]},"to":[10,0,2.15]},{"faces":{"east":{"texture":"#1","tintindex":0,"uv":[4.5,0,5,0.5]},"north":{"texture":"#1","tintindex":0,"uv":[4.5,0,5,0.5]},"south":{"texture":"#1","tintindex":0,"uv":[4.5,0,5,0.5]},"up":{"texture":"#1","tintindex":0,"uv":[4.5,0,5,0.5]},"west":{"texture":"#1","tintindex":0,"uv":[4.5,0,5,0.5]}},"from":[6,0,1.1],"rotation":{"angle":45,"axis":"z","origin":[7,-1.36955,1.6125]},"to":[8,2,2.1]},{"faces":{"down":{"texture":"#missing","uv":[0,0,4,0]},"east":{"rotation":270,"texture":"#missing","uv":[0,0,4,0]},"north":{"texture":"#1","uv":[0,0,4,6.5]},"south":{"texture":"#1","uv":[0,0,4,6.5]},"up":{"rotation":180,"texture":"#missing","uv":[0,0,4,0]},"west":{"rotation":90,"texture":"#missing","uv":[0,0,4,0]}},"from":[0,-9,1],"rotation":{"angle":0,"axis":"x","origin":[17.5,8,8]},"to":[16,16,1]},{"faces":{"down":{"texture":"#1","uv":[5.5,0.5,6.75,0.75]},"east":{"texture":"#1","uv":[5.5,0,5.75,0.75]},"north":{"texture":"#1","uv":[5.5,0,6.75,0.75]},"south":{"texture":"#1","uv":[5.5,0,6.75,0.75]},"up":{"texture":"#1","uv":[5.5,0,6.75,0.25]},"west":{"texture":"#1","uv":[5.5,0,5.75,0.75]}},"from":[4,8,3.1],"rotation":{"angle":-22.5,"axis":"z","origin":[11.5,-3.5,1.6]},"to":[9,11,4.1]},{"faces":{"north":{"texture":"#1","uv":[5.75,0.75,6.5,1]},"south":{"texture":"#1","uv":[5.75,0.75,6.5,1]}},"from":[5,7,3.6],"rotation":{"angle":-22.5,"axis":"z","origin":[11.5,-3.5,1.6]},"to":[8,8,3.6]}],"groups":[{"children":[0,1,{"children":[2,3,{"children":[4,5,6,7],"name":"group","origin":[5,-1.36955,1.6125]}],"name":"group","origin":[0,0,0]},8],"name":"group","origin":[0,0,0]},{"children":[9,10],"name":"group","origin":[11.5,-3.5,1.6]}],"gui_light":"front","texture_size":[64,64],"textures":{"0":"custom/furniture/summer/life_guard_chair","1":"custom/cosmetics/summer/life_ring","particle":"custom/furniture/summer/life_guard_chair"}}