{"credit":"Made with Blockbench","display":{"gui":{"rotation":[30,135,0],"scale":[0.64,0.64,0.64],"translation":[0,0.5,0]},"head":{"rotation":[8,0,0],"scale":[1.61,1.61,1.61],"translation":[0,5.5,0.5]}},"elements":[{"faces":{"east":{"texture":"#0","uv":[15.5,0,8,3]},"north":{"texture":"#0","uv":[10,3,15,6]},"west":{"texture":"#0","uv":[8,0,15.5,3]}},"from":[3,4,-1],"to":[13,10,14]},{"faces":{"down":{"rotation":90,"texture":"#0","uv":[0,11,7.5,16]}},"from":[3,6,-1],"to":[13,6,14]},{"faces":{"down":{"rotation":270,"texture":"#0","uv":[5,9,11.5,9.5]},"east":{"texture":"#0","uv":[6.5,6,0,8.5]},"north":{"texture":"#0","uv":[0,8.5,5,11]},"south":{"rotation":270,"texture":"#0","uv":[12.5,6,15,11]},"west":{"texture":"#0","uv":[0,6,6.5,8.5]}},"from":[3.1,0,2],"rotation":{"angle":-22.5,"axis":"x","origin":[8,2.5,12]},"to":[13.1,5,15]},{"faces":{"up":{"rotation":270,"texture":"#0","uv":[1,11,7.5,16]}},"from":[3.1,3.1,2],"rotation":{"angle":-22.5,"axis":"x","origin":[8,2.5,12]},"to":[13.1,3.1,15]},{"faces":{"east":{"texture":"#0","uv":[0,8.5,6.5,6]},"north":{"rotation":90,"texture":"#0","uv":[0,16,2.5,11]},"south":{"texture":"#0","uv":[0,11,5,8.5]},"west":{"texture":"#0","uv":[6.5,8.5,0,6]}},"from":[13.1,-4.56,15.1],"name":"cube inverted","rotation":{"angle":-22.5,"axis":"x","origin":[-8,-2.5,-12]},"to":[3.1,-9.56,2.1]},{"faces":{"east":{"texture":"#0","uv":[8,3,15.5,0]},"south":{"texture":"#0","uv":[10,6,15,3]},"west":{"texture":"#0","uv":[15.5,3,8,0]}},"from":[13,10,14],"name":"cube inverted","to":[3,4,-1]},{"faces":{"down":{"rotation":90,"texture":"#0","tintindex":0,"uv":[6.5,6,12.5,6.5]},"east":{"texture":"#0","tintindex":0,"uv":[6.5,9,12.5,6]},"north":{"rotation":180,"texture":"#0","tintindex":0,"uv":[12,6,12.5,6.5]},"south":{"texture":"#0","tintindex":0,"uv":[6.5,6,7,9]},"up":{"rotation":270,"texture":"#0","tintindex":0,"uv":[6.5,8.5,12.5,9]},"west":{"rotation":180,"texture":"#0","tintindex":0,"uv":[6.5,6,12.5,9]}},"from":[7.5,7.66916,5.35506],"rotation":{"angle":-45,"axis":"x","origin":[8,11.66916,9.35506]},"to":[8.5,13.66916,17.35506]},{"faces":{"east":{"texture":"#0","tintindex":0,"uv":[7.5,0,0,3]},"north":{"texture":"#0","tintindex":0,"uv":[0,3,5,6]},"south":{"texture":"#0","tintindex":0,"uv":[5,3,10,6]},"up":{"rotation":270,"texture":"#0","tintindex":0,"uv":[7.5,11,15,16]},"west":{"texture":"#0","tintindex":0,"uv":[0,0,7.5,3]}},"from":[3,4,-1],"to":[13,10,14]},{"faces":{"down":{"rotation":270,"texture":"#0","tintindex":0,"uv":[7.5,16,15,11]},"east":{"texture":"#0","tintindex":0,"uv":[0,3,7.5,0]},"south":{"texture":"#0","tintindex":0,"uv":[0,6,5,3]},"west":{"texture":"#0","tintindex":0,"uv":[7.5,3,0,0]}},"from":[13,10,14],"name":"cube inverted","to":[3,4,-1]}],"groups":[0,1,2,3,{"children":[],"name":"group","origin":[0,0,0]},4,5,{"children":[6,7,8],"name":"group","origin":[0,0,0]}],"texture_size":[32,32],"textures":{"0":"custom/cosmetics/summer/shark_hat","particle":"custom/cosmetics/summer/shark_hat"}}