{"credit":"Made with Blockbench","display":{"gui":{"rotation":[70,52,-38],"scale":[0.68,0.68,0.68],"translation":[1.5,0.5,0]},"head":{"rotation":[17,0,0],"scale":[1.61,1.61,1.61],"translation":[0,-50.75,18.75]}},"elements":[{"faces":{"down":{"rotation":270,"texture":"#0","uv":[4,8,8,10]},"east":{"texture":"#0","uv":[4,8,0,10.5]},"north":{"texture":"#0","uv":[0,10.5,2,13]},"south":{"texture":"#0","uv":[0,10.5,2,13]},"up":{"rotation":90,"texture":"#0","uv":[4,0,8,2]},"west":{"texture":"#0","uv":[0,8,4,10.5]}},"from":[6,0,-1],"to":[10,5,7]},{"faces":{"east":{"texture":"#0","uv":[4,10.5,2,14.5]},"north":{"texture":"#0","uv":[2,10.5,2.5,14.5]},"west":{"texture":"#0","uv":[2,10.5,4,14.5]}},"from":[7.5,-6,5],"rotation":{"angle":-22.5,"axis":"x","origin":[8,1.5,8]},"to":[8.5,2,9]},{"faces":{"down":{"texture":"#0","tintindex":0,"uv":[9,2,9.5,5.5]},"east":{"rotation":90,"texture":"#0","tintindex":0,"uv":[7,5.5,9.5,2]},"north":{"rotation":90,"texture":"#0","tintindex":0,"uv":[7,5,9.5,5.5]},"south":{"rotation":90,"texture":"#0","tintindex":0,"uv":[7,2,9.5,2.5]},"up":{"rotation":180,"texture":"#0","tintindex":0,"uv":[7,2,7.5,5.5]},"west":{"rotation":90,"texture":"#0","tintindex":0,"uv":[7,2,9.5,5.5]}},"from":[7.5,6.5,-2.5],"rotation":{"angle":0,"axis":"x","origin":[8,2.5,8]},"to":[8.5,11.5,4.5]},{"faces":{"east":{"texture":"#0","tintindex":0,"uv":[4,0,0,2.5]},"north":{"texture":"#0","tintindex":0,"uv":[0,2.5,2,5]},"south":{"texture":"#0","tintindex":0,"uv":[0,2.5,2,5]},"up":{"rotation":90,"texture":"#0","tintindex":0,"uv":[4,0,8,2]},"west":{"texture":"#0","tintindex":0,"uv":[0,0,4,2.5]}},"from":[6,0,-1],"to":[10,5,7]},{"faces":{"down":{"rotation":90,"texture":"#0","tintindex":0,"uv":[2,6,4,6.5]},"east":{"texture":"#0","tintindex":0,"uv":[4,2.5,2,6.5]},"north":{"texture":"#0","tintindex":0,"uv":[2,2.5,2.5,6.5]},"south":{"texture":"#0","tintindex":0,"uv":[3.5,2.5,4,6.5]},"west":{"texture":"#0","tintindex":0,"uv":[2,2.5,4,6.5]}},"from":[7.5,-6,5],"rotation":{"angle":-22.5,"axis":"x","origin":[8,1.5,8]},"to":[8.5,2,9]},{"faces":{"down":{"rotation":270,"texture":"#0","tintindex":0,"uv":[4,7.5,7,8]},"east":{"texture":"#0","tintindex":0,"uv":[7,2,4,8]},"north":{"texture":"#0","tintindex":0,"uv":[4,2,4.5,8]},"south":{"texture":"#0","tintindex":0,"uv":[6.5,2,7,8]},"up":{"rotation":90,"texture":"#0","tintindex":0,"uv":[4,2,7,2.5]},"west":{"texture":"#0","tintindex":0,"uv":[4,2,7,8]}},"from":[7.4,0.9,4.9],"rotation":{"angle":45,"axis":"x","origin":[8,2.5,8]},"to":[8.6,13.1,11.1]}],"groups":[0,1,{"children":[2,3,4,5],"name":"group","origin":[8,2.5,8]}],"texture_size":[32,32],"textures":{"0":"custom/cosmetics/summer/shark_tail","particle":"custom/cosmetics/summer/shark_tail"}}