{"credit":"Made with Blockbench","display":{"gui":{"rotation":[30,133,0],"scale":[0.62,0.62,0.62],"translation":[-0.25,0,0]},"head":{"rotation":[8,-180,0],"scale":[1.61,1.61,1.61],"translation":[0,-51.25,17.75]}},"elements":[{"faces":{"east":{"texture":"#0","uv":[3.75,0,2.25,1.25]},"north":{"texture":"#1","uv":[0,0,9,5]},"south":{"texture":"#0","uv":[2.25,1.5,4.5,2.75]},"up":{"rotation":180,"texture":"#0","uv":[0,1.25,2.25,2.75]},"west":{"texture":"#0","uv":[2.25,0,3.75,1.25]}},"from":[3.5,8,5],"to":[12.5,13,11]},{"faces":{"down":{"rotation":180,"texture":"#0","uv":[5,0,3.75,0.25]},"north":{"rotation":180,"texture":"#0","uv":[5,0,3.75,0.75]}},"from":[17.5,12,8],"to":[12.5,9,7]},{"faces":{"down":{"rotation":180,"texture":"#0","uv":[5,0,3.75,0.25]},"north":{"rotation":180,"texture":"#0","uv":[3.75,0,5,0.75]}},"from":[3.5,12,8],"to":[-1.5,9,7]},{"faces":{"south":{"texture":"#0","uv":[3.75,0.75,5,1.5]},"up":{"rotation":180,"texture":"#0","uv":[5,0,3.75,0.25]}},"from":[12.5,9,7],"to":[17.5,12,8]},{"faces":{"south":{"texture":"#0","uv":[5,0.75,3.75,1.5]},"up":{"rotation":180,"texture":"#0","uv":[5,0,3.75,0.25]}},"from":[-1.5,9,7],"to":[3.5,12,8]},{"faces":{"down":{"texture":"#0","uv":[0,5.5,2.75,7.5]},"east":{"texture":"#0","uv":[2.75,2.75,4.75,3.5]},"north":{"texture":"#0","uv":[0,2.75,2.75,3.5]},"south":{"texture":"#0","uv":[0,2.75,2.75,3.5]},"up":{"texture":"#0","uv":[0,3.5,2.75,5.5]},"west":{"texture":"#0","uv":[2.75,2.75,4.75,3.5]}},"from":[2.5,5,4],"to":[13.5,8,12]},{"faces":{"east":{"texture":"#0","uv":[2.75,4.75,4.25,6]},"north":{"texture":"#0","uv":[2.75,3.5,5,4.75]},"south":{"texture":"#0","uv":[2.75,3.5,5,4.75]},"west":{"texture":"#0","uv":[2.75,4.75,4.25,6]}},"from":[3.5,0,5],"to":[12.5,5,11]},{"faces":{"down":{"texture":"#0","uv":[3.5,6,2.75,8]},"east":{"rotation":270,"texture":"#0","uv":[5,4.75,4.25,6.75]},"north":{"rotation":180,"texture":"#0","uv":[3.5,6.75,4.25,7.5]},"south":{"texture":"#0","uv":[3.5,6,4.25,6.75]},"up":{"rotation":180,"texture":"#0","uv":[3.5,6,2.75,8]},"west":{"rotation":90,"texture":"#0","uv":[4.25,4.75,5,6.75]}},"from":[1,3.5,1.5],"rotation":{"angle":-22.5,"axis":"x","origin":[2.5,5,6.5]},"to":[4,6.5,9.5]},{"faces":{"down":{"texture":"#0","uv":[5.75,4.75,5,6.75]},"east":{"rotation":270,"texture":"#0","uv":[5.75,4.75,5,6.75]},"up":{"rotation":180,"texture":"#0","uv":[5.75,4.75,5,6.75]},"west":{"rotation":90,"texture":"#0","uv":[5,4.75,5.75,6.75]}},"from":[0.75,3.25,1.25],"rotation":{"angle":-22.5,"axis":"x","origin":[2.5,5,6.5]},"to":[4.25,6.75,9.75]},{"faces":{"down":{"texture":"#0","uv":[5.75,4.75,5,6.75]},"east":{"rotation":270,"texture":"#0","uv":[5.75,4.75,5,6.75]},"up":{"rotation":180,"texture":"#0","uv":[5.75,4.75,5,6.75]},"west":{"rotation":90,"texture":"#0","uv":[5,4.75,5.75,6.75]}},"from":[11.75,3.25,1.25],"rotation":{"angle":-22.5,"axis":"x","origin":[2.5,5,6.5]},"to":[15.25,6.75,9.75]},{"faces":{"down":{"rotation":180,"texture":"#0","uv":[5.75,4.75,5,6.75]},"east":{"rotation":90,"texture":"#0","uv":[5.75,4.75,5,6.75]},"up":{"texture":"#0","uv":[5.75,4.75,5,6.75]},"west":{"rotation":270,"texture":"#0","uv":[5,4.75,5.75,6.75]}},"from":[4.25,6.75,9.75],"rotation":{"angle":-22.5,"axis":"x","origin":[2.5,5,6.5]},"to":[0.75,3.25,1.25]},{"faces":{"down":{"rotation":180,"texture":"#0","uv":[5.75,4.75,5,6.75]},"east":{"rotation":90,"texture":"#0","uv":[5.75,4.75,5,6.75]},"up":{"texture":"#0","uv":[5.75,4.75,5,6.75]},"west":{"rotation":270,"texture":"#0","uv":[5,4.75,5.75,6.75]}},"from":[15.25,6.75,9.75],"rotation":{"angle":-22.5,"axis":"x","origin":[2.5,5,6.5]},"to":[11.75,3.25,1.25]},{"faces":{"down":{"texture":"#0","uv":[3.5,6,2.75,8]},"east":{"rotation":270,"texture":"#0","uv":[5,4.75,4.25,6.75]},"north":{"rotation":180,"texture":"#0","uv":[3.5,6.75,4.25,7.5]},"south":{"texture":"#0","uv":[3.5,6,4.25,6.75]},"up":{"rotation":180,"texture":"#0","uv":[3.5,6,2.75,8]},"west":{"rotation":90,"texture":"#0","uv":[4.25,4.75,5,6.75]}},"from":[12,3.5,1.5],"rotation":{"angle":-22.5,"axis":"x","origin":[2.5,5,6.5]},"to":[15,6.5,9.5]},{"faces":{"down":{"texture":"#0","uv":[8,8,12,12]},"east":{"texture":"#0","uv":[8,1,12,2]},"north":{"texture":"#0","uv":[8,0,12,1]},"south":{"texture":"#0","uv":[8,2,12,3]},"up":{"rotation":180,"texture":"#0","uv":[12,0,16,4]},"west":{"texture":"#0","uv":[12,1,8,2]}},"from":[0,0,0],"to":[16,4,16]},{"faces":{"east":{"texture":"#0","uv":[8,4.5,9.5,7.5]},"north":{"texture":"#0","uv":[12,7,16,10]},"south":{"texture":"#0","uv":[12,4,16,7]},"up":{"rotation":180,"texture":"#0","uv":[8,3,12,4.5]},"west":{"texture":"#0","uv":[9.5,4.5,8,7.5]}},"from":[0,4,10],"to":[16,16,16]},{"faces":{"down":{"texture":"#0","uv":[7.75,0.75,8,1]},"east":{"texture":"#0","uv":[7,0,8,1]},"north":{"texture":"#0","uv":[7.75,0,8,1]},"south":{"texture":"#0","uv":[7.75,0,8,1]},"up":{"texture":"#0","uv":[7.5,0,7.75,0.25]},"west":{"texture":"#0","uv":[8,0,7,1]}},"from":[16,3,9],"to":[17,7,13]},{"faces":{"down":{"texture":"#0","uv":[7.75,0.75,8,1]},"east":{"texture":"#0","uv":[7,0,8,1]},"north":{"texture":"#0","uv":[7.75,0,8,1]},"south":{"texture":"#0","uv":[7.75,0,8,1]},"up":{"texture":"#0","uv":[7.5,0,7.75,0.25]},"west":{"texture":"#0","uv":[8,0,7,1]}},"from":[-1,3,9],"to":[0,7,13]},{"faces":{"east":{"rotation":180,"texture":"#0","uv":[0,12,4,13]},"north":{"rotation":180,"texture":"#0","uv":[0,12,4,13]},"south":{"rotation":180,"texture":"#0","uv":[0,12,4,13]},"up":{"texture":"#0","uv":[0,8,4,12]},"west":{"rotation":180,"texture":"#0","uv":[0,12,4,13]}},"from":[16,4,16],"to":[0,0,0]},{"faces":{"east":{"texture":"#0","uv":[7,1,8,2.25]},"west":{"texture":"#0","uv":[8,1,7,2.25]}},"from":[13,9,16],"to":[13,14,20]},{"faces":{"east":{"texture":"#0","uv":[7,1,8,2.25]},"west":{"texture":"#0","uv":[8,1,7,2.25]}},"from":[3,9,16],"to":[3,14,20]},{"faces":{"east":{"texture":"#0","tintindex":0,"uv":[6.5,0,7,1]}},"from":[17.1,3,11],"to":[17.1,7,13]},{"faces":{"west":{"texture":"#0","tintindex":0,"uv":[7,0,6.5,1]}},"from":[-1.1,3,11],"to":[-1.1,7,13]},{"faces":{"down":{"rotation":180,"texture":"#0","tintindex":0,"uv":[4,10.75,7.5,11.75]},"east":{"rotation":180,"texture":"#0","tintindex":0,"uv":[6.5,5.25,7.5,8]},"north":{"rotation":180,"texture":"#0","tintindex":0,"uv":[4,8,7.5,10.75]},"west":{"rotation":180,"texture":"#0","tintindex":0,"uv":[7.5,5.25,6.5,8]}},"from":[15,15,14],"to":[1,4,10]}],"groups":[{"children":[0,1,2,3,4],"name":"group","origin":[0,0,0]},5,6,{"children":[7,8,9,10,11,12],"name":"group","origin":[0,0,0]},{"children":[],"name":"group","origin":[0,0,0]},13,14,15,16,17,18,19,{"children":[20,21,22],"name":"group","origin":[0,0,0]}],"texture_size":[64,64],"textures":{"0":"custom/cosmetics/star_wars/baby_yoda_carrier","1":"custom/cosmetics/star_wars/baby_yoda_blink","particle":"custom/cosmetics/star_wars/baby_yoda_blink"}}