{"credit":"Made with Blockbench","display":{"firstperson_lefthand":{"rotation":[-14,0,0],"translation":[24.75,-5,-12.5]},"firstperson_righthand":{"rotation":[-14,0,0],"translation":[24.75,-5,-12.5]},"gui":{"rotation":[0,-180,45],"scale":[0.55,0.55,0.55],"translation":[-0.25,-0.75,0]},"thirdperson_lefthand":{"rotation":[48,0,-10],"translation":[2.5,9.25,9.5]},"thirdperson_righthand":{"rotation":[48,0,-10],"translation":[2.5,9.25,9.5]}},"elements":[{"faces":{"east":{"texture":"#0","uv":[0,0.5,0.5,12.5]},"north":{"texture":"#0","uv":[0,0.5,0.5,12.5]},"south":{"texture":"#0","uv":[0,0.5,0.5,12.5]},"up":{"texture":"#0","uv":[0,0,0.5,0.5]},"west":{"texture":"#0","uv":[0,0.5,0.5,12.5]}},"from":[8,1,9],"shade":false,"to":[9,26,10]},{"faces":{"down":{"rotation":90,"texture":"#0","uv":[1.5,4,2,4.5]},"east":{"texture":"#0","uv":[2.5,0,1.5,4.5]},"north":{"texture":"#0","uv":[1.5,0,2.5,4.5]},"south":{"texture":"#0","uv":[2.5,0,3.5,4.5]},"up":{"rotation":270,"texture":"#0","uv":[1.5,0,2,0.5]},"west":{"texture":"#0","uv":[3.5,0,2.5,4.5]}},"from":[7.5,-9,8.5],"rotation":{"angle":0,"axis":"y","origin":[8.5,-4.5,9.5]},"to":[9.5,0,10.5]},{"faces":{"down":{"texture":"#0","tintindex":0,"uv":[0,0,0.5,0.5]},"east":{"texture":"#0","tintindex":0,"uv":[0,0,0.5,0.5]},"north":{"texture":"#0","tintindex":0,"uv":[0,0,0.5,0.5]},"south":{"texture":"#0","tintindex":0,"uv":[0,0,0.5,0.5]},"west":{"texture":"#0","tintindex":0,"uv":[0,0,0.5,0.5]}},"from":[8,0,9],"shade":false,"to":[9,1,10]},{"faces":{"down":{"texture":"#0","tintindex":0,"uv":[0.5,0,1,0.5]},"east":{"texture":"#0","tintindex":0,"uv":[0.5,0,1,14]},"north":{"texture":"#0","tintindex":0,"uv":[0.5,0,1,14]},"south":{"texture":"#0","tintindex":0,"uv":[0.5,0,1,14]},"up":{"texture":"#0","tintindex":0,"uv":[0.5,0,1,0.5]},"west":{"texture":"#0","tintindex":0,"uv":[0.5,0,1,14]}},"from":[9.5,26.5,10.5],"shade":false,"to":[7.5,-0.5,8.5]},{"faces":{"down":{"texture":"#0","tintindex":0,"uv":[1,0,1.5,0.5]},"east":{"texture":"#0","tintindex":0,"uv":[1,0,1.5,14]},"north":{"texture":"#0","tintindex":0,"uv":[1,0,1.5,14]},"south":{"texture":"#0","tintindex":0,"uv":[1,0,1.5,14]},"west":{"texture":"#0","tintindex":0,"uv":[1,0,1.5,14]}},"from":[10,27,11],"shade":false,"to":[7,-1,8]}],"groups":[{"children":[0,1],"name":"group","origin":[0,0,0]},{"children":[2,3,4],"name":"group","origin":[0,0,0]}],"texture_size":[32,32],"textures":{"0":"custom/cosmetics/star_wars/light_saber","particle":"custom/cosmetics/star_wars/light_saber"}}