{"credit":"Made with Blockbench","display":{"gui":{"rotation":[30,135,0],"translation":[0,3,0]},"head":{"scale":[1.61,1.61,1.61],"translation":[0,5.75,0]}},"elements":[{"faces":{"down":{"texture":"#0","uv":[0,4.5,5,9.5]},"east":{"texture":"#0","uv":[10,0,5,4.5]},"north":{"texture":"#0","uv":[0,0,5,4.5]},"south":{"texture":"#0","uv":[0,9.5,5,14]},"up":{"rotation":180,"texture":"#0","uv":[5,4.5,10,9.5]},"west":{"texture":"#0","uv":[5,0,10,4.5]}},"from":[3,0,3],"to":[13,9,13]},{"faces":{"down":{"rotation":180,"texture":"#0","uv":[5,4.5,10,9.5]},"east":{"rotation":180,"texture":"#0","uv":[10,0,5,4.5]},"north":{"rotation":180,"texture":"#0","uv":[0,9.5,5,14]},"south":{"rotation":180,"texture":"#0","uv":[0,0,5,4.5]},"up":{"texture":"#0","uv":[0,4.5,5,9.5]},"west":{"rotation":180,"texture":"#0","uv":[5,0,10,4.5]}},"from":[13,9,13],"to":[3,0,3]},{"faces":{"down":{"rotation":90,"texture":"#0","uv":[10,2,12.5,2.5]},"north":{"texture":"#0","uv":[10,0,10.5,2.5]},"south":{"texture":"#0","uv":[10,0,10.5,2.5]},"up":{"rotation":90,"texture":"#0","uv":[10,0,12.5,0.5]},"west":{"texture":"#0","uv":[10,0,12.5,2.5]}},"from":[2,2,5],"to":[3,7,10]},{"faces":{"down":{"rotation":90,"texture":"#0","uv":[10,2,12.5,2.5]},"east":{"texture":"#0","uv":[10,0,12.5,2.5]},"north":{"texture":"#0","uv":[10,0,10.5,2.5]},"south":{"texture":"#0","uv":[10,0,10.5,2.5]},"up":{"rotation":90,"texture":"#0","uv":[10,0,12.5,0.5]}},"from":[13,2,5],"to":[14,7,10]},{"faces":{"west":{"texture":"#0","tintindex":0,"uv":[10.5,3,12,4.5]}},"from":[2,3,6],"to":[2,6,9]},{"faces":{"down":{"rotation":180,"texture":"#0","tintindex":0,"uv":[10,6,11,10]},"east":{"texture":"#0","tintindex":0,"uv":[14,5,10,6.5]},"north":{"texture":"#0","tintindex":0,"uv":[12.5,0,13.5,1.5]},"south":{"texture":"#0","tintindex":0,"uv":[13.5,0,14,0.5]},"up":{"rotation":180,"texture":"#0","tintindex":0,"uv":[13.5,0,14.5,4]},"west":{"texture":"#0","tintindex":0,"uv":[10,5,14,6.5]}},"from":[7,8,2],"to":[9,11,10]},{"faces":{"east":{"texture":"#0","tintindex":0,"uv":[12,3,10.5,4.5]}},"from":[14,3,6],"to":[14,6,9]},{"faces":{"east":{"texture":"#0","uv":[5,9.5,5.5,11.5]},"west":{"texture":"#0","uv":[5,9.5,5.5,11.5]}},"from":[2,7,6],"to":[2,11,7]},{"faces":{"east":{"texture":"#0","uv":[5,9.5,5.5,11.5]},"west":{"texture":"#0","uv":[5,9.5,5.5,11.5]}},"from":[14,7,6],"to":[14,11,7]}],"groups":[0,1,2,3,{"children":[4,5,6],"name":"group","origin":[0,0,0]},7,8],"texture_size":[32,32],"textures":{"0":"custom/cosmetics/nitro/nitro_helmet","particle":"custom/cosmetics/nitro/nitro_helmet"}}