{"credit":"Made with Blockbench","display":{"gui":{"rotation":[30,135,0],"scale":[0.43,0.43,0.43],"translation":[-3,1.25,0]},"head":{"rotation":[-22.5,0,0],"scale":[1.61,1.61,1.61],"translation":[0,-38.5,12.5]}},"elements":[{"faces":{"east":{"texture":"#0","uv":[12.25,0,7,1.5]},"west":{"texture":"#0","uv":[7,0,12.25,1.5]}},"from":[4,1,7],"rotation":{"angle":-22.5,"axis":"y","origin":[4,4.75,3.375]},"to":[4,7,28]},{"faces":{"down":{"rotation":270,"texture":"#0","uv":[0,2.5,7,3]},"east":{"texture":"#0","uv":[7,0,0,2.25]},"north":{"texture":"#0","uv":[0,0,0.25,2.25]},"up":{"rotation":90,"texture":"#0","uv":[0,2.25,7,2.5]},"west":{"texture":"#0","uv":[0,0,7,2.25]}},"from":[3,1,3],"rotation":{"angle":-22.5,"axis":"y","origin":[4,4.75,3.375]},"to":[5,10,31]},{"faces":{"down":{"rotation":90,"texture":"#0","uv":[0,2.25,7,2.5]},"east":{"rotation":180,"texture":"#0","uv":[7,0,0,2.25]},"south":{"rotation":180,"texture":"#0","uv":[0,0,0.25,2.25]},"up":{"rotation":270,"texture":"#0","uv":[0,2.5,7,3]},"west":{"rotation":180,"texture":"#0","uv":[0,0,7,2.25]}},"from":[5,10,31],"rotation":{"angle":-22.5,"axis":"y","origin":[4,4.75,3.375]},"to":[3,1,3]},{"faces":{"down":{"rotation":90,"texture":"#0","uv":[1,0.5,6.5,0.75]},"south":{"rotation":180,"texture":"#0","uv":[0.75,0.75,1,2.25]}},"from":[5,7,29],"rotation":{"angle":-22.5,"axis":"y","origin":[4,4.75,3.375]},"to":[3,1,7]},{"faces":{"down":{"rotation":180,"texture":"#0","uv":[0,5.75,3,6.5]},"east":{"texture":"#0","uv":[0,3,0.75,5]},"north":{"texture":"#0","uv":[0.75,3,3.75,5]},"south":{"texture":"#0","uv":[3.75,3,6.75,5]},"up":{"texture":"#0","uv":[0,5,3,5.75]},"west":{"texture":"#0","uv":[0.75,3,0,5]}},"from":[1.99,-1.01,-0.01],"rotation":{"angle":22.5,"axis":"x","origin":[8,3.5,1.5]},"to":[14.01,7.01,3.01]},{"faces":{"east":{"texture":"#0","uv":[12.25,0,7,1.5]},"west":{"texture":"#0","uv":[7,0,12.25,1.5]}},"from":[12,1,7],"rotation":{"angle":22.5,"axis":"y","origin":[12,4.75,3.375]},"to":[12,7,28]},{"faces":{"down":{"rotation":270,"texture":"#0","uv":[0,2.5,7,3]},"east":{"texture":"#0","uv":[7,0,0,2.25]},"north":{"texture":"#0","uv":[0,0,0.25,2.25]},"up":{"rotation":90,"texture":"#0","uv":[0,2.25,7,2.5]},"west":{"texture":"#0","uv":[0,0,7,2.25]}},"from":[11,1,3],"rotation":{"angle":22.5,"axis":"y","origin":[12,4.75,3.375]},"to":[13,10,31]},{"faces":{"down":{"rotation":90,"texture":"#0","uv":[0,2.25,7,2.5]},"east":{"rotation":180,"texture":"#0","uv":[7,0,0,2.25]},"south":{"rotation":180,"texture":"#0","uv":[0,0,0.25,2.25]},"up":{"rotation":270,"texture":"#0","uv":[0,2.5,7,3]},"west":{"rotation":180,"texture":"#0","uv":[0,0,7,2.25]}},"from":[13,10,31],"rotation":{"angle":22.5,"axis":"y","origin":[12,4.75,3.375]},"to":[11,1,3]},{"faces":{"down":{"rotation":90,"texture":"#0","uv":[1,0.5,6.5,0.75]},"south":{"rotation":180,"texture":"#0","uv":[0.75,0.75,1,2.25]}},"from":[13,7,29],"rotation":{"angle":22.5,"axis":"y","origin":[12,4.75,3.375]},"to":[11,1,7]},{"faces":{"down":{"rotation":90,"texture":"#0","uv":[0,12,4,14]},"east":{"texture":"#0","uv":[0,8,4,12]},"north":{"texture":"#0","uv":[8,8,10,12]},"south":{"texture":"#0","uv":[8,8,10,12]},"up":{"texture":"#0","uv":[0,8,0.25,8.25]},"west":{"texture":"#0","uv":[0,8,4,12]}},"from":[4,-7,3],"rotation":{"angle":22.5,"axis":"x","origin":[8,4,13]},"to":[12,9,19]},{"faces":{"down":{"rotation":180,"texture":"#0","uv":[6.75,3,8,6]},"east":{"rotation":90,"texture":"#0","uv":[6.75,3,8,6]},"north":{"rotation":180,"texture":"#0","uv":[8,4.25,9.25,5.5]},"south":{"texture":"#0","uv":[8,3,9.25,4.25]},"up":{"texture":"#0","uv":[6.75,3,8,6]},"west":{"rotation":270,"texture":"#0","uv":[6.75,3,8,6]}},"from":[6,-5.9,20.9],"rotation":{"angle":45,"axis":"x","origin":[3.5,0.6,13.5]},"to":[1,-10.9,8.9]},{"faces":{"down":{"texture":"#0","uv":[6.75,3,8,6]},"east":{"rotation":270,"texture":"#0","uv":[6.75,3,8,6]},"north":{"rotation":180,"texture":"#0","uv":[8,3,9.25,4.25]},"south":{"texture":"#0","uv":[8,4.25,9.25,5.5]},"up":{"rotation":180,"texture":"#0","uv":[6.75,3,8,6]},"west":{"rotation":90,"texture":"#0","uv":[6.75,3,8,6]}},"from":[1,-10.9,8.9],"rotation":{"angle":45,"axis":"x","origin":[3.5,0.6,13.5]},"to":[6,-5.9,20.9]},{"faces":{"down":{"texture":"#0","uv":[6,5,6.75,6]},"east":{"rotation":270,"texture":"#0","uv":[6,5,6.75,6]},"north":{"rotation":180,"texture":"#0","uv":[8.25,3.25,9,4]},"up":{"rotation":180,"texture":"#0","uv":[6,5,6.75,6]},"west":{"rotation":90,"texture":"#0","uv":[6,5,6.75,6]}},"from":[2,-9.9,4.9],"rotation":{"angle":45,"axis":"x","origin":[3.5,0.6,13.5]},"to":[5,-6.9,8.9]},{"faces":{"east":{"rotation":270,"texture":"#1","uv":[0,0,4,6]},"west":{"rotation":90,"texture":"#1","uv":[0,0,4,6]}},"from":[3.5,-10.4,19.9],"rotation":{"angle":45,"axis":"x","origin":[3.5,0.6,13.5]},"to":[3.5,-6.4,25.9]},{"faces":{"down":{"texture":"#1","uv":[0,0,4,6]},"up":{"rotation":180,"texture":"#1","uv":[0,0,4,6]}},"from":[1.5,-8.4,19.9],"rotation":{"angle":45,"axis":"x","origin":[3.5,0.6,13.5]},"to":[5.5,-8.4,25.9]},{"faces":{"down":{"rotation":180,"texture":"#0","uv":[6.75,3,8,6]},"east":{"rotation":90,"texture":"#0","uv":[6.75,3,8,6]},"north":{"rotation":180,"texture":"#0","uv":[8,4.25,9.25,5.5]},"south":{"texture":"#0","uv":[8,3,9.25,4.25]},"up":{"texture":"#0","uv":[6.75,3,8,6]},"west":{"rotation":270,"texture":"#0","uv":[6.75,3,8,6]}},"from":[15,-5.9,20.9],"rotation":{"angle":45,"axis":"x","origin":[12.5,0.6,13.5]},"to":[10,-10.9,8.9]},{"faces":{"down":{"texture":"#0","uv":[6.75,3,8,6]},"east":{"rotation":270,"texture":"#0","uv":[6.75,3,8,6]},"north":{"rotation":180,"texture":"#0","uv":[8,3,9.25,4.25]},"south":{"texture":"#0","uv":[8,4.25,9.25,5.5]},"up":{"rotation":180,"texture":"#0","uv":[6.75,3,8,6]},"west":{"rotation":90,"texture":"#0","uv":[6.75,3,8,6]}},"from":[10,-10.9,8.9],"rotation":{"angle":45,"axis":"x","origin":[12.5,0.6,13.5]},"to":[15,-5.9,20.9]},{"faces":{"down":{"texture":"#0","uv":[6,5,6.75,6]},"east":{"rotation":270,"texture":"#0","uv":[6,5,6.75,6]},"north":{"rotation":180,"texture":"#0","uv":[8.25,3.25,9,4]},"up":{"rotation":180,"texture":"#0","uv":[6,5,6.75,6]},"west":{"rotation":90,"texture":"#0","uv":[6,5,6.75,6]}},"from":[11,-9.9,4.9],"rotation":{"angle":45,"axis":"x","origin":[12.5,0.6,13.5]},"to":[14,-6.9,8.9]},{"faces":{"east":{"rotation":270,"texture":"#1","uv":[0,0,4,6]},"west":{"rotation":270,"texture":"#1","uv":[0,6,4,0]}},"from":[12.5,-10.4,19.9],"rotation":{"angle":45,"axis":"x","origin":[12.5,0.6,13.5]},"to":[12.5,-6.4,25.9]},{"faces":{"down":{"texture":"#1","uv":[0,0,4,6]},"up":{"rotation":180,"texture":"#1","uv":[0,0,4,6]}},"from":[10.5,-8.4,19.9],"rotation":{"angle":45,"axis":"x","origin":[12.5,0.6,13.5]},"to":[14.5,-8.4,25.9]},{"faces":{"east":{"texture":"#0","tintindex":0,"uv":[4,8,8,12]},"north":{"texture":"#0","tintindex":0,"uv":[10,8,12,12]},"south":{"texture":"#0","tintindex":0,"uv":[10,8,12,12]},"up":{"rotation":90,"texture":"#0","tintindex":0,"uv":[4,6,8,8]},"west":{"texture":"#0","tintindex":0,"uv":[4,8,8,12]}},"from":[3.8,-7.2,2.8],"rotation":{"angle":22.5,"axis":"x","origin":[8,4,13]},"to":[12.2,9.2,19.2]}],"groups":[{"children":[0,1,2,3],"name":"group","origin":[0,0,0]},4,{"children":[5,6,7,8],"name":"group","origin":[0,0,0]},9,{"children":[10,11,12,13,14],"name":"group","origin":[0,0,0]},{"children":[15,16,17,18,19],"name":"group","origin":[0,0,0]},20],"texture_size":[64,64],"textures":{"0":"custom/cosmetics/nitro/nitro_wings","1":"custom/cosmetics/nitro/nitro_flame","particle":"custom/cosmetics/nitro/nitro_wings"}}