{
    "sven.merio": {
        "sounds": [
            "sven/merio"
        ]
    },
    "sven.tutuu": {
        "sounds": [
            "sven/tutuu"
        ]
    },
    "sven.turndown": {
        "sounds": [
            "sven/turndown"
        ]
    },
    "sven.suu": {
        "sounds": [
            "sven/suu"
        ]
    },
    "sven.salta": {
        "sounds": [
            "sven/salta"
        ]
    },
    "sven.reglas": {
        "sounds": [
            "sven/rick"
        ]
    },
    "sven.piumz": {
        "sounds": [
            "sven/piumz"
        ]
    },
    "sven.pipipi": {
        "sounds": [
            "sven/pipipi"
        ]
    },
    "sven.piii": {
        "sounds": [
            "sven/piii"
        ]
    },
    "sven.ohohoh": {
        "sounds": [
            "sven/ohohoh"
        ]
    },
    "sven.noquiero": {
        "sounds": [
            "sven/noquiero"
        ]
    },
    "sven.noo": {
        "sounds": [
            "sven/noo"
        ]
    },
    "sven.nanana": {
        "sounds": [
            "sven/nanana"
        ]
    },
    "sven.musiquita": {
        "sounds": [
            "sven/musiquita"
        ]
    },
    "sven.movimiento2": {
        "sounds": [
            "sven/movimiento2"
        ]
    },
    "sven.movimiento1": {
        "sounds": [
            "sven/movimiento1"
        ]
    },
    "sven.movimiento": {
        "sounds": [
            "sven/movimiento"
        ]
    },
    "sven.mata": {
        "sounds": [
            "sven/mata"
        ]
    },
    "sven.larara": {
        "sounds": [
            "sven/larara"
        ]
    },
    "sven.lalara": {
        "sounds": [
            "sven/lalara"
        ]
    },
    "sven.laburar": {
        "sounds": [
            "sven/laburar"
        ]
    },
    "sven.khe": {
        "sounds": [
            "sven/khe"
        ]
    },
    "sven.ilari": {
        "sounds": [
            "sven/ilari"
        ]
    },
    "sven.haha": {
        "sounds": [
            "sven/haha"
        ]
    },
    "sven.gil": {
        "sounds": [
            "sven/gil"
        ]
    },
    "sven.fuaaa": {
        "sounds": [
            "sven/fuaaa"
        ]
    },
    "sven.fuaa": {
        "sounds": [
            "sven/fuaa"
        ]
    },
    "sven.fua": {
        "sounds": [
            "sven/fua"
        ]
    },
    "sven.cri": {
        "sounds": [
            "sven/cri"
        ]
    },
    "sven.crabdance": {
        "sounds": [
            "sven/crabdance"
        ]
    },
    "sven.cmurio": {
        "sounds": [
            "sven/cmurio"
        ]
    },
    "sven.chispotio": {
        "sounds": [
            "sven/chispotio"
        ]
    },
    "sven.casa": {
        "sounds": [
            "sven/casa"
        ]
    },
    "sven.callense": {
        "sounds": [
            "sven/callense"
        ]
    },
    "sven.ban": {
        "sounds": [
            "sven/ban"
        ]
    },
    "sven.armen": {
        "sounds": [
            "sven/armen"
        ]
    },
    "sven.arda": {
        "sounds": [
            "sven/arda"
        ]
    },
    "sven.ahhh": {
        "sounds": [
            "sven/ahhh"
        ]
    },
    "sven.adios": {
        "sounds": [
            "sven/adios"
        ]
    },
    "sven.aah": {
        "sounds": [
            "sven/aah"
        ]
    },
    "sven.accessdenied": {
        "sounds": [
            "sven/accessdenied"
        ]
    },
    "sven.ak47s": {
        "sounds": [
            "sven/ak47s"
        ]
    },
    "sven.allah": {
        "sounds": [
            "sven/allah"
        ]
    },
    "sven.applause": {
        "sounds": [
            "sven/applause"
        ]
    },
    "sven.aww": {
        "sounds": [
            "sven/aww"
        ]
    },
    "sven.bombplanted": {
        "sounds": [
            "sven/bombplanted"
        ]
    },
    "sven.burp": {
        "sounds": [
            "sven/burp"
        ]
    },
    "sven.cof": {
        "sounds": [
            "sven/cof"
        ]
    },
    "sven.coverme": {
        "sounds": [
            "sven/coverme"
        ]
    },
    "sven.dale": {
        "sounds": [
            "sven/dale"
        ]
    },
    "sven.doh": {
        "sounds": [
            "sven/doh"
        ]
    },
    "sven.ey": {
        "sounds": [
            "sven/ey"
        ]
    },
    "sven.failed": {
        "sounds": [
            "sven/failed"
        ]
    },
    "sven.fireinhole": {
        "sounds": [
            "sven/fireinhole"
        ]
    },
    "sven.gogogo": {
        "sounds": [
            "sven/gogogo"
        ]
    },
    "sven.greetings": {
        "sounds": [
            "sven/greetings"
        ]
    },
    "sven.hax": {
        "sounds": [
            "sven/hax"
        ]
    },
    "sven.helpme_nigga": {
        "sounds": [
            "sven/helpme_nigga"
        ]
    },
    "sven.hurra": {
        "sounds": [
            "sven/hurra"
        ]
    },
    "sven.iphone": {
        "sounds": [
            "sven/iphone"
        ]
    },
    "sven.iwantdrugs": {
        "sounds": [
            "sven/iwantdrugs"
        ]
    },
    "sven.kiss": {
        "sounds": [
            "sven/kiss"
        ]
    },
    "sven.letmein": {
        "sounds": [
            "sven/letmein"
        ]
    },
    "sven.letsgo": {
        "sounds": [
            "sven/letsgo"
        ]
    },
    "sven.medic": {
        "sounds": [
            "sven/medic"
        ]
    },
    "sven.mgalert": {
        "sounds": [
            "sven/mgalert"
        ]
    },
    "sven.mmm": {
        "sounds": [
            "sven/mmm"
        ]
    },
    "sven.nani": {
        "sounds": [
            "sven/nani"
        ]
    },
    "sven.nyannyan": {
        "sounds": [
            "sven/nyannyan"
        ]
    },
    "sven.ohbanana": {
        "sounds": [
            "sven/ohbanana"
        ]
    },
    "sven.ohhayo": {
        "sounds": [
            "sven/ohhayo"
        ]
    },
    "sven.ohmygah": {
        "sounds": [
            "sven/ohmygah"
        ]
    },
    "sven.ohshit": {
        "sounds": [
            "sven/ohshit"
        ]
    },
    "sven.omae": {
        "sounds": [
            "sven/omae"
        ]
    },
    "sven.omg": {
        "sounds": [
            "sven/omg"
        ]
    },
    "sven.oneshot": {
        "sounds": [
            "sven/oneshot"
        ]
    },
    "sven.oops": {
        "sounds": [
            "sven/oops"
        ]
    },
    "sven.pacman": {
        "sounds": [
            "sven/pacman"
        ]
    },
    "sven.pedo": {
        "sounds": [
            "sven/pedo"
        ]
    },
    "sven.punch": {
        "sounds": [
            "sven/punch"
        ]
    },
    "sven.quack": {
        "sounds": [
            "sven/quack"
        ]
    },
    "sven.retard": {
        "sounds": [
            "sven/retard"
        ]
    },
    "sven.rip": {
        "sounds": [
            "sven/rip"
        ]
    },
    "sven.rlly_nigga": {
        "sounds": [
            "sven/rlly_nigga"
        ]
    },
    "sven.slap": {
        "sounds": [
            "sven/slap"
        ]
    },
    "sven.surprise": {
        "sounds": [
            "sven/surprise"
        ]
    },
    "sven.tamtamtam": {
        "sounds": [
            "sven/tamtamtam"
        ]
    },
    "sven.thug": {
        "sounds": [
            "sven/thug"
        ]
    },
    "sven.trap": {
        "sounds": [
            "sven/trap"
        ]
    },
    "sven.victory": {
        "sounds": [
            "sven/victory"
        ]
    },
    "sven.whyumad": {
        "sounds": [
            "sven/whyumad"
        ]
    },
    "sven.xfiles": {
        "sounds": [
            "sven/xfiles"
        ]
    },
    "sven.yawn": {
        "sounds": [
            "sven/yawn"
        ]
    },
    "sven.yay": {
        "sounds": [
            "sven/yay"
        ]
    },
    "sven.yes_daddy": {
        "sounds": [
            "sven/yes_daddy"
        ]
    },
    "sven.yes_sir": {
        "sounds": [
            "sven/yes_sir"
        ]
    },
    "sven.oof": {
        "sounds": [
            "sven/oof"
        ]
    },
    "sven.elmasperron": {
        "sounds": [
            "sven/elmasperron"
        ]
    },
    "sven.agarrate": {
        "sounds": [
            "sven/agarrate"
        ]
    },
    "sven.aliens": {
        "sounds": [
            "sven/aliens"
        ]
    },
    "sven.aiuda": {
        "sounds": [
            "sven/ayuda"
        ]
    },
    "sven.badum": {
        "sounds": [
            "sven/badum"
        ]
    },
    "sven.arrepentir": {
        "sounds": [
            "sven/arrepentir"
        ]
    },
    "sven.bomba": {
        "sounds": [
            "sven/bomba"
        ]
    },
    "sven.buu": {
        "sounds": [
            "sven/buu"
        ]
    },
    "sven.gameover": {
        "sounds": [
            "sven/gameover"
        ]
    },
    "sven.monkey": {
        "sounds": [
            "sven/monkey"
        ]
    },
    "sven.musica": {
        "sounds": [
            "sven/musica"
        ]
    },
    "sven.noomira": {
        "sounds": [
            "sven/noomira"
        ]
    },
    "sven.ohyeah": {
        "sounds": [
            "sven/ohyeah"
        ]
    },
    "sven.paraste": {
        "sounds": [
            "sven/paraste"
        ]
    },
    "sven.quienteconoce": {
        "sounds": [
            "sven/qtc"
        ]
    },
    "sven.saleel": {
        "sounds": [
            "sven/saleel"
        ]
    },
    "sven.upa": {
        "sounds": [
            "sven/upa"
        ]
    },
    "sven.cua": {
        "sounds": [
            "sven/cua"
        ]
    },
    "sven.muybien": {
        "sounds": [
            "sven/muybien"
        ]
    },
    "sven.wiz": {
        "sounds": [
            "sven/wiz"
        ]
    },
    "sven.sisi": {
        "sounds": [
            "sven/sisi"
        ]
    },
    "sven.quepaso": {
        "sounds": [
            "sven/quepaso"
        ]
    },
    "sven.quemal": {
        "sounds": [
            "sven/quemal"
        ]
    },
    "sven.quebien": {
        "sounds": [
            "sven/quebien"
        ]
    },
    "sven.peruano": {
        "sounds": [
            "sven/peruano"
        ]
    },
    "sven.perdido": {
        "sounds": [
            "sven/perdido"
        ]
    },
    "sven.pasaran": {
        "sounds": [
            "sven/pasaran"
        ]
    },
    "sven.nou": {
        "sounds": [
            "sven/nou"
        ]
    },
    "sven.nojuego": {
        "sounds": [
            "sven/nojuego"
        ]
    },
    "sven.muere": {
        "sounds": [
            "sven/muere"
        ]
    },
    "sven.marcianito": {
        "sounds": [
            "sven/marcianito"
        ]
    },
    "sven.marcho": {
        "sounds": [
            "sven/marcho"
        ]
    },
    "sven.mama": {
        "sounds": [
            "sven/mama"
        ]
    },
    "sven.maldita": {
        "sounds": [
            "sven/maldita"
        ]
    },
    "sven.kulikitaka": {
        "sounds": [
            "sven/kulikitaka"
        ]
    },
    "sven.idiota": {
        "sounds": [
            "sven/idiota"
        ]
    },
    "sven.gracias": {
        "sounds": [
            "sven/gracias"
        ]
    },
    "sven.gana": {
        "sounds": [
            "sven/gana"
        ]
    },
    "sven.feo": {
        "sounds": [
            "sven/feo"
        ]
    },
    "sven.explica": {
        "sounds": [
            "sven/explica"
        ]
    },
    "sven.dota": {
        "sounds": [
            "sven/dota"
        ]
    },
    "sven.dorime": {
        "sounds": [
            "sven/dorime"
        ]
    },
    "sven.descontrolar": {
        "sounds": [
            "sven/descontrolar"
        ]
    },
    "sven.dejavu3": {
        "sounds": [
            "sven/dejavu3"
        ]
    },
    "sven.dejavu2": {
        "sounds": [
            "sven/dejavu2"
        ]
    },
    "sven.dejavu": {
        "sounds": [
            "sven/dejavu"
        ]
    },
    "sven.clarita": {
        "sounds": [
            "sven/clarita"
        ]
    },
    "sven.chau": {
        "sounds": [
            "sven/chau"
        ]
    },
    "sven.callese1": {
        "sounds": [
            "sven/callese1"
        ]
    },
    "sven.callese2": {
        "sounds": [
            "sven/callese2"
        ]
    },
    "sven.melleva": {
        "sounds": [
            "sven/melleva"
        ]
    },
    "sven.basta": {
        "sounds": [
            "sven/basta"
        ]
    },
    "sven.babosos": {
        "sounds": [
            "sven/babosos"
        ]
    },
    "sven.agradable": {
        "sounds": [
            "sven/agradable"
        ]
    },
    "sven.minero": {
        "sounds": [
            "sven/minero"
        ]
    },
    "sven.aymama": {
        "sounds": [
            "sven/aymama"
        ]
    },
    "sven.dejavu4": {
        "sounds": [
            "sven/dejavu4"
        ]
    }
}