{"textures":{"1":"modelengine:entity/medusa_stone"},"elements":[{"from":[4.8285713,3.4285712,8.0],"to":[11.114285,8.0,12.571428],"rotation":{"angle":0.0,"axis":"y","origin":[8.285714,11.428572,10.285714]},"faces":{"east":{"uv":[6.5,9.0,7.5,10.0],"rotation":0,"texture":"#1","tintindex":0},"south":{"uv":[6.75,5.875,8.125,6.875],"rotation":0,"texture":"#1","tintindex":0},"north":{"uv":[3.5,6.625,4.875,7.625],"rotation":0,"texture":"#1","tintindex":0},"west":{"uv":[7.5,9.0,8.5,10.0],"rotation":0,"texture":"#1","tintindex":0},"up":{"uv":[6.25,7.875,4.875,6.875],"rotation":0,"texture":"#1","tintindex":0},"down":{"uv":[7.625,6.875,6.25,7.875],"rotation":0,"texture":"#1","tintindex":0}}}],"display":{"head":{"translation":[0.0,-6.4,0.0],"scale":[4.0,4.0,4.0]}}}