{"credit":"Made with Blockbench","display":{"firstperson_lefthand":{"rotation":[10,-52,1],"translation":[14.25,6.25,-4.5]},"firstperson_righthand":{"rotation":[10,-52,1],"translation":[14.25,6.25,-4.5]},"fixed":{"rotation":[80,0,0],"scale":[2,2,2],"translation":[0,0,-17]},"ground":{"scale":[0.08,0.08,0.08],"translation":[0,3.75,0]},"gui":{"rotation":[30,45,0],"scale":[0.23,0.23,0.23],"translation":[0,-1.25,0]},"head":{"scale":[1.6,1.6,1.6],"translation":[0,29,0]},"thirdperson_lefthand":{"rotation":[71,-17,-10],"scale":[0.8,0.8,0.8],"translation":[1.75,2.75,12]},"thirdperson_righthand":{"rotation":[71,-17,-10],"scale":[0.8,0.8,0.8],"translation":[1.75,2.75,12]}},"elements":[{"faces":{"east":{"texture":"#0","uv":[0,6.75,6,7.5]},"north":{"texture":"#0","uv":[0,7.5,6,8.25]},"south":{"texture":"#0","uv":[0,6,6,6.75]},"up":{"texture":"#0","uv":[0,0,6,6]},"west":{"texture":"#0","uv":[0,8.25,6,9]}},"from":[-16,24,-16],"to":[32,30,32]},{"faces":{"east":{"texture":"#0","uv":[12.5,0,15.25,1.25]},"west":{"texture":"#0","uv":[12.5,0,15.25,1.25]}},"from":[8,20,-3],"rotation":{"angle":0,"axis":"y","origin":[8,25,8]},"to":[8,30,19]},{"faces":{"down":{"texture":"#0","uv":[12,5.875,12.125,6]},"east":{"texture":"#0","uv":[12.25,0,12,6]},"north":{"texture":"#0","uv":[12,0,12.25,6]},"south":{"texture":"#0","uv":[12,0,12.25,6]},"up":{"texture":"#0","uv":[12.25,0,12.5,0.25]},"west":{"texture":"#0","uv":[12.25,0,12,6]}},"from":[7,-16,7],"to":[9,32,9]},{"faces":{"north":{"texture":"#0","uv":[12.5,0,15.25,1.25]},"south":{"texture":"#0","uv":[12.5,0,15.25,1.25]}},"from":[-3,20,8],"to":[19,30,8]},{"faces":{"down":{"texture":"#0","uv":[6,0,0,6]},"east":{"texture":"#0","uv":[0,9,6,8.25]},"north":{"texture":"#0","uv":[0,6.75,6,6]},"south":{"texture":"#0","uv":[0,8.25,6,7.5]},"west":{"texture":"#0","uv":[0,7.5,6,6.75]}},"from":[32,30,32],"name":"cube inverted","to":[-16,24,-16]}],"groups":[{"children":[0,1,2,3,4],"name":"group","origin":[0,0,0]}],"texture_size":[128,128],"textures":{"0":"custom/entities/balloons/balloon_summer","particle":"custom/entities/balloons/balloon_summer"}}