{"credit":"Made with Blockbench","display":{"firstperson_lefthand":{"rotation":[0,132,0],"translation":[9.5,-1.5,-9]},"firstperson_righthand":{"rotation":[0,132,0],"translation":[9.5,-1.5,-9]},"fixed":{"rotation":[-90,0,0],"scale":[2,2,2],"translation":[0,0,-14]},"ground":{"scale":[0.4,0.4,0.4],"translation":[0,3,0]},"gui":{"rotation":[30,135,0],"scale":[0.7,0.7,0.7],"translation":[0,0.5,0]},"head":{"translation":[0,1,0]},"thirdperson_lefthand":{"rotation":[90,0,0],"translation":[-6,-2,-1]},"thirdperson_righthand":{"rotation":[90,0,0],"translation":[-6,-2,-1]}},"elements":[{"faces":{"down":{"texture":"#0","uv":[3.75,7.5,7.25,11]},"east":{"texture":"#0","uv":[0,7.5,3.5,11]},"north":{"texture":"#0","uv":[0,7.5,3.5,11]},"south":{"texture":"#0","uv":[0,7.5,3.5,11]},"up":{"texture":"#0","uv":[3.75,3.75,7.25,7.25]},"west":{"texture":"#0","uv":[0,7.5,3.5,11]}},"from":[0.75,-0.25,0.75],"to":[15.25,14.25,15.25]},{"faces":{"down":{"texture":"#0","uv":[11,7.5,14.5,11]},"east":{"texture":"#0","uv":[7.5,7.5,11,11]},"north":{"texture":"#0","uv":[7.5,7.5,11,11]},"south":{"texture":"#0","uv":[7.5,7.5,11,11]},"up":{"texture":"#0","uv":[7.5,4,11,7.5]},"west":{"texture":"#0","uv":[7.5,7.5,11,11]}},"from":[1,0,1],"to":[15,14,15]},{"faces":{"north":{"texture":"#0","uv":[0,11.25,5,12.5]},"south":{"texture":"#0","uv":[0,11.25,5,12.5]}},"from":[-2,14,8],"rotation":{"angle":45,"axis":"y","origin":[7.98342,17.49997,8.01661]},"to":[18,19,8]},{"faces":{"north":{"texture":"#0","uv":[0,11.25,5,12.5]},"south":{"texture":"#0","uv":[0,11.25,5,12.5]}},"from":[-2,14,8],"rotation":{"angle":-45,"axis":"y","origin":[7.98342,17.49997,8.01661]},"to":[18,19,8]}],"groups":[{"children":[0,1],"name":"group","origin":[8,8,8]},2,3],"textures":{"0":"custom/entities/balloons/balloon_1","particle":"custom/entities/balloons/balloon_1"}}