{"parent": "item/generated","textures":{"layer0":"item/leather_chestplate","layer1":"item/leather_chestplate_overlay"},"overrides":[{"predicate":{"custom_model_data":1},"model":"e"},
{"predicate":{"custom_model_data":2},"model":"1p"},
{"predicate":{"custom_model_data":3},"model":"s/a/1_3"},
{"predicate":{"custom_model_data":4},"model":"s/a/2_3"},
{"predicate":{"custom_model_data":5},"model":"s/a/3_3"},
{"predicate":{"custom_model_data":6},"model":"s/a/4_3"},
{"predicate":{"custom_model_data":7},"model":"s/a/5_3"},
{"predicate":{"custom_model_data":8},"model":"s/a/6_3"},
{"predicate":{"custom_model_data":9},"model":"s/a/7_3"},
{"predicate":{"custom_model_data":10},"model":"s/a/8_3"},
{"predicate":{"custom_model_data":11},"model":"s/a/9_3"},
{"predicate":{"custom_model_data":12},"model":"s/a/10_3"},
{"predicate":{"custom_model_data":13},"model":"s/a/11_3"},
{"predicate":{"custom_model_data":14},"model":"s/a/12_3"},
{"predicate":{"custom_model_data":15},"model":"s/a/13_3"}
]}