{"parent": "item/generated","textures":{"layer0":"item/leather_leggings","layer1":"item/leather_leggings_overlay"},"overrides":[{"predicate":{"custom_model_data":1},"model":"a"},
{"predicate":{"custom_model_data":2},"model":"1g"},
{"predicate":{"custom_model_data":3},"model":"s/a/1_2"},
{"predicate":{"custom_model_data":4},"model":"s/a/2_2"},
{"predicate":{"custom_model_data":5},"model":"s/a/3_2"},
{"predicate":{"custom_model_data":6},"model":"s/a/4_2"},
{"predicate":{"custom_model_data":7},"model":"s/a/5_2"},
{"predicate":{"custom_model_data":8},"model":"s/a/6_2"},
{"predicate":{"custom_model_data":9},"model":"s/a/7_2"},
{"predicate":{"custom_model_data":10},"model":"s/a/8_2"},
{"predicate":{"custom_model_data":11},"model":"s/a/9_2"},
{"predicate":{"custom_model_data":12},"model":"s/a/10_2"},
{"predicate":{"custom_model_data":13},"model":"s/a/11_2"},
{"predicate":{"custom_model_data":14},"model":"s/a/12_2"},
{"predicate":{"custom_model_data":15},"model":"s/a/13_2"}
]}