{"parent": "item/generated","textures":{"layer0":"item/leather_helmet","layer1":"item/leather_helmet_overlay"},"overrides":[
{"predicate":{"custom_model_data":2},"model":"1c"},
{"predicate":{"custom_model_data":3},"model":"s/a/1_4"},
{"predicate":{"custom_model_data":4},"model":"s/a/2_4"},
{"predicate":{"custom_model_data":5},"model":"s/a/3_4"},
{"predicate":{"custom_model_data":6},"model":"s/a/4_4"},
{"predicate":{"custom_model_data":7},"model":"s/a/5_4"},
{"predicate":{"custom_model_data":8},"model":"s/a/6_4"},
{"predicate":{"custom_model_data":9},"model":"s/a/7_4"},
{"predicate":{"custom_model_data":10},"model":"s/a/8_4"},
{"predicate":{"custom_model_data":11},"model":"s/a/9_4"},
{"predicate":{"custom_model_data":12},"model":"s/a/10_4"},
{"predicate":{"custom_model_data":13},"model":"s/a/11_4"},
{"predicate":{"custom_model_data":14},"model":"s/a/12_4"},
{"predicate":{"custom_model_data":15},"model":"s/a/13_4"}
]}