{"textures":{"1":"modelengine:entity/medusa_stone"},"elements":[{"from":[4.542857,3.4285712,8.0],"to":[11.4,8.0,13.142858],"rotation":{"angle":0.0,"axis":"y","origin":[8.0,11.428572,10.285714]},"faces":{"east":{"uv":[1.125,8.625,2.25,9.625],"rotation":0,"texture":"#1","tintindex":0},"south":{"uv":[0.0,6.25,1.5,7.25],"rotation":0,"texture":"#1","tintindex":0},"north":{"uv":[5.25,5.875,6.75,6.875],"rotation":0,"texture":"#1","tintindex":0},"west":{"uv":[2.25,8.625,3.375,9.625],"rotation":0,"texture":"#1","tintindex":0},"up":{"uv":[5.625,4.0,4.125,2.875],"rotation":0,"texture":"#1","tintindex":0},"down":{"uv":[5.875,1.0,4.375,2.125],"rotation":0,"texture":"#1","tintindex":0}}}],"display":{"head":{"translation":[0.0,-6.4,0.0],"scale":[4.0,4.0,4.0]}}}