{"credit":"Made with Blockbench","display":{"firstperson_lefthand":{"rotation":[0,22,-14],"translation":[16,0,-6]},"firstperson_righthand":{"rotation":[0,22,-14],"translation":[16,0,-6]},"gui":{"rotation":[-31,122,82],"scale":[0.58,0.58,0.58],"translation":[-0.25,-0.75,0]},"thirdperson_lefthand":{"rotation":[65,46,-18],"translation":[0.75,0.75,1.75]},"thirdperson_righthand":{"rotation":[57,59,-18],"translation":[0.5,1.5,1.75]}},"elements":[{"faces":{"down":{"texture":"#0","uv":[2.5,2,4.5,4]},"east":{"texture":"#0","uv":[0.5,2,2.5,7]},"north":{"texture":"#0","uv":[0.5,2,2.5,7]},"south":{"texture":"#0","uv":[0.5,2,2.5,7]},"up":{"texture":"#0","uv":[2.5,2,4.5,4]},"west":{"texture":"#0","uv":[0.5,2,2.5,7]}},"from":[6,12,6],"to":[10,22,10]},{"faces":{"east":{"texture":"#0","uv":[6.5,2,8.5,7]},"north":{"texture":"#0","uv":[4.5,2,6.5,7]},"south":{"texture":"#0","uv":[4.5,2,6.5,7]},"west":{"texture":"#0","uv":[6.5,2,8.5,7]}},"from":[5.8,11.8,5.8],"to":[10.2,22.2,10.2]},{"faces":{"down":{"texture":"#0","uv":[3,2.5,4,3.5]},"east":{"texture":"#0","uv":[1,7,2,16]},"north":{"texture":"#0","uv":[2,7,1,16]},"south":{"texture":"#0","uv":[2,7,1,16]},"west":{"texture":"#0","uv":[1,7,2,16]}},"from":[7,-6,7],"to":[9,12,9]},{"faces":{"north":{"texture":"#0","uv":[0,0,4,2]},"south":{"texture":"#0","uv":[0,0,4,2]}},"from":[3,22,8],"rotation":{"angle":-45,"axis":"y","origin":[8,24,8]},"to":[13,26,8]},{"faces":{"east":{"texture":"#0","uv":[0,0,4,2]},"west":{"texture":"#0","uv":[0,0,4,2]}},"from":[8,22,3],"rotation":{"angle":-45,"axis":"y","origin":[8,24,8]},"to":[8,26,13]},{"faces":{"down":{"texture":"#0","uv":[2,7,5.5,9.5]},"up":{"rotation":180,"texture":"#0","uv":[2,7,5.5,9.5]}},"from":[4.5,22,10],"rotation":{"angle":45,"axis":"x","origin":[8,22,10]},"to":[11.5,22,15]},{"faces":{"down":{"rotation":270,"texture":"#0","uv":[2,7,5.5,9.5]},"up":{"rotation":270,"texture":"#0","uv":[2,7,5.5,9.5]}},"from":[1,22,4.5],"rotation":{"angle":45,"axis":"z","origin":[6,22,8]},"to":[6,22,11.5]},{"faces":{"down":{"rotation":90,"texture":"#0","uv":[2,7,5.5,9.5]},"up":{"rotation":90,"texture":"#0","uv":[2,7,5.5,9.5]}},"from":[10,22,4.5],"rotation":{"angle":-45,"axis":"z","origin":[10,22,8]},"to":[15,22,11.5]},{"faces":{"down":{"rotation":180,"texture":"#0","uv":[2,7,5.5,9.5]},"up":{"texture":"#0","uv":[2,7,5.5,9.5]}},"from":[4.5,22,1],"rotation":{"angle":-45,"axis":"x","origin":[8,22,6]},"to":[11.5,22,6]},{"faces":{"down":{"rotation":270,"texture":"#0","uv":[2,9.5,4.5,11]},"up":{"rotation":270,"texture":"#0","uv":[2,9.5,4.5,11]}},"from":[4,10,6],"rotation":{"angle":45,"axis":"z","origin":[7,10,8.5]},"to":[7,10,11]},{"faces":{"down":{"rotation":90,"texture":"#0","uv":[2,9.5,4.5,11]},"up":{"rotation":90,"texture":"#0","uv":[2,9.5,4.5,11]}},"from":[9,-6,5.5],"rotation":{"angle":-22.5,"axis":"z","origin":[9,-6,8]},"to":[12,-6,10.5]},{"faces":{"down":{"rotation":270,"texture":"#0","uv":[2,9.5,4.5,11]},"up":{"rotation":270,"texture":"#0","uv":[2,9.5,4.5,11]}},"from":[4,-6,5.5],"rotation":{"angle":22.5,"axis":"z","origin":[7,-6,8]},"to":[7,-6,10.5]},{"faces":{"down":{"rotation":180,"texture":"#0","uv":[2,9.5,4.5,11]},"up":{"texture":"#0","uv":[2,9.5,4.5,11]}},"from":[5.5,-6.1,4],"rotation":{"angle":-22.5,"axis":"x","origin":[8,-6.1,7]},"to":[10.5,-6.1,7]},{"faces":{"down":{"texture":"#0","uv":[2,9.5,4.5,11]},"up":{"rotation":180,"texture":"#0","uv":[2,9.5,4.5,11]}},"from":[5.5,-6.1,9],"rotation":{"angle":22.5,"axis":"x","origin":[8,-6.1,9]},"to":[10.5,-6.1,12]},{"faces":{"down":{"rotation":90,"texture":"#0","uv":[2,9.5,4.5,11]},"up":{"rotation":90,"texture":"#0","uv":[2,9.5,4.5,11]}},"from":[9,12,6],"rotation":{"angle":-45,"axis":"z","origin":[9,12,8.5]},"to":[12,12,11]},{"faces":{"east":{"texture":"#0","tintindex":0,"uv":[6.5,9,8.5,14]},"north":{"texture":"#0","tintindex":0,"uv":[4.5,9,6.5,14]},"south":{"texture":"#0","tintindex":0,"uv":[4.5,9,6.5,14]},"west":{"texture":"#0","tintindex":0,"uv":[6.5,9,8.5,14]}},"from":[5.8,11.8,5.8],"to":[10.2,22.2,10.2]},{"faces":{"down":{"texture":"#0","tintindex":0,"uv":[8.5,2,10.5,4]},"east":{"texture":"#0","tintindex":0,"uv":[8.5,0,10.5,2]},"north":{"texture":"#0","tintindex":0,"uv":[8.5,0,10.5,2]},"south":{"texture":"#0","tintindex":0,"uv":[8.5,0,10.5,2]},"up":{"texture":"#0","tintindex":0,"uv":[10.5,0,12.5,2]},"west":{"texture":"#0","tintindex":0,"uv":[8.5,0,10.5,2]}},"from":[6,24,6],"to":[10,28,10]}],"groups":[0,1,2,3,4,5,6,7,8,9,10,11,12,13,14,{"children":[15,16],"name":"group","origin":[0,0,0]}],"texture_size":[32,32],"textures":{"0":"custom/cosmetics/patrick/clover_staff"}}