{
	"credit": "Made with Blockbench",
	"texture_size": [64, 64],
	"textures": {
		"0": "custom/cosmetics/patrick/pot_of_gold",
		"1": "custom/cosmetics/patrick/rainbow",
		"particle": "custom/cosmetics/patrick/pot_of_gold"
	},
	"elements": [
		{
			"from": [8, -1, -12],
			"to": [8, 21, 28],
			"rotation": {"angle": 0, "axis": "x", "origin": [8, 7, 3]},
			"faces": {
				"east": {"uv": [10.25, 2.5, 0, 8], "texture": "#1"},
				"west": {"uv": [0, 2.5, 10.25, 8], "texture": "#1"}
			}
		},
		{
			"from": [1.5, -16, -13.5],
			"to": [14.5, -4, -0.5],
			"rotation": {"angle": 0, "axis": "y", "origin": [8, -8, -5]},
			"faces": {
				"north": {"uv": [3.5, 0.5, 6.75, 3.5], "texture": "#0"},
				"east": {"uv": [3.5, 0.5, 6.75, 3.5], "texture": "#0"},
				"south": {"uv": [3.5, 0.5, 6.75, 3.5], "texture": "#0"},
				"west": {"uv": [3.5, 0.5, 6.75, 3.5], "texture": "#0"}
			}
		},
		{
			"from": [14.5, -4, -0.5],
			"to": [1.5, -16, -13.5],
			"rotation": {"angle": 0, "axis": "y", "origin": [21, 4, 8]},
			"faces": {
				"north": {"uv": [3.5, 0.5, 6.75, 3.5], "rotation": 180, "texture": "#0"},
				"east": {"uv": [3.5, 0.5, 6.75, 3.5], "rotation": 180, "texture": "#0"},
				"south": {"uv": [3.5, 0.5, 6.75, 3.5], "rotation": 180, "texture": "#0"},
				"west": {"uv": [3.5, 0.5, 6.75, 3.5], "rotation": 180, "texture": "#0"}
			}
		},
		{
			"from": [1.5, -14, -13.5],
			"to": [14.5, -14, -0.5],
			"rotation": {"angle": 0, "axis": "y", "origin": [8, -6, -5]},
			"faces": {
				"east": {"uv": [3.5, 0.5, 6.75, 3.5], "texture": "#0"},
				"down": {"uv": [0, 3.5, 3.25, 6.75], "texture": "#0"}
			}
		},
		{
			"from": [1, -4, -14],
			"to": [15, -2, 0],
			"rotation": {"angle": 0, "axis": "y", "origin": [9, 4, -6]},
			"faces": {
				"north": {"uv": [3.5, 0, 7, 0.5], "texture": "#0"},
				"east": {"uv": [3.5, 0, 7, 0.5], "texture": "#0"},
				"south": {"uv": [3.5, 0, 7, 0.5], "texture": "#0"},
				"west": {"uv": [3.5, 0, 7, 0.5], "texture": "#0"},
				"up": {"uv": [0, 0, 3.5, 3.5], "texture": "#0"},
				"down": {"uv": [3, 3.5, 3.25, 3.75], "texture": "#0"}
			}
		},
		{
			"from": [1.25, -9.25, -15.25],
			"to": [14.75, -5.75, 1.25],
			"rotation": {"angle": 22.5, "axis": "x", "origin": [8, -7.5, -7]},
			"faces": {
				"east": {"uv": [3.25, 4, 8, 4.75], "texture": "#0"},
				"south": {"uv": [3.25, 5, 6.5, 5.75], "texture": "#0"},
				"west": {"uv": [3.25, 4, 8, 4.75], "texture": "#0"}
			}
		},
		{
			"from": [14.75, -5.75, 1.25],
			"to": [1.25, -9.25, -15.25],
			"rotation": {"angle": 22.5, "axis": "x", "origin": [8, -7.5, -7]},
			"faces": {
				"north": {"uv": [3.25, 5, 6.5, 5.75], "texture": "#0"},
				"east": {"uv": [3.25, 4, 8, 4.75], "texture": "#0"},
				"west": {"uv": [3.25, 4, 8, 4.75], "texture": "#0"}
			}
		},
		{
			"from": [15, -2, -9.5],
			"to": [20, -2, -4.5],
			"rotation": {"angle": -45, "axis": "z", "origin": [15, -2, -7]},
			"faces": {
				"up": {"uv": [6.75, 0.5, 8, 1.75], "rotation": 270, "texture": "#0"},
				"down": {"uv": [6.75, 0.5, 8, 1.75], "rotation": 270, "texture": "#0"}
			}
		},
		{
			"from": [-4, -2, -9.5],
			"to": [1, -2, -4.5],
			"rotation": {"angle": 45, "axis": "z", "origin": [1, -2, -7]},
			"faces": {
				"up": {"uv": [6.75, 0.5, 8, 1.75], "rotation": 90, "texture": "#0"},
				"down": {"uv": [6.75, 0.5, 8, 1.75], "rotation": 90, "texture": "#0"}
			}
		},
		{
			"from": [2, -2, -13],
			"to": [14, -1, -1],
			"rotation": {"angle": 0, "axis": "y", "origin": [10, 6, -5]},
			"faces": {
				"north": {"uv": [0.25, 0.25, 3.25, 0.5], "rotation": 180, "texture": "#0"},
				"east": {"uv": [3, 0.25, 3.25, 3.25], "rotation": 90, "texture": "#0"},
				"south": {"uv": [3, 0.25, 3.25, 3.25], "rotation": 270, "texture": "#0"},
				"west": {"uv": [3, 0.25, 3.25, 3.25], "rotation": 90, "texture": "#0"},
				"up": {"uv": [0.25, 0.25, 3.25, 3.25], "texture": "#0"}
			}
		}
	],
	"display": {
		"gui": {
			"rotation": [30, -45, 0],
			"translation": [-3.5, 3, 0],
			"scale": [0.54, 0.54, 0.54]
		},
		"head": {
			"rotation": [10, 0, 0],
			"translation": [0, -35.5, 41.5],
			"scale": [1.61, 1.61, 1.61]
		}
	},
	"groups": [
		0,
		{
			"name": "group",
			"origin": [1, 14, 8],
			"color": 0,
			"children": [1, 2, 3, 4, 5, 6, 7, 8]
		},
		9
	]
}