{"credit":"Made with Blockbench","display":{"gui":{"rotation":[30,-45,0],"scale":[0.75,0.75,0.75]},"head":{"rotation":[8,0,0],"scale":[1.61,1.61,1.61],"translation":[0,6.5,0.75]}},"elements":[{"faces":{"down":{"texture":"#0","uv":[0,2.5,2.5,5]},"east":{"texture":"#0","uv":[0,0,2.5,2.5]},"north":{"texture":"#0","uv":[0,0,2.5,2.5]},"south":{"texture":"#0","uv":[2.5,0,0,2.5]},"up":{"rotation":90,"texture":"#0","uv":[5,2.5,7.5,0]},"west":{"texture":"#0","uv":[2.5,0,5,2.5]}},"from":[-1,2,6],"to":[4,7,11]},{"faces":{"down":{"texture":"#0","uv":[0,2.5,2.5,5]},"east":{"texture":"#0","uv":[0,0,2.5,2.5]},"north":{"texture":"#0","uv":[5,0,2.5,2.5]},"south":{"texture":"#0","uv":[5,0,2.5,2.5]},"up":{"rotation":180,"texture":"#0","uv":[5,2.5,7.5,0]},"west":{"texture":"#0","uv":[0,0,2.5,2.5]}},"from":[12,2,6],"to":[17,7,11]},{"faces":{"north":{"texture":"#0","uv":[1.5,5,14.5,12]},"south":{"texture":"#0","uv":[14.5,5,1.5,12]}},"from":[-5,3,8.5],"rotation":{"angle":0,"axis":"x","origin":[8,7,8.5]},"to":[21,17,8.5]},{"faces":{"north":{"texture":"#1","uv":[1.5,5,14.5,12]},"south":{"texture":"#1","uv":[14.5,5,1.5,12]}},"from":[-5,3,8.5],"rotation":{"angle":0,"axis":"x","origin":[8,7,8.5]},"to":[21,17,8.5]}],"texture_size":[32,32],"textures":{"0":"custom/cosmetics/patrick/rainbow_hat","1":"custom/cosmetics/patrick/rainbow_hat_ani","particle":"custom/cosmetics/patrick/rainbow_hat"}}