{"credit":"Made with Blockbench","display":{"firstperson_lefthand":{"rotation":[0,110,0],"translation":[9,5.5,-6.25]},"firstperson_righthand":{"rotation":[0,110,0],"translation":[9,5.5,-6.25]},"fixed":{"rotation":[-90,0,0],"scale":[2,2,2],"translation":[0,0,-14]},"ground":{"scale":[0.4,0.4,0.4],"translation":[0,2.25,0]},"gui":{"rotation":[30,135,0],"scale":[0.6,0.6,0.6],"translation":[-1.25,-1.5,0]},"head":{"scale":[1.6,1.6,1.6],"translation":[0,6.25,0]},"thirdperson_lefthand":{"rotation":[64,58,0],"scale":[0.4,0.4,0.4],"translation":[0,1.5,1]},"thirdperson_righthand":{"rotation":[64,58,0],"scale":[0.4,0.4,0.4],"translation":[0,1.5,1]}},"elements":[{"faces":{"down":{"texture":"#0","uv":[4,6,2,8]},"east":{"rotation":180,"texture":"#0","uv":[0,4,2,6]},"north":{"rotation":180,"texture":"#0","uv":[2,6,0,8]},"south":{"rotation":180,"texture":"#1","uv":[8,0,16,8]},"west":{"rotation":180,"texture":"#0","uv":[2,4,0,6]}},"from":[12.25,8.25,12.25],"to":[3.75,-0.25,3.75]},{"faces":{"down":{"texture":"#0","uv":[4,0,6,2]},"east":{"texture":"#0","uv":[0,4,2,6]},"north":{"texture":"#1","uv":[8,0,16,8]},"south":{"texture":"#0","uv":[2,6,0,8]},"up":{"texture":"#0","uv":[4,6,2,8]},"west":{"texture":"#0","uv":[2,4,0,6]}},"from":[3.75,-0.25,3.75],"to":[12.25,8.25,12.25]},{"faces":{"down":{"texture":"#0","uv":[0,0,2,2]},"east":{"texture":"#0","uv":[0,2,2,4]},"north":{"texture":"#1","uv":[0,0,8,8]},"south":{"texture":"#0","uv":[6,2,4,4]},"up":{"texture":"#0","uv":[2,0,4,2]},"west":{"texture":"#0","uv":[2,2,0,4]}},"from":[4,0,4],"to":[12,8,12]},{"faces":{"east":{"texture":"#0","uv":[9.5,0,11.5,2]},"north":{"texture":"#0","uv":[9.5,0,11.5,2]},"south":{"texture":"#0","uv":[9.5,0,11.5,2]},"up":{"rotation":180,"texture":"#0","uv":[9.5,2,11.5,4]},"west":{"texture":"#0","uv":[9.5,0,11.5,2]}},"from":[4,8.33,4],"rotation":{"angle":0,"axis":"x","origin":[8,10,8]},"to":[12,16.33,12]},{"faces":{"east":{"texture":"#0","uv":[11.5,1,13.5,2]},"north":{"texture":"#0","uv":[11.5,1,13.5,2]},"south":{"texture":"#0","uv":[11.5,1,13.5,2]},"west":{"texture":"#0","uv":[11.5,1,13.5,2]}},"from":[3.75,8.08,3.75],"rotation":{"angle":0,"axis":"x","origin":[8,10,8]},"to":[12.25,12.58,12.25]},{"faces":{"down":{"texture":"#0","uv":[6,0,9.5,3.5]},"up":{"texture":"#0","uv":[6,0,9.5,3.5]}},"from":[1,8.3,1],"rotation":{"angle":0,"axis":"x","origin":[8,10,8]},"to":[15,8.3,15]},{"faces":{"north":{"texture":"#0","uv":[4,1,6,2]},"south":{"texture":"#0","uv":[4,1,6,2]}},"from":[4,-3,3.74],"rotation":{"angle":0,"axis":"x","origin":[8,0,4]},"to":[12,1,3.74]}],"groups":[{"children":[0,1,2],"name":"group","origin":[8,8,8]},{"children":[3,4,5],"name":"group","origin":[8,8,8]},6],"textures":{"0":"custom/entities/auctioneer/auctioneer_base","1":"custom/entities/auctioneer/auctioneer_face","particle":"custom/entities/auctioneer/auctioneer_base"}}