{"credit":"Made with Blockbench","display":{"firstperson_lefthand":{"rotation":[0,128,0],"translation":[9.5,1.75,-6.25]},"firstperson_righthand":{"rotation":[0,128,0],"translation":[9.5,1.75,-6.25]},"ground":{"scale":[0.4,0.4,0.4],"translation":[0,3.25,0]},"gui":{"rotation":[30,135,0],"translation":[0,1.75,0]},"head":{"scale":[1.6,1.6,1.6],"translation":[0,6,0]},"thirdperson_lefthand":{"rotation":[36,0,0],"scale":[0.4,0.4,0.4],"translation":[0,0.75,0.75]},"thirdperson_righthand":{"rotation":[36,0,0],"scale":[0.4,0.4,0.4],"translation":[0,0.75,0.75]}},"elements":[{"faces":{"down":{"rotation":180,"texture":"#0","uv":[5,8,7,9]},"east":{"rotation":180,"texture":"#0","uv":[4,9,5,12]},"north":{"rotation":180,"texture":"#0","uv":[8,9,10,12]},"south":{"rotation":180,"texture":"#0","uv":[5,9,7,12]},"up":{"texture":"#0","uv":[7,8,9,9]},"west":{"rotation":180,"texture":"#0","uv":[4,9,5,12]}},"from":[12.25,12.25,10.25],"to":[3.75,-0.25,5.75]},{"faces":{"down":{"texture":"#0","uv":[7,8,9,9]},"east":{"texture":"#0","uv":[4,9,5,12]},"north":{"texture":"#0","uv":[5,9,7,12]},"south":{"texture":"#0","uv":[8,9,10,12]},"up":{"rotation":180,"texture":"#0","uv":[5,8,7,9]},"west":{"texture":"#0","uv":[4,9,5,12]}},"from":[3.75,-0.25,5.75],"to":[12.25,12.25,10.25]},{"faces":{"down":{"texture":"#0","uv":[7,4,9,5]},"east":{"texture":"#0","uv":[4,5,5,8]},"north":{"texture":"#0","uv":[5,5,7,8]},"south":{"texture":"#0","uv":[8,5,10,8]},"up":{"rotation":180,"texture":"#0","uv":[5,4,7,5]},"west":{"texture":"#0","uv":[4,5,5,8]}},"from":[4,0,6],"to":[12,12,10]}],"groups":[{"children":[0,1,2],"name":"group","origin":[8,8,8]}],"textures":{"0":"custom/entities/auctioneer/auctioneer_base","particle":"custom/entities/auctioneer/auctioneer_base"}}