{"credit":"Made with Blockbench","display":{"ground":{"scale":[0.4,0.4,0.4],"translation":[0,4,0]},"gui":{"rotation":[30,45,0],"translation":[0,1.5,0]},"head":{"rotation":[0,-117,0],"scale":[1.6,1.6,1.6],"translation":[0,19,0]},"thirdperson_lefthand":{"rotation":[90,0,0],"translation":[0,-2,8]},"thirdperson_righthand":{"rotation":[90,180,0],"translation":[0,-2,8]}},"elements":[{"faces":{"down":{"rotation":180,"texture":"#0","uv":[12,5,13,4]},"east":{"texture":"#0","uv":[10,5,11,8]},"north":{"texture":"#0","uv":[11,5,12,8]},"south":{"texture":"#0","uv":[12,5,11,8]},"up":{"texture":"#0","uv":[11,4,12,5]},"west":{"texture":"#0","uv":[12,5,13,8]}},"from":[6,0,6],"to":[10,12,10]},{"faces":{"east":{"texture":"#0","uv":[10,9,11,12]},"north":{"texture":"#0","uv":[11,9,12,12]},"south":{"texture":"#0","uv":[13,9,14,12]},"up":{"rotation":180,"texture":"#0","uv":[11,8,12,9]},"west":{"texture":"#0","uv":[12,9,13,12]}},"from":[5.75,-0.25,5.75],"to":[10.25,12.25,10.25]},{"faces":{"down":{"rotation":90,"texture":"#0","uv":[11,8,12,9]},"east":{"rotation":180,"texture":"#0","uv":[12,9,13,12]},"north":{"rotation":180,"texture":"#0","uv":[14,9,13,12]},"south":{"rotation":180,"texture":"#0","uv":[12,9,11,12]},"west":{"rotation":180,"texture":"#0","uv":[10,9,11,12]}},"from":[10.25,12.25,10.25],"to":[5.75,-0.25,5.75]},{"faces":{"down":{"texture":"#0","uv":[15,2.25,15.75,3]},"east":{"rotation":270,"texture":"#0","uv":[14,0.75,15.75,1.5]},"north":{"rotation":270,"texture":"#0","uv":[14,1.5,15.75,2.25]},"south":{"rotation":270,"texture":"#0","uv":[14,0,15.75,0.75]},"up":{"rotation":180,"texture":"#0","uv":[15,2.25,15.75,3]},"west":{"rotation":90,"texture":"#0","uv":[14,0.75,15.75,1.5]}},"from":[6,-2,12],"rotation":{"angle":0,"axis":"z","origin":[12,5,21]},"to":[9,5,15]},{"faces":{"down":{"texture":"#0","uv":[13.75,0,14,2.25]},"east":{"rotation":270,"texture":"#0","uv":[13.75,0,14,2.25]},"north":{"rotation":270,"texture":"#0","uv":[13.75,0,14,0.25]},"south":{"rotation":270,"texture":"#0","uv":[13.75,0,14,0.25]},"up":{"rotation":180,"texture":"#0","uv":[13.75,0,14,2.25]},"west":{"rotation":90,"texture":"#0","uv":[13.75,0,14,2.25]}},"from":[7,1,7],"rotation":{"angle":0,"axis":"z","origin":[12,5,21]},"to":[8,2,16]}],"groups":[{"children":[0,1,2],"name":"group","origin":[8,8,8]},{"children":[3,4],"name":"group","origin":[8,8,8]}],"textures":{"0":"custom/entities/auctioneer/auctioneer_base","particle":"custom/entities/auctioneer/auctioneer_base"}}