{"textures":{"0":"modelengine:entity/medusa"},"elements":[{"from":[5.1142855,3.4285712,8.0],"to":[10.828571,8.0,12.0],"rotation":{"angle":0.0,"axis":"y","origin":[8.571428,11.428572,10.285714]},"faces":{"east":{"uv":[2.875,9.875,3.75,10.875],"rotation":0,"texture":"#0","tintindex":0},"south":{"uv":[6.5,8.0,7.75,9.0],"rotation":0,"texture":"#0","tintindex":0},"north":{"uv":[5.25,7.875,6.5,8.875],"rotation":0,"texture":"#0","tintindex":0},"west":{"uv":[9.875,3.625,10.75,4.625],"rotation":0,"texture":"#0","tintindex":0},"up":{"uv":[9.875,4.875,8.625,4.0],"rotation":0,"texture":"#0","tintindex":0},"down":{"uv":[10.0,6.875,8.75,7.75],"rotation":0,"texture":"#0","tintindex":0}}}],"display":{"head":{"translation":[0.0,-6.4,0.0],"scale":[4.0,4.0,4.0]}}}