{
	"__comment": "Designed by Tacocat with Cubik Studio - https://cubik.studio",
	"ambientocclusion": false,
	"textures": {
		"texture": "custom/papers",
		"particle": "custom/papers"
	},
	"elements": [ 	 
		{
			"__comment": "Element",
			"from": [ 8.3218, 0.09999999, 5.4253 ],
			"to": [ 16.3218, 1.36316, 16.37267 ],
			"rotation": { "origin": [ 8.32184, 0.1, 5.42529 ], "axis": "y", "angle": 22.5 },
			"faces": {
				"down": { "uv": [ 0, 0, 8.25, 6 ], "texture": "#texture" },
				"up": { "uv": [ 0, 0, 8.25, 6 ], "texture": "#texture" },
				"north": { "uv": [ 10.75, 0, 12, 6 ], "texture": "#texture", "rotation": 270 },
				"south": { "uv": [ 10.75, 0, 12, 6 ], "texture": "#texture", "rotation": 270 },
				"west": { "uv": [ 0, 8.75, 8.25, 10 ], "texture": "#texture" },
				"east": { "uv": [ 0, 8.75, 8.25, 10 ], "texture": "#texture" }
			}
		},
		{
			"__comment": "Element",
			"from": [ 0.4138, 0.146, 2.3908 ],
			"to": [ 8.4138, 0.147, 10.80459 ],
			"faces": {
				"down": { "uv": [ 10, 8.25, 16, 15.25 ], "texture": "#texture" },
				"up": { "uv": [ 10, 8.25, 16, 15.25 ], "texture": "#texture" },
				"north": { "uv": [ 7.1579, 15.15689, 15.15789, 15.1579 ], "texture": "#texture" },
				"south": { "uv": [ 0.84211, 15.15689, 8.84211, 15.1579 ], "texture": "#texture" },
				"west": { "uv": [ 1.68421, 15.15689, 12.63158, 15.1579 ], "texture": "#texture" },
				"east": { "uv": [ 3.36842, 15.15689, 14.31579, 15.1579 ], "texture": "#texture" }
			}
		},
		{
			"__comment": "Element",
			"from": [ 9.7884, 0.9947, 0.6285 ],
			"to": [ 17.7884, 0.9956999, 11.57587 ],
			"rotation": { "origin": [ 19.35632, 0.1, 9.10345 ], "axis": "y", "angle": 22.5 },
			"faces": {
				"down": { "uv": [ 16, 7.75, 10, 16 ], "texture": "#texture", "rotation": 180 },
				"up": { "uv": [ 10, 7.75, 16, 16 ], "texture": "#texture" },
				"north": { "uv": [ 0.84211, 12.20953, 8.84211, 12.21053 ], "texture": "#texture" },
				"south": { "uv": [ 7.1579, 12.20953, 15.15789, 12.21053 ], "texture": "#texture" },
				"west": { "uv": [ 3.36842, 12.20953, 14.31579, 12.21053 ], "texture": "#texture" },
				"east": { "uv": [ 1.68421, 12.20953, 12.63158, 12.21053 ], "texture": "#texture" }
			}
		},
		{
			"__comment": "Element",
			"from": [ 13.3106, 1.3874, -1.005 ],
			"to": [ 14.99481, 3.07161, 7.41605 ],
			"rotation": { "origin": [ 8.68963, 0.1, 5.42526 ], "axis": "y", "angle": -45 },
			"faces": {
				"down": { "uv": [ 13.5, 0, 14.75, 6.25 ], "texture": "#texture" },
				"up": { "uv": [ 13.5, 0, 14.75, 6.25 ], "texture": "#texture" },
				"north": { "uv": [ 13.5, 6.25, 14.75, 7.5 ], "texture": "#texture", "rotation": 270 },
				"south": { "uv": [ 13.5, 6.25, 14.75, 7.5 ], "texture": "#texture", "rotation": 90 },
				"west": { "uv": [ 13.5, 0, 14.75, 6.25 ], "texture": "#texture", "rotation": 270 },
				"east": { "uv": [ 14.75, 0, 16, 6.25 ], "texture": "#texture", "rotation": 270 }
			}
		},
		{
			"__comment": "Element",
			"from": [ -0.0532, 0.09999999, 15.1724 ],
			"to": [ 8.36785, 1.78421, 16.85661 ],
			"rotation": { "origin": [ 8.36782, 0.1, 15.17241 ], "axis": "y", "angle": -22.5 },
			"faces": {
				"down": { "uv": [ 13.5, 0, 14.75, 6.25 ], "texture": "#texture", "rotation": 270 },
				"up": { "uv": [ 13.5, 0, 14.75, 6.25 ], "texture": "#texture", "rotation": 90 },
				"north": { "uv": [ 13.5, 0, 14.75, 6.25 ], "texture": "#texture", "rotation": 270 },
				"south": { "uv": [ 14.75, 0, 16, 6.25 ], "texture": "#texture", "rotation": 270 },
				"west": { "uv": [ 13.5, 6.25, 14.75, 7.5 ], "texture": "#texture", "rotation": 90 },
				"east": { "uv": [ 13.5, 6.25, 14.75, 7.5 ], "texture": "#texture", "rotation": 270 }
			}
		},
		{
			"__comment": "Element",
			"from": [ 0.4597, 0.1612, 1.1875 ],
			"to": [ 8.4597, 0.1622, 2.70474 ],
			"rotation": { "origin": [ 0.45977, 0.6977, 2.48276 ], "axis": "x", "angle": 22.5 },
			"faces": {
				"down": { "uv": [ 16, 14.5, 10, 16 ], "texture": "#texture" },
				"up": { "uv": [ 10, 14.5, 16, 16 ], "texture": "#texture", "rotation": 180 },
				"north": { "uv": [ 8.84211, 15.1579, 0.8421102, 15.15689 ], "texture": "#texture" },
				"south": { "uv": [ 15.15789, 15.1579, 7.1579, 15.15689 ], "texture": "#texture" },
				"west": { "uv": [ 1.68421, 15.15689, 12.63158, 15.1579 ], "texture": "#texture", "rotation": 180 },
				"east": { "uv": [ 3.36842, 15.15689, 14.31579, 15.1579 ], "texture": "#texture", "rotation": 180 }
			}
		},
		{
			"__comment": "Element",
			"from": [ 0.4597, 0.1451, 10.7588 ],
			"to": [ 8.4597, 0.1461, 11.9542 ],
			"rotation": { "origin": [ 0.45977, 0.14598, 10.75862 ], "axis": "x", "angle": -22.5 },
			"faces": {
				"down": { "uv": [ 10, 7.75, 16, 16 ], "texture": "#texture" },
				"up": { "uv": [ 16, 8.75, 10, 7.75 ], "texture": "#texture" },
				"north": { "uv": [ 10, 8.25, 16, 7.75 ], "texture": "#texture", "rotation": 180 },
				"south": { "uv": [ 10, 7.75, 16, 8.25 ], "texture": "#texture" },
				"west": { "uv": [ 1.68421, 15.15689, 12.63158, 15.1579 ], "texture": "#texture" },
				"east": { "uv": [ 3.36842, 15.15689, 14.31579, 15.1579 ], "texture": "#texture" }
			}
		}
	]
}