{"ambientocclusion":false,"textures":{"texture":"custom/papers","particle":"custom/papers"},"elements":[{"from":[1.6667,0,2],"to":[9.6667,2.10526,12.94737],"faces":{"north":{"uv":[8.25,0,10.5,6],"rotation":90,"texture":"#texture"},"east":{"uv":[0,7.75,8.25,10],"texture":"#texture"},"south":{"uv":[8.25,0,10.5,6],"rotation":90,"texture":"#texture"},"west":{"uv":[0,7.75,8.25,10],"texture":"#texture"},"up":{"uv":[0,0,8.25,6],"texture":"#texture"},"down":{"uv":[0,0,8.25,6],"texture":"#texture"}}},{"from":[2.1053,2.1053,1.6842],"to":[10.1053,3.36846,12.63157],"faces":{"north":{"uv":[10.75,0,12,6],"rotation":270,"texture":"#texture"},"east":{"uv":[0,8.75,8.25,10],"texture":"#texture"},"south":{"uv":[10.75,0,12,6],"rotation":270,"texture":"#texture"},"west":{"uv":[0,8.75,8.25,10],"texture":"#texture"},"up":{"uv":[0,0,8.25,6],"texture":"#texture"},"down":{"uv":[0,0,8.25,6],"texture":"#texture"}}},{"from":[1,3.3333,1.3333],"to":[9,3.75435,12.28067],"faces":{"north":{"uv":[11.25,0,11.75,6],"rotation":270,"texture":"#texture"},"east":{"uv":[0,6,8.25,6.5],"texture":"#texture"},"south":{"uv":[9.25,0,9.75,6],"rotation":270,"texture":"#texture"},"west":{"uv":[0,6,8.25,6.5],"texture":"#texture"},"up":{"uv":[0,10,8.25,16],"rotation":270,"texture":"#texture"},"down":{"uv":[0,10,8.25,16],"rotation":270,"texture":"#texture"}}},{"from":[-0.3333,2.6667,5],"to":[7.6667,2.6677,15.94737],"rotation":{"angle":22.5,"axis":"y","origin":[-0.33333,2.66667,5]},"faces":{"north":{"uv":[5.89474,10.94637,13.89474,10.94737],"texture":"#texture"},"east":{"uv":[3.36842,10.94637,14.31579,10.94737],"texture":"#texture"},"south":{"uv":[2.10526,10.94637,10.10526,10.94737],"texture":"#texture"},"west":{"uv":[1.68421,10.94637,12.63158,10.94737],"texture":"#texture"},"up":{"uv":[0,10,8.25,16],"rotation":270,"texture":"#texture"},"down":{"uv":[0,10,8.25,16],"rotation":270,"texture":"#texture"}}},{"from":[2.3333,2.6667,0],"to":[10.3333,2.6677,10.94737],"faces":{"north":{"uv":[7.1579,12.20953,15.15789,12.21053],"texture":"#texture"},"east":{"uv":[3.36842,12.20953,14.31579,12.21053],"texture":"#texture"},"west":{"uv":[1.68421,12.20953,12.63158,12.21053],"texture":"#texture"},"up":{"uv":[10,7.75,16,16],"texture":"#texture"},"down":{"uv":[16,7.75,10,16],"rotation":180,"texture":"#texture"}}},{"from":[-1.6667,1,1.6667],"to":[6.3333,1.001,12.61407],"rotation":{"angle":22.5,"axis":"y","origin":[-1.66667,1,1.66667]},"faces":{"north":{"uv":[7.1579,15.15689,15.15789,15.1579],"texture":"#texture"},"east":{"uv":[3.36842,15.15689,14.31579,15.1579],"texture":"#texture"},"south":{"uv":[0.84211,15.15689,8.84211,15.1579],"texture":"#texture"},"west":{"uv":[1.68421,15.15689,12.63158,15.1579],"texture":"#texture"},"up":{"uv":[16,7.75,10,16],"rotation":180,"texture":"#texture"},"down":{"uv":[10,7.75,16,16],"texture":"#texture"}}},{"from":[5.4737,2.1053,2.1053],"to":[13.4737,2.1063,13.05267],"rotation":{"angle":-22.5,"axis":"y","origin":[5.47368,2.10526,2.10526]},"faces":{"north":{"uv":[7.1579,12.20953,15.15789,12.21053],"texture":"#texture"},"east":{"uv":[3.36842,12.20953,14.31579,12.21053],"texture":"#texture"},"south":{"uv":[0.84211,12.20953,8.84211,12.21053],"texture":"#texture"},"west":{"uv":[1.68421,12.20953,12.63158,12.21053],"texture":"#texture"},"up":{"uv":[0,0,8.25,5.75],"rotation":90,"texture":"#texture"},"down":{"uv":[0.84211,3.36842,8.84211,14.31579],"texture":"#texture"}}},{"from":[6.6667,3.6667,1],"to":[8.35091,5.35091,9.42105],"rotation":{"angle":-45,"axis":"y","origin":[6.66667,3.66667,1]},"faces":{"north":{"uv":[13.5,6.25,14.75,7.5],"rotation":270,"texture":"#texture"},"east":{"uv":[14.75,0,16,6.25],"rotation":270,"texture":"#texture"},"south":{"uv":[13.5,6.25,14.75,7.5],"rotation":90,"texture":"#texture"},"west":{"uv":[13.5,0,14.75,6.25],"rotation":270,"texture":"#texture"},"up":{"uv":[13.5,0,14.75,6.25],"texture":"#texture"},"down":{"uv":[13.5,0,14.75,6.25],"texture":"#texture"}}},{"from":[13.3333,0,8.3158],"to":[15.01751,8.42105,10.00001],"rotation":{"angle":45,"axis":"z","origin":[13.33333,0,10]},"faces":{"north":{"uv":[14.75,6.25,13.5,0],"texture":"#texture"},"east":{"uv":[14.75,0,16,6.25],"texture":"#texture"},"south":{"uv":[13.5,0,14.75,6.25],"texture":"#texture"},"west":{"uv":[13.5,0,14.75,6.25],"rotation":180,"texture":"#texture"},"up":{"uv":[13.5,6.25,14.75,7.5],"rotation":90,"texture":"#texture"},"down":{"uv":[14.75,7.5,13.5,6.25],"rotation":270,"texture":"#texture"}}}]}