{
	"__comment": "Designed by Tacocat with Cubik Studio - https://cubik.studio",
	"ambientocclusion": false,
	"textures": {
		"texture": "custom/papers",
		"particle": "custom/papers"
	},
	"elements": [ 	 
		{
			"__comment": "Element",
			"from": [ 4.0296, 0.254, 7.8776 ],
			"to": [ 14.97697, 1.51716, 15.8776 ],
			"rotation": { "origin": [ 12.57453, -1.85122, 6.28726 ], "axis": "y", "angle": 22.5 },
			"faces": {
				"down": { "uv": [ 0, 0, 8.25, 6 ], "texture": "#texture", "rotation": 270 },
				"up": { "uv": [ 0, 0, 8.25, 6 ], "texture": "#texture", "rotation": 90 },
				"north": { "uv": [ 0, 8.75, 8.25, 10 ], "texture": "#texture" },
				"south": { "uv": [ 0, 8.75, 8.25, 10 ], "texture": "#texture" },
				"west": { "uv": [ 10.75, 0, 12, 6 ], "texture": "#texture", "rotation": 270 },
				"east": { "uv": [ 10.75, 0, 12, 6 ], "texture": "#texture", "rotation": 270 }
			}
		},
		{
			"__comment": "Element",
			"from": [ 2.4575, 0.8154, 5.1703 ],
			"to": [ 13.40487, 0.8164001, 13.1703 ],
			"rotation": { "origin": [ 12.57453, -1.85122, 6.28726 ], "axis": "y", "angle": 45 },
			"faces": {
				"down": { "uv": [ 0, 10, 8.25, 16 ], "texture": "#texture", "rotation": 180 },
				"up": { "uv": [ 0, 10, 8.25, 16 ], "texture": "#texture" },
				"north": { "uv": [ 1.68421, 10.94637, 12.63158, 10.94737 ], "texture": "#texture" },
				"south": { "uv": [ 3.36842, 10.94637, 14.31579, 10.94737 ], "texture": "#texture" },
				"west": { "uv": [ 2.10526, 10.94637, 10.10526, 10.94737 ], "texture": "#texture" },
				"east": { "uv": [ 5.89474, 10.94637, 13.89474, 10.94737 ], "texture": "#texture" }
			}
		},
		{
			"__comment": "Element",
			"from": [ 5.3288, 1.3358, 8.6479 ],
			"to": [ 16.27617, 1.3368, 16.6479 ],
			"rotation": { "origin": [ 12.57453, -1.85122, 6.28726 ], "axis": "y", "angle": 22.5 },
			"faces": {
				"down": { "uv": [ 16, 7.75, 10, 16 ], "texture": "#texture", "rotation": 90 },
				"up": { "uv": [ 10, 7.75, 16, 16 ], "texture": "#texture", "rotation": 90 },
				"north": { "uv": [ 1.68421, 12.20953, 12.63158, 12.21053 ], "texture": "#texture" },
				"south": { "uv": [ 3.36842, 12.20953, 14.31579, 12.21053 ], "texture": "#texture" },
				"west": { "uv": [ 0.84211, 12.20953, 8.84211, 12.21053 ], "texture": "#texture" },
				"east": { "uv": [ 7.1579, 12.20953, 15.15789, 12.21053 ], "texture": "#texture" }
			}
		},
		{
			"__comment": "Element",
			"from": [ 2.017, 0.2328, 0.3823 ],
			"to": [ 10.017, 0.2338, 11.32967 ],
			"rotation": { "origin": [ 4.68293, -0.7672099, 0.04336 ], "axis": "y", "angle": -22.5 },
			"faces": {
				"down": { "uv": [ 10, 7.75, 16, 16 ], "texture": "#texture" },
				"up": { "uv": [ 16, 7.75, 10, 16 ], "texture": "#texture", "rotation": 180 },
				"north": { "uv": [ 7.1579, 15.15689, 15.15789, 15.1579 ], "texture": "#texture" },
				"south": { "uv": [ 0.84211, 15.15689, 8.84211, 15.1579 ], "texture": "#texture" },
				"west": { "uv": [ 1.68421, 15.15689, 12.63158, 15.1579 ], "texture": "#texture" },
				"east": { "uv": [ 3.36842, 15.15689, 14.31579, 15.1579 ], "texture": "#texture" }
			}
		}
	]
}