{"parent":"minecraft:item/generated","textures":{"layer0":"minecraft:item/leather_horse_armor"},"overrides":[{"predicate":{"custom_model_data":1},"model":"modelengine:capybara/thehead"},{"predicate":{"custom_model_data":2},"model":"modelengine:capybara/therightear"},{"predicate":{"custom_model_data":3},"model":"modelengine:capybara/theleftear"},{"predicate":{"custom_model_data":4},"model":"modelengine:capybara/themouth"},{"predicate":{"custom_model_data":5},"model":"modelengine:capybara/theneck"},{"predicate":{"custom_model_data":6},"model":"modelengine:capybara/thefrontbody"},{"predicate":{"custom_model_data":7},"model":"modelengine:capybara/thebackbody"},{"predicate":{"custom_model_data":8},"model":"modelengine:capybara/theleftleg"},{"predicate":{"custom_model_data":9},"model":"modelengine:capybara/theleftthigh"},{"predicate":{"custom_model_data":10},"model":"modelengine:capybara/therightleg"},{"predicate":{"custom_model_data":11},"model":"modelengine:capybara/therightthigh"},{"predicate":{"custom_model_data":12},"model":"modelengine:capybara/theleftleg2"},{"predicate":{"custom_model_data":13},"model":"modelengine:capybara/theupperleftleg"},{"predicate":{"custom_model_data":14},"model":"modelengine:capybara/therightleg2"},{"predicate":{"custom_model_data":15},"model":"modelengine:capybara/theupperrightleg"},{"predicate":{"custom_model_data":16},"model":"modelengine:medusa/body"},{"predicate":{"custom_model_data":17},"model":"modelengine:medusa/head"},{"predicate":{"custom_model_data":18},"model":"modelengine:medusa/snake_hair_stand10"},{"predicate":{"custom_model_data":19},"model":"modelengine:medusa/snake_hair_stand11"},{"predicate":{"custom_model_data":20},"model":"modelengine:medusa/snake_hair_stand12"},{"predicate":{"custom_model_data":21},"model":"modelengine:medusa/snake_hair_head4"},{"predicate":{"custom_model_data":22},"model":"modelengine:medusa/snake_hair_stand7"},{"predicate":{"custom_model_data":23},"model":"modelengine:medusa/snake_hair_stand8"},{"predicate":{"custom_model_data":24},"model":"modelengine:medusa/snake_hair_stand9"},{"predicate":{"custom_model_data":25},"model":"modelengine:medusa/snake_hair_head3"},{"predicate":{"custom_model_data":26},"model":"modelengine:medusa/snake_hair_stand4"},{"predicate":{"custom_model_data":27},"model":"modelengine:medusa/snake_hair_stand5"},{"predicate":{"custom_model_data":28},"model":"modelengine:medusa/snake_hair_stand6"},{"predicate":{"custom_model_data":29},"model":"modelengine:medusa/snake_hair_head2"},{"predicate":{"custom_model_data":30},"model":"modelengine:medusa/snake_hair_stand1"},{"predicate":{"custom_model_data":31},"model":"modelengine:medusa/snake_hair_stand2"},{"predicate":{"custom_model_data":32},"model":"modelengine:medusa/snake_hair_stand3"},{"predicate":{"custom_model_data":33},"model":"modelengine:medusa/snake_hair_head1"},{"predicate":{"custom_model_data":34},"model":"modelengine:medusa/leftarm"},{"predicate":{"custom_model_data":35},"model":"modelengine:medusa/leftforearm"},{"predicate":{"custom_model_data":36},"model":"modelengine:medusa/bow"},{"predicate":{"custom_model_data":37},"model":"modelengine:medusa/lefthand"},{"predicate":{"custom_model_data":38},"model":"modelengine:medusa/tail1"},{"predicate":{"custom_model_data":39},"model":"modelengine:medusa/tail2"},{"predicate":{"custom_model_data":40},"model":"modelengine:medusa/tail3"},{"predicate":{"custom_model_data":41},"model":"modelengine:medusa/tail4"},{"predicate":{"custom_model_data":42},"model":"modelengine:medusa/tail5"},{"predicate":{"custom_model_data":43},"model":"modelengine:medusa/tail6"},{"predicate":{"custom_model_data":44},"model":"modelengine:medusa/tail7"},{"predicate":{"custom_model_data":45},"model":"modelengine:medusa/tail8"},{"predicate":{"custom_model_data":46},"model":"modelengine:medusa/tail9"},{"predicate":{"custom_model_data":47},"model":"modelengine:medusa/tail10"},{"predicate":{"custom_model_data":48},"model":"modelengine:medusa/rightarm"},{"predicate":{"custom_model_data":49},"model":"modelengine:medusa/rightforearm"},{"predicate":{"custom_model_data":50},"model":"modelengine:medusa/righthand"},{"predicate":{"custom_model_data":51},"model":"modelengine:medusa_bits/head"},{"predicate":{"custom_model_data":52},"model":"modelengine:medusa_bits/bow"},{"predicate":{"custom_model_data":53},"model":"modelengine:medusa_bits/righthand"},{"predicate":{"custom_model_data":54},"model":"modelengine:medusa_bits/snake_hair_stand10"},{"predicate":{"custom_model_data":55},"model":"modelengine:medusa_bits/snake_hair_stand11"},{"predicate":{"custom_model_data":56},"model":"modelengine:medusa_bits/snake_hair_stand12"},{"predicate":{"custom_model_data":57},"model":"modelengine:medusa_bits/snake_hair_head4"},{"predicate":{"custom_model_data":58},"model":"modelengine:medusa_bits/snake_hair_stand7"},{"predicate":{"custom_model_data":59},"model":"modelengine:medusa_bits/snake_hair_stand8"},{"predicate":{"custom_model_data":60},"model":"modelengine:medusa_bits/snake_hair_stand9"},{"predicate":{"custom_model_data":61},"model":"modelengine:medusa_bits/snake_hair_head3"},{"predicate":{"custom_model_data":62},"model":"modelengine:medusa_bits/snake_hair_stand4"},{"predicate":{"custom_model_data":63},"model":"modelengine:medusa_bits/snake_hair_stand5"},{"predicate":{"custom_model_data":64},"model":"modelengine:medusa_bits/snake_hair_stand6"},{"predicate":{"custom_model_data":65},"model":"modelengine:medusa_bits/snake_hair_head2"},{"predicate":{"custom_model_data":66},"model":"modelengine:medusa_bits/snake_hair_stand1"},{"predicate":{"custom_model_data":67},"model":"modelengine:medusa_bits/snake_hair_stand2"},{"predicate":{"custom_model_data":68},"model":"modelengine:medusa_bits/snake_hair_stand3"},{"predicate":{"custom_model_data":69},"model":"modelengine:medusa_bits/snake_hair_head1"},{"predicate":{"custom_model_data":70},"model":"modelengine:medusa_snakehead/head"},{"predicate":{"custom_model_data":71},"model":"modelengine:medusa_snakehead/jaw"},{"predicate":{"custom_model_data":72},"model":"modelengine:medusa_stone/body"},{"predicate":{"custom_model_data":73},"model":"modelengine:medusa_stone/leftarm"},{"predicate":{"custom_model_data":74},"model":"modelengine:medusa_stone/leftforearm"},{"predicate":{"custom_model_data":75},"model":"modelengine:medusa_stone/lefthand"},{"predicate":{"custom_model_data":76},"model":"modelengine:medusa_stone/tail1"},{"predicate":{"custom_model_data":77},"model":"modelengine:medusa_stone/tail2"},{"predicate":{"custom_model_data":78},"model":"modelengine:medusa_stone/tail3"},{"predicate":{"custom_model_data":79},"model":"modelengine:medusa_stone/tail4"},{"predicate":{"custom_model_data":80},"model":"modelengine:medusa_stone/tail5"},{"predicate":{"custom_model_data":81},"model":"modelengine:medusa_stone/tail6"},{"predicate":{"custom_model_data":82},"model":"modelengine:medusa_stone/tail7"},{"predicate":{"custom_model_data":83},"model":"modelengine:medusa_stone/tail8"},{"predicate":{"custom_model_data":84},"model":"modelengine:medusa_stone/tail9"},{"predicate":{"custom_model_data":85},"model":"modelengine:medusa_stone/tail10"},{"predicate":{"custom_model_data":86},"model":"modelengine:medusa_stone/rightarm"},{"predicate":{"custom_model_data":87},"model":"modelengine:medusa_stone/rightforearm"},{"predicate":{"custom_model_data":88},"model":"modelengine:medusa_stone/righthand"},{"predicate":{"custom_model_data":1000},"model":"modelengine:the_wasteland_beast/bd"},{"predicate":{"custom_model_data":1001},"model":"modelengine:the_wasteland_beast/upperbody"},{"predicate":{"custom_model_data":1002},"model":"modelengine:the_wasteland_beast/head"},{"predicate":{"custom_model_data":1003},"model":"modelengine:the_wasteland_beast/mouth"},{"predicate":{"custom_model_data":1004},"model":"modelengine:the_wasteland_beast/fl"},{"predicate":{"custom_model_data":1005},"model":"modelengine:the_wasteland_beast/lfeet"},{"predicate":{"custom_model_data":1006},"model":"modelengine:the_wasteland_beast/furl"},{"predicate":{"custom_model_data":1007},"model":"modelengine:the_wasteland_beast/fr"},{"predicate":{"custom_model_data":1008},"model":"modelengine:the_wasteland_beast/rfeet"},{"predicate":{"custom_model_data":1009},"model":"modelengine:the_wasteland_beast/furr"},{"predicate":{"custom_model_data":1010},"model":"modelengine:the_wasteland_beast/flag"},{"predicate":{"custom_model_data":1011},"model":"modelengine:the_wasteland_beast/rope"},{"predicate":{"custom_model_data":1012},"model":"modelengine:the_wasteland_beast/tail1"},{"predicate":{"custom_model_data":1013},"model":"modelengine:the_wasteland_beast/tail2"},{"predicate":{"custom_model_data":1014},"model":"modelengine:the_wasteland_beast/tail3"},{"predicate":{"custom_model_data":1015},"model":"modelengine:the_wasteland_beast/bl"},{"predicate":{"custom_model_data":1016},"model":"modelengine:the_wasteland_beast/bll"},{"predicate":{"custom_model_data":1017},"model":"modelengine:the_wasteland_beast/br"},{"predicate":{"custom_model_data":1018},"model":"modelengine:the_wasteland_beast/brr"},{"predicate":{"custom_model_data":7777},"model":"chp"}]}