{"textures":{"0":"custom/firewood/burnt_firewood1","1":"custom/firewood/burnt_firewood2","2":"custom/firewood/burnt_firewood3","3":"custom/firewood/burnt_firewood4","4":"custom/firewood/burnt_firewood5","particle":"custom/firewood/burnt_firewood1"},"elements":[{"from":[10.05,0,3],"to":[14.55,2.1,16.9],"rotation":{"angle":22.5,"axis":"y","origin":[2.15,0.6,10.4]},"faces":{"north":{"uv":[14.33333,8,15.99877,11.66666],"rotation":270,"texture":"#0"},"east":{"uv":[1.66667,3.66667,15.5662,5.76654],"rotation":180,"texture":"#4"},"south":{"uv":[14.33333,8,15.99877,11.66666],"rotation":270,"texture":"#0"},"west":{"uv":[0,4.33333,13.89953,6.4326],"rotation":180,"texture":"#4"},"up":{"uv":[9.66667,1,14.16667,14.89953],"rotation":180,"texture":"#1"},"down":{"uv":[0,10.33333,15.83335,15.23285],"rotation":270,"texture":"#2"}}},{"from":[4.47894,0,3.43311],"to":[7.27894,1.55,17.08311],"rotation":{"angle":-22.5,"axis":"y","origin":[4.27894,1.5,3.83311]},"faces":{"north":{"uv":[0,1.884,3,0.334],"rotation":180,"texture":"#0"},"east":{"uv":[1.33333,3.33333,14.98286,4.88297],"rotation":180,"texture":"#2"},"south":{"uv":[12.33333,12.66667,15.13297,14.2163],"texture":"#0"},"west":{"uv":[0.66667,10.66667,14.3162,12.2163],"rotation":180,"texture":"#2"},"up":{"uv":[12,1.66667,14.79964,15.3162],"texture":"#3"},"down":{"uv":[12,1.66667,14.79964,15.3162],"texture":"#3"}}}]}