{"textures":{"0":"custom/firewood/burnt_firewood1","1":"custom/firewood/burnt_firewood2","2":"custom/firewood/burnt_firewood3","3":"custom/firewood/burnt_firewood4","particle":"custom/firewood/burnt_firewood1"},"elements":[{"from":[8.35259,0.28403,0.19],"to":[12.10259,3.68403,16.0025],"faces":{"north":{"uv":[0,12.33333,3.83334,15.73285],"rotation":180,"texture":"#1"},"south":{"uv":[3.83334,12.33333,0,15.73285],"rotation":180,"texture":"#1"}}},{"from":[8.20465,1.03456,0.17371],"to":[9.76465,1.50256,16.02371],"rotation":{"angle":-45,"axis":"z","origin":[8.20465,1.26856,21.79371]},"faces":{"north":{"uv":[0.33333,0.33333,2.33333,0.99939],"texture":"#0"},"south":{"uv":[1.33333,1,2.66667,1.33272],"texture":"#0"},"up":{"uv":[13,0,15.00981,15],"texture":"#1"},"down":{"uv":[12.66667,0.33333,14.67647,15.33333],"texture":"#1"}}},{"from":[7.83089,1.68227,0.17371],"to":[9.39089,2.15027,16.02371],"rotation":{"angle":22.5,"axis":"z","origin":[9.39089,1.91627,21.79371]},"faces":{"north":{"uv":[8.33333,0,10.33333,0.66666],"texture":"#0"},"south":{"uv":[4.66667,0.66667,5.66667,0.99939],"texture":"#0"},"west":{"uv":[0,2.66667,15.84988,3.13419],"rotation":180,"texture":"#2"},"up":{"uv":[13,0,15.00981,15],"rotation":180,"texture":"#1"},"down":{"uv":[12.66667,0.33333,14.67647,15.33333],"texture":"#1"}}},{"from":[10.18306,1.40763,0.17271],"to":[10.65306,3.69945,16.02471],"rotation":{"angle":-45,"axis":"z","origin":[10.41806,2.96863,21.79371]},"faces":{"north":{"uv":[7.66667,1.66667,10.33333,2.33333],"rotation":90,"texture":"#0"},"east":{"uv":[0,2.33333,15.84988,4.62255],"texture":"#2"},"south":{"uv":[3.66667,0,5.33333,0.33272],"rotation":90,"texture":"#0"},"west":{"uv":[0,2.33333,15.84988,4.62255],"texture":"#2"},"up":{"uv":[13,0,13.46752,15.84988],"rotation":180,"texture":"#1"},"down":{"uv":[12.66667,0.33333,14.67647,15.33333],"rotation":90,"texture":"#1"}}},{"from":[11.2151,0.25972,0.17371],"to":[11.70003,3.33884,16.02371],"rotation":{"angle":22.5,"axis":"z","origin":[11.4491,1.81972,21.79371]},"faces":{"north":{"uv":[7,1.33333,11,2],"rotation":270,"texture":"#0"},"east":{"uv":[0,2.33333,15.84988,5.41238],"rotation":180,"texture":"#2"},"south":{"uv":[9.33333,0,11.33334,0.33272],"rotation":270,"texture":"#0"},"west":{"uv":[0,3.33333,15.84988,6.41238],"rotation":180,"texture":"#2"},"up":{"uv":[13,0,15.00981,15],"rotation":90,"texture":"#1"},"down":{"uv":[12.66667,0.33333,14.67647,15.33333],"rotation":270,"texture":"#1"}}},{"from":[9.14227,0.00001,0.173],"to":[12.27792,0.47449,16.023],"faces":{"north":{"uv":[0,0,3.66666,0.66666],"rotation":180,"texture":"#0"},"east":{"uv":[0,2,15.84988,2.47426],"texture":"#2"},"south":{"uv":[0.66667,1,3,1.33272],"texture":"#0"},"up":{"uv":[13,0,15.00981,15],"texture":"#1"},"down":{"uv":[12.66667,0.33333,14.67647,15.33333],"texture":"#1"}}},{"from":[-1.95,3.35,6.9],"to":[14.05,6.35,9.9],"rotation":{"angle":-22.5,"axis":"y","origin":[7.05,4.85,9.4]},"faces":{"north":{"uv":[9.33333,0,12.33333,16],"rotation":90,"texture":"#3"},"east":{"uv":[9.66667,12.66667,12.33272,15.33272],"rotation":90,"texture":"#0"},"south":{"uv":[13,0,16,16],"rotation":90,"texture":"#3"},"west":{"uv":[9.66667,12.66667,12.33272,15.33272],"rotation":90,"texture":"#0"},"up":{"uv":[0,2,16,5],"texture":"#2"},"down":{"uv":[0,10.33333,16,13.33333],"texture":"#2"}}},{"from":[2.25,0,1.4],"to":[5.55,3.3,15.3],"rotation":{"angle":-22.5,"axis":"y","origin":[3.75,1.5,5.9]},"faces":{"north":{"uv":[3.66667,1.66667,6.29963,4.29963],"texture":"#0"},"east":{"uv":[1.33333,1.66667,14.58333,4.41667],"rotation":180,"texture":"#2"},"south":{"uv":[3.66667,1.66667,6.29963,4.29963],"texture":"#0"},"west":{"uv":[1.66667,3.33333,15.5662,6.63297],"rotation":180,"texture":"#2"},"up":{"uv":[13,0,15.00981,15],"rotation":180,"texture":"#1"},"down":{"uv":[12.66667,0.33333,14.67647,15.33333],"rotation":180,"texture":"#1"}}}]}