{"textures":{"0":"custom/firewood/firewood1","1":"custom/firewood/firewood2","2":"custom/firewood/firewood3","3":"custom/firewood/firewood4","4":"custom/firewood/firewood5","particle":"custom/firewood/firewood1"},"elements":[{"from":[-0.06193,2.23161,8.08619],"to":[15.51807,2.81352,11.78114],"faces":{"north":{"uv":[13,0,15.00981,15],"rotation":180,"texture":"#1"},"east":{"uv":[7,0.66667,11,1.33272],"rotation":180,"texture":"#0"},"south":{"uv":[12.667,0.333,13.343,15.333],"rotation":90,"texture":"#1"},"west":{"uv":[7,0.66667,11,1.33272],"texture":"#0"},"down":{"uv":[0.33333,2.66667,15.91298,6.36152],"texture":"#2"}}},{"from":[-0.05193,3.80233,7.69042],"to":[15.52807,4.36632,11.52807],"rotation":{"angle":45,"axis":"x","origin":[7.74838,3.28316,9.77969]},"faces":{"north":{"uv":[11.33333,0,11.89706,15.57965],"rotation":90,"texture":"#1"},"east":{"uv":[7.33333,1.33333,11.33333,1.99939],"rotation":180,"texture":"#0"},"west":{"uv":[7.33333,1.33333,11.33333,1.99939],"texture":"#0"},"up":{"uv":[0,1,15.57965,4.83762],"texture":"#2"}}},{"from":[-0.00443,1.83745,8.2869],"to":[15.50807,4.83745,12.1869],"rotation":{"angle":22.5,"axis":"x","origin":[7.74838,3.28316,9.77969]},"faces":{"east":{"uv":[0,0,4,3],"rotation":180,"texture":"#1"},"west":{"uv":[4,0,0,3],"rotation":180,"texture":"#1"}}},{"from":[-0.07039,1.66358,8.04814],"to":[15.50961,4.56235,8.61751],"rotation":{"angle":22.5,"axis":"x","origin":[7.74838,3.28316,9.77969]},"faces":{"north":{"uv":[13,0.33333,15.89828,15.91298],"rotation":270,"texture":"#1"},"east":{"uv":[2.33333,5.66667,5.33333,6.33272],"rotation":90,"texture":"#0"},"west":{"uv":[2.33333,5.66667,5.33333,6.33272],"rotation":270,"texture":"#0"},"down":{"uv":[0.33333,5.66667,15.91298,6.23591],"rotation":180,"texture":"#2"}}},{"from":[10.05,0,3],"to":[14.55,2.1,16.9],"rotation":{"angle":22.5,"axis":"y","origin":[2.15,0.6,10.4]},"faces":{"north":{"uv":[14.33333,8,15.99877,11.66666],"rotation":270,"texture":"#0"},"east":{"uv":[1.66667,3.66667,15.5662,5.76654],"rotation":180,"texture":"#4"},"south":{"uv":[14.33333,8,15.99877,11.66666],"rotation":270,"texture":"#0"},"west":{"uv":[0,4.33333,13.89953,6.4326],"rotation":180,"texture":"#4"},"up":{"uv":[9.66667,1,14.16667,14.89953],"rotation":180,"texture":"#1"},"down":{"uv":[0,10.33333,15.83335,15.23285],"rotation":270,"texture":"#2"}}},{"from":[0.15,2.1,3.25],"to":[13.8,3.65,6.05],"rotation":{"angle":22.5,"axis":"y","origin":[0.55,3.6,6.25]},"faces":{"north":{"uv":[1.33333,3.33333,14.98286,4.88297],"rotation":180,"texture":"#2"},"east":{"uv":[12.33333,12.66667,15.13297,14.2163],"texture":"#0"},"south":{"uv":[0.66667,10.66667,14.3162,12.2163],"rotation":180,"texture":"#2"},"west":{"uv":[3,0,6,1.54964],"texture":"#0"},"up":{"uv":[12,1.66667,14.79964,15.3162],"rotation":270,"texture":"#3"},"down":{"uv":[12,1.66667,14.79964,15.3162],"rotation":90,"texture":"#3"}}},{"from":[1,0,0],"to":[6.05,2.2,13.9],"faces":{"north":{"uv":[6.33333,0,11.38297,2],"texture":"#0"},"east":{"uv":[1.66667,4,15.5662,6.19975],"texture":"#2"},"south":{"uv":[6.33333,0,11.38297,2],"texture":"#0"},"west":{"uv":[1.33333,2,15.23286,4.19975],"rotation":180,"texture":"#2"},"up":{"uv":[9.33333,0.66667,14.38297,14.5662],"rotation":180,"texture":"#1"},"down":{"uv":[9.66667,1,14.7163,14.89953],"texture":"#1"}}}]}