{"textures":{"0":"custom/firewood/firewood1","1":"custom/firewood/firewood2","2":"custom/firewood/firewood3","3":"custom/firewood/firewood4","4":"custom/firewood/rack","particle":"custom/firewood/firewood1"},"elements":[{"from":[1.9204,1.00001,0.62613],"to":[6.9704,3.20001,14.52613],"faces":{"north":{"uv":[6.33333,0,11.38297,2],"rotation":180,"texture":"#0"},"east":{"uv":[1.33333,2,15.23286,4.19975],"rotation":180,"texture":"#2"},"south":{"uv":[6.33333,0,11.38297,2],"rotation":180,"texture":"#0"},"west":{"uv":[1.66667,4,15.5662,6.19975],"rotation":180,"texture":"#2"},"up":{"uv":[9.66667,1,14.7163,14.89953],"texture":"#1"},"down":{"uv":[9.33333,0.66667,14.38297,14.5662],"texture":"#1"}}},{"from":[8.58137,9.14275,0.73],"to":[9.09854,11.97844,14.89929],"rotation":{"angle":22.5,"axis":"z","origin":[7.40806,10.42831,7.80776]},"faces":{"north":{"uv":[7.33333,0.99939,11.66667,0.33333],"rotation":90,"texture":"#0"},"east":{"uv":[11.66667,15.16912,14.50184,1],"rotation":90,"texture":"#1"},"south":{"uv":[0.333,5.667,0.993,8.502],"rotation":180,"texture":"#0"},"up":{"uv":[0,0.30138,14.24784,0],"rotation":270,"texture":"#2"},"down":{"uv":[0,0.30138,14.24784,0],"rotation":90,"texture":"#2"}}},{"from":[6.81746,11.21352,0.72302],"to":[9.56306,11.72832,14.89602],"rotation":{"angle":45,"axis":"z","origin":[7.40806,10.42831,7.80776]},"faces":{"north":{"uv":[3.66544,5.33333,0,5.99877],"rotation":180,"texture":"#0"},"east":{"uv":[14.25,0,0,0.3],"texture":"#2"},"south":{"uv":[3.66544,5.33333,0,5.99877],"texture":"#0"},"west":{"uv":[14.25,0,0,0.3],"texture":"#2"},"up":{"uv":[12,1,14.746,15.173],"texture":"#1"}}},{"from":[6.07488,9.04222,0.72517],"to":[6.58968,10.92982,14.89817],"faces":{"north":{"uv":[1,4.66605,3,4],"rotation":270,"texture":"#0"},"south":{"uv":[1,4.66605,3,4],"rotation":90,"texture":"#0"},"west":{"uv":[13,15,15.00981,0],"rotation":90,"texture":"#1"},"up":{"uv":[0,0.3,14.25,0],"rotation":270,"texture":"#0"},"down":{"uv":[0,0.3,14.25,0],"rotation":90,"texture":"#0"}}},{"from":[5.6455,9.14274,0.72543],"to":[8.84854,9.65753,14.89602],"rotation":{"angle":22.5,"axis":"z","origin":[7.40806,10.42831,7.80776]},"faces":{"north":{"uv":[10.33334,1.33333,7,1.99939],"texture":"#0"},"east":{"uv":[13.33333,15.50369,13.84804,1.33333],"rotation":90,"texture":"#1"},"south":{"uv":[10.33334,1.33333,7,1.99939],"rotation":180,"texture":"#0"},"west":{"uv":[13.33333,15.50369,13.84804,1.33333],"rotation":90,"texture":"#1"},"down":{"uv":[1,5.78615,15.17035,2.33333],"rotation":90,"texture":"#2"}}},{"from":[5.49237,8.43095,0.75],"to":[8.89237,12.03095,14.875],"rotation":{"angle":22.5,"axis":"z","origin":[7.40806,10.42831,7.80776]},"faces":{"north":{"uv":[4,12.33333,0,9.33333],"rotation":180,"texture":"#1"},"south":{"uv":[0,12.33333,4,9.33333],"rotation":180,"texture":"#1"}}},{"from":[9.08,4.2,-0.39687],"to":[10.83,7.2,15.60313],"rotation":{"angle":-22.5,"axis":"z","origin":[10.58,5.7,7.4]},"faces":{"north":{"uv":[10,9.66667,13.08334,11.33272],"rotation":90,"texture":"#0"},"east":{"uv":[13,0,15.99939,15.99941],"rotation":270,"texture":"#3"},"south":{"uv":[10,9.66667,13.08334,11.33272],"rotation":90,"texture":"#0"},"west":{"uv":[13,0,15.99939,15.99941],"rotation":270,"texture":"#3"},"up":{"uv":[0,10.66667,16,11.99939],"rotation":90,"texture":"#2"},"down":{"uv":[12.66667,0.33333,14.67647,15.33333],"rotation":270,"texture":"#1"}}},{"from":[11.28813,4.19063,0.9],"to":[14.29125,6.27188,14.8],"rotation":{"angle":45,"axis":"z","origin":[12.71,4.55,7.4]},"faces":{"north":{"uv":[0,3,3.3,5.3],"texture":"#0"},"east":{"uv":[1.33333,1.66667,14.58333,4.41667],"rotation":180,"texture":"#2"},"south":{"uv":[0,3,3.3,5.3],"texture":"#0"},"west":{"uv":[1.66667,3.33333,15.5662,6.63297],"rotation":180,"texture":"#2"},"up":{"uv":[13,0,15.00981,15],"rotation":180,"texture":"#1"},"down":{"uv":[12.66667,0.33333,14.67647,15.33333],"rotation":180,"texture":"#1"}}},{"from":[9.31389,6.41727,0.173],"to":[12.91389,9.11727,14.073],"rotation":{"angle":-22.5,"axis":"z","origin":[12.80389,8.05727,6.973]},"faces":{"north":{"uv":[12.33333,11.66667,15.9326,14.3652],"texture":"#0"},"east":{"uv":[0.66667,10,14.5662,12.69914],"rotation":180,"texture":"#2"},"south":{"uv":[15.9326,11.66667,12.33333,14.3652],"texture":"#0"},"west":{"uv":[1,11.33333,14.89953,14.03309],"texture":"#2"},"up":{"uv":[15.93321,0.66667,12.33333,14.5662],"rotation":180,"texture":"#3"},"down":{"uv":[15.93321,0.66667,12.33333,14.5662],"rotation":180,"texture":"#3"}}},{"from":[12.42792,1.00001,0.923],"to":[13.97792,3.80001,14.573],"faces":{"north":{"uv":[12.33333,12.66667,15.13297,14.2163],"rotation":270,"texture":"#0"},"east":{"uv":[14.79964,1.66667,12,15.3162],"rotation":90,"texture":"#3"},"south":{"uv":[12.33333,12.66667,15.13297,14.2163],"rotation":270,"texture":"#0"},"west":{"uv":[14.79964,1.66667,12,15.3162],"rotation":90,"texture":"#3"},"up":{"uv":[1.33333,3.33333,14.98286,4.88297],"rotation":270,"texture":"#2"},"down":{"uv":[0.66667,10.66667,14.3162,12.2163],"rotation":90,"texture":"#2"}}},{"from":[2.2,5.21,0.49375],"to":[5,8.51,14.39375],"rotation":{"angle":22.5,"axis":"z","origin":[4,7.5,7]},"faces":{"north":{"uv":[0,2.667,3.667,5.334],"rotation":90,"texture":"#0"},"east":{"uv":[0.66667,3,14.5662,6.29964],"rotation":180,"texture":"#2"},"south":{"uv":[0,2.667,3.667,5.334],"rotation":90,"texture":"#0"},"west":{"uv":[14.666,2.667,11.334,14.001],"rotation":90,"texture":"#1"},"up":{"uv":[12.66667,0.33333,14.67647,15.33333],"rotation":180,"texture":"#1"},"down":{"uv":[11.66667,0.66667,14.2163,14.5662],"texture":"#1"}}},{"from":[11.99,9.05,1.15],"to":[13.54,11.85,14.8],"rotation":{"angle":-22.5,"axis":"z","origin":[13.49,10.8,7.4]},"faces":{"north":{"uv":[15.13297,12.66667,12.33333,14.2163],"rotation":270,"texture":"#0"},"east":{"uv":[12,1.66667,14.79964,15.3162],"rotation":90,"texture":"#3"},"south":{"uv":[13,9.334,10,10.884],"rotation":270,"texture":"#0"},"west":{"uv":[12,1.66667,14.79964,15.3162],"rotation":90,"texture":"#3"},"up":{"uv":[14.3162,10.66667,0.66667,12.2163],"rotation":90,"texture":"#2"},"down":{"uv":[14.65,4,1,5.549],"rotation":270,"texture":"#2"}}},{"from":[2.0399,3.57014,1.173],"to":[5.0899,4.62014,15.073],"rotation":{"angle":22.5,"axis":"z","origin":[3.2499,4.27014,7.273]},"faces":{"north":{"uv":[14.33333,8.66667,15.33333,11.66667],"rotation":90,"texture":"#0"},"east":{"uv":[14.95036,0.66667,16,14.5662],"rotation":270,"texture":"#3"},"south":{"uv":[14.33333,8.33333,15.33333,11.33333],"rotation":90,"texture":"#0"},"west":{"uv":[14.334,0,15.334,13.899],"rotation":270,"texture":"#3"},"up":{"uv":[2,8.66667,15.89953,11.7163],"rotation":90,"texture":"#2"},"down":{"uv":[1.33333,2.33333,15.23286,5.38297],"rotation":270,"texture":"#2"}}},{"from":[2.32646,11.56362,0.9],"to":[5.72333,13.30425,14.8],"rotation":{"angle":-45,"axis":"z","origin":[6.38021,4.65425,6]},"faces":{"north":{"uv":[0,2.667,3.33,4.408],"texture":"#0"},"east":{"uv":[13.667,1.334,14.717,15.233],"rotation":270,"texture":"#3"},"south":{"uv":[0,2.667,3.33,4.408],"texture":"#0"},"west":{"uv":[1.334,1.667,15.234,3.408],"texture":"#2"},"up":{"uv":[1,3,14.899,6.05],"rotation":90,"texture":"#2"},"down":{"uv":[0.667,1.334,14.566,4.384],"rotation":270,"texture":"#2"}}},{"from":[6.46,2.55,1.15],"to":[9.26,4.1,14.8],"rotation":{"angle":22.5,"axis":"z","origin":[7.46,4.05,7.4]},"faces":{"north":{"uv":[12.33333,12.66667,15.13297,14.2163],"texture":"#0"},"east":{"uv":[0.66667,10.66667,14.3162,12.2163],"rotation":180,"texture":"#2"},"south":{"uv":[3,0,6,1.54964],"texture":"#0"},"west":{"uv":[1.33333,3.33333,14.98286,4.88297],"rotation":180,"texture":"#2"},"up":{"uv":[12,1.66667,14.79964,15.3162],"rotation":180,"texture":"#3"},"down":{"uv":[12,1.66667,14.79964,15.3162],"rotation":180,"texture":"#3"}}},{"from":[9.14227,1.00001,0.173],"to":[12.27792,1.47449,16.023],"faces":{"north":{"uv":[0,0,3.66666,0.66666],"rotation":180,"texture":"#0"},"east":{"uv":[0,2,15.84988,2.47426],"texture":"#2"},"south":{"uv":[0.667,3.334,3,3.667],"texture":"#0"},"west":{"uv":[1,0,16,0.30415],"texture":"#0"},"down":{"uv":[12.66667,0.33333,14.67647,15.33333],"texture":"#1"}}},{"from":[10.18406,2.40863,0.17371],"to":[10.65206,4.69845,16.03371],"rotation":{"angle":-45,"axis":"z","origin":[10.41806,3.96863,21.79371]},"faces":{"north":{"uv":[7.66667,1.66667,10.33333,2.33333],"rotation":90,"texture":"#0"},"south":{"uv":[0,3.334,1.666,3.667],"rotation":90,"texture":"#0"},"west":{"uv":[0,2.33333,15.84988,4.62255],"texture":"#2"},"up":{"uv":[13,0,13.46752,15.84988],"rotation":180,"texture":"#1"},"down":{"uv":[12.66667,0.33333,14.67647,15.33333],"rotation":90,"texture":"#1"}}},{"from":[7.83089,2.68227,0.17371],"to":[9.39089,3.15027,16.02371],"rotation":{"angle":22.5,"axis":"z","origin":[9.39089,2.91627,21.79371]},"faces":{"north":{"uv":[8.33333,0,10.33333,0.66666],"texture":"#0"},"south":{"uv":[12.334,9.667,13.334,10],"texture":"#0"},"west":{"uv":[0,2.66667,15.84988,3.13419],"rotation":180,"texture":"#2"},"up":{"uv":[13,0,15.00981,15],"rotation":180,"texture":"#1"}}},{"from":[8.20465,2.03456,0.17371],"to":[9.76465,2.50256,16.02371],"rotation":{"angle":-45,"axis":"z","origin":[8.20465,2.26856,21.79371]},"faces":{"north":{"uv":[0.33333,0.33333,2.33333,0.99939],"texture":"#0"},"east":{"uv":[1,0,16,0.3],"texture":"#0"},"south":{"uv":[1,3,2.334,3.333],"texture":"#0"},"down":{"uv":[12.66667,0.33333,14.67647,15.33333],"texture":"#1"}}},{"from":[11.2151,1.25972,0.17371],"to":[11.70003,4.33884,16.02371],"rotation":{"angle":22.5,"axis":"z","origin":[11.4491,2.81972,21.79371]},"faces":{"north":{"uv":[7,1.33333,11,2],"rotation":270,"texture":"#0"},"east":{"uv":[0,2.33333,15.84988,5.41238],"rotation":180,"texture":"#2"},"south":{"uv":[3.667,5.334,5.667,5.667],"rotation":270,"texture":"#0"},"up":{"uv":[13,0,15.00981,15],"rotation":90,"texture":"#1"},"down":{"uv":[12.66667,0.33333,14.67647,15.33333],"rotation":270,"texture":"#1"}}},{"from":[8.35259,1.28403,0.19],"to":[12.10259,4.68403,16.01813],"faces":{"north":{"uv":[0,12.33333,3.83334,15.73285],"rotation":180,"texture":"#1"},"south":{"uv":[3.83334,12.33333,0,15.73285],"rotation":180,"texture":"#1"}}},{"from":[5.41916,2.83076,0.26],"to":[6.00107,6.52571,15.84],"rotation":{"angle":-22.5,"axis":"z","origin":[6.47071,4.83221,8.02969]},"faces":{"north":{"uv":[2,7,6,7.666],"rotation":90,"texture":"#0"},"south":{"uv":[2,7,6,7.666],"rotation":90,"texture":"#0"},"west":{"uv":[0.33333,2.66667,15.91298,6.36152],"rotation":180,"texture":"#2"},"up":{"uv":[13,0,15.00981,15],"rotation":90,"texture":"#1"},"down":{"uv":[14,0.334,14.582,15.914],"texture":"#1"}}},{"from":[4.72234,3.74905,0.25],"to":[8.55999,4.31304,15.83],"rotation":{"angle":22.5,"axis":"z","origin":[6.47072,4.83221,8.02969]},"faces":{"north":{"uv":[2,7,6,7.666],"rotation":180,"texture":"#0"},"east":{"uv":[11.33333,0,11.89706,15.57965],"rotation":270,"texture":"#1"},"south":{"uv":[2,7,6,7.666],"rotation":180,"texture":"#0"},"west":{"uv":[12.66667,0.33333,14.67647,15.33333],"texture":"#1"},"down":{"uv":[0,1,15.57965,4.83762],"rotation":270,"texture":"#2"}}},{"from":[4.24789,3.27792,0.27],"to":[8.01351,6.34042,15.81688],"rotation":{"angle":45,"axis":"z","origin":[6.47072,4.83221,8.02969]},"faces":{"north":{"uv":[0,0,4,3],"texture":"#1"},"south":{"uv":[4,0,0,3],"texture":"#1"}}},{"from":[7.6329,3.55302,0.26846],"to":[8.20227,6.45179,15.84846],"rotation":{"angle":45,"axis":"z","origin":[6.47072,4.83221,8.02969]},"faces":{"north":{"uv":[11,9.667,14,10.333],"rotation":90,"texture":"#0"},"east":{"uv":[13,0.33333,15.89828,15.91298],"rotation":90,"texture":"#1"},"south":{"uv":[11,9.667,14,10.333],"rotation":90,"texture":"#0"},"up":{"uv":[0.33333,5.66667,15.91298,6.23591],"rotation":90,"texture":"#2"},"down":{"uv":[1,0,16,0.30415],"rotation":90,"texture":"#0"}}},{"from":[8.45935,5.59936,1.26],"to":[9.02334,9.43701,15.84],"faces":{"north":{"uv":[0,0,4,0.66666],"rotation":270,"texture":"#0"},"east":{"uv":[10.66667,0,14.50429,15.57965],"rotation":270,"texture":"#1"},"south":{"uv":[0,0,4,0.66666],"rotation":90,"texture":"#0"},"up":{"uv":[11.66605,0,12.33272,16],"rotation":180,"texture":"#3"},"down":{"uv":[15,0.3,0,0.6],"rotation":90,"texture":"#1"}}},{"from":[6.29476,8.51421,1.25],"to":[9.19353,9.08358,15.83],"rotation":{"angle":22.5,"axis":"z","origin":[7.93803,7.41481,9.02969]},"faces":{"north":{"uv":[11.33333,9,11.99694,13.33088],"rotation":270,"texture":"#3"},"east":{"uv":[12.66667,0.33333,14.67647,15.33333],"rotation":180,"texture":"#1"},"south":{"uv":[11.33333,9,11.99694,13.33088],"rotation":270,"texture":"#3"},"west":{"uv":[13,0,13.676,15],"rotation":90,"texture":"#1"},"up":{"uv":[0.33333,9.66667,15.91239,12.56434],"rotation":90,"texture":"#2"}}},{"from":[6.29347,6.31735,1.26846],"to":[9.98842,6.89927,15.84846],"rotation":{"angle":-45,"axis":"z","origin":[7.93803,7.41481,9.02969]},"faces":{"north":{"uv":[7.33333,0,11.33333,0.66605],"rotation":180,"texture":"#0"},"east":{"uv":[0.33333,2.66667,15.91298,3.24816],"rotation":180,"texture":"#2"},"south":{"uv":[6.33333,0,10.33333,0.66544],"rotation":180,"texture":"#0"},"west":{"uv":[0,0.3,15,0.61085],"texture":"#0"},"down":{"uv":[11.33333,0.33333,15.02819,15.91298],"texture":"#1"}}},{"from":[6.35285,5.07678,1.27688],"to":[9.5091,9.07678,15.83938],"rotation":{"angle":22.5,"axis":"z","origin":[7.93803,7.41481,8.02969]},"faces":{"north":{"uv":[4,0,0,3],"rotation":270,"texture":"#1"},"south":{"uv":[4,0,0,3],"rotation":270,"texture":"#1"}}},{"from":[3.05035,7.39226,1.3875],"to":[5.90035,11.94226,15.84063],"rotation":{"angle":-22.5,"axis":"z","origin":[4.38105,9.91093,8.62712]},"faces":{"north":{"uv":[8.94,0.00667,5.33333,2.39951],"rotation":90,"texture":"#1"},"south":{"uv":[8.94,2.39951,5.33333,0.00667],"rotation":90,"texture":"#1"}}},{"from":[3.01792,7.55744,1.34186],"to":[3.44581,11.60426,15.88371],"rotation":{"angle":-22.5,"axis":"z","origin":[4.38105,9.91093,8.62712]},"faces":{"north":{"uv":[13.667,10,10.667,10.333],"rotation":90,"texture":"#0"},"south":{"uv":[13.667,10,10.667,10.333],"rotation":90,"texture":"#0"},"west":{"uv":[15.04657,1,11,15.54165],"rotation":270,"texture":"#1"},"up":{"uv":[14.00119,0,0,0.27429],"rotation":90,"texture":"#1"},"down":{"uv":[14.00119,0,0,0.27429],"rotation":90,"texture":"#1"}}},{"from":[3.0538,11.21624,1.34335],"to":[5.2378,11.60624,15.88335],"rotation":{"angle":-22.5,"axis":"z","origin":[4.38105,9.91093,8.62712]},"faces":{"north":{"uv":[0.667,3.333,2.334,3],"rotation":180,"texture":"#0"},"east":{"uv":[12.66667,15.33333,14.67647,0.33333],"texture":"#1"},"south":{"uv":[0.667,3.333,2.334,3],"rotation":180,"texture":"#0"},"west":{"uv":[13,15,15.00981,0],"texture":"#1"},"up":{"uv":[15.20649,1.33333,0.66667,3.51716],"rotation":270,"texture":"#2"}}},{"from":[4.52413,10.24532,1.34371],"to":[4.91413,11.80532,15.88371],"rotation":{"angle":-45,"axis":"z","origin":[4.38105,9.91093,8.62712]},"faces":{"north":{"uv":[13,10.333,14.334,10],"rotation":270,"texture":"#0"},"east":{"uv":[12.66667,15.33333,14.67647,0.33333],"rotation":90,"texture":"#1"},"south":{"uv":[13,10.333,14.334,10],"rotation":270,"texture":"#0"},"up":{"uv":[1.33333,3.72304,15.87316,3.33333],"rotation":90,"texture":"#2"},"down":{"uv":[0,0.25,14,0],"rotation":270,"texture":"#1"}}},{"from":[4.71868,9.0322,1.34],"to":[5.10868,10.0462,15.88],"faces":{"north":{"uv":[4.334,5.667,3.667,6],"rotation":90,"texture":"#0"},"east":{"uv":[14.67647,0.33333,12.66667,15.33333],"rotation":270,"texture":"#1"},"south":{"uv":[4.334,5.667,3.667,6],"rotation":90,"texture":"#0"},"up":{"uv":[14,0,0,0.25],"rotation":270,"texture":"#1"},"down":{"uv":[14,0,0,0.25],"rotation":270,"texture":"#1"}}},{"from":[1.75302,8.82064,1.37],"to":[4.71702,9.21064,15.91],"rotation":{"angle":22.5,"axis":"z","origin":[4.38105,9.91093,8.62712]},"faces":{"north":{"uv":[11,11,13.334,10.667],"rotation":180,"texture":"#0"},"east":{"uv":[12.66667,15.33333,14.67647,0.33333],"texture":"#1"},"south":{"uv":[11,11,13.334,10.667],"rotation":180,"texture":"#0"},"west":{"uv":[12.72304,0.66667,12.33333,15.20649],"rotation":270,"texture":"#1"},"down":{"uv":[15.53982,3.33333,1,6.29718],"rotation":270,"texture":"#2"}}},{"from":[1,0,2],"to":[15,1,14],"faces":{"north":{"uv":[1,0.334,15,1.334],"texture":"#4"},"east":{"uv":[2.667,0.334,14.667,1.334],"texture":"#4"},"south":{"uv":[1,0.334,15,1.334],"texture":"#4"},"west":{"uv":[0,0.334,12,1.334],"texture":"#4"},"up":{"uv":[2,3,16,15],"texture":"#4"}}},{"from":[1,1,5],"to":[2,17,11],"faces":{"north":{"uv":[0,8,16,9],"rotation":90,"texture":"#2"},"east":{"uv":[0,8,16,14],"rotation":90,"texture":"#2"},"south":{"uv":[0,8,16,9],"rotation":90,"texture":"#2"},"west":{"uv":[0,8,16,14],"rotation":90,"texture":"#2"},"up":{"uv":[4,10,10,11],"rotation":90,"texture":"#2"}}},{"from":[14,1,5],"to":[15,17,11],"faces":{"north":{"uv":[0,8,16,9],"rotation":90,"texture":"#2"},"east":{"uv":[0,8,16,14],"rotation":90,"texture":"#2"},"south":{"uv":[0,8,16,9],"rotation":90,"texture":"#2"},"west":{"uv":[0,8,16,14],"rotation":90,"texture":"#2"},"up":{"uv":[4,10,10,11],"rotation":90,"texture":"#2"}}},{"from":[0.5,15,7.5],"to":[15.5,16,8.5],"faces":{"north":{"uv":[0,0,15,1],"texture":"#4"},"east":{"uv":[0,0,1,1],"texture":"#4"},"south":{"uv":[0,0,15,1],"texture":"#4"},"west":{"uv":[0,0,1,1],"texture":"#4"},"up":{"uv":[0,0,15,1],"texture":"#4"},"down":{"uv":[0,0,15,1],"texture":"#4"}}}]}