{"textures":{"0":"custom/firewood/firewood1","1":"custom/firewood/firewood2","2":"custom/firewood/firewood3","3":"custom/firewood/firewood4","4":"custom/firewood/firewood5","particle":"custom/firewood/firewood1"},"elements":[{"from":[9.14227,0.00001,0.173],"to":[12.27792,0.47449,16.023],"faces":{"north":{"uv":[0,0,3.66666,0.66666],"rotation":180,"texture":"#0"},"east":{"uv":[0,2,15.84988,2.47426],"texture":"#2"},"south":{"uv":[0.66667,1,3,1.33272],"texture":"#0"},"down":{"uv":[12.66667,0.33333,14.67647,15.33333],"texture":"#1"}}},{"from":[10.18306,1.40763,0.17271],"to":[10.65306,3.69945,16.02471],"rotation":{"angle":-45,"axis":"z","origin":[10.41806,2.96863,21.79371]},"faces":{"north":{"uv":[7.66667,1.66667,10.33333,2.33333],"rotation":90,"texture":"#0"},"south":{"uv":[3.66667,0,5.33333,0.33272],"rotation":90,"texture":"#0"},"west":{"uv":[0,2.33333,15.84988,4.62255],"texture":"#2"},"up":{"uv":[13,0,13.46752,15.84988],"rotation":180,"texture":"#1"},"down":{"uv":[12.66667,0.33333,14.67647,15.33333],"rotation":90,"texture":"#1"}}},{"from":[7.83089,1.68227,0.17371],"to":[9.39089,2.15027,16.02371],"rotation":{"angle":22.5,"axis":"z","origin":[9.39089,1.91627,21.79371]},"faces":{"north":{"uv":[8.33333,0,10.33333,0.66666],"texture":"#0"},"south":{"uv":[4.66667,0.66667,5.66667,0.99939],"texture":"#0"},"west":{"uv":[0,2.66667,15.84988,3.13419],"rotation":180,"texture":"#2"},"up":{"uv":[13,0,15.00981,15],"rotation":180,"texture":"#1"}}},{"from":[8.20465,1.03456,0.17371],"to":[9.76465,1.50256,16.02371],"rotation":{"angle":-45,"axis":"z","origin":[8.20465,1.26856,21.79371]},"faces":{"north":{"uv":[0.33333,0.33333,2.33333,0.99939],"texture":"#0"},"south":{"uv":[1.33333,1,2.66667,1.33272],"texture":"#0"},"down":{"uv":[12.66667,0.33333,14.67647,15.33333],"texture":"#1"}}},{"from":[11.2151,0.25972,0.17371],"to":[11.70003,3.33884,16.02371],"rotation":{"angle":22.5,"axis":"z","origin":[11.4491,1.81972,21.79371]},"faces":{"north":{"uv":[7,1.33333,11,2],"rotation":270,"texture":"#0"},"east":{"uv":[0,2.33333,15.84988,5.41238],"rotation":180,"texture":"#2"},"south":{"uv":[9.33333,0,11.33334,0.33272],"rotation":270,"texture":"#0"},"up":{"uv":[13,0,15.00981,15],"rotation":90,"texture":"#1"},"down":{"uv":[12.66667,0.33333,14.67647,15.33333],"rotation":270,"texture":"#1"}}},{"from":[7.20935,6.34936,1.26],"to":[7.77334,10.18701,15.84],"faces":{"north":{"uv":[0,0,4,0.66666],"rotation":270,"texture":"#0"},"east":{"uv":[10.66667,0,14.50429,15.57965],"rotation":270,"texture":"#1"},"south":{"uv":[0,0,4,0.66666],"rotation":90,"texture":"#0"},"up":{"uv":[11.66605,0,12.33272,16],"rotation":180,"texture":"#3"},"down":{"uv":[15,0.3,0,0.6],"rotation":90,"texture":"#1"}}},{"from":[5.04476,9.26421,1.25],"to":[7.94353,9.83358,15.83],"rotation":{"angle":22.5,"axis":"z","origin":[6.68803,8.16481,9.02969]},"faces":{"north":{"uv":[11.33333,9,11.99694,13.33088],"rotation":270,"texture":"#3"},"east":{"uv":[12.66667,0.33333,14.67647,15.33333],"rotation":180,"texture":"#1"},"south":{"uv":[11.33333,9,11.99694,13.33088],"rotation":270,"texture":"#3"},"west":{"uv":[13,0,15.00981,15],"texture":"#1"},"up":{"uv":[0.33333,9.66667,15.91239,12.56434],"rotation":90,"texture":"#2"}}},{"from":[5.04347,7.06735,1.26846],"to":[8.73842,7.64927,15.84846],"rotation":{"angle":-45,"axis":"z","origin":[6.68803,8.16481,9.02969]},"faces":{"north":{"uv":[7.33333,0,11.33333,0.66605],"rotation":180,"texture":"#0"},"east":{"uv":[0.33333,2.66667,15.91298,3.24816],"rotation":180,"texture":"#2"},"south":{"uv":[6.33333,0,10.33333,0.66544],"rotation":180,"texture":"#0"},"down":{"uv":[11.33333,0.33333,15.02819,15.91298],"texture":"#1"}}},{"from":[5.10285,5.82678,1.27],"to":[8.35285,9.82678,15.7825],"rotation":{"angle":22.5,"axis":"z","origin":[6.68803,8.16481,9.02969]},"faces":{"north":{"uv":[0,0,4,3],"rotation":90,"texture":"#1"},"south":{"uv":[0,0,4,3],"rotation":90,"texture":"#1"}}},{"from":[2.75,10.75,-0.6],"to":[8.25,14.55,15.9125],"rotation":{"angle":22.5,"axis":"z","origin":[5.37844,12.59702,7.68747]},"faces":{"north":{"uv":[0,2.99939,5,6.66605],"texture":"#1"},"south":{"uv":[5,2.99939,0,6.66605],"texture":"#1"}}},{"from":[2.82435,0.1764,-0.59],"to":[6.22435,4.1764,14.235],"faces":{"north":{"uv":[0,6.66667,4,9.66667],"rotation":270,"texture":"#1"},"south":{"uv":[0,9.66667,4,6.66667],"rotation":270,"texture":"#1"}}},{"from":[6.78101,5.9485,0.75],"to":[10.38101,9.3985,14.8625],"rotation":{"angle":-45,"axis":"z","origin":[13.18101,7.1985,0.2]},"faces":{"north":{"uv":[0,12.33333,4,9.33333],"rotation":270,"texture":"#1"},"south":{"uv":[4,12.33333,0,9.33333],"rotation":90,"texture":"#1"}}},{"from":[10.26899,17.7485,0.63],"to":[12.89899,20.1585,15.98],"rotation":{"angle":-45,"axis":"z","origin":[2.81899,11.1985,1.05]},"faces":{"north":{"uv":[6,2.667,8.654,5.994],"rotation":270,"texture":"#1"},"south":{"uv":[6,5.994,8.654,2.667],"rotation":270,"texture":"#1"}}},{"from":[8.35259,0.28403,0.19],"to":[12.10259,3.68403,15.965],"faces":{"north":{"uv":[0,12.33333,3.83334,15.73285],"rotation":180,"texture":"#1"},"south":{"uv":[3.83334,12.33333,0,15.73285],"rotation":180,"texture":"#1"}}},{"from":[6.75652,12.53336,1.45],"to":[11.30652,15.38336,15.85],"rotation":{"angle":-22.5,"axis":"z","origin":[9.27519,13.86406,8.62712]},"faces":{"north":{"uv":[5.33333,0.00667,9,2.39951],"rotation":180,"texture":"#1"},"south":{"uv":[9,0.00667,5.33333,2.39951],"rotation":180,"texture":"#1"},"up":{"uv":[12.66667,0.33333,14.66,15.32667],"rotation":180,"texture":"#1"}}},{"from":[3.04297,-0.02132,-0.6],"to":[6.43,0.5121,14.26],"faces":{"north":{"uv":[1,2.33333,2.99878,2.66605],"texture":"#0"},"east":{"uv":[13,0,15.00981,15],"rotation":180,"texture":"#1"},"south":{"uv":[1,2.33333,2.99878,2.66605],"rotation":180,"texture":"#0"},"west":{"uv":[12.66667,0.33333,14.67647,15.33333],"texture":"#1"},"down":{"uv":[1,2.33333,15.85971,5.71997],"rotation":90,"texture":"#2"}}},{"from":[3.40977,-0.42624,-0.59891],"to":[3.92457,2.09256,14.26109],"rotation":{"angle":-22.5,"axis":"z","origin":[4.5016,1.99228,5.59453]},"faces":{"north":{"uv":[1.33333,2.33333,2.99877,2.66605],"rotation":90,"texture":"#0"},"south":{"uv":[1.33333,2.33333,2.99877,2.66605],"rotation":90,"texture":"#0"},"west":{"uv":[1,3.33333,15.85971,5.85172],"texture":"#2"},"up":{"uv":[13,0,15.00981,15],"rotation":90,"texture":"#1"},"down":{"uv":[12.66667,0.33333,14.67647,15.33333],"rotation":270,"texture":"#1"}}},{"from":[5.51264,-0.60602,-0.59891],"to":[6.03457,2.84319,14.26109],"rotation":{"angle":22.5,"axis":"z","origin":[4.5016,1.99228,5.59453]},"faces":{"north":{"uv":[6.66667,1,8.66667,1.33333],"rotation":270,"texture":"#0"},"east":{"uv":[11.66667,0.66667,15.11581,15.52637],"rotation":270,"texture":"#1"},"south":{"uv":[6.66667,1,8.66667,1.33333],"rotation":90,"texture":"#0"},"up":{"uv":[1,0.30415,16,0],"rotation":90,"texture":"#1"},"down":{"uv":[1,1,15.85971,1.52145],"rotation":270,"texture":"#2"}}},{"from":[3.26789,3.16313,-0.6],"to":[4.98389,3.67793,14.26],"rotation":{"angle":-22.5,"axis":"z","origin":[4.5016,1.99228,5.59453]},"faces":{"north":{"uv":[4.33333,2.33333,5.38174,2.66605],"texture":"#0"},"east":{"uv":[0.66667,3,15.52637,3.51471],"texture":"#2"},"south":{"uv":[4.66667,2.66667,5.71568,3],"texture":"#0"},"west":{"uv":[0.66667,0.9663,15.66667,0.66667],"texture":"#2"},"up":{"uv":[13,0,15.00981,15],"texture":"#1"}}},{"from":[3.49207,2.30575,-0.595],"to":[4.00687,4.02175,14.265],"faces":{"north":{"uv":[1,2.33333,2.04902,2.66667],"rotation":270,"texture":"#0"},"south":{"uv":[1,2.33333,2.04902,2.66667],"rotation":90,"texture":"#0"},"west":{"uv":[12.66667,0.33333,14.67647,15.33333],"rotation":90,"texture":"#1"},"up":{"uv":[1,4.66667,15.85971,5.18137],"rotation":270,"texture":"#2"}}},{"from":[1.53598,2.05141,0.26],"to":[2.11789,5.74636,15.84],"rotation":{"angle":22.5,"axis":"z","origin":[1.82693,3.89889,7.30846]},"faces":{"north":{"uv":[7,0.66667,11,1.33272],"rotation":90,"texture":"#0"},"south":{"uv":[7,0.66667,11,1.33272],"rotation":90,"texture":"#0"},"west":{"uv":[0.33333,2.66667,15.91298,6.36152],"rotation":180,"texture":"#2"},"up":{"uv":[13,0,15.00981,15],"rotation":90,"texture":"#1"},"down":{"uv":[12.66667,0.33333,14.67647,15.33333],"rotation":90,"texture":"#1"}}},{"from":[2.99413,2.26426,0.25],"to":[3.55812,6.10191,15.83],"rotation":{"angle":-22.5,"axis":"z","origin":[3.27613,4.18309,7.30846]},"faces":{"north":{"uv":[7.33333,1.33333,11.33333,1.99939],"rotation":90,"texture":"#0"},"east":{"uv":[0,1,15.57965,4.83762],"texture":"#2"},"south":{"uv":[7.33333,1.33333,11.33333,1.99939],"rotation":90,"texture":"#0"},"up":{"uv":[11.33333,0,11.89706,15.57965],"texture":"#1"},"down":{"uv":[12.66667,0.33333,14.67647,15.33333],"rotation":90,"texture":"#1"}}},{"from":[0.975,1.875,0.27],"to":[4.025,5.875,15.8075],"faces":{"north":{"uv":[0,0,4,3],"rotation":90,"texture":"#1"},"south":{"uv":[0,0,4,3],"rotation":90,"texture":"#1"}}},{"from":[0.85113,5.49439,0.26846],"to":[3.7499,6.06376,15.84846],"faces":{"north":{"uv":[2.33333,5.66667,5.33333,6.33272],"texture":"#0"},"south":{"uv":[2.33333,5.66667,5.33333,6.33272],"texture":"#0"},"west":{"uv":[0.33333,5.66667,15.91298,6.23591],"texture":"#2"},"up":{"uv":[13,0.33333,15.89828,15.91298],"rotation":180,"texture":"#1"}}},{"from":[3.45704,13.80624,-0.60629],"to":[4.89829,14.30125,15.99371],"faces":{"north":{"uv":[7,0,8.66666,0.66666],"texture":"#0"},"south":{"uv":[7,0,8.66666,0.66666],"texture":"#0"},"west":{"uv":[0,0,15,0.31732],"texture":"#2"},"up":{"uv":[13,0,15.00981,15],"texture":"#1"}}},{"from":[3.45704,10.12234,-0.60629],"to":[4.00304,13.80623,15.99371],"faces":{"north":{"uv":[6.33333,1.66667,10.66667,2.33333],"rotation":90,"texture":"#0"},"south":{"uv":[6.33333,1.66667,10.66667,2.33333],"rotation":90,"texture":"#0"},"west":{"uv":[0,1.33333,16,5.01716],"texture":"#2"},"up":{"uv":[13,0,15.00981,15],"rotation":270,"texture":"#1"},"down":{"uv":[12.66667,0.33333,14.67647,15.33333],"rotation":90,"texture":"#1"}}},{"from":[4.28266,13.45838,-0.60629],"to":[8.96266,13.98778,15.99371],"rotation":{"angle":-22.5,"axis":"z","origin":[5.37844,12.59702,7.68747]},"faces":{"north":{"uv":[6.66667,0.33333,11.66667,1],"rotation":180,"texture":"#0"},"south":{"uv":[6.66667,0.33333,11.66667,1],"rotation":180,"texture":"#0"},"west":{"uv":[0,0,15,0.5],"rotation":180,"texture":"#1"},"up":{"uv":[10.33333,0,15.01287,16],"rotation":180,"texture":"#1"}}},{"from":[2.64627,10.49001,-0.61629],"to":[8.90627,11.05601,16.00371],"rotation":{"angle":22.5,"axis":"z","origin":[5.37844,12.59702,7.68747]},"faces":{"north":{"uv":[0,5.33333,6,6],"texture":"#0"},"east":{"uv":[0,3.66667,16,4.21262],"texture":"#2"},"south":{"uv":[0,5.33333,6,6],"texture":"#0"},"west":{"uv":[0,0,16,0.546],"texture":"#2"},"down":{"uv":[12.66667,0.33333,14.67647,15.33333],"texture":"#1"}}},{"from":[9.60958,14.00714,1.34371],"to":[11.16958,14.39714,15.88371],"faces":{"north":{"uv":[4.33333,4,5.66667,4.33272],"rotation":180,"texture":"#0"},"east":{"uv":[1.33333,3.33333,15.87316,3.72304],"texture":"#2"},"south":{"uv":[4.33333,4,5.66667,4.33272],"rotation":180,"texture":"#0"},"up":{"uv":[12.66667,0.33333,14.67647,15.33333],"texture":"#1"}}},{"from":[8.39646,14.20168,1.34],"to":[9.41046,14.59168,15.88],"rotation":{"angle":-45,"axis":"z","origin":[9.27519,13.86406,8.62712]},"faces":{"north":{"uv":[1.33333,0,2,0.33272],"rotation":180,"texture":"#0"},"south":{"uv":[1.33333,0,2,0.33272],"rotation":180,"texture":"#0"},"up":{"uv":[12.66667,0.33333,14.67647,15.33333],"rotation":180,"texture":"#1"}}},{"from":[6.64715,14.56435,1.37],"to":[9.61115,14.95435,15.91],"rotation":{"angle":22.5,"axis":"z","origin":[9.27519,13.86406,8.62712]},"faces":{"north":{"uv":[8.33333,0,10.66667,0.33272],"rotation":180,"texture":"#0"},"east":{"uv":[12.66667,0.33333,14.67647,15.33333],"texture":"#1"},"south":{"uv":[8.33333,0,10.66667,0.33272],"texture":"#0"},"west":{"uv":[12.33333,0.66667,12.72304,15.20649],"rotation":270,"texture":"#1"},"up":{"uv":[1,3.33333,15.53982,6.29718],"rotation":270,"texture":"#2"}}},{"from":[10.5805,12.53681,1.34335],"to":[10.9705,14.72081,15.88335],"rotation":{"angle":-22.5,"axis":"z","origin":[9.27519,13.86406,8.62712]},"faces":{"north":{"uv":[4.33333,2,6,2.33272],"rotation":270,"texture":"#0"},"east":{"uv":[0.33333,2.33333,14.87257,4.51716],"rotation":180,"texture":"#2"},"south":{"uv":[4.33333,2,6,2.33272],"rotation":270,"texture":"#0"},"up":{"uv":[12.66667,0.33333,14.67647,15.33333],"rotation":270,"texture":"#1"},"down":{"uv":[13,0,15.00981,15],"rotation":270,"texture":"#1"}}},{"from":[6.9217,12.50093,1.34186],"to":[10.96852,12.92882,15.88371],"rotation":{"angle":-22.5,"axis":"z","origin":[9.27519,13.86406,8.62712]},"faces":{"north":{"uv":[8.66667,0.33333,11.66667,0.66605],"rotation":180,"texture":"#0"},"east":{"uv":[0.66667,2.33333,15.20831,2.76103],"rotation":180,"texture":"#2"},"south":{"uv":[8.66667,0.33333,11.66667,0.66605],"rotation":180,"texture":"#0"},"down":{"uv":[11,1,15.04657,15.54165],"rotation":180,"texture":"#1"}}},{"from":[14.72893,9.40951,0.56834],"to":[15.19693,11.12551,15.99834],"rotation":{"angle":-22.5,"axis":"z","origin":[13.5943,9.81969,21.79857]},"faces":{"north":{"uv":[0,0,2.33334,0.66666],"rotation":270,"texture":"#0"},"east":{"uv":[0.33333,4,15.76286,5.71569],"rotation":180,"texture":"#2"},"south":{"uv":[0,0,2.33334,0.66666],"rotation":90,"texture":"#0"},"up":{"uv":[13,0,15.00981,15],"rotation":90,"texture":"#1"},"down":{"uv":[12.66667,0.33333,14.67647,15.33333],"rotation":270,"texture":"#1"}}},{"from":[12.34317,9.58569,0.6],"to":[15.2323,10.05369,16.02781],"rotation":{"angle":-45,"axis":"z","origin":[13.5943,9.81969,21.79857]},"faces":{"north":{"uv":[7.66667,0,11,0.66605],"rotation":180,"texture":"#0"},"east":{"uv":[0.33333,4.33333,15.76104,4.80086],"texture":"#2"},"south":{"uv":[7.66667,0,11,0.66605],"rotation":180,"texture":"#0"},"west":{"uv":[1.66667,2,15.91484,2.29963],"texture":"#2"},"down":{"uv":[12.66667,0.33333,14.67647,15.33333],"texture":"#1"}}},{"from":[14.79925,10.25677,0.56638],"to":[15.26725,12.75277,15.99638],"rotation":{"angle":22.5,"axis":"z","origin":[15.03325,11.11477,21.79638]},"faces":{"north":{"uv":[3,0,6,0.66605],"rotation":270,"texture":"#0"},"east":{"uv":[0.33333,1.33333,15.76286,3.82905],"rotation":180,"texture":"#2"},"south":{"uv":[3,0,6,0.66605],"rotation":90,"texture":"#0"},"up":{"uv":[13,0,15.00981,15],"rotation":90,"texture":"#1"},"down":{"uv":[12.66667,0.33333,14.67647,15.33333],"rotation":270,"texture":"#1"}}},{"from":[12.96113,10.27411,0.56976],"to":[13.43128,12.85201,15.99638],"rotation":{"angle":-45,"axis":"z","origin":[13.19728,11.21163,21.79976]},"faces":{"north":{"uv":[7.66667,0,11.33211,0.66544],"rotation":90,"texture":"#0"},"south":{"uv":[7.66667,0,11.33211,0.66544],"rotation":90,"texture":"#0"},"west":{"uv":[0.33333,2.33333,15.7598,4.91115],"rotation":180,"texture":"#2"},"up":{"uv":[13,0,15.00981,15],"rotation":90,"texture":"#1"},"down":{"uv":[12.66667,0.33333,14.67647,15.33333],"rotation":270,"texture":"#1"}}},{"from":[0.05,6.25,-0.6],"to":[3.65,9.85,15.4],"faces":{"north":{"uv":[3.66667,1.66667,6.33333,4.33333],"texture":"#0"},"east":{"uv":[0.33333,2.33333,15.33333,5.33333],"texture":"#2"},"south":{"uv":[3.66667,1.66667,6.33333,4.33333],"texture":"#0"},"west":{"uv":[0,0.66667,16,4.26654],"texture":"#2"},"up":{"uv":[13,0,15.00981,15],"texture":"#1"},"down":{"uv":[12.66667,0.33333,14.67647,15.33333],"texture":"#1"}}},{"from":[13.93,3,-0.6],"to":[15.68,6,16],"rotation":{"angle":-22.5,"axis":"z","origin":[15.43,4.5,7.4]},"faces":{"north":{"uv":[10,9.66667,13.08334,11.33272],"rotation":90,"texture":"#0"},"east":{"uv":[13,0,15.99939,15.99941],"rotation":270,"texture":"#3"},"south":{"uv":[10,9.66667,13.08334,11.33272],"rotation":90,"texture":"#0"},"west":{"uv":[13,0,15.99939,15.99941],"rotation":270,"texture":"#3"},"up":{"uv":[0,10.66667,16,11.99939],"rotation":90,"texture":"#2"},"down":{"uv":[12.66667,0.33333,14.67647,15.33333],"rotation":270,"texture":"#1"}}},{"from":[12.18,6.1,-0.6],"to":[15.18,9.1,15.4],"rotation":{"angle":45,"axis":"z","origin":[13.68,7.6,7.4]},"faces":{"north":{"uv":[9.66667,12.66667,12.33272,15.33272],"texture":"#0"},"east":{"uv":[0,2,16,5],"rotation":180,"texture":"#2"},"south":{"uv":[9.66667,12.66667,12.33272,15.33272],"rotation":180,"texture":"#0"},"west":{"uv":[0,10.33333,16,13.33333],"texture":"#2"},"up":{"uv":[13,0,16,16],"rotation":180,"texture":"#3"},"down":{"uv":[9.33333,0,12.33333,16],"rotation":180,"texture":"#3"}}},{"from":[10.21,3.3,0.9],"to":[13.51,6.6,14.8],"rotation":{"angle":45,"axis":"z","origin":[11.71,4.8,7.4]},"faces":{"north":{"uv":[3.66667,1.66667,6.29963,4.29963],"texture":"#0"},"east":{"uv":[1.33333,1.66667,14.58333,4.41667],"rotation":180,"texture":"#2"},"south":{"uv":[3.66667,1.66667,6.29963,4.29963],"texture":"#0"},"west":{"uv":[1.66667,3.33333,15.5662,6.63297],"rotation":180,"texture":"#2"},"up":{"uv":[13,0,15.00981,15],"rotation":180,"texture":"#1"},"down":{"uv":[12.66667,0.33333,14.67647,15.33333],"rotation":180,"texture":"#1"}}},{"from":[12.31389,-0.08273,0.173],"to":[15.91389,2.61727,14.073],"rotation":{"angle":-22.5,"axis":"z","origin":[15.80389,1.55727,6.973]},"faces":{"north":{"uv":[12.33333,11.66667,15.9326,14.3652],"texture":"#0"},"east":{"uv":[0.66667,10,14.5662,12.69914],"rotation":180,"texture":"#2"},"south":{"uv":[15.9326,11.66667,12.33333,14.3652],"texture":"#0"},"west":{"uv":[1,11.33333,14.89953,14.03309],"texture":"#2"},"up":{"uv":[15.93321,0.66667,12.33333,14.5662],"rotation":180,"texture":"#3"},"down":{"uv":[15.93321,0.66667,12.33333,14.5662],"rotation":180,"texture":"#3"}}},{"from":[11.01,11.7,0.4],"to":[15.21,13.8,14.8],"rotation":{"angle":22.5,"axis":"z","origin":[12.51,13.2,7.4]},"faces":{"north":{"uv":[1.66667,5.66667,5.66667,7.66667],"texture":"#0"},"east":{"uv":[1.33333,4.33333,15.73286,6.43321],"rotation":180,"texture":"#2"},"south":{"uv":[1.66667,5.33333,5.66667,7.33333],"texture":"#0"},"west":{"uv":[1.33333,3.33333,15.73286,5.4326],"rotation":180,"texture":"#2"},"up":{"uv":[10.33333,0.66667,14.53309,15.0662],"rotation":180,"texture":"#1"},"down":{"uv":[10,0.66667,14.19975,15.0662],"rotation":180,"texture":"#1"}}},{"from":[-0.02485,0.39285,1.4],"to":[2.07515,4.89285,15.3],"rotation":{"angle":22.5,"axis":"z","origin":[1.47515,2.49285,8.8]},"faces":{"north":{"uv":[14.33333,8,15.99877,11.66666],"texture":"#0"},"east":{"uv":[0,10.33333,15.83335,15.23285],"texture":"#2"},"south":{"uv":[14.33333,8,15.99877,11.66666],"rotation":180,"texture":"#0"},"west":{"uv":[9.66667,1,14.16667,14.89953],"rotation":90,"texture":"#1"},"up":{"uv":[1.66667,3.66667,15.5662,5.76654],"rotation":90,"texture":"#4"},"down":{"uv":[0,4.33333,13.89953,6.4326],"rotation":270,"texture":"#4"}}},{"from":[10.39632,8.60042,0.72543],"to":[10.91112,11.80346,14.89602],"rotation":{"angle":-45,"axis":"z","origin":[10.65372,10.00166,23.17843]},"faces":{"north":{"uv":[7,1.33333,10.33334,1.99939],"rotation":90,"texture":"#0"},"east":{"uv":[1,2.33333,15.17035,5.78615],"rotation":180,"texture":"#2"},"south":{"uv":[7,1.33333,10.33334,1.99939],"rotation":90,"texture":"#0"},"up":{"uv":[13.33333,1.33333,13.84804,15.50369],"rotation":180,"texture":"#1"},"down":{"uv":[13.66667,0.66667,14.18137,14.83702],"rotation":180,"texture":"#1"}}},{"from":[9.21733,11.24976,0.72517],"to":[11.10493,11.76456,14.89817],"rotation":{"angle":-22.5,"axis":"z","origin":[10.65372,10.00166,23.17843]},"faces":{"north":{"uv":[1,4,3,4.66605],"texture":"#0"},"south":{"uv":[1,4,3,4.66605],"texture":"#0"},"up":{"uv":[13,0,15.00981,15],"rotation":180,"texture":"#1"}}},{"from":[7.42734,11.32711,0.72302],"to":[10.17294,11.84191,14.89602],"rotation":{"angle":22.5,"axis":"z","origin":[9.22914,11.58451,23.17602]},"faces":{"north":{"uv":[0,5.33333,3.66544,5.99877],"texture":"#0"},"south":{"uv":[0,5.33333,3.66544,5.99877],"texture":"#0"},"west":{"uv":[1.66667,5,15.83949,5.51471],"rotation":180,"texture":"#2"},"up":{"uv":[13,0,15.00981,15],"rotation":180,"texture":"#1"}}},{"from":[7.31817,9.30518,0.73],"to":[10.15386,9.82235,14.89929],"rotation":{"angle":-45,"axis":"z","origin":[9.1226,9.56495,23.17973]},"faces":{"north":{"uv":[7.33333,0.33333,11.66667,0.99939],"rotation":180,"texture":"#0"},"east":{"uv":[0,0,14.24784,0.30138],"rotation":180,"texture":"#2"},"south":{"uv":[7.33333,0.33333,11.66667,0.99939],"rotation":180,"texture":"#0"},"west":{"uv":[0,0,14.24784,0.30138],"rotation":180,"texture":"#2"},"down":{"uv":[12.66667,0.33333,14.67647,15.33333],"rotation":180,"texture":"#1"}}},{"from":[5.96,1.3,1.15],"to":[8.76,2.85,14.8],"rotation":{"angle":22.5,"axis":"z","origin":[6.96,2.8,7.4]},"faces":{"north":{"uv":[12.33333,12.66667,15.13297,14.2163],"texture":"#0"},"east":{"uv":[0.66667,10.66667,14.3162,12.2163],"rotation":180,"texture":"#2"},"south":{"uv":[3,0,6,1.54964],"texture":"#0"},"west":{"uv":[1.33333,3.33333,14.98286,4.88297],"rotation":180,"texture":"#2"},"up":{"uv":[12,1.66667,14.79964,15.3162],"rotation":180,"texture":"#3"},"down":{"uv":[12,1.66667,14.79964,15.3162],"rotation":180,"texture":"#3"}}},{"from":[0.21,13.25,0.9],"to":[3.51,15.55,14.8],"rotation":{"angle":22.5,"axis":"z","origin":[1.71,14.5,7.4]},"faces":{"north":{"uv":[0,0,2.9663,2.29902],"texture":"#0"},"east":{"uv":[12.66667,0.33333,14.67647,15.33333],"texture":"#1"},"south":{"uv":[0,0,2.9663,2.29902],"rotation":180,"texture":"#0"},"west":{"uv":[11.66667,0.66667,14.2163,14.5662],"rotation":90,"texture":"#1"},"up":{"uv":[15.66483,0,12.33333,11.33335],"texture":"#3"},"down":{"uv":[0.66667,3,14.5662,6.29964],"rotation":270,"texture":"#2"}}},{"from":[3.6823,4.40076,0.9],"to":[8.7323,6.60076,14.8],"rotation":{"angle":-45,"axis":"z","origin":[6.2073,5.50076,7.85]},"faces":{"north":{"uv":[6.33333,0,11.38297,2],"rotation":180,"texture":"#0"},"east":{"uv":[1.33333,2,15.23286,4.19975],"texture":"#2"},"south":{"uv":[6.33333,0,11.38297,2],"rotation":180,"texture":"#0"},"west":{"uv":[1.66667,4,15.5662,6.19975],"texture":"#2"},"up":{"uv":[9.66667,1,14.7163,14.89953],"rotation":180,"texture":"#1"},"down":{"uv":[9.33333,0.66667,14.38297,14.5662],"rotation":180,"texture":"#1"}}},{"from":[1.961,10.251,0.901],"to":[4.259,13.199,14.799],"rotation":{"angle":-45,"axis":"z","origin":[2.21,13.3,7.4]},"faces":{"north":{"uv":[0,0,2.96569,2.61581],"rotation":270,"texture":"#0"},"east":{"uv":[1.66667,2.33333,15.5662,5.28309],"texture":"#2"},"south":{"uv":[0,0,2.96569,2.61581],"rotation":270,"texture":"#0"},"west":{"uv":[2,2.66667,15.89953,5.61581],"texture":"#2"},"up":{"uv":[13,0,15.00981,15],"rotation":180,"texture":"#1"},"down":{"uv":[12.66667,0.33333,14.67647,15.33333],"texture":"#1"}}},{"from":[3.91,14.25,0.9],"to":[7.61,16.05,14.8],"faces":{"north":{"uv":[7.66667,0,11.36581,1.79964],"rotation":180,"texture":"#0"},"east":{"uv":[1.66667,3,15.5662,4.79964],"rotation":180,"texture":"#2"},"south":{"uv":[7.66667,0,11.36581,1.79964],"rotation":180,"texture":"#0"},"west":{"uv":[1,3.66667,14.89953,5.4663],"texture":"#2"},"up":{"uv":[11.33333,1.33333,15.03309,15.23286],"rotation":180,"texture":"#1"},"down":{"uv":[12.66667,0.33333,14.67647,15.33333],"texture":"#1"}}},{"from":[10.41,8.5,0.9],"to":[13.46,9.55,14.8],"rotation":{"angle":22.5,"axis":"z","origin":[11.96,8.05,7.4]},"faces":{"north":{"uv":[14.33333,8.66667,15.38297,11.7163],"rotation":270,"texture":"#0"},"east":{"uv":[14.95036,0.66667,16,14.5662],"rotation":270,"texture":"#3"},"south":{"uv":[14.33333,8.33333,15.38297,11.38297],"rotation":270,"texture":"#0"},"west":{"uv":[14.95036,0.66667,16,14.5662],"rotation":270,"texture":"#3"},"up":{"uv":[1.33333,2.33333,15.23286,5.38297],"rotation":90,"texture":"#2"},"down":{"uv":[2,8.66667,15.89953,11.7163],"rotation":90,"texture":"#2"}}},{"from":[8.11448,5.69226,-0.27457],"to":[11.06751,6.20706,14.89602],"rotation":{"angle":45,"axis":"z","origin":[9.91628,5.94966,23.17843]},"faces":{"north":{"uv":[6.66667,0,10.33333,0.66666],"texture":"#0"},"south":{"uv":[6.66667,0,10.33333,0.66666],"texture":"#0"},"west":{"uv":[0.66667,3,15.83702,3.51471],"texture":"#2"},"up":{"uv":[13,0,15.00981,15],"texture":"#1"},"down":{"uv":[12.66667,0.33333,14.67647,15.33333],"texture":"#1"}}},{"from":[8.07602,6.43045,-0.27698],"to":[8.59082,9.17605,14.89602],"rotation":{"angle":-22.5,"axis":"z","origin":[8.33342,7.37425,23.17602]},"faces":{"north":{"uv":[8,0,11,0.66666],"rotation":270,"texture":"#0"},"east":{"uv":[0.66667,3.33333,15.83949,6.07843],"texture":"#2"},"south":{"uv":[8,0,11,0.66666],"rotation":270,"texture":"#0"},"west":{"uv":[0.33333,2,15.50616,4.7451],"texture":"#2"},"up":{"uv":[13,0,15.00981,15],"rotation":90,"texture":"#1"},"down":{"uv":[12.66667,0.33333,14.67647,15.33333],"rotation":270,"texture":"#1"}}},{"from":[8.15338,5.49846,-0.27483],"to":[8.66818,7.38606,14.89817],"rotation":{"angle":22.5,"axis":"z","origin":[9.91628,5.94966,23.17843]},"faces":{"north":{"uv":[0,0,2.66666,0.66666],"rotation":270,"texture":"#0"},"east":{"uv":[0.66667,4.33333,15.83949,6.22059],"texture":"#2"},"south":{"uv":[0,0,2.66666,0.66666],"rotation":270,"texture":"#0"},"west":{"uv":[0.66667,4.33333,15.83949,6.22059],"texture":"#2"},"up":{"uv":[13,0,15.00981,15],"rotation":90,"texture":"#1"},"down":{"uv":[12.66667,0.33333,14.67647,15.33333],"rotation":270,"texture":"#1"}}},{"from":[10.33101,13.6985,-0.25],"to":[13.73101,16.8485,14.8625],"rotation":{"angle":45,"axis":"z","origin":[20.53101,7.4485,0.2]},"faces":{"north":{"uv":[0.33333,11.66667,3.66606,9.33333],"rotation":270,"texture":"#1"},"south":{"uv":[0.33333,9.33333,3.66606,11.66667],"rotation":270,"texture":"#1"}}},{"from":[10.09559,6.44952,-0.27327],"to":[10.61276,9.28522,14.89602],"rotation":{"angle":45,"axis":"z","origin":[10.35299,7.48079,23.17973]},"faces":{"north":{"uv":[7,0,10,0.66666],"rotation":90,"texture":"#0"},"east":{"uv":[0.66667,3.66667,15.83578,6.50184],"rotation":180,"texture":"#2"},"south":{"uv":[7,0,10,0.66666],"rotation":90,"texture":"#0"},"west":{"uv":[0.66667,3.66667,15.83578,6.50184],"rotation":180,"texture":"#2"},"up":{"uv":[13,0,15.00981,15],"rotation":90,"texture":"#1"},"down":{"uv":[12.66667,0.33333,14.67647,15.33333],"rotation":270,"texture":"#1"}}},{"from":[10.96,13.8,1.15],"to":[13.76,15.35,14.8],"rotation":{"angle":22.5,"axis":"z","origin":[11.96,15.3,7.4]},"faces":{"north":{"uv":[12.33333,12.66667,15.13297,14.2163],"texture":"#0"},"east":{"uv":[0.66667,10.66667,14.3162,12.2163],"rotation":180,"texture":"#2"},"south":{"uv":[3,0,6,1.54964],"texture":"#0"},"west":{"uv":[1.33333,3.33333,14.98286,4.88297],"rotation":180,"texture":"#2"},"up":{"uv":[12,1.66667,14.79964,15.3162],"rotation":180,"texture":"#3"},"down":{"uv":[12,1.66667,14.79964,15.3162],"rotation":180,"texture":"#3"}}},{"from":[8.41,14.9,0.9],"to":[11.46,15.95,14.8],"faces":{"north":{"uv":[14.33333,8.66667,15.38297,11.7163],"rotation":270,"texture":"#0"},"east":{"uv":[14.95036,0.66667,16,14.5662],"rotation":270,"texture":"#3"},"south":{"uv":[14.33333,8.33333,15.38297,11.38297],"rotation":270,"texture":"#0"},"west":{"uv":[14.95036,0.66667,16,14.5662],"rotation":270,"texture":"#3"},"up":{"uv":[1.33333,2.33333,15.23286,5.38297],"rotation":90,"texture":"#2"},"down":{"uv":[2,8.66667,15.89953,11.7163],"rotation":90,"texture":"#2"}}}]}