{"textures":{"0":"custom/firewood/firewood1","1":"custom/firewood/firewood2","2":"custom/firewood/firewood3","3":"custom/firewood/firewood4","4":"custom/firewood/firewood5","particle":"custom/firewood/firewood1"},"elements":[{"from":[9.14227,0.00001,0.173],"to":[12.27792,0.47449,16.023],"faces":{"north":{"uv":[0,0,3.66666,0.66666],"rotation":180,"texture":"#0"},"east":{"uv":[0,2,15.84988,2.47426],"texture":"#2"},"south":{"uv":[0.66667,1,3,1.33272],"texture":"#0"},"down":{"uv":[12.66667,0.33333,14.67647,15.33333],"texture":"#1"}}},{"from":[10.18406,1.40863,0.17371],"to":[10.65206,3.69845,16.02371],"rotation":{"angle":-45,"axis":"z","origin":[10.41806,2.96863,21.79371]},"faces":{"north":{"uv":[7.66667,1.66667,10.33333,2.33333],"rotation":90,"texture":"#0"},"south":{"uv":[3.66667,0,5.33333,0.33272],"rotation":90,"texture":"#0"},"west":{"uv":[0,2.33333,15.84988,4.62255],"texture":"#2"},"up":{"uv":[13,0,13.46752,15.84988],"rotation":180,"texture":"#1"},"down":{"uv":[12.66667,0.33333,14.67647,15.33333],"rotation":90,"texture":"#1"}}},{"from":[7.83089,1.68227,0.17371],"to":[9.39089,2.15027,16.02371],"rotation":{"angle":22.5,"axis":"z","origin":[9.39089,1.91627,21.79371]},"faces":{"north":{"uv":[8.33333,0,10.33333,0.66666],"texture":"#0"},"south":{"uv":[4.66667,0.66667,5.66667,0.99939],"texture":"#0"},"west":{"uv":[0,2.66667,15.84988,3.13419],"rotation":180,"texture":"#2"},"up":{"uv":[13,0,15.00981,15],"rotation":180,"texture":"#1"}}},{"from":[8.20465,1.03456,0.17371],"to":[9.76465,1.50256,16.02371],"rotation":{"angle":-45,"axis":"z","origin":[8.20465,1.26856,21.79371]},"faces":{"north":{"uv":[0.33333,0.33333,2.33333,0.99939],"texture":"#0"},"south":{"uv":[1.33333,1,2.66667,1.33272],"texture":"#0"},"down":{"uv":[12.66667,0.33333,14.67647,15.33333],"texture":"#1"}}},{"from":[11.2151,0.25972,0.17371],"to":[11.70003,3.33884,16.02371],"rotation":{"angle":22.5,"axis":"z","origin":[11.4491,1.81972,21.79371]},"faces":{"north":{"uv":[7,1.33333,11,2],"rotation":270,"texture":"#0"},"east":{"uv":[0,2.33333,15.84988,5.41238],"rotation":180,"texture":"#2"},"south":{"uv":[9.33333,0,11.33334,0.33272],"rotation":270,"texture":"#0"},"up":{"uv":[13,0,15.00981,15],"rotation":90,"texture":"#1"},"down":{"uv":[12.66667,0.33333,14.67647,15.33333],"rotation":270,"texture":"#1"}}},{"from":[12.4915,8.11806,0.19109],"to":[15.94071,8.63999,15.05109],"faces":{"north":{"uv":[6.66667,1,8.66667,1.33333],"texture":"#0"},"east":{"uv":[1,1,15.85971,1.52145],"texture":"#2"},"south":{"uv":[6.66667,1,8.66667,1.33333],"texture":"#0"},"up":{"uv":[11.66667,0.66667,15.11581,15.52637],"texture":"#1"}}},{"from":[14.77161,4.96728,0.19],"to":[15.30503,8.35431,15.05],"rotation":{"angle":-22.5,"axis":"z","origin":[15.02901,6.63831,23.17309]},"faces":{"north":{"uv":[1,2.33333,2.99878,2.66605],"rotation":90,"texture":"#0"},"east":{"uv":[1,2.33333,15.85971,5.71997],"rotation":180,"texture":"#2"},"south":{"uv":[1,2.33333,2.99878,2.66605],"rotation":90,"texture":"#0"},"up":{"uv":[13,0,15.00981,15],"rotation":270,"texture":"#1"},"down":{"uv":[12.66667,0.33333,14.67647,15.33333],"rotation":90,"texture":"#1"}}},{"from":[13.63747,4.5717,0.19109],"to":[14.15227,7.0905,15.05109],"rotation":{"angle":45,"axis":"z","origin":[13.89487,5.3745,23.17309]},"faces":{"north":{"uv":[1.33333,2.33333,2.99877,2.66605],"rotation":90,"texture":"#0"},"south":{"uv":[1.33333,2.33333,2.99877,2.66605],"rotation":90,"texture":"#0"},"west":{"uv":[1,3.33333,15.85971,5.85172],"texture":"#2"},"down":{"uv":[12.66667,0.33333,14.67647,15.33333],"rotation":270,"texture":"#1"}}},{"from":[11.04898,6.2747,0.195],"to":[12.76498,6.7895,15.055],"rotation":{"angle":-22.5,"axis":"z","origin":[12.76498,6.5321,23.17309]},"faces":{"north":{"uv":[1,2.33333,2.04902,2.66667],"texture":"#0"},"south":{"uv":[1,2.33333,2.04902,2.66667],"texture":"#0"},"west":{"uv":[1,4.66667,15.85971,5.18137],"rotation":180,"texture":"#2"},"down":{"uv":[12.66667,0.33333,14.67647,15.33333],"rotation":180,"texture":"#1"}}},{"from":[11.46012,6.98718,0.19],"to":[13.17612,7.50198,15.05],"rotation":{"angle":45,"axis":"z","origin":[11.46012,7.24458,23.17309]},"faces":{"north":{"uv":[4.33333,2.33333,5.38174,2.66605],"texture":"#0"},"east":{"uv":[0.66667,3,15.52637,3.51471],"texture":"#2"},"south":{"uv":[4.66667,2.66667,5.71568,3],"texture":"#0"},"west":{"uv":[0.66667,0.9663,15.66667,0.66667],"texture":"#2"},"up":{"uv":[13,0,15.00981,15],"texture":"#1"}}},{"from":[0.7073,8.35109,0.26],"to":[4.54495,8.91508,15.84],"rotation":{"angle":-22.5,"axis":"z","origin":[2.62613,8.63309,7.30846]},"faces":{"north":{"uv":[0,0,4,0.66666],"rotation":180,"texture":"#0"},"east":{"uv":[11.66605,0,12.33272,16],"rotation":270,"texture":"#3"},"south":{"uv":[0,0,4,0.66666],"rotation":180,"texture":"#0"},"down":{"uv":[10.66667,0,14.50429,15.57965],"texture":"#1"}}},{"from":[3.93743,8.15932,0.25],"to":[4.5068,11.05809,15.83],"faces":{"north":{"uv":[11.33333,9,11.99694,13.33088],"rotation":180,"texture":"#3"},"east":{"uv":[0.33333,9.66667,15.91239,12.56434],"rotation":180,"texture":"#2"},"south":{"uv":[11.33333,9,11.99694,13.33088],"texture":"#3"},"up":{"uv":[13,0,15.00981,15],"rotation":270,"texture":"#1"},"down":{"uv":[12.66667,0.33333,14.67647,15.33333],"rotation":270,"texture":"#1"}}},{"from":[0.49445,9.79132,0.26846],"to":[4.1894,10.37324,15.84846],"rotation":{"angle":22.5,"axis":"z","origin":[2.34193,10.08228,7.30846]},"faces":{"north":{"uv":[7.33333,0,11.33333,0.66605],"texture":"#0"},"south":{"uv":[6.33333,0,10.33333,0.66544],"texture":"#0"},"west":{"uv":[0.33333,2.66667,15.91298,3.24816],"rotation":180,"texture":"#2"},"up":{"uv":[11.33333,0.33333,15.02819,15.91298],"rotation":180,"texture":"#1"}}},{"from":[8.09413,11.46426,0.25],"to":[8.65812,15.30191,15.83],"rotation":{"angle":-22.5,"axis":"z","origin":[8.37613,13.38309,7.30846]},"faces":{"north":{"uv":[7.33333,1.33333,11.33333,1.99939],"rotation":90,"texture":"#0"},"east":{"uv":[0,1,15.57965,4.83762],"texture":"#2"},"south":{"uv":[7.33333,1.33333,11.33333,1.99939],"rotation":90,"texture":"#0"},"up":{"uv":[11.33333,0,11.89706,15.57965],"texture":"#1"},"down":{"uv":[12.66667,0.33333,14.67647,15.33333],"rotation":90,"texture":"#1"}}},{"from":[5.95113,14.69439,0.26846],"to":[8.8499,15.26376,15.84846],"faces":{"north":{"uv":[2.33333,5.66667,5.33333,6.33272],"texture":"#0"},"south":{"uv":[2.33333,5.66667,5.33333,6.33272],"texture":"#0"},"west":{"uv":[0.33333,5.66667,15.91298,6.23591],"texture":"#2"},"up":{"uv":[13,0.33333,15.89828,15.91298],"rotation":180,"texture":"#1"}}},{"from":[6.63598,11.25141,0.26],"to":[7.21789,14.94636,15.84],"rotation":{"angle":22.5,"axis":"z","origin":[6.92693,13.09889,7.30846]},"faces":{"north":{"uv":[7,0.66667,11,1.33272],"rotation":90,"texture":"#0"},"south":{"uv":[7,0.66667,11,1.33272],"rotation":90,"texture":"#0"},"west":{"uv":[0.33333,2.66667,15.91298,6.36152],"rotation":180,"texture":"#2"},"up":{"uv":[13,0,15.00981,15],"rotation":90,"texture":"#1"},"down":{"uv":[12.66667,0.33333,14.67647,15.33333],"rotation":90,"texture":"#1"}}},{"from":[0.5,7.75,0.27],"to":[4.5,11,15.7575],"faces":{"north":{"uv":[0,0,4,3],"texture":"#1"},"south":{"uv":[4,0,0,3],"texture":"#1"}}},{"from":[6.025,11.125,0.27],"to":[9.275,15.125,15.77],"faces":{"north":{"uv":[0,0,4,3],"rotation":90,"texture":"#1"},"south":{"uv":[0,0,4,3],"rotation":90,"texture":"#1"}}},{"from":[-0.25,0.25,-0.6],"to":[5.25,4,15.975],"faces":{"north":{"uv":[0,2.99939,5,6.66605],"texture":"#1"},"south":{"uv":[5,2.99939,0,6.66605],"texture":"#1"}}},{"from":[13.25,2.7,0.2],"to":[17.25,6.1,15.025],"rotation":{"angle":-22.5,"axis":"z","origin":[21.25,11,8.25]},"faces":{"north":{"uv":[0,6.66667,4,9.66667],"texture":"#1"},"south":{"uv":[4,6.66667,0,9.66667],"texture":"#1"}}},{"from":[6.78101,5.9485,0.75],"to":[10.38101,9.3985,0.75],"rotation":{"angle":-45,"axis":"z","origin":[13.18101,7.1985,0.2]},"faces":{"north":{"uv":[0,12.33333,4,9.33333],"rotation":270,"texture":"#1"}}},{"from":[2.98101,13.4485,-0.25],"to":[6.38101,16.5985,14.8625],"rotation":{"angle":45,"axis":"z","origin":[13.18101,7.1985,0.2]},"faces":{"north":{"uv":[0.33333,11.66667,3.66606,9.33333],"rotation":270,"texture":"#1"},"south":{"uv":[0.33333,9.33333,3.66606,11.66667],"rotation":270,"texture":"#1"}}},{"from":[10.01899,17.6485,0.63],"to":[12.94899,20.1085,15.9675],"rotation":{"angle":-45,"axis":"z","origin":[2.81899,11.1985,1.05]},"faces":{"north":{"uv":[6,2.667,8.654,5.994],"rotation":270,"texture":"#1"},"south":{"uv":[6,5.994,8.654,2.667],"rotation":270,"texture":"#1"}}},{"from":[8.35259,0.28403,0.19],"to":[12.10259,3.68403,15.99],"faces":{"north":{"uv":[0,12.33333,3.83334,15.73285],"rotation":180,"texture":"#1"},"south":{"uv":[3.83334,12.33333,0,15.73285],"rotation":180,"texture":"#1"}}},{"from":[6.45259,3.48403,1.45],"to":[11.00259,6.33403,15.8375],"rotation":{"angle":22.5,"axis":"z","origin":[8.35259,4.48403,1.75]},"faces":{"north":{"uv":[5.33333,0.00667,9,2.39951],"texture":"#1"},"south":{"uv":[9,0.00667,5.33333,2.39951],"texture":"#1"},"up":{"uv":[13.00667,0.00667,14.99333,14.99333],"rotation":180,"texture":"#1"}}},{"from":[6.73101,5.9485,14.85],"to":[10.38101,9.2985,14.85],"rotation":{"angle":-45,"axis":"z","origin":[13.18101,7.1985,15.4]},"faces":{"south":{"uv":[0,9.33333,4,12.33333],"rotation":270,"texture":"#1"}}},{"from":[4.8316,-1.14378,-0.60629],"to":[6.27285,-0.64877,15.99371],"rotation":{"angle":-22.5,"axis":"z","origin":[15.7516,10.86822,9.31371]},"faces":{"north":{"uv":[7,0,8.66666,0.66666],"texture":"#0"},"south":{"uv":[7,0,8.66666,0.66666],"texture":"#0"},"west":{"uv":[0,0,15,0.31732],"rotation":180,"texture":"#2"},"up":{"uv":[13,0,15.00981,15],"rotation":180,"texture":"#1"}}},{"from":[-3.68165,-3.75489,-0.60629],"to":[-3.13565,-0.071,15.99371],"rotation":{"angle":-22.5,"axis":"z","origin":[8.79835,-9.99489,9.31371]},"faces":{"north":{"uv":[6.33333,1.66667,10.66667,2.33333],"rotation":90,"texture":"#0"},"south":{"uv":[6.33333,1.66667,10.66667,2.33333],"rotation":90,"texture":"#0"},"west":{"uv":[0,1.33333,16,5.01716],"rotation":180,"texture":"#2"}}},{"from":[7.11023,-7.59413,-0.60629],"to":[11.79023,-7.06473,15.99371],"rotation":{"angle":-45,"axis":"z","origin":[18.03023,3.85527,9.31371]},"faces":{"north":{"uv":[6.66667,0.33333,11.66667,1],"rotation":180,"texture":"#0"},"south":{"uv":[6.66667,0.33333,11.66667,1],"rotation":180,"texture":"#0"},"up":{"uv":[10.33333,0,15.01287,16],"texture":"#1"}}},{"from":[-0.34473,-0.00099,-0.60729],"to":[5.89727,0.54701,15.99471],"faces":{"north":{"uv":[0,5.33333,6,6],"texture":"#0"},"east":{"uv":[0,3.66667,16,4.21262],"texture":"#2"},"south":{"uv":[0,5.33333,6,6],"texture":"#0"},"west":{"uv":[0,0,16,0.546],"texture":"#2"},"down":{"uv":[12.66667,0.33333,14.67647,15.33333],"texture":"#1"}}},{"from":[6.94627,3.79201,1.34371],"to":[8.50627,4.18201,15.88371],"rotation":{"angle":45,"axis":"z","origin":[7.72627,3.98701,21.40371]},"faces":{"north":{"uv":[4.33333,4,5.66667,4.33272],"texture":"#0"},"south":{"uv":[4.33333,4,5.66667,4.33272],"texture":"#0"},"west":{"uv":[1.33333,3.33333,15.87316,3.72304],"texture":"#2"},"down":{"uv":[12.66667,0.33333,14.67647,15.33333],"texture":"#1"}}},{"from":[8.13993,4.28644,1.34],"to":[9.15393,4.67644,15.88],"faces":{"north":{"uv":[1.33333,0,2,0.33272],"texture":"#0"},"south":{"uv":[1.33333,0,2,0.33272],"texture":"#0"},"down":{"uv":[12.66667,0.33333,14.67647,15.33333],"rotation":180,"texture":"#1"}}},{"from":[8.86832,4.34325,1.37],"to":[9.25832,7.30725,15.91],"rotation":{"angle":-22.5,"axis":"z","origin":[9.06332,4.57725,21.40371]},"faces":{"north":{"uv":[8.33333,0,10.66667,0.33272],"rotation":90,"texture":"#0"},"east":{"uv":[1,3.33333,15.53982,6.29718],"texture":"#2"},"south":{"uv":[8.33333,0,10.66667,0.33272],"rotation":90,"texture":"#0"},"up":{"uv":[12.33333,0.66667,12.72304,15.20649],"rotation":180,"texture":"#1"},"down":{"uv":[12.66667,0.33333,14.67647,15.33333],"rotation":90,"texture":"#1"}}},{"from":[6.93241,3.63057,1.34335],"to":[7.32241,5.81457,15.88335],"rotation":{"angle":22.5,"axis":"z","origin":[7.12741,3.86457,21.40335]},"faces":{"north":{"uv":[4.33333,2,6,2.33272],"rotation":90,"texture":"#0"},"south":{"uv":[4.33333,2,6,2.33272],"rotation":90,"texture":"#0"},"west":{"uv":[0.33333,2.33333,14.87257,4.51716],"rotation":180,"texture":"#2"},"up":{"uv":[13,0,15.00981,15],"rotation":90,"texture":"#1"},"down":{"uv":[12.66667,0.33333,14.67647,15.33333],"rotation":270,"texture":"#1"}}},{"from":[6.26043,5.3048,1.34186],"to":[10.30725,5.73269,15.88371],"rotation":{"angle":22.5,"axis":"z","origin":[6.49443,5.4998,21.40186]},"faces":{"north":{"uv":[8.66667,0.33333,11.66667,0.66605],"texture":"#0"},"south":{"uv":[8.66667,0.33333,11.66667,0.66605],"texture":"#0"},"west":{"uv":[0.66667,2.33333,15.20831,2.76103],"rotation":180,"texture":"#2"},"up":{"uv":[11,1,15.04657,15.54165],"texture":"#1"}}},{"from":[14.72893,9.40951,0.56834],"to":[15.19693,11.12551,15.99834],"rotation":{"angle":-22.5,"axis":"z","origin":[13.5943,9.81969,21.79857]},"faces":{"north":{"uv":[0,0,2.33334,0.66666],"rotation":270,"texture":"#0"},"east":{"uv":[0.33333,4,15.76286,5.71569],"rotation":180,"texture":"#2"},"south":{"uv":[0,0,2.33334,0.66666],"rotation":90,"texture":"#0"},"up":{"uv":[13,0,15.00981,15],"rotation":90,"texture":"#1"},"down":{"uv":[12.66667,0.33333,14.67647,15.33333],"rotation":270,"texture":"#1"}}},{"from":[12.34317,9.58569,0.6],"to":[15.2323,10.05369,16.02781],"rotation":{"angle":-45,"axis":"z","origin":[13.5943,9.81969,21.79857]},"faces":{"north":{"uv":[7.66667,0,11,0.66605],"rotation":180,"texture":"#0"},"east":{"uv":[0.33333,4.33333,15.76104,4.80086],"texture":"#2"},"south":{"uv":[7.66667,0,11,0.66605],"rotation":180,"texture":"#0"},"west":{"uv":[1.66667,2,15.91484,2.29963],"texture":"#2"},"down":{"uv":[12.66667,0.33333,14.67647,15.33333],"texture":"#1"}}},{"from":[14.79925,10.25677,0.56638],"to":[15.26725,12.75277,15.99638],"rotation":{"angle":22.5,"axis":"z","origin":[15.03325,11.11477,21.79638]},"faces":{"north":{"uv":[3,0,6,0.66605],"rotation":270,"texture":"#0"},"east":{"uv":[0.33333,1.33333,15.76286,3.82905],"rotation":180,"texture":"#2"},"south":{"uv":[3,0,6,0.66605],"rotation":90,"texture":"#0"},"up":{"uv":[13,0,15.00981,15],"rotation":90,"texture":"#1"},"down":{"uv":[12.66667,0.33333,14.67647,15.33333],"rotation":270,"texture":"#1"}}},{"from":[12.96113,10.27411,0.56976],"to":[13.43128,12.85201,15.99638],"rotation":{"angle":-45,"axis":"z","origin":[13.19728,11.21163,21.79976]},"faces":{"north":{"uv":[7.66667,0,11.33211,0.66544],"rotation":90,"texture":"#0"},"south":{"uv":[7.66667,0,11.33211,0.66544],"rotation":90,"texture":"#0"},"west":{"uv":[0.33333,2.33333,15.7598,4.91115],"rotation":180,"texture":"#2"},"up":{"uv":[13,0,15.00981,15],"rotation":90,"texture":"#1"},"down":{"uv":[12.66667,0.33333,14.67647,15.33333],"rotation":270,"texture":"#1"}}},{"from":[12.55,0,-0.6],"to":[16.15,3.6,15.4],"faces":{"north":{"uv":[3.66667,1.66667,6.33333,4.33333],"texture":"#0"},"east":{"uv":[0.33333,2.33333,15.33333,5.33333],"texture":"#2"},"south":{"uv":[3.66667,1.66667,6.33333,4.33333],"texture":"#0"},"west":{"uv":[0,0.66667,16,4.26654],"texture":"#2"},"up":{"uv":[13,0,15.00981,15],"texture":"#1"},"down":{"uv":[12.66667,0.33333,14.67647,15.33333],"texture":"#1"}}},{"from":[14.83,3.6,-0.6],"to":[16.58,6.6,16],"rotation":{"angle":-22.5,"axis":"z","origin":[16.33,5.1,7.4]},"faces":{"north":{"uv":[10,9.66667,13.08334,11.33272],"rotation":90,"texture":"#0"},"east":{"uv":[13,0,15.99939,15.99941],"rotation":270,"texture":"#3"},"south":{"uv":[10,9.66667,13.08334,11.33272],"rotation":90,"texture":"#0"},"west":{"uv":[13,0,15.99939,15.99941],"rotation":270,"texture":"#3"},"up":{"uv":[0,10.66667,16,11.99939],"rotation":90,"texture":"#2"},"down":{"uv":[12.66667,0.33333,14.67647,15.33333],"rotation":270,"texture":"#1"}}},{"from":[4.93,0.6,-0.6],"to":[7.93,3.6,15.4],"rotation":{"angle":45,"axis":"z","origin":[6.43,2.1,7.4]},"faces":{"north":{"uv":[9.66667,12.66667,12.33272,15.33272],"texture":"#0"},"east":{"uv":[0,2,16,5],"rotation":180,"texture":"#2"},"south":{"uv":[9.66667,12.66667,12.33272,15.33272],"rotation":180,"texture":"#0"},"west":{"uv":[0,10.33333,16,13.33333],"texture":"#2"},"up":{"uv":[13,0,16,16],"rotation":180,"texture":"#3"},"down":{"uv":[9.33333,0,12.33333,16],"rotation":180,"texture":"#3"}}},{"from":[2.71,3.3,0],"to":[5.71,6.3,15.4],"rotation":{"angle":-22.5,"axis":"z","origin":[4.21,4.8,7.4]},"faces":{"north":{"uv":[12.33333,11.66667,14.99939,14.33272],"rotation":90,"texture":"#0"},"east":{"uv":[12,0,14.73284,16],"rotation":90,"texture":"#3"},"south":{"uv":[12.33333,11.66667,14.99939,14.33272],"rotation":90,"texture":"#0"},"west":{"uv":[12,0,14.73284,16],"rotation":90,"texture":"#3"},"up":{"uv":[2,12,15.67647,14.66544],"rotation":90,"texture":"#2"},"down":{"uv":[12.66667,0.33333,14.67647,15.33333],"rotation":180,"texture":"#1"}}},{"from":[10.21,3.3,0.9],"to":[13.51,6.6,14.8],"rotation":{"angle":45,"axis":"z","origin":[11.71,4.8,7.4]},"faces":{"north":{"uv":[3.66667,1.66667,6.29963,4.29963],"texture":"#0"},"south":{"uv":[3.66667,1.66667,6.29963,4.29963],"texture":"#0"},"west":{"uv":[1.66667,3.33333,15.5662,6.63297],"rotation":180,"texture":"#2"},"up":{"uv":[13,0,15.00981,15],"rotation":180,"texture":"#1"},"down":{"uv":[12.66667,0.33333,14.67647,15.33333],"rotation":180,"texture":"#1"}}},{"from":[4.51,6.36,1.2],"to":[8.11,9.06,15.1],"faces":{"north":{"uv":[12.33333,11.66667,15.9326,14.3652],"texture":"#0"},"east":{"uv":[0.66667,10,14.5662,12.69914],"rotation":180,"texture":"#2"},"south":{"uv":[15.9326,11.66667,12.33333,14.3652],"texture":"#0"},"west":{"uv":[1,11.33333,14.89953,14.03309],"texture":"#2"},"up":{"uv":[15.93321,0.66667,12.33333,14.5662],"rotation":180,"texture":"#3"},"down":{"uv":[15.93321,0.66667,12.33333,14.5662],"rotation":180,"texture":"#3"}}},{"from":[9.01,7.2,0.4],"to":[13.21,9.3,14.8],"rotation":{"angle":45,"axis":"z","origin":[10.51,8.7,7.4]},"faces":{"north":{"uv":[1.66667,5.66667,5.66667,7.66667],"texture":"#0"},"east":{"uv":[1.33333,4.33333,15.73286,6.43321],"rotation":180,"texture":"#2"},"south":{"uv":[1.66667,5.33333,5.66667,7.33333],"texture":"#0"},"west":{"uv":[1.33333,3.33333,15.73286,5.4326],"rotation":180,"texture":"#2"},"up":{"uv":[10.33333,0.66667,14.53309,15.0662],"rotation":180,"texture":"#1"},"down":{"uv":[10,0.66667,14.19975,15.0662],"rotation":180,"texture":"#1"}}},{"from":[0.76448,5.44226,-0.27457],"to":[3.71751,5.95706,14.89602],"rotation":{"angle":45,"axis":"z","origin":[2.56628,5.69966,23.17843]},"faces":{"north":{"uv":[6.66667,0,10.33333,0.66666],"texture":"#0"},"south":{"uv":[6.66667,0,10.33333,0.66666],"texture":"#0"},"west":{"uv":[0.66667,3,15.83702,3.51471],"texture":"#2"},"down":{"uv":[12.66667,0.33333,14.67647,15.33333],"texture":"#1"}}},{"from":[0.80338,5.24846,-0.27483],"to":[1.31818,7.13606,14.89817],"rotation":{"angle":22.5,"axis":"z","origin":[2.56628,5.69966,23.17843]},"faces":{"north":{"uv":[0,0,2.66666,0.66666],"rotation":270,"texture":"#0"},"south":{"uv":[0,0,2.66666,0.66666],"rotation":270,"texture":"#0"},"west":{"uv":[0.66667,4.33333,15.83949,6.22059],"texture":"#2"},"up":{"uv":[13,0,15.00981,15],"rotation":90,"texture":"#1"},"down":{"uv":[12.66667,0.33333,14.67647,15.33333],"rotation":270,"texture":"#1"}}},{"from":[0.72602,6.18045,-0.27698],"to":[1.24082,8.92605,14.89602],"rotation":{"angle":-22.5,"axis":"z","origin":[0.98342,7.12425,23.17602]},"faces":{"north":{"uv":[8,0,11,0.66666],"rotation":270,"texture":"#0"},"south":{"uv":[8,0,11,0.66666],"rotation":270,"texture":"#0"},"west":{"uv":[0.33333,2,15.50616,4.7451],"texture":"#2"},"up":{"uv":[13,0,13.676,15],"texture":"#1"},"down":{"uv":[12.66667,0.33333,14.67647,15.33333],"rotation":270,"texture":"#1"}}},{"from":[2.74559,6.19952,-0.27327],"to":[3.26276,9.03522,14.89602],"rotation":{"angle":45,"axis":"z","origin":[3.00299,7.23079,23.17973]},"faces":{"north":{"uv":[7,0,10,0.66666],"rotation":90,"texture":"#0"},"east":{"uv":[0.66667,3.66667,15.83578,6.50184],"rotation":180,"texture":"#2"},"south":{"uv":[7,0,10,0.66666],"rotation":90,"texture":"#0"},"up":{"uv":[13,0,15.00981,15],"rotation":90,"texture":"#1"},"down":{"uv":[12.66667,0.33333,14.67647,15.33333],"rotation":270,"texture":"#1"}}},{"from":[3.61,10.08,1.2],"to":[8.11,12.18,15.1],"rotation":{"angle":-45,"axis":"z","origin":[6.01,11.58,8.6]},"faces":{"north":{"uv":[14.33333,8,15.99877,11.66666],"rotation":90,"texture":"#0"},"east":{"uv":[0,4.33333,13.89953,6.4326],"texture":"#4"},"south":{"uv":[14.33333,8,15.99877,11.66666],"rotation":90,"texture":"#0"},"west":{"uv":[1.66667,3.66667,15.5662,5.76654],"texture":"#4"},"up":{"uv":[0,10.33333,15.83335,15.23285],"rotation":90,"texture":"#2"},"down":{"uv":[9.66667,1,14.16667,14.89953],"rotation":180,"texture":"#1"}}},{"from":[10.39632,8.60042,0.72543],"to":[10.91112,11.80346,14.89602],"rotation":{"angle":-45,"axis":"z","origin":[10.65372,10.00166,23.17843]},"faces":{"north":{"uv":[7,1.33333,10.33334,1.99939],"rotation":90,"texture":"#0"},"east":{"uv":[1,2.33333,15.17035,5.78615],"rotation":180,"texture":"#2"},"south":{"uv":[7,1.33333,10.33334,1.99939],"rotation":90,"texture":"#0"},"west":{"uv":[1,2.33333,15.17035,5.78615],"rotation":180,"texture":"#2"},"up":{"uv":[13.33333,1.33333,13.84804,15.50369],"rotation":180,"texture":"#1"},"down":{"uv":[13.66667,0.66667,14.18137,14.83702],"rotation":180,"texture":"#1"}}},{"from":[9.21733,11.24976,0.72517],"to":[11.10493,11.76456,14.89817],"rotation":{"angle":-22.5,"axis":"z","origin":[10.65372,10.00166,23.17843]},"faces":{"north":{"uv":[1,4,3,4.66605],"texture":"#0"},"south":{"uv":[1,4,3,4.66605],"texture":"#0"},"up":{"uv":[13,0,15.00981,15],"rotation":180,"texture":"#1"},"down":{"uv":[12.66667,0.33333,14.67647,15.33333],"rotation":180,"texture":"#1"}}},{"from":[7.42734,11.32711,0.72302],"to":[10.17294,11.84191,14.89602],"rotation":{"angle":22.5,"axis":"z","origin":[9.22914,11.58451,23.17602]},"faces":{"north":{"uv":[0,5.33333,3.66544,5.99877],"texture":"#0"},"south":{"uv":[0,5.33333,3.66544,5.99877],"texture":"#0"},"west":{"uv":[1.66667,5,15.83949,5.51471],"rotation":180,"texture":"#2"},"up":{"uv":[13,0,15.00981,15],"rotation":180,"texture":"#1"},"down":{"uv":[12.66667,0.33333,14.67647,15.33333],"rotation":180,"texture":"#1"}}},{"from":[7.31817,9.30518,0.73],"to":[10.15386,9.82235,14.89929],"rotation":{"angle":-45,"axis":"z","origin":[9.1226,9.56495,23.17973]},"faces":{"north":{"uv":[7.33333,0.33333,11.66667,0.99939],"rotation":180,"texture":"#0"},"east":{"uv":[0,0,14.24784,0.30138],"rotation":180,"texture":"#2"},"south":{"uv":[7.33333,0.33333,11.66667,0.99939],"rotation":180,"texture":"#0"},"up":{"uv":[11.66667,1,14.50184,15.16912],"rotation":180,"texture":"#1"},"down":{"uv":[12.66667,0.33333,14.67647,15.33333],"rotation":180,"texture":"#1"}}},{"from":[11.211,11.801,1.151],"to":[14.009,13.349,14.799],"rotation":{"angle":22.5,"axis":"z","origin":[12.21,13.3,7.4]},"faces":{"north":{"uv":[12.33333,12.66667,15.13297,14.2163],"texture":"#0"},"east":{"uv":[0.66667,10.66667,14.3162,12.2163],"rotation":180,"texture":"#2"},"south":{"uv":[3,0,6,1.54964],"texture":"#0"},"west":{"uv":[1.33333,3.33333,14.98286,4.88297],"rotation":180,"texture":"#2"},"up":{"uv":[12,1.66667,14.79964,15.3162],"rotation":180,"texture":"#3"},"down":{"uv":[12,1.66667,14.79964,15.3162],"rotation":180,"texture":"#3"}}},{"from":[0.71,10.25,0.9],"to":[3.01,13.55,14.8],"rotation":{"angle":22.5,"axis":"z","origin":[1.96,12.05,7.4]},"faces":{"north":{"uv":[0,0,2.9663,2.29902],"rotation":270,"texture":"#0"},"east":{"uv":[15.66483,0,12.33333,11.33335],"rotation":90,"texture":"#3"},"south":{"uv":[0,0,2.9663,2.29902],"rotation":270,"texture":"#0"},"west":{"uv":[0.66667,3,14.5662,6.29964],"texture":"#2"},"up":{"uv":[11.66667,0.66667,14.2163,14.5662],"texture":"#1"},"down":{"uv":[12.66667,0.33333,14.67647,15.33333],"rotation":90,"texture":"#1"}}},{"from":[0.96,13.75,0.9],"to":[6.01,15.95,14.8],"faces":{"north":{"uv":[6.33333,0,11.38297,2],"rotation":180,"texture":"#0"},"east":{"uv":[1.33333,2,15.23286,4.19975],"texture":"#2"},"south":{"uv":[6.33333,0,11.38297,2],"rotation":180,"texture":"#0"},"west":{"uv":[1.66667,4,15.5662,6.19975],"texture":"#2"},"up":{"uv":[9.66667,1,14.7163,14.89953],"rotation":180,"texture":"#1"},"down":{"uv":[9.33333,0.66667,14.38297,14.5662],"rotation":180,"texture":"#1"}}},{"from":[10.96,12.5,0.9],"to":[13.26,15.45,14.8],"rotation":{"angle":-45,"axis":"z","origin":[11.21,15.55,7.4]},"faces":{"north":{"uv":[0,0,2.96569,2.61581],"rotation":270,"texture":"#0"},"east":{"uv":[1.66667,2.33333,15.5662,5.28309],"texture":"#2"},"south":{"uv":[0,0,2.96569,2.61581],"rotation":270,"texture":"#0"},"west":{"uv":[2,2.66667,15.89953,5.61581],"texture":"#2"},"up":{"uv":[13,0,15.00981,15],"rotation":180,"texture":"#1"},"down":{"uv":[12.66667,0.33333,14.67647,15.33333],"texture":"#1"}}},{"from":[12.41,13.25,0.9],"to":[16.11,15.05,14.8],"rotation":{"angle":-22.5,"axis":"z","origin":[15.46,14.8,7.4]},"faces":{"north":{"uv":[7.66667,0,11.36581,1.79964],"rotation":180,"texture":"#0"},"east":{"uv":[1.66667,3,15.5662,4.79964],"rotation":180,"texture":"#2"},"south":{"uv":[7.66667,0,11.36581,1.79964],"rotation":180,"texture":"#0"},"west":{"uv":[1,3.66667,14.89953,5.4663],"texture":"#2"},"up":{"uv":[11.33333,1.33333,15.03309,15.23286],"rotation":180,"texture":"#1"},"down":{"uv":[12.66667,0.33333,14.67647,15.33333],"texture":"#1"}}},{"from":[15.21,10,0.9],"to":[16.26,13.05,14.8],"rotation":{"angle":22.5,"axis":"z","origin":[16.71,11.55,7.4]},"faces":{"north":{"uv":[14.33333,8.66667,15.38297,11.7163],"texture":"#0"},"east":{"uv":[2,8.66667,15.89953,11.7163],"rotation":180,"texture":"#2"},"south":{"uv":[14.33333,8.33333,15.38297,11.38297],"rotation":180,"texture":"#0"},"west":{"uv":[1.33333,2.33333,15.23286,5.38297],"texture":"#2"},"up":{"uv":[14.95036,0.66667,16,14.5662],"texture":"#3"},"down":{"uv":[14.95036,0.66667,16,14.5662],"texture":"#3"}}}]}