{"textures":{"0":"custom/firewood/firewood1","1":"custom/firewood/firewood2","2":"custom/firewood/firewood3","3":"custom/firewood/firewood4","4":"custom/firewood/firewood5","particle":"custom/firewood/firewood1"},"elements":[{"from":[9.14227,0.00001,0.173],"to":[12.27792,0.47449,16.023],"faces":{"north":{"uv":[0,0,3.66666,0.66666],"rotation":180,"texture":"#0"},"east":{"uv":[0,2,15.84988,2.47426],"texture":"#2"},"south":{"uv":[0.66667,1,3,1.33272],"texture":"#0"},"down":{"uv":[12.66667,0.33333,14.67647,15.33333],"texture":"#1"}}},{"from":[10.18406,1.40863,0.17371],"to":[10.65206,3.69845,16.02371],"rotation":{"angle":-45,"axis":"z","origin":[10.41806,2.96863,21.79371]},"faces":{"north":{"uv":[7.66667,1.66667,10.33333,2.33333],"rotation":90,"texture":"#0"},"south":{"uv":[3.66667,0,5.33333,0.33272],"rotation":90,"texture":"#0"},"west":{"uv":[0,2.33333,15.84988,4.62255],"texture":"#2"},"up":{"uv":[13,0,13.46752,15.84988],"rotation":180,"texture":"#1"},"down":{"uv":[12.66667,0.33333,14.67647,15.33333],"rotation":90,"texture":"#1"}}},{"from":[7.83089,1.68227,0.17371],"to":[9.39089,2.15027,16.02371],"rotation":{"angle":22.5,"axis":"z","origin":[9.39089,1.91627,21.79371]},"faces":{"north":{"uv":[8.33333,0,10.33333,0.66666],"texture":"#0"},"south":{"uv":[4.66667,0.66667,5.66667,0.99939],"texture":"#0"},"west":{"uv":[0,2.66667,15.84988,3.13419],"rotation":180,"texture":"#2"},"up":{"uv":[13,0,15.00981,15],"rotation":180,"texture":"#1"}}},{"from":[8.20465,1.03456,0.17371],"to":[9.76465,1.50256,16.02371],"rotation":{"angle":-45,"axis":"z","origin":[8.20465,1.26856,21.79371]},"faces":{"north":{"uv":[0.33333,0.33333,2.33333,0.99939],"texture":"#0"},"south":{"uv":[1.33333,1,2.66667,1.33272],"texture":"#0"},"down":{"uv":[12.66667,0.33333,14.67647,15.33333],"texture":"#1"}}},{"from":[11.2151,0.25972,0.17371],"to":[11.70003,3.33884,16.02371],"rotation":{"angle":22.5,"axis":"z","origin":[11.4491,1.81972,21.79371]},"faces":{"north":{"uv":[7,1.33333,11,2],"rotation":270,"texture":"#0"},"east":{"uv":[0,2.33333,15.84988,5.41238],"rotation":180,"texture":"#2"},"south":{"uv":[9.33333,0,11.33334,0.33272],"rotation":270,"texture":"#0"}}},{"from":[2.82435,0.1764,-0.59],"to":[6.22435,4.1764,14.21],"faces":{"north":{"uv":[0,6.66667,4,9.66667],"rotation":270,"texture":"#1"},"south":{"uv":[0,9.66667,4,6.66667],"rotation":270,"texture":"#1"}}},{"from":[8.35259,0.28403,0.19],"to":[12.10259,3.68403,15.9775],"faces":{"north":{"uv":[0,12.33333,3.83334,15.73285],"rotation":180,"texture":"#1"},"south":{"uv":[3.83334,12.33333,0,15.73285],"rotation":180,"texture":"#1"}}},{"from":[3.04297,-0.02132,-0.6],"to":[6.43,0.5121,14.26],"faces":{"north":{"uv":[1,2.33333,2.99878,2.66605],"texture":"#0"},"east":{"uv":[13,0,15.00981,15],"rotation":180,"texture":"#1"},"south":{"uv":[1,2.33333,2.99878,2.66605],"rotation":180,"texture":"#0"},"west":{"uv":[12.66667,0.33333,14.67647,15.33333],"texture":"#1"},"down":{"uv":[1,2.33333,15.85971,5.71997],"rotation":90,"texture":"#2"}}},{"from":[3.40977,-0.42624,-0.59891],"to":[3.92457,2.09256,14.26109],"rotation":{"angle":-22.5,"axis":"z","origin":[4.5016,1.99228,5.59453]},"faces":{"north":{"uv":[1.33333,2.33333,2.99877,2.66605],"rotation":90,"texture":"#0"},"south":{"uv":[1.33333,2.33333,2.99877,2.66605],"rotation":90,"texture":"#0"},"west":{"uv":[1,3.33333,15.85971,5.85172],"texture":"#2"},"up":{"uv":[13,0,15.00981,15],"rotation":90,"texture":"#1"},"down":{"uv":[12.66667,0.33333,14.67647,15.33333],"rotation":270,"texture":"#1"}}},{"from":[5.51264,-0.60602,-0.59891],"to":[6.03457,2.84319,14.26109],"rotation":{"angle":22.5,"axis":"z","origin":[4.5016,1.99228,5.59453]},"faces":{"north":{"uv":[6.66667,1,8.66667,1.33333],"rotation":270,"texture":"#0"},"east":{"uv":[11.66667,0.66667,15.11581,15.52637],"rotation":270,"texture":"#1"},"south":{"uv":[6.66667,1,8.66667,1.33333],"rotation":90,"texture":"#0"},"up":{"uv":[1,0.30415,16,0],"rotation":90,"texture":"#1"},"down":{"uv":[1,1,15.85971,1.52145],"rotation":270,"texture":"#2"}}},{"from":[3.26789,3.16313,-0.6],"to":[4.98389,3.67793,14.26],"rotation":{"angle":-22.5,"axis":"z","origin":[4.5016,1.99228,5.59453]},"faces":{"north":{"uv":[4.33333,2.33333,5.38174,2.66605],"texture":"#0"},"east":{"uv":[0.66667,3,15.52637,3.51471],"texture":"#2"},"south":{"uv":[4.66667,2.66667,5.71568,3],"texture":"#0"},"west":{"uv":[0.66667,0.9663,15.66667,0.66667],"texture":"#2"},"up":{"uv":[13,0,15.00981,15],"texture":"#1"}}},{"from":[3.49207,2.30575,-0.595],"to":[4.00687,4.02175,14.265],"faces":{"north":{"uv":[1,2.33333,2.04902,2.66667],"rotation":270,"texture":"#0"},"south":{"uv":[1,2.33333,2.04902,2.66667],"rotation":90,"texture":"#0"},"west":{"uv":[12.66667,0.33333,14.67647,15.33333],"rotation":90,"texture":"#1"},"up":{"uv":[1,4.66667,15.85971,5.18137],"rotation":270,"texture":"#2"}}},{"from":[1.53598,2.05141,0.26],"to":[2.11789,5.74636,15.84],"rotation":{"angle":22.5,"axis":"z","origin":[1.82693,3.89889,7.30846]},"faces":{"north":{"uv":[7,0.66667,11,1.33272],"rotation":90,"texture":"#0"},"south":{"uv":[7,0.66667,11,1.33272],"rotation":90,"texture":"#0"},"west":{"uv":[0.33333,2.66667,15.91298,6.36152],"rotation":180,"texture":"#2"},"up":{"uv":[13,0,15.00981,15],"rotation":90,"texture":"#1"},"down":{"uv":[12.66667,0.33333,14.67647,15.33333],"rotation":90,"texture":"#1"}}},{"from":[2.99413,2.26426,0.25],"to":[3.55812,6.10191,15.83],"rotation":{"angle":-22.5,"axis":"z","origin":[3.27613,4.18309,7.30846]},"faces":{"north":{"uv":[7.33333,1.33333,11.33333,1.99939],"rotation":90,"texture":"#0"},"east":{"uv":[0,1,15.57965,4.83762],"texture":"#2"},"south":{"uv":[7.33333,1.33333,11.33333,1.99939],"rotation":90,"texture":"#0"},"up":{"uv":[11.33333,0,11.89706,15.57965],"texture":"#1"},"down":{"uv":[12.66667,0.33333,14.67647,15.33333],"rotation":90,"texture":"#1"}}},{"from":[0.975,1.875,0.27],"to":[4.025,5.875,15.8075],"faces":{"north":{"uv":[0,0,4,3],"rotation":90,"texture":"#1"},"south":{"uv":[0,0,4,3],"rotation":90,"texture":"#1"}}},{"from":[0.85113,5.49439,0.26846],"to":[3.7499,6.06376,15.84846],"faces":{"north":{"uv":[2.33333,5.66667,5.33333,6.33272],"texture":"#0"},"south":{"uv":[2.33333,5.66667,5.33333,6.33272],"texture":"#0"},"west":{"uv":[0.33333,5.66667,15.91298,6.23591],"texture":"#2"},"up":{"uv":[13,0.33333,15.89828,15.91298],"rotation":180,"texture":"#1"}}},{"from":[0.05,6.25,-0.6],"to":[3.65,9.85,15.4],"faces":{"north":{"uv":[3.66667,1.66667,6.33333,4.33333],"texture":"#0"},"east":{"uv":[0.33333,2.33333,15.33333,5.33333],"texture":"#2"},"south":{"uv":[3.66667,1.66667,6.33333,4.33333],"texture":"#0"},"west":{"uv":[0,0.66667,16,4.26654],"texture":"#2"},"up":{"uv":[13,0,15.00981,15],"texture":"#1"},"down":{"uv":[12.66667,0.33333,14.67647,15.33333],"texture":"#1"}}},{"from":[-0.02485,0.39285,1.4],"to":[2.07515,4.89285,15.3],"rotation":{"angle":22.5,"axis":"z","origin":[1.47515,2.49285,8.8]},"faces":{"north":{"uv":[14.33333,8,15.99877,11.66666],"texture":"#0"},"east":{"uv":[0,10.33333,15.83335,15.23285],"texture":"#2"},"south":{"uv":[14.33333,8,15.99877,11.66666],"rotation":180,"texture":"#0"},"west":{"uv":[9.66667,1,14.16667,14.89953],"rotation":90,"texture":"#1"},"up":{"uv":[1.66667,3.66667,15.5662,5.76654],"rotation":90,"texture":"#4"},"down":{"uv":[0,4.33333,13.89953,6.4326],"rotation":270,"texture":"#4"}}},{"from":[5.96,1.3,1.15],"to":[8.76,2.85,14.8],"rotation":{"angle":22.5,"axis":"z","origin":[6.96,2.8,7.4]},"faces":{"north":{"uv":[12.33333,12.66667,15.13297,14.2163],"texture":"#0"},"east":{"uv":[0.66667,10.66667,14.3162,12.2163],"rotation":180,"texture":"#2"},"south":{"uv":[3,0,6,1.54964],"texture":"#0"},"west":{"uv":[1.33333,3.33333,14.98286,4.88297],"rotation":180,"texture":"#2"},"up":{"uv":[12,1.66667,14.79964,15.3162],"rotation":180,"texture":"#3"},"down":{"uv":[12,1.66667,14.79964,15.3162],"rotation":180,"texture":"#3"}}},{"from":[3.6823,4.40076,0.9],"to":[8.7323,6.60076,14.8],"rotation":{"angle":-45,"axis":"z","origin":[6.2073,5.50076,7.85]},"faces":{"north":{"uv":[6.33333,0,11.38297,2],"rotation":180,"texture":"#0"},"east":{"uv":[1.33333,2,15.23286,4.19975],"texture":"#2"},"south":{"uv":[6.33333,0,11.38297,2],"rotation":180,"texture":"#0"},"west":{"uv":[1.66667,4,15.5662,6.19975],"texture":"#2"},"up":{"uv":[9.66667,1,14.7163,14.89953],"rotation":180,"texture":"#1"},"down":{"uv":[9.33333,0.66667,14.38297,14.5662],"rotation":180,"texture":"#1"}}},{"from":[0.16,9.9,0.9],"to":[3.11,12.2,14.8],"faces":{"north":{"uv":[0,0,2.96569,2.61581],"rotation":180,"texture":"#0"},"east":{"uv":[13,0,15.00981,15],"rotation":90,"texture":"#1"},"south":{"uv":[0,0,2.96569,2.61581],"texture":"#0"},"west":{"uv":[12.66667,0.33333,14.67647,15.33333],"rotation":270,"texture":"#1"},"up":{"uv":[2,2.66667,15.89953,5.61581],"rotation":90,"texture":"#2"},"down":{"uv":[1.66667,2.33333,15.5662,5.28309],"rotation":270,"texture":"#2"}}}]}