{"textures":{"0":"custom/firewood/firewood1","1":"custom/firewood/firewood2","2":"custom/firewood/firewood3","3":"custom/firewood/firewood4","particle":"custom/firewood/firewood1"},"elements":[{"from":[9.14227,0.00001,0.173],"to":[12.27792,0.47449,16.023],"faces":{"north":{"uv":[0,0,3.66666,0.66666],"rotation":180,"texture":"#0"},"east":{"uv":[0,2,15.84988,2.47426],"texture":"#2"},"south":{"uv":[0.66667,1,3,1.33272],"texture":"#0"},"down":{"uv":[12.66667,0.33333,14.67647,15.33333],"texture":"#1"}}},{"from":[10.18406,1.40863,0.17371],"to":[10.65206,3.69845,16.02371],"rotation":{"angle":-45,"axis":"z","origin":[10.41806,2.96863,21.79371]},"faces":{"north":{"uv":[7.66667,1.66667,10.33333,2.33333],"rotation":90,"texture":"#0"},"south":{"uv":[3.66667,0,5.33333,0.33272],"rotation":90,"texture":"#0"},"west":{"uv":[0,2.33333,15.84988,4.62255],"texture":"#2"},"up":{"uv":[13,0,13.46752,15.84988],"rotation":180,"texture":"#1"},"down":{"uv":[12.66667,0.33333,14.67647,15.33333],"rotation":90,"texture":"#1"}}},{"from":[7.83089,1.68227,0.17371],"to":[9.39089,2.15027,16.02371],"rotation":{"angle":22.5,"axis":"z","origin":[9.39089,1.91627,21.79371]},"faces":{"north":{"uv":[8.33333,0,10.33333,0.66666],"texture":"#0"},"south":{"uv":[4.66667,0.66667,5.66667,0.99939],"texture":"#0"},"west":{"uv":[0,2.66667,15.84988,3.13419],"rotation":180,"texture":"#2"},"up":{"uv":[13,0,15.00981,15],"rotation":180,"texture":"#1"}}},{"from":[8.20465,1.03456,0.17371],"to":[9.76465,1.50256,16.02371],"rotation":{"angle":-45,"axis":"z","origin":[8.20465,1.26856,21.79371]},"faces":{"north":{"uv":[0.33333,0.33333,2.33333,0.99939],"texture":"#0"},"south":{"uv":[1.33333,1,2.66667,1.33272],"texture":"#0"},"down":{"uv":[12.66667,0.33333,14.67647,15.33333],"texture":"#1"}}},{"from":[11.2151,0.25972,0.17371],"to":[11.70003,3.33884,16.02371],"rotation":{"angle":22.5,"axis":"z","origin":[11.4491,1.81972,21.79371]},"faces":{"north":{"uv":[7,1.33333,11,2],"rotation":270,"texture":"#0"},"east":{"uv":[0,2.33333,15.84988,5.41238],"rotation":180,"texture":"#2"},"south":{"uv":[9.33333,0,11.33334,0.33272],"rotation":270,"texture":"#0"},"up":{"uv":[13,0,15.00981,15],"rotation":90,"texture":"#1"},"down":{"uv":[12.66667,0.33333,14.67647,15.33333],"rotation":270,"texture":"#1"}}},{"from":[8.35259,0.28403,0.19],"to":[12.10259,3.68403,15.99],"faces":{"north":{"uv":[0,12.33333,3.83334,15.73285],"rotation":180,"texture":"#1"},"south":{"uv":[3.83334,12.33333,0,15.73285],"rotation":180,"texture":"#1"}}},{"from":[5.41916,1.83076,0.26],"to":[6.00107,5.52571,15.84],"rotation":{"angle":-22.5,"axis":"z","origin":[6.47071,3.83221,8.02969]},"faces":{"north":{"uv":[7,0.66667,11,1.33272],"rotation":90,"texture":"#0"},"south":{"uv":[7,0.66667,11,1.33272],"rotation":90,"texture":"#0"},"west":{"uv":[0.33333,2.66667,15.91298,6.36152],"rotation":180,"texture":"#2"},"up":{"uv":[13,0,15.00981,15],"rotation":90,"texture":"#1"},"down":{"uv":[12.66667,0.33333,14.67647,15.33333],"rotation":90,"texture":"#1"}}},{"from":[4.72234,2.74905,0.25],"to":[8.55999,3.31304,15.83],"rotation":{"angle":22.5,"axis":"z","origin":[6.47072,3.83221,8.02969]},"faces":{"north":{"uv":[7.33333,1.33333,11.33333,1.99939],"texture":"#0"},"east":{"uv":[11.33333,0,11.89706,15.57965],"rotation":270,"texture":"#1"},"south":{"uv":[7.33333,1.33333,11.33333,1.99939],"rotation":180,"texture":"#0"},"west":{"uv":[12.66667,0.33333,14.67647,15.33333],"texture":"#1"},"down":{"uv":[0,1,15.57965,4.83762],"rotation":270,"texture":"#2"}}},{"from":[7.6329,2.55302,0.26846],"to":[8.20227,5.45179,15.84846],"rotation":{"angle":45,"axis":"z","origin":[6.47072,3.83221,8.02969]},"faces":{"north":{"uv":[2.33333,5.66667,5.33333,6.33272],"rotation":270,"texture":"#0"},"east":{"uv":[13,0.33333,15.89828,15.91298],"rotation":90,"texture":"#1"},"south":{"uv":[2.33333,5.66667,5.33333,6.33272],"rotation":90,"texture":"#0"},"up":{"uv":[0.33333,5.66667,15.91298,6.23591],"rotation":90,"texture":"#2"}}},{"from":[4.06351,2.12792,0.28],"to":[8.06351,5.37792,15.78],"rotation":{"angle":45,"axis":"z","origin":[6.47072,3.83221,8.02969]},"faces":{"north":{"uv":[4,3,0,0],"rotation":180,"texture":"#1"},"south":{"uv":[0,3,4,0],"rotation":180,"texture":"#1"}}},{"from":[11.70524,12.05671,-0.6],"to":[12.23866,15.44374,14.26],"rotation":{"angle":-45,"axis":"z","origin":[13.74515,13.51859,6.82531]},"faces":{"north":{"uv":[1,2.66605,2.99878,2.33333],"rotation":90,"texture":"#0"},"south":{"uv":[1,2.66605,2.99878,2.33333],"rotation":90,"texture":"#0"},"west":{"uv":[15.85971,2.33333,1,5.71997],"texture":"#2"},"up":{"uv":[13,15,15.00981,0],"rotation":90,"texture":"#1"},"down":{"uv":[12.66667,15.33333,14.67647,0.33333],"rotation":270,"texture":"#1"}}},{"from":[11.30108,12.43382,-0.59891],"to":[13.81988,12.94862,14.26109],"rotation":{"angle":-22.5,"axis":"z","origin":[13.74515,13.51859,6.82531]},"faces":{"north":{"uv":[2.99877,2.33333,1.33333,2.66605],"rotation":180,"texture":"#0"},"east":{"uv":[14.67647,0.33333,12.66667,15.33333],"rotation":180,"texture":"#1"},"south":{"uv":[2.99877,2.33333,1.33333,2.66605],"texture":"#0"},"west":{"uv":[14.67647,0.33333,12.66667,15.33333],"rotation":180,"texture":"#1"},"down":{"uv":[1,5.85172,15.85971,3.33333],"rotation":270,"texture":"#2"}}},{"from":[14.03231,12.50581,-0.595],"to":[15.74831,13.02061,14.265],"rotation":{"angle":-45,"axis":"z","origin":[13.74515,13.51859,6.82531]},"faces":{"north":{"uv":[2.04902,2.33333,1,2.66667],"texture":"#0"},"east":{"uv":[16,0.3,1,0],"rotation":180,"texture":"#1"},"south":{"uv":[2.04902,2.33333,1,2.66667],"texture":"#0"},"west":{"uv":[16,0.3,1,0],"rotation":180,"texture":"#1"},"down":{"uv":[14.67647,0.33333,12.66667,15.33333],"texture":"#1"}}},{"from":[14.89045,12.29194,-0.6],"to":[15.40525,14.00794,14.26],"rotation":{"angle":-22.5,"axis":"z","origin":[13.74515,13.51859,6.82531]},"faces":{"north":{"uv":[4.33333,2.66605,5.38174,2.33333],"rotation":90,"texture":"#0"},"east":{"uv":[12.66667,15.33333,14.67647,0.33333],"rotation":270,"texture":"#1"},"south":{"uv":[4.66667,3,5.71568,2.66667],"rotation":270,"texture":"#0"},"up":{"uv":[0.66667,3.51471,15.52637,3],"rotation":270,"texture":"#2"},"down":{"uv":[0.66667,0.66667,15.66667,0.9663],"rotation":270,"texture":"#2"}}},{"from":[14.74312,12.69074,-0.59891],"to":[15.26505,16.13995,14.26109],"rotation":{"angle":22.5,"axis":"z","origin":[13.74515,13.51859,6.82531]},"faces":{"north":{"uv":[8.66667,1,6.66667,1.33333],"rotation":270,"texture":"#0"},"east":{"uv":[15.11581,0.66667,11.66667,15.52637],"rotation":90,"texture":"#1"},"south":{"uv":[8.66667,1,6.66667,1.33333],"rotation":90,"texture":"#0"},"up":{"uv":[15.85971,1,1,1.52145],"rotation":270,"texture":"#2"},"down":{"uv":[15.85971,1,1,1.52145],"rotation":90,"texture":"#2"}}},{"from":[11.90296,11.83809,-0.565],"to":[15.90296,15.23809,14.21],"rotation":{"angle":-45,"axis":"z","origin":[13.74515,13.51859,6.82531]},"faces":{"north":{"uv":[4,6.66667,0,9.66667],"texture":"#1"},"south":{"uv":[0,6.66667,4,9.66667],"texture":"#1"}}},{"from":[8.45935,4.59936,1.26],"to":[9.02334,8.43701,15.84],"faces":{"north":{"uv":[0,0,4,0.66666],"rotation":270,"texture":"#0"},"east":{"uv":[10.66667,0,14.50429,15.57965],"rotation":270,"texture":"#1"},"south":{"uv":[0,0,4,0.66666],"rotation":90,"texture":"#0"},"up":{"uv":[11.66605,0,12.33272,16],"rotation":180,"texture":"#3"},"down":{"uv":[15,0.3,0,0.6],"rotation":90,"texture":"#1"}}},{"from":[6.29476,7.51421,1.25],"to":[9.19353,8.08358,15.83],"rotation":{"angle":22.5,"axis":"z","origin":[7.93803,6.41481,9.02969]},"faces":{"north":{"uv":[11.33333,9,11.99694,13.33088],"rotation":270,"texture":"#3"},"east":{"uv":[12.66667,0.33333,14.67647,15.33333],"rotation":180,"texture":"#1"},"south":{"uv":[11.33333,9,11.99694,13.33088],"rotation":270,"texture":"#3"},"west":{"uv":[13,0,15.00981,15],"texture":"#1"},"up":{"uv":[0.33333,9.66667,15.91239,12.56434],"rotation":90,"texture":"#2"}}},{"from":[6.29347,5.31735,1.26846],"to":[9.98842,5.89927,15.84846],"rotation":{"angle":-45,"axis":"z","origin":[7.93803,6.41481,9.02969]},"faces":{"north":{"uv":[7.33333,0,11.33333,0.66605],"rotation":180,"texture":"#0"},"east":{"uv":[0.33333,2.66667,15.91298,3.24816],"rotation":180,"texture":"#2"},"south":{"uv":[6.33333,0,10.33333,0.66544],"rotation":180,"texture":"#0"},"down":{"uv":[11.33333,0.33333,15.02819,15.91298],"texture":"#1"}}},{"from":[6.35285,4.07678,1.3675],"to":[9.60285,8.07678,15.73],"rotation":{"angle":22.5,"axis":"z","origin":[7.93803,6.41481,8.02969]},"faces":{"north":{"uv":[4,0,0,3],"rotation":270,"texture":"#1"},"south":{"uv":[4,0,0,3],"rotation":270,"texture":"#1"}}},{"from":[10.26899,13.236,0.58],"to":[12.71899,15.736,15.9925],"rotation":{"angle":-45,"axis":"z","origin":[2.91899,6.8485,1.05]},"faces":{"north":{"uv":[5.334,2.667,8.783,6.167],"rotation":270,"texture":"#1"},"south":{"uv":[5.334,6.167,8.783,2.667],"rotation":270,"texture":"#1"}}},{"from":[14.82893,5.05951,0.56834],"to":[15.29693,6.77551,15.99834],"rotation":{"angle":-22.5,"axis":"z","origin":[13.6943,5.46969,21.79857]},"faces":{"north":{"uv":[0,0,2.33334,0.66666],"rotation":270,"texture":"#0"},"east":{"uv":[0.33333,4,15.76286,5.71569],"rotation":180,"texture":"#2"},"south":{"uv":[0,0,2.33334,0.66666],"rotation":90,"texture":"#0"},"up":{"uv":[13,0,15.00981,15],"rotation":90,"texture":"#1"},"down":{"uv":[12.66667,0.33333,14.67647,15.33333],"rotation":270,"texture":"#1"}}},{"from":[12.44317,5.23569,0.6],"to":[15.3323,5.70369,16.02781],"rotation":{"angle":-45,"axis":"z","origin":[13.6943,5.46969,21.79857]},"faces":{"north":{"uv":[7.66667,0,11,0.66605],"rotation":180,"texture":"#0"},"east":{"uv":[0.33333,4.33333,15.76104,4.80086],"texture":"#2"},"south":{"uv":[7.66667,0,11,0.66605],"rotation":180,"texture":"#0"},"west":{"uv":[1.66667,2,15.91484,2.29963],"texture":"#2"},"down":{"uv":[12.66667,0.33333,14.67647,15.33333],"texture":"#1"}}},{"from":[13.06113,5.92411,0.56976],"to":[13.53128,8.50201,15.99638],"rotation":{"angle":-45,"axis":"z","origin":[13.29728,6.86163,21.79976]},"faces":{"north":{"uv":[7.66667,0,11.33211,0.66544],"rotation":90,"texture":"#0"},"south":{"uv":[7.66667,0,11.33211,0.66544],"rotation":90,"texture":"#0"},"west":{"uv":[0.33333,2.33333,15.7598,4.91115],"rotation":180,"texture":"#2"},"up":{"uv":[13,0,15.00981,15],"rotation":90,"texture":"#1"},"down":{"uv":[12.66667,0.33333,14.67647,15.33333],"rotation":270,"texture":"#1"}}},{"from":[14.89925,5.90677,0.56638],"to":[15.36725,8.40277,15.99638],"rotation":{"angle":22.5,"axis":"z","origin":[15.13325,6.76477,21.79638]},"faces":{"north":{"uv":[3,0,6,0.66605],"rotation":270,"texture":"#0"},"east":{"uv":[0.33333,1.33333,15.76286,3.82905],"rotation":180,"texture":"#2"},"south":{"uv":[3,0,6,0.66605],"rotation":90,"texture":"#0"},"up":{"uv":[13,0,15.00981,15],"rotation":90,"texture":"#1"},"down":{"uv":[12.66667,0.33333,14.67647,15.33333],"rotation":270,"texture":"#1"}}},{"from":[7.37131,10.7993,1.34186],"to":[11.41813,11.22719,15.88371],"faces":{"north":{"uv":[11.66667,0.33333,8.66667,0.66605],"texture":"#0"},"east":{"uv":[14.00119,0,0,0.27429],"rotation":180,"texture":"#1"},"south":{"uv":[11.66667,0.33333,8.66667,0.66605],"texture":"#0"},"west":{"uv":[14.00119,0,0,0.27429],"rotation":180,"texture":"#1"},"up":{"uv":[15.04657,1,11,15.54165],"rotation":180,"texture":"#1"}}},{"from":[11.03011,9.00731,1.34335],"to":[11.42011,11.19131,15.88335],"faces":{"north":{"uv":[4.33333,2.33272,6,2],"rotation":90,"texture":"#0"},"east":{"uv":[15.20649,1.33333,0.66667,3.51716],"texture":"#2"},"south":{"uv":[4.33333,2.33272,6,2],"rotation":90,"texture":"#0"},"up":{"uv":[13,15,15.00981,0],"rotation":270,"texture":"#1"},"down":{"uv":[12.66667,15.33333,14.67647,0.33333],"rotation":90,"texture":"#1"}}},{"from":[10.05919,9.33098,1.34371],"to":[11.61919,9.72098,15.88371],"rotation":{"angle":-22.5,"axis":"z","origin":[9.72481,9.86406,8.62712]},"faces":{"north":{"uv":[4.33333,4.33272,5.66667,4],"rotation":180,"texture":"#0"},"east":{"uv":[1.33333,3.72304,15.87316,3.33333],"rotation":180,"texture":"#2"},"south":{"uv":[4.33333,4.33272,5.66667,4],"rotation":180,"texture":"#0"},"west":{"uv":[0,0.25,14,0],"texture":"#1"},"down":{"uv":[12.66667,15.33333,14.67647,0.33333],"rotation":180,"texture":"#1"}}},{"from":[8.84607,9.13644,1.34],"to":[9.86007,9.52644,15.88],"rotation":{"angle":22.5,"axis":"z","origin":[9.72481,9.86406,8.62712]},"faces":{"north":{"uv":[2,0,1.33333,0.33272],"texture":"#0"},"east":{"uv":[14,0,0,0.25],"texture":"#1"},"south":{"uv":[2,0,1.33333,0.33272],"texture":"#0"},"west":{"uv":[14,0,0,0.25],"texture":"#1"},"down":{"uv":[14.67647,0.33333,12.66667,15.33333],"texture":"#1"}}},{"from":[8.63451,9.5281,1.37],"to":[9.02451,12.4921,15.91],"rotation":{"angle":45,"axis":"z","origin":[9.72481,9.86406,8.62712]},"faces":{"north":{"uv":[8.33333,0.33272,10.66667,0],"rotation":90,"texture":"#0"},"south":{"uv":[8.33333,0.33272,10.66667,0],"rotation":90,"texture":"#0"},"west":{"uv":[15.53982,3.33333,1,6.29718],"rotation":180,"texture":"#2"},"up":{"uv":[12.72304,0.66667,12.33333,15.20649],"texture":"#1"},"down":{"uv":[12.66667,15.33333,14.67647,0.33333],"rotation":270,"texture":"#1"}}},{"from":[7.20613,8.34476,1.4],"to":[11.75613,11.19476,15.85],"faces":{"north":{"uv":[9,0.00667,5.33333,2.39951],"texture":"#1"},"south":{"uv":[5.33333,0.00667,9,2.39951],"texture":"#1"},"up":{"uv":[14.99333,14.99333,13.00667,0.00667],"texture":"#1"},"down":{"uv":[14.66,15.32667,12.66667,0.33333],"texture":"#1"}}},{"from":[9.08,3.2,-0.6],"to":[10.83,6.2,16],"rotation":{"angle":-22.5,"axis":"z","origin":[10.58,4.7,7.4]},"faces":{"north":{"uv":[10,9.66667,13.08334,11.33272],"rotation":90,"texture":"#0"},"east":{"uv":[13,0,15.99939,15.99941],"rotation":270,"texture":"#3"},"south":{"uv":[10,9.66667,13.08334,11.33272],"rotation":90,"texture":"#0"},"west":{"uv":[13,0,15.99939,15.99941],"rotation":270,"texture":"#3"},"up":{"uv":[0,10.66667,16,11.99939],"rotation":90,"texture":"#2"},"down":{"uv":[12.66667,0.33333,14.67647,15.33333],"rotation":270,"texture":"#1"}}},{"from":[0.43,2.6,-0.6],"to":[3.43,5.6,15.4],"rotation":{"angle":-22.5,"axis":"z","origin":[1.93,4.1,7.4]},"faces":{"north":{"uv":[9.66667,12.66667,12.33272,15.33272],"rotation":270,"texture":"#0"},"east":{"uv":[13,0,16,16],"rotation":90,"texture":"#3"},"south":{"uv":[9.66667,12.66667,12.33272,15.33272],"rotation":270,"texture":"#0"},"west":{"uv":[9.33333,0,12.33333,16],"rotation":270,"texture":"#3"},"up":{"uv":[0,10.33333,16,13.33333],"rotation":90,"texture":"#2"},"down":{"uv":[0,2,16,5],"rotation":90,"texture":"#2"}}},{"from":[11.21,2.05,0.9],"to":[14.51,5.35,14.8],"rotation":{"angle":45,"axis":"z","origin":[12.71,3.55,7.4]},"faces":{"north":{"uv":[3.66667,1.66667,6.29963,4.29963],"texture":"#0"},"east":{"uv":[1.33333,1.66667,14.58333,4.41667],"rotation":180,"texture":"#2"},"south":{"uv":[3.66667,1.66667,6.29963,4.29963],"texture":"#0"},"west":{"uv":[1.66667,3.33333,15.5662,6.63297],"rotation":180,"texture":"#2"},"up":{"uv":[13,0,15.00981,15],"rotation":180,"texture":"#1"},"down":{"uv":[12.66667,0.33333,14.67647,15.33333],"rotation":180,"texture":"#1"}}},{"from":[9.31389,5.41727,0.173],"to":[12.91389,8.11727,14.073],"rotation":{"angle":-22.5,"axis":"z","origin":[12.80389,7.05727,6.973]},"faces":{"north":{"uv":[12.33333,11.66667,15.9326,14.3652],"texture":"#0"},"east":{"uv":[0.66667,10,14.5662,12.69914],"rotation":180,"texture":"#2"},"south":{"uv":[15.9326,11.66667,12.33333,14.3652],"texture":"#0"},"west":{"uv":[1,11.33333,14.89953,14.03309],"texture":"#2"},"up":{"uv":[15.93321,0.66667,12.33333,14.5662],"rotation":180,"texture":"#3"},"down":{"uv":[15.93321,0.66667,12.33333,14.5662],"rotation":180,"texture":"#3"}}},{"from":[12.76,7.7,0.4],"to":[14.86,11.9,14.8],"rotation":{"angle":-22.5,"axis":"z","origin":[14.26,10.4,7.4]},"faces":{"north":{"uv":[1.66667,5.66667,5.66667,7.66667],"rotation":270,"texture":"#0"},"east":{"uv":[10.33333,0.66667,14.53309,15.0662],"rotation":90,"texture":"#1"},"south":{"uv":[1.66667,5.33333,5.66667,7.33333],"rotation":90,"texture":"#0"},"west":{"uv":[10,0.66667,14.19975,15.0662],"rotation":90,"texture":"#1"},"up":{"uv":[1.33333,3.33333,15.73286,5.4326],"rotation":270,"texture":"#2"},"down":{"uv":[1.33333,4.33333,15.73286,6.43321],"rotation":90,"texture":"#2"}}},{"from":[6.46,1.55,1.15],"to":[9.26,3.1,14.8],"rotation":{"angle":22.5,"axis":"z","origin":[7.46,3.05,7.4]},"faces":{"north":{"uv":[12.33333,12.66667,15.13297,14.2163],"texture":"#0"},"east":{"uv":[0.66667,10.66667,14.3162,12.2163],"rotation":180,"texture":"#2"},"south":{"uv":[3,0,6,1.54964],"texture":"#0"},"west":{"uv":[1.33333,3.33333,14.98286,4.88297],"rotation":180,"texture":"#2"},"up":{"uv":[12,1.66667,14.79964,15.3162],"rotation":180,"texture":"#3"},"down":{"uv":[12,1.66667,14.79964,15.3162],"rotation":180,"texture":"#3"}}},{"from":[2.46,5.25,0.9],"to":[5.76,7.55,14.8],"faces":{"north":{"uv":[0,0,2.9663,2.29902],"texture":"#0"},"east":{"uv":[12.66667,0.33333,14.67647,15.33333],"texture":"#1"},"south":{"uv":[0,0,2.9663,2.29902],"rotation":180,"texture":"#0"},"west":{"uv":[11.66667,0.66667,14.2163,14.5662],"rotation":90,"texture":"#1"},"up":{"uv":[15.66483,0,12.33333,11.33335],"texture":"#3"},"down":{"uv":[0.66667,3,14.5662,6.29964],"rotation":270,"texture":"#2"}}},{"from":[1.84227,0.00001,0.173],"to":[6.89227,2.20001,14.073],"faces":{"north":{"uv":[6.33333,0,11.38297,2],"rotation":180,"texture":"#0"},"east":{"uv":[1.33333,2,15.23286,4.19975],"rotation":180,"texture":"#2"},"south":{"uv":[6.33333,0,11.38297,2],"rotation":180,"texture":"#0"},"west":{"uv":[1.66667,4,15.5662,6.19975],"rotation":180,"texture":"#2"},"up":{"uv":[9.66667,1,14.7163,14.89953],"texture":"#1"},"down":{"uv":[9.33333,0.66667,14.38297,14.5662],"texture":"#1"}}},{"from":[0.53048,0.45985,0.173],"to":[1.58048,3.50985,14.073],"rotation":{"angle":-22.5,"axis":"z","origin":[0.08048,1.95985,6.673]},"faces":{"north":{"uv":[14.33333,8.66667,15.38297,11.7163],"rotation":180,"texture":"#0"},"east":{"uv":[1.33333,2.33333,15.23286,5.38297],"texture":"#2"},"south":{"uv":[14.33333,8.33333,15.38297,11.38297],"texture":"#0"},"west":{"uv":[2,8.66667,15.89953,11.7163],"texture":"#2"},"up":{"uv":[14.95036,0.66667,16,14.5662],"texture":"#3"},"down":{"uv":[14.95036,0.66667,16,14.5662],"rotation":180,"texture":"#3"}}},{"from":[12.52792,0.00001,0.173],"to":[15.48095,0.51481,15.34359],"faces":{"north":{"uv":[6.66667,0,10.33333,0.66666],"texture":"#0"},"south":{"uv":[6.66667,0,10.33333,0.66666],"texture":"#0"},"west":{"uv":[0.66667,3,15.83702,3.51471],"texture":"#2"},"down":{"uv":[12.66667,0.33333,14.67647,15.33333],"texture":"#1"}}},{"from":[13.63327,2.15142,0.17059],"to":[16.37887,2.66622,15.34359],"rotation":{"angle":22.5,"axis":"z","origin":[14.45982,1.49335,7.75479]},"faces":{"north":{"uv":[8,0,11,0.66666],"rotation":180,"texture":"#0"},"east":{"uv":[15.334,0,15.801,15.85],"rotation":90,"texture":"#1"},"south":{"uv":[8,0,11,0.66666],"texture":"#0"},"west":{"uv":[12.66667,0.33333,14.67647,15.33333],"rotation":180,"texture":"#1"},"up":{"uv":[0.33333,2,15.50616,4.7451],"rotation":90,"texture":"#2"}}},{"from":[13.0497,-0.1495,0.17274],"to":[13.5645,1.7381,15.34574],"rotation":{"angle":-22.5,"axis":"z","origin":[14.45982,1.49335,7.75479]},"faces":{"north":{"uv":[0,0,2.66666,0.66666],"rotation":270,"texture":"#0"},"south":{"uv":[0,0,2.66666,0.66666],"rotation":270,"texture":"#0"},"west":{"uv":[0.66667,4.33333,15.83949,6.22059],"texture":"#2"},"up":{"uv":[13,0,15.00981,15],"rotation":90,"texture":"#1"},"down":{"uv":[12.66667,0.33333,14.67647,15.33333],"rotation":270,"texture":"#1"}}},{"from":[12.59531,0.0615,0.19757],"to":[16.04531,3.1115,15.29757],"faces":{"north":{"uv":[0.33333,11.66667,3.66606,9.33333],"rotation":270,"texture":"#1"},"south":{"uv":[0.33333,9.33333,3.66606,11.66667],"rotation":270,"texture":"#1"}}},{"from":[15.46379,0.00001,0.1743],"to":[15.98096,2.83571,15.34359],"faces":{"north":{"uv":[7,0,10,0.66666],"rotation":90,"texture":"#0"},"east":{"uv":[0.66667,3.66667,15.83578,6.50184],"rotation":180,"texture":"#2"},"south":{"uv":[7,0,10,0.66666],"rotation":90,"texture":"#0"},"up":{"uv":[13,0,15.00981,15],"rotation":90,"texture":"#1"},"down":{"uv":[12.66667,0.33333,14.67647,15.33333],"rotation":270,"texture":"#1"}}},{"from":[10.69,10.8,1.15],"to":[13.49,12.35,14.8],"rotation":{"angle":-45,"axis":"z","origin":[12.49,12.3,7.4]},"faces":{"north":{"uv":[15.13297,12.66667,12.33333,14.2163],"texture":"#0"},"east":{"uv":[14.65,4,1,5.549],"rotation":180,"texture":"#2"},"south":{"uv":[6,0,3,1.54964],"texture":"#0"},"west":{"uv":[14.3162,10.66667,0.66667,12.2163],"rotation":180,"texture":"#2"},"up":{"uv":[14.79964,1.66667,12,15.3162],"rotation":180,"texture":"#3"},"down":{"uv":[14.79964,1.66667,12,15.3162],"rotation":180,"texture":"#3"}}},{"from":[3.9,2.29,0.9],"to":[4.95,5.34,14.8],"faces":{"north":{"uv":[14.33333,8.66667,15.38297,11.7163],"rotation":180,"texture":"#0"},"east":{"uv":[1.33333,2.33333,15.23286,5.38297],"texture":"#2"},"south":{"uv":[14.33333,8.33333,15.38297,11.38297],"texture":"#0"},"west":{"uv":[2,8.66667,15.89953,11.7163],"texture":"#2"},"up":{"uv":[14.95036,0.66667,16,14.5662],"texture":"#3"},"down":{"uv":[14.95036,0.66667,16,14.5662],"rotation":180,"texture":"#3"}}},{"from":[5.58,7.95,-0.6],"to":[8.58,9.7,16],"rotation":{"angle":22.5,"axis":"z","origin":[7.08,8.2,7.4]},"faces":{"north":{"uv":[10,9.66667,13.08334,11.33272],"texture":"#0"},"east":{"uv":[0,10.66667,16,11.99939],"texture":"#2"},"south":{"uv":[10,9.66667,13.08334,11.33272],"rotation":180,"texture":"#0"},"west":{"uv":[12.66667,0.33333,14.67647,15.33333],"rotation":90,"texture":"#1"},"up":{"uv":[13,0,15.99939,15.99941],"texture":"#3"},"down":{"uv":[13,0,15.99939,15.99941],"rotation":180,"texture":"#3"}}}]}