{"textures":{"0":"custom/firewood/firewood1","1":"custom/firewood/firewood2","2":"custom/firewood/firewood3","4":"custom/firewood/firewood5","1_0":"custom/firewood/firewood1","particle":"custom/firewood/firewood1","1_2":"custom/firewood/firewood3","1_3":"custom/firewood/firewood4"},"elements":[{"from":[6.75,0.25,-0.6],"to":[12.15,4.15,15.95],"faces":{"north":{"uv":[0,2.99939,5,6.66605],"texture":"#1"},"south":{"uv":[5,2.99939,0,6.66605],"texture":"#1"}}},{"from":[11.8316,-1.14378,-0.60629],"to":[13.27285,-0.64877,15.99371],"rotation":{"angle":-22.5,"axis":"z","origin":[22.7516,10.86822,9.31371]},"faces":{"north":{"uv":[7,0,8.66666,0.66666],"texture":"#0"},"south":{"uv":[7,0,8.66666,0.66666],"texture":"#0"},"west":{"uv":[0,0,15,0.31732],"rotation":180,"texture":"#2"},"up":{"uv":[13,0,15.00981,15],"rotation":180,"texture":"#1"}}},{"from":[3.31835,-3.75489,-0.60629],"to":[3.86435,-0.071,15.99371],"rotation":{"angle":-22.5,"axis":"z","origin":[15.79835,-9.99489,9.31371]},"faces":{"north":{"uv":[6.33333,1.66667,10.66667,2.33333],"rotation":90,"texture":"#0"},"south":{"uv":[6.33333,1.66667,10.66667,2.33333],"rotation":90,"texture":"#0"},"west":{"uv":[0,1.33333,16,5.01716],"rotation":180,"texture":"#2"}}},{"from":[14.11023,-7.59413,-0.60629],"to":[18.79023,-7.06473,15.99371],"rotation":{"angle":-45,"axis":"z","origin":[25.03023,3.85527,9.31371]},"faces":{"north":{"uv":[6.66667,0.33333,11.66667,1],"rotation":180,"texture":"#0"},"south":{"uv":[6.66667,0.33333,11.66667,1],"rotation":180,"texture":"#0"},"up":{"uv":[10.33333,0,15.01287,16],"texture":"#1"}}},{"from":[6.65627,0.00001,-0.60629],"to":[12.89627,0.54601,15.99371],"faces":{"north":{"uv":[0,5.33333,6,6],"texture":"#0"},"east":{"uv":[0,3.66667,16,4.21262],"texture":"#2"},"south":{"uv":[0,5.33333,6,6],"texture":"#0"},"west":{"uv":[0,0,16,0.546],"texture":"#2"},"down":{"uv":[12.66667,0.33333,14.67647,15.33333],"texture":"#1"}}},{"from":[3.47894,0,2.43311],"to":[6.27894,1.55,16.08311],"rotation":{"angle":-22.5,"axis":"y","origin":[3.27894,1.5,2.83311]},"faces":{"north":{"uv":[3,0,6,1.54964],"texture":"#1_0"},"east":{"uv":[1.33333,3.33333,14.98286,4.88297],"rotation":180,"texture":"#1_2"},"south":{"uv":[12.33333,12.66667,15.13297,14.2163],"texture":"#1_0"},"west":{"uv":[0.66667,10.66667,14.3162,12.2163],"rotation":180,"texture":"#1_2"},"up":{"uv":[12,1.66667,14.79964,15.3162],"texture":"#1_3"},"down":{"uv":[12,1.66667,14.79964,15.3162],"texture":"#1_3"}}},{"from":[-0.93784,8.92983,10.61161],"to":[9.71216,10.47983,13.41161],"rotation":{"angle":45,"axis":"z","origin":[12.31216,10.42983,10.41161]},"faces":{"north":{"uv":[4,10,14.65,11.55],"rotation":180,"texture":"#1_2"},"east":{"uv":[3,0,6,1.54964],"texture":"#1_0"},"south":{"uv":[2.667,2.667,13.317,4.217],"rotation":180,"texture":"#1_2"},"west":{"uv":[12.33333,12.66667,15.13297,14.2163],"texture":"#1_0"},"up":{"uv":[0.667,3.667,11.317,6.467],"texture":"#4"},"down":{"uv":[0.667,6.467,11.317,3.667],"texture":"#4"}}}]}