{"textures":{"0":"custom/firewood/firewood1","1":"custom/firewood/firewood2","2":"custom/firewood/firewood3","3":"custom/firewood/firewood4","particle":"custom/firewood/firewood1"},"elements":[{"from":[9.14227,0.00001,0.173],"to":[12.27792,0.47449,16.023],"faces":{"north":{"uv":[0,0,3.66666,0.66666],"rotation":180,"texture":"#0"},"east":{"uv":[0,2,15.84988,2.47426],"texture":"#2"},"south":{"uv":[0.66667,1,3,1.33272],"texture":"#0"},"down":{"uv":[12.66667,0.33333,14.67647,15.33333],"texture":"#1"}}},{"from":[10.18406,1.40863,0.17371],"to":[10.65206,3.69845,16.02371],"rotation":{"angle":-45,"axis":"z","origin":[10.41806,2.96863,21.79371]},"faces":{"north":{"uv":[7.66667,1.66667,10.33333,2.33333],"rotation":90,"texture":"#0"},"south":{"uv":[3.66667,0,5.33333,0.33272],"rotation":90,"texture":"#0"},"west":{"uv":[0,2.33333,15.84988,4.62255],"texture":"#2"},"up":{"uv":[13,0,13.46752,15.84988],"rotation":180,"texture":"#1"}}},{"from":[7.83089,1.68227,0.17371],"to":[9.39089,2.15027,16.02371],"rotation":{"angle":22.5,"axis":"z","origin":[9.39089,1.91627,21.79371]},"faces":{"north":{"uv":[8.33333,0,10.33333,0.66666],"texture":"#0"},"south":{"uv":[4.66667,0.66667,5.66667,0.99939],"texture":"#0"},"west":{"uv":[0,2.66667,15.84988,3.13419],"rotation":180,"texture":"#2"},"up":{"uv":[13,0,15.00981,15],"rotation":180,"texture":"#1"}}},{"from":[8.20465,1.03456,0.17371],"to":[9.76465,1.50256,16.02371],"rotation":{"angle":-45,"axis":"z","origin":[8.20465,1.26856,21.79371]},"faces":{"north":{"uv":[0.33333,0.33333,2.33333,0.99939],"texture":"#0"},"south":{"uv":[1.33333,1,2.66667,1.33272],"texture":"#0"},"down":{"uv":[12.66667,0.33333,14.67647,15.33333],"texture":"#1"}}},{"from":[11.2151,0.25972,0.17371],"to":[11.70003,3.33884,16.02371],"rotation":{"angle":22.5,"axis":"z","origin":[11.4491,1.81972,21.79371]},"faces":{"north":{"uv":[7,1.33333,11,2],"rotation":270,"texture":"#0"},"east":{"uv":[0,2.33333,15.84988,5.41238],"rotation":180,"texture":"#2"},"south":{"uv":[9.33333,0,11.33334,0.33272],"rotation":270,"texture":"#0"}}},{"from":[12.4915,8.11806,0.19109],"to":[15.94071,8.63999,15.05109],"faces":{"north":{"uv":[6.66667,1,8.66667,1.33333],"texture":"#0"},"east":{"uv":[1,1,15.85971,1.52145],"texture":"#2"},"south":{"uv":[6.66667,1,8.66667,1.33333],"texture":"#0"},"up":{"uv":[11.66667,0.66667,15.11581,15.52637],"texture":"#1"}}},{"from":[14.77161,4.96728,0.19],"to":[15.30503,8.35431,15.05],"rotation":{"angle":-22.5,"axis":"z","origin":[15.02901,6.63831,23.17309]},"faces":{"north":{"uv":[1,2.33333,2.99878,2.66605],"rotation":90,"texture":"#0"},"east":{"uv":[1,2.33333,15.85971,5.71997],"rotation":180,"texture":"#2"},"south":{"uv":[1,2.33333,2.99878,2.66605],"rotation":90,"texture":"#0"},"down":{"uv":[12.66667,0.33333,14.67647,15.33333],"rotation":90,"texture":"#1"}}},{"from":[13.63747,4.5717,0.19109],"to":[14.15227,7.0905,15.05109],"rotation":{"angle":45,"axis":"z","origin":[13.89487,5.3745,23.17309]},"faces":{"north":{"uv":[1.33333,2.33333,2.99877,2.66605],"rotation":90,"texture":"#0"},"south":{"uv":[1.33333,2.33333,2.99877,2.66605],"rotation":90,"texture":"#0"},"west":{"uv":[1,3.33333,15.85971,5.85172],"texture":"#2"},"up":{"uv":[13,0,15.00981,15],"rotation":90,"texture":"#1"},"down":{"uv":[12.66667,0.33333,14.67647,15.33333],"rotation":270,"texture":"#1"}}},{"from":[11.04898,6.2747,0.195],"to":[12.76498,6.7895,15.055],"rotation":{"angle":-22.5,"axis":"z","origin":[12.76498,6.5321,23.17309]},"faces":{"north":{"uv":[1,2.33333,2.04902,2.66667],"texture":"#0"},"south":{"uv":[1,2.33333,2.04902,2.66667],"texture":"#0"},"west":{"uv":[1,4.66667,15.85971,5.18137],"rotation":180,"texture":"#2"},"down":{"uv":[12.66667,0.33333,14.67647,15.33333],"rotation":180,"texture":"#1"}}},{"from":[11.46012,6.98718,0.19],"to":[13.17612,7.50198,15.05],"rotation":{"angle":45,"axis":"z","origin":[11.46012,7.24458,23.17309]},"faces":{"north":{"uv":[4.33333,2.33333,5.38174,2.66605],"texture":"#0"},"south":{"uv":[4.66667,2.66667,5.71568,3],"texture":"#0"},"up":{"uv":[13,0,15.00981,15],"texture":"#1"}}},{"from":[-0.25,0.25,-0.5],"to":[5.25,4,15.95],"faces":{"north":{"uv":[0,2.99939,5,6.66605],"texture":"#1"},"south":{"uv":[5,2.99939,0,6.66605],"texture":"#1"}}},{"from":[8.35259,0.28403,0.21],"to":[12.10259,3.68403,15.96],"faces":{"north":{"uv":[0,12.33333,3.83334,15.73285],"rotation":180,"texture":"#1"},"south":{"uv":[3.83334,12.33333,0,15.73285],"rotation":180,"texture":"#1"}}},{"from":[9.96899,17.9485,0.625],"to":[12.79899,20.1085,15.85],"rotation":{"angle":-45,"axis":"z","origin":[2.81899,11.1985,15.4]},"faces":{"north":{"uv":[6,2.667,8.667,6.116],"rotation":270,"texture":"#1"},"south":{"uv":[6,6.116,8.667,2.667],"rotation":270,"texture":"#1"}}},{"from":[13.25,2.7,0.2125],"to":[17.25,6.1,15],"rotation":{"angle":-22.5,"axis":"z","origin":[21.25,11,6.95]},"faces":{"north":{"uv":[0,6.66667,4,9.66667],"texture":"#1"},"south":{"uv":[4,6.66667,0,9.66667],"texture":"#1"}}},{"from":[6.45259,3.48403,1.4125],"to":[11.00259,6.33403,15.85],"rotation":{"angle":22.5,"axis":"z","origin":[8.35259,4.48403,15.55]},"faces":{"north":{"uv":[5.33333,0.00667,9,2.39951],"texture":"#1"},"south":{"uv":[9,0.00667,5.33333,2.39951],"texture":"#1"},"down":{"uv":[12.66667,15.32667,14.66,0.33333],"rotation":180,"texture":"#1"}}},{"from":[4.8316,-1.14378,-0.60629],"to":[6.27285,-0.64877,15.99371],"rotation":{"angle":-22.5,"axis":"z","origin":[15.7516,10.86822,9.31371]},"faces":{"north":{"uv":[7,0,8.66666,0.66666],"texture":"#0"},"south":{"uv":[7,0,8.66666,0.66666],"texture":"#0"},"west":{"uv":[0,0,15,0.31732],"rotation":180,"texture":"#2"},"up":{"uv":[13,0,15.00981,15],"rotation":180,"texture":"#1"}}},{"from":[-3.68165,-3.75489,-0.60629],"to":[-3.13565,-0.071,15.99371],"rotation":{"angle":-22.5,"axis":"z","origin":[8.79835,-9.99489,9.31371]},"faces":{"north":{"uv":[6.33333,1.66667,10.66667,2.33333],"rotation":90,"texture":"#0"},"south":{"uv":[6.33333,1.66667,10.66667,2.33333],"rotation":90,"texture":"#0"},"west":{"uv":[0,1.33333,16,5.01716],"rotation":180,"texture":"#2"}}},{"from":[7.11023,-7.59413,-0.60629],"to":[11.79023,-7.06473,15.99371],"rotation":{"angle":-45,"axis":"z","origin":[18.03023,3.85527,9.31371]},"faces":{"north":{"uv":[6.66667,0.33333,11.66667,1],"rotation":180,"texture":"#0"},"south":{"uv":[6.66667,0.33333,11.66667,1],"rotation":180,"texture":"#0"},"up":{"uv":[10.33333,0,15.01287,16],"texture":"#1"}}},{"from":[-0.34373,0.00001,-0.60629],"to":[5.89627,0.54601,15.99371],"faces":{"north":{"uv":[0,5.33333,6,6],"texture":"#0"},"east":{"uv":[0,3.66667,16,4.21262],"texture":"#2"},"south":{"uv":[0,5.33333,6,6],"texture":"#0"},"west":{"uv":[0,0,16,0.546],"texture":"#2"},"down":{"uv":[12.66667,0.33333,14.67647,15.33333],"texture":"#1"}}},{"from":[6.94627,3.79201,1.34371],"to":[8.50627,4.18201,15.88371],"rotation":{"angle":45,"axis":"z","origin":[7.72627,3.98701,21.40371]},"faces":{"north":{"uv":[4.33333,4,5.66667,4.33272],"texture":"#0"},"south":{"uv":[4.33333,4,5.66667,4.33272],"texture":"#0"},"west":{"uv":[1.33333,3.33333,15.87316,3.72304],"texture":"#2"},"down":{"uv":[12.66667,0.33333,14.67647,15.33333],"texture":"#1"}}},{"from":[8.13993,4.28644,1.34],"to":[9.15393,4.67644,15.88],"faces":{"north":{"uv":[1.33333,0,2,0.33272],"texture":"#0"},"south":{"uv":[1.33333,0,2,0.33272],"texture":"#0"},"down":{"uv":[12.66667,0.33333,14.67647,15.33333],"rotation":180,"texture":"#1"}}},{"from":[8.86832,4.34325,1.37],"to":[9.25832,7.30725,15.91],"rotation":{"angle":-22.5,"axis":"z","origin":[9.06332,4.57725,21.40371]},"faces":{"north":{"uv":[8.33333,0,10.66667,0.33272],"rotation":90,"texture":"#0"},"east":{"uv":[1,3.33333,15.53982,6.29718],"texture":"#2"},"south":{"uv":[8.33333,0,10.66667,0.33272],"rotation":90,"texture":"#0"},"up":{"uv":[12.33333,0.66667,12.72304,15.20649],"rotation":180,"texture":"#1"},"down":{"uv":[12.66667,0.33333,14.67647,15.33333],"rotation":90,"texture":"#1"}}},{"from":[6.93241,3.63057,1.34335],"to":[7.32241,5.81457,15.88335],"rotation":{"angle":22.5,"axis":"z","origin":[7.12741,3.86457,21.40335]},"faces":{"north":{"uv":[4.33333,2,6,2.33272],"rotation":90,"texture":"#0"},"south":{"uv":[4.33333,2,6,2.33272],"rotation":90,"texture":"#0"},"west":{"uv":[0.33333,2.33333,14.87257,4.51716],"rotation":180,"texture":"#2"}}},{"from":[6.26043,5.3048,1.34186],"to":[10.30725,5.73269,15.88371],"rotation":{"angle":22.5,"axis":"z","origin":[6.49443,5.4998,21.40186]},"faces":{"north":{"uv":[8.66667,0.33333,11.66667,0.66605],"texture":"#0"},"south":{"uv":[8.66667,0.33333,11.66667,0.66605],"texture":"#0"},"west":{"uv":[0.66667,2.33333,15.20831,2.76103],"rotation":180,"texture":"#2"},"up":{"uv":[11,1,15.04657,15.54165],"texture":"#1"}}},{"from":[14.72893,9.40951,0.56834],"to":[15.19693,11.12551,15.99834],"rotation":{"angle":-22.5,"axis":"z","origin":[13.5943,9.81969,21.79857]},"faces":{"north":{"uv":[0,0,2.33334,0.66666],"rotation":270,"texture":"#0"},"east":{"uv":[0.33333,4,15.76286,5.71569],"rotation":180,"texture":"#2"},"south":{"uv":[0,0,2.33334,0.66666],"rotation":90,"texture":"#0"}}},{"from":[12.34317,9.58569,0.6],"to":[15.2323,10.05369,16.02781],"rotation":{"angle":-45,"axis":"z","origin":[13.5943,9.81969,21.79857]},"faces":{"north":{"uv":[7.66667,0,11,0.66605],"rotation":180,"texture":"#0"},"east":{"uv":[0.33333,4.33333,15.76104,4.80086],"texture":"#2"},"south":{"uv":[7.66667,0,11,0.66605],"rotation":180,"texture":"#0"},"down":{"uv":[12.66667,0.33333,14.67647,15.33333],"texture":"#1"}}},{"from":[14.79925,10.25677,0.56638],"to":[15.26725,12.75277,15.99638],"rotation":{"angle":22.5,"axis":"z","origin":[15.03325,11.11477,21.79638]},"faces":{"north":{"uv":[3,0,6,0.66605],"rotation":270,"texture":"#0"},"east":{"uv":[0.33333,1.33333,15.76286,3.82905],"rotation":180,"texture":"#2"},"south":{"uv":[3,0,6,0.66605],"rotation":90,"texture":"#0"},"up":{"uv":[13,0,13.676,15],"texture":"#1"}}},{"from":[12.96113,10.27411,0.56976],"to":[13.43128,12.85201,15.99638],"rotation":{"angle":-45,"axis":"z","origin":[13.19728,11.21163,21.79976]},"faces":{"north":{"uv":[7.66667,0,11.33211,0.66544],"rotation":90,"texture":"#0"},"south":{"uv":[7.66667,0,11.33211,0.66544],"rotation":90,"texture":"#0"},"west":{"uv":[0.33333,2.33333,15.7598,4.91115],"rotation":180,"texture":"#2"},"down":{"uv":[12.66667,0.33333,14.67647,15.33333],"rotation":270,"texture":"#1"}}},{"from":[12.55,0,-0.6],"to":[16.15,3.6,15.4],"faces":{"north":{"uv":[3.66667,1.66667,6.33333,4.33333],"texture":"#0"},"east":{"uv":[0.33333,2.33333,15.33333,5.33333],"texture":"#2"},"south":{"uv":[3.66667,1.66667,6.33333,4.33333],"texture":"#0"},"west":{"uv":[0,0.66667,16,4.26654],"texture":"#2"},"up":{"uv":[13,0,15.00981,15],"texture":"#1"},"down":{"uv":[12.66667,0.33333,14.67647,15.33333],"texture":"#1"}}},{"from":[14.83,3.6,-0.6],"to":[16.58,6.6,16],"rotation":{"angle":-22.5,"axis":"z","origin":[16.33,5.1,7.4]},"faces":{"north":{"uv":[10,9.66667,13.08334,11.33272],"rotation":90,"texture":"#0"},"east":{"uv":[13,0,15.99939,15.99941],"rotation":270,"texture":"#3"},"south":{"uv":[10,9.66667,13.08334,11.33272],"rotation":90,"texture":"#0"},"west":{"uv":[13,0,15.99939,15.99941],"rotation":270,"texture":"#3"},"up":{"uv":[0,10.66667,16,11.99939],"rotation":90,"texture":"#2"},"down":{"uv":[12.66667,0.33333,14.67647,15.33333],"rotation":270,"texture":"#1"}}},{"from":[4.93,0.6,-0.6],"to":[7.93,3.6,15.4],"rotation":{"angle":45,"axis":"z","origin":[6.43,2.1,7.4]},"faces":{"north":{"uv":[9.66667,12.66667,12.33272,15.33272],"texture":"#0"},"east":{"uv":[0,2,16,5],"rotation":180,"texture":"#2"},"south":{"uv":[9.66667,12.66667,12.33272,15.33272],"rotation":180,"texture":"#0"},"west":{"uv":[0,10.33333,16,13.33333],"texture":"#2"},"up":{"uv":[13,0,16,16],"rotation":180,"texture":"#3"},"down":{"uv":[9.33333,0,12.33333,16],"rotation":180,"texture":"#3"}}},{"from":[10.21,3.3,0.9],"to":[13.51,6.6,14.8],"rotation":{"angle":45,"axis":"z","origin":[11.71,4.8,7.4]},"faces":{"north":{"uv":[3.66667,1.66667,6.29963,4.29963],"texture":"#0"},"east":{"uv":[1.33333,1.66667,14.58333,4.41667],"rotation":180,"texture":"#2"},"south":{"uv":[3.66667,1.66667,6.29963,4.29963],"texture":"#0"},"west":{"uv":[1.66667,3.33333,15.5662,6.63297],"rotation":180,"texture":"#2"},"up":{"uv":[13,0,15.00981,15],"rotation":180,"texture":"#1"},"down":{"uv":[12.66667,0.33333,14.67647,15.33333],"rotation":180,"texture":"#1"}}},{"from":[9.01,7.2,0.4],"to":[13.21,9.3,14.8],"rotation":{"angle":45,"axis":"z","origin":[10.51,8.7,7.4]},"faces":{"north":{"uv":[1.66667,5.66667,5.66667,7.66667],"texture":"#0"},"east":{"uv":[1.33333,4.33333,15.73286,6.43321],"rotation":180,"texture":"#2"},"south":{"uv":[1.66667,5.33333,5.66667,7.33333],"texture":"#0"},"west":{"uv":[1.33333,3.33333,15.73286,5.4326],"rotation":180,"texture":"#2"},"up":{"uv":[10.33333,0.66667,14.53309,15.0662],"rotation":180,"texture":"#1"},"down":{"uv":[10,0.66667,14.19975,15.0662],"rotation":180,"texture":"#1"}}},{"from":[15.21,10,0.9],"to":[16.26,13.05,14.8],"rotation":{"angle":22.5,"axis":"z","origin":[16.71,11.55,7.4]},"faces":{"north":{"uv":[14.33333,8.66667,15.38297,11.7163],"texture":"#0"},"east":{"uv":[2,8.66667,15.89953,11.7163],"rotation":180,"texture":"#2"},"south":{"uv":[14.33333,8.33333,15.38297,11.38297],"rotation":180,"texture":"#0"},"west":{"uv":[1.33333,2.33333,15.23286,5.38297],"texture":"#2"},"up":{"uv":[14.95036,0.66667,16,14.5662],"texture":"#3"},"down":{"uv":[14.95036,0.66667,16,14.5662],"texture":"#3"}}}]}