{"providers":[{"ascent":8,"chars":["ꈁ"],"file":"item/diamond_helmet.png","height":8,"type":"bitmap"},{"ascent":8,"chars":["ꈂ"],"file":"item/diamond_chestplate.png","height":8,"type":"bitmap"},{"ascent":8,"chars":["ꈃ"],"file":"item/diamond_leggings.png","height":8,"type":"bitmap"},{"ascent":8,"chars":["ꈄ"],"file":"item/diamond_boots.png","height":8,"type":"bitmap"},{"ascent":8,"chars":["ꈅ"],"file":"item/diamond_sword.png","height":8,"type":"bitmap"},{"ascent":8,"chars":["ꈆ"],"file":"item/diamond_pickaxe.png","height":8,"type":"bitmap"},{"ascent":8,"chars":["ꈇ"],"file":"item/diamond_shovel.png","height":8,"type":"bitmap"},{"ascent":8,"chars":["ꈈ"],"file":"item/diamond_axe.png","height":8,"type":"bitmap"},{"ascent":8,"chars":["ꈉ"],"file":"item/diamond_hoe.png","height":8,"type":"bitmap"},{"ascent":8,"chars":["ꈊ"],"file":"item/bow.png","height":8,"type":"bitmap"},{"ascent":8,"chars":["ꈋ"],"file":"item/elytra.png","height":8,"type":"bitmap"},{"ascent":8,"chars":["ꈌ"],"file":"item/crossbow_arrow.png","height":8,"type":"bitmap"},{"ascent":8,"chars":["ꈍ"],"file":"item/fishing_rod.png","height":8,"type":"bitmap"},{"ascent":8,"chars":["ꈎ"],"file":"item/trident.png","height":8,"type":"bitmap"},{"ascent":8,"chars":["ꈏ"],"file":"item/shears.png","height":8,"type":"bitmap"},{"ascent":6,"chars":["ꌁ"],"file":"custom/ui/dialogue/dialogue_border.png","height":50,"type":"bitmap"},{"ascent":6,"chars":["ꌂ"],"file":"custom/ui/dialogue/dialogue_border_quest_offer.png","height":68,"type":"bitmap"},{"ascent":6,"chars":["ꌃ"],"file":"custom/ui/dialogue/quest_started.png","height":50,"type":"bitmap"},{"ascent":6,"chars":["ꌄ"],"file":"custom/ui/dialogue/quest_objective.png","height":50,"type":"bitmap"},{"ascent":6,"chars":["ꌅ"],"file":"custom/ui/dialogue/quest_complete.png","height":50,"type":"bitmap"},{"ascent":2,"chars":["ꌆ"],"file":"custom/ui/dialogue/arthur.png","height":42,"type":"bitmap"},{"ascent":2,"chars":["ꌇ"],"file":"custom/ui/dialogue/peanut.png","height":42,"type":"bitmap"},{"ascent":2,"chars":["ꌈ"],"file":"custom/ui/dialogue/boulder.png","height":42,"type":"bitmap"},{"ascent":2,"chars":["ꌉ"],"file":"custom/ui/dialogue/conductor-carlo.png","height":42,"type":"bitmap"},{"ascent":2,"chars":["ꌋ"],"file":"custom/ui/dialogue/jacko.png","height":42,"type":"bitmap"},{"ascent":2,"chars":["ꌌ"],"file":"custom/ui/dialogue/phineas.png","height":42,"type":"bitmap"},{"ascent":2,"chars":["ꌍ"],"file":"custom/ui/dialogue/robit.png","height":42,"type":"bitmap"},{"ascent":2,"chars":["ꌎ"],"file":"custom/ui/dialogue/rusty.png","height":42,"type":"bitmap"},{"ascent":2,"chars":["ꌏ"],"file":"custom/ui/dialogue/scientist.png","height":42,"type":"bitmap"},{"ascent":2,"chars":["ꌐ"],"file":"custom/ui/dialogue/sporent.png","height":42,"type":"bitmap"},{"ascent":2,"chars":["ꌑ"],"file":"custom/ui/dialogue/traveller.png","height":42,"type":"bitmap"},{"ascent":2,"chars":["ꌒ"],"file":"custom/ui/dialogue/otis.png","height":42,"type":"bitmap"},{"ascent":2,"chars":["ꌓ"],"file":"custom/ui/dialogue/razor.png","height":42,"type":"bitmap"},{"ascent":2,"chars":["ꌔ"],"file":"custom/ui/dialogue/scarecrow.png","height":42,"type":"bitmap"},{"ascent":2,"chars":["ꌕ"],"file":"custom/ui/dialogue/betty.png","height":42,"type":"bitmap"},{"ascent":2,"chars":["ꌖ"],"file":"custom/ui/dialogue/lupus.png","height":42,"type":"bitmap"},{"ascent":2,"chars":["ꌗ"],"file":"custom/ui/dialogue/erik.png","height":42,"type":"bitmap"},{"ascent":2,"chars":["ꌘ"],"file":"custom/ui/dialogue/banker.png","height":42,"type":"bitmap"},{"ascent":2,"chars":["ꌙ"],"file":"custom/ui/dialogue/lily.png","height":42,"type":"bitmap"},{"ascent":2,"chars":["ꌚ"],"file":"custom/ui/dialogue/dwight.png","height":42,"type":"bitmap"},{"ascent":2,"chars":["ꌛ"],"file":"custom/ui/dialogue/mayor.png","height":42,"type":"bitmap"},{"ascent":2,"chars":["ꌜ"],"file":"custom/ui/dialogue/rick.png","height":42,"type":"bitmap"},{"ascent":2,"chars":["ꌝ"],"file":"custom/ui/dialogue/fab.png","height":42,"type":"bitmap"},{"ascent":2,"chars":["ꌞ"],"file":"custom/ui/dialogue/pebble.png","height":42,"type":"bitmap"},{"ascent":2,"chars":["ꌟ"],"file":"custom/ui/dialogue/jackson.png","height":42,"type":"bitmap"},{"ascent":2,"chars":["ꌠ"],"file":"custom/ui/dialogue/bob.png","height":42,"type":"bitmap"},{"ascent":2,"chars":["ꌡ"],"file":"custom/ui/dialogue/ruby.png","height":42,"type":"bitmap"},{"ascent":2,"chars":["ꌢ"],"file":"custom/ui/dialogue/stanley.png","height":42,"type":"bitmap"},{"ascent":2,"chars":["ꌣ"],"file":"custom/ui/dialogue/cosmo.png","height":42,"type":"bitmap"},{"ascent":2,"chars":["ꌤ"],"file":"custom/ui/dialogue/guard-maximus.png","height":42,"type":"bitmap"},{"ascent":2,"chars":["ꌥ"],"file":"custom/ui/dialogue/guard-octavius.png","height":42,"type":"bitmap"},{"ascent":2,"chars":["ꌦ"],"file":"custom/ui/dialogue/auctioneer.png","height":42,"type":"bitmap"},{"ascent":2,"chars":["ꌧ"],"file":"custom/ui/dialogue/alice.png","height":42,"type":"bitmap"},{"ascent":2,"chars":["ꌨ"],"file":"custom/ui/dialogue/zari.png","height":42,"type":"bitmap"},{"ascent":2,"chars":["ꌩ"],"file":"custom/ui/dialogue/mason.png","height":42,"type":"bitmap"},{"ascent":2,"chars":["ꌪ"],"file":"custom/ui/dialogue/sabrine.png","height":42,"type":"bitmap"},{"ascent":2,"chars":["ꌫ"],"file":"custom/ui/dialogue/bree.png","height":42,"type":"bitmap"},{"ascent":2,"chars":["ꌬ"],"file":"custom/ui/dialogue/dawn.png","height":42,"type":"bitmap"},{"ascent":2,"chars":["ꌭ"],"file":"custom/ui/dialogue/brad.png","height":42,"type":"bitmap"},{"ascent":2,"chars":["ꌮ"],"file":"custom/ui/dialogue/pixie.png","height":42,"type":"bitmap"},{"ascent":2,"chars":["ꌯ"],"file":"custom/ui/dialogue/durk.png","height":42,"type":"bitmap"},{"ascent":2,"chars":["ꌰ"],"file":"custom/ui/dialogue/kristoff.png","height":42,"type":"bitmap"},{"ascent":2,"chars":["ꌱ"],"file":"custom/ui/dialogue/jasmine.png","height":42,"type":"bitmap"},{"ascent":2,"chars":["ꌲ"],"file":"custom/ui/dialogue/richard.png","height":42,"type":"bitmap"},{"ascent":2,"chars":["ꌳ"],"file":"custom/ui/dialogue/ricardo.png","height":42,"type":"bitmap"},{"ascent":2,"chars":["ꌴ"],"file":"custom/ui/dialogue/jemma.png","height":42,"type":"bitmap"},{"ascent":2,"chars":["ꌵ"],"file":"custom/ui/dialogue/hedley.png","height":42,"type":"bitmap"},{"ascent":2,"chars":["ꌶ"],"file":"custom/ui/dialogue/bill.png","height":42,"type":"bitmap"},{"ascent":2,"chars":["ꌷ"],"file":"custom/ui/dialogue/ribston.png","height":42,"type":"bitmap"},{"ascent":2,"chars":["ꌸ"],"file":"custom/ui/dialogue/martin.png","height":42,"type":"bitmap"},{"ascent":2,"chars":["ꌹ"],"file":"custom/ui/dialogue/avery.png","height":42,"type":"bitmap"},{"ascent":2,"chars":["ꌺ"],"file":"custom/ui/dialogue/tyler.png","height":42,"type":"bitmap"},{"ascent":2,"chars":["ꌻ"],"file":"custom/ui/dialogue/vanessa.png","height":42,"type":"bitmap"},{"ascent":2,"chars":["ꌼ"],"file":"custom/ui/dialogue/gardener-aster.png","height":42,"type":"bitmap"},{"ascent":2,"chars":["ꌽ"],"file":"custom/ui/dialogue/paula.png","height":42,"type":"bitmap"},{"ascent":2,"chars":["ꌾ"],"file":"custom/ui/dialogue/mrs-zamora.png","height":42,"type":"bitmap"},{"ascent":2,"chars":["ꌿ"],"file":"custom/ui/dialogue/abram.png","height":42,"type":"bitmap"},{"ascent":2,"chars":["ꍀ"],"file":"custom/ui/dialogue/leroy.png","height":42,"type":"bitmap"},{"ascent":2,"chars":["ꍁ"],"file":"custom/ui/dialogue/pierre.png","height":42,"type":"bitmap"},{"ascent":2,"chars":["ꍂ"],"file":"custom/ui/dialogue/scout-russel.png","height":42,"type":"bitmap"},{"ascent":2,"chars":["ꍃ"],"file":"custom/ui/dialogue/scout-fern.png","height":42,"type":"bitmap"},{"ascent":2,"chars":["ꍄ"],"file":"custom/ui/dialogue/valdon.png","height":42,"type":"bitmap"},{"ascent":2,"chars":["ꍅ"],"file":"custom/ui/dialogue/jamal.png","height":42,"type":"bitmap"},{"ascent":2,"chars":["ꍆ"],"file":"custom/ui/dialogue/trevor.png","height":42,"type":"bitmap"},{"ascent":2,"chars":["ꍇ"],"file":"custom/ui/dialogue/knuckles.png","height":42,"type":"bitmap"},{"ascent":2,"chars":["ꍈ"],"file":"custom/ui/dialogue/ginger.png","height":42,"type":"bitmap"},{"ascent":2,"chars":["ꍉ"],"file":"custom/ui/dialogue/violetta.png","height":42,"type":"bitmap"},{"ascent":2,"chars":["ꍊ"],"file":"custom/ui/dialogue/louis.png","height":42,"type":"bitmap"},{"ascent":2,"chars":["ꍋ"],"file":"custom/ui/dialogue/bondi.png","height":42,"type":"bitmap"},{"ascent":2,"chars":["ꍌ"],"file":"custom/ui/dialogue/chef-pedro.png","height":42,"type":"bitmap"},{"ascent":2,"chars":["ꍍ"],"file":"custom/ui/dialogue/lulu.png","height":42,"type":"bitmap"},{"ascent":2,"chars":["ꍎ"],"file":"custom/ui/dialogue/worker-marcel.png","height":42,"type":"bitmap"},{"ascent":2,"chars":["ꍏ"],"file":"custom/ui/dialogue/conductor-gino.png","height":42,"type":"bitmap"},{"ascent":2,"chars":["ꍐ"],"file":"custom/ui/dialogue/janitor-zain.png","height":42,"type":"bitmap"},{"ascent":2,"chars":["ꍑ"],"file":"custom/ui/dialogue/james.png","height":42,"type":"bitmap"},{"ascent":2,"chars":["ꍒ"],"file":"custom/ui/dialogue/scout-leah.png","height":42,"type":"bitmap"},{"ascent":2,"chars":["ꍓ"],"file":"custom/ui/dialogue/conductor-marco.png","height":42,"type":"bitmap"},{"ascent":2,"chars":["ꍔ"],"file":"custom/ui/dialogue/conductor-antonio.png","height":42,"type":"bitmap"},{"ascent":2,"chars":["ꍕ"],"file":"custom/ui/dialogue/gorf.png","height":42,"type":"bitmap"},{"ascent":2,"chars":["ꍖ"],"file":"custom/ui/dialogue/sarah.png","height":42,"type":"bitmap"},{"ascent":2,"chars":["ꍗ"],"file":"custom/ui/dialogue/0r_bit_orange.png","height":42,"type":"bitmap"},{"ascent":2,"chars":["ꍘ"],"file":"custom/ui/dialogue/jason.png","height":42,"type":"bitmap"},{"ascent":2,"chars":["ꍙ"],"file":"custom/ui/dialogue/maxine.png","height":42,"type":"bitmap"},{"ascent":2,"chars":["ꍚ"],"file":"custom/ui/dialogue/nelly.png","height":42,"type":"bitmap"},{"ascent":2,"chars":["ꍛ"],"file":"custom/ui/dialogue/bruce.png","height":42,"type":"bitmap"},{"ascent":2,"chars":["ꍜ"],"file":"custom/ui/dialogue/dizzy.png","height":42,"type":"bitmap"},{"ascent":2,"chars":["ꍝ"],"file":"custom/ui/dialogue/ingus.png","height":42,"type":"bitmap"},{"ascent":2,"chars":["ꍞ"],"file":"custom/ui/dialogue/bartender-ronnie.png","height":42,"type":"bitmap"},{"ascent":2,"chars":["ꍟ"],"file":"custom/ui/dialogue/clay.png","height":42,"type":"bitmap"},{"ascent":2,"chars":["ꍠ"],"file":"custom/ui/dialogue/bolt.png","height":42,"type":"bitmap"},{"ascent":2,"chars":["ꍡ"],"file":"custom/ui/dialogue/witch-hazel.png","height":42,"type":"bitmap"},{"ascent":2,"chars":["ꍢ"],"file":"custom/ui/dialogue/captain-walrus.png","height":42,"type":"bitmap"},{"ascent":2,"chars":["ꍣ"],"file":"custom/ui/dialogue/doris.png","height":42,"type":"bitmap"},{"ascent":2,"chars":["ꍤ"],"file":"custom/ui/dialogue/augustus.png","height":42,"type":"bitmap"},{"ascent":2,"chars":["ꍥ"],"file":"custom/ui/dialogue/jeckyl.png","height":42,"type":"bitmap"},{"ascent":2,"chars":["ꍦ"],"file":"custom/ui/dialogue/worker-shane.png","height":42,"type":"bitmap"},{"ascent":2,"chars":["ꍧ"],"file":"custom/ui/dialogue/ernie.png","height":42,"type":"bitmap"},{"ascent":2,"chars":["ꍨ"],"file":"custom/ui/dialogue/nulla.png","height":42,"type":"bitmap"},{"ascent":2,"chars":["ꍩ"],"file":"custom/ui/dialogue/orbit-love.png","height":42,"type":"bitmap"},{"ascent":2,"chars":["ꍰ"],"file":"custom/ui/dialogue/manager_crane.png","height":42,"type":"bitmap"},{"ascent":2,"chars":["ꍱ"],"file":"custom/ui/dialogue/worker_emily.png","height":42,"type":"bitmap"},{"ascent":2,"chars":["ꍲ"],"file":"custom/ui/dialogue/jaden.png","height":42,"type":"bitmap"},{"ascent":2,"chars":["ꍳ"],"file":"custom/ui/dialogue/peanut_angry.png","height":42,"type":"bitmap"},{"ascent":2,"chars":["ꍴ"],"file":"custom/ui/dialogue/captain_baron.png","height":42,"type":"bitmap"},{"ascent":2,"chars":["ꍵ"],"file":"custom/ui/dialogue/hoppers.png","height":42,"type":"bitmap"},{"ascent":2,"chars":["ꍶ"],"file":"custom/ui/dialogue/wumpus.png","height":42,"type":"bitmap"},{"ascent":2,"chars":["ꍷ"],"file":"custom/ui/dialogue/the-doctor.png","height":42,"type":"bitmap"},{"ascent":2,"chars":["ꍸ"],"file":"custom/ui/dialogue/bartender-otto.png","height":42,"type":"bitmap"},{"ascent":2,"chars":["ꍹ"],"file":"custom/ui/dialogue/bartender-liam.png","height":42,"type":"bitmap"},{"ascent":2,"chars":["ꍺ"],"file":"custom/ui/dialogue/bouncer-tuff.png","height":42,"type":"bitmap"},{"ascent":2,"chars":["ꍻ"],"file":"custom/ui/dialogue/bartender-zoey.png","height":42,"type":"bitmap"},{"ascent":2,"chars":["ꍼ"],"file":"custom/ui/dialogue/dealer-sam.png","height":42,"type":"bitmap"},{"ascent":2,"chars":["ꍽ"],"file":"custom/ui/dialogue/scarn.png","height":42,"type":"bitmap"},{"ascent":2,"chars":["ꍾ"],"file":"custom/ui/dialogue/greg.png","height":42,"type":"bitmap"},{"ascent":2,"chars":["ꍿ"],"file":"custom/ui/dialogue/joe.png","height":42,"type":"bitmap"},{"ascent":2,"chars":["ꎀ"],"file":"custom/ui/dialogue/cody.png","height":42,"type":"bitmap"},{"ascent":2,"chars":["ꎁ"],"file":"custom/ui/dialogue/craig.png","height":42,"type":"bitmap"},{"ascent":2,"chars":["ꎂ"],"file":"custom/ui/dialogue/isaac.png","height":42,"type":"bitmap"},{"ascent":7,"chars":["ꐁ"],"file":"custom/ui/rank_admin.png","height":7,"type":"bitmap"},{"ascent":7,"chars":["ꐂ"],"file":"custom/ui/rank_mod_old.png","height":7,"type":"bitmap"},{"ascent":7,"chars":["ꐃ"],"file":"custom/ui/rank_builder.png","height":7,"type":"bitmap"},{"ascent":7,"chars":["ꐄ"],"file":"custom/ui/rank_elite.png","height":7,"type":"bitmap"},{"ascent":7,"chars":["ꐅ"],"file":"custom/ui/rank_mvp.png","height":7,"type":"bitmap"},{"ascent":7,"chars":["ꐆ"],"file":"custom/ui/rank_pro.png","height":7,"type":"bitmap"},{"ascent":7,"chars":["ꐇ"],"file":"custom/ui/rank_vip.png","height":7,"type":"bitmap"},{"ascent":7,"chars":["𓁸"],"file":"custom/ui/rank_famoso.png","height":7,"type":"bitmap"},{"ascent":7,"chars":["𓁹"],"file":"custom/ui/rank_streamer.png","height":7,"type":"bitmap"},{"ascent":7,"chars":["𓁺"],"file":"custom/ui/rank_yt.png","height":7,"type":"bitmap"},{"ascent":6,"chars":["ꑐ"],"file":"custom/ui/tag_afk.png","height":7,"type":"bitmap"},{"ascent":7,"chars":["ꑑ"],"file":"custom/ui/tag_chatroom.png","height":7,"type":"bitmap"},{"ascent":1,"chars":["ꑒ"],"file":"custom/ui/title_chatroom.png","height":4,"type":"bitmap"},{"ascent":7,"chars":["ꑓ"],"file":"custom/ui/role_visitor.png","height":7,"type":"bitmap"},{"ascent":7,"chars":["ꑔ"],"file":"custom/ui/role_resident.png","height":7,"type":"bitmap"},{"ascent":7,"chars":["ꑕ"],"file":"custom/ui/role_trusted.png","height":7,"type":"bitmap"},{"ascent":7,"chars":["ꑖ"],"file":"custom/ui/role_owner.png","height":7,"type":"bitmap"},{"ascent":4,"chars":["ꑗ"],"file":"custom/ui/role_visitor.png","height":7,"type":"bitmap"},{"ascent":4,"chars":["ꑘ"],"file":"custom/ui/role_resident.png","height":7,"type":"bitmap"},{"ascent":4,"chars":["ꑙ"],"file":"custom/ui/role_trusted.png","height":7,"type":"bitmap"},{"ascent":4,"chars":["ꑚ"],"file":"custom/ui/role_owner.png","height":7,"type":"bitmap"},{"ascent":7,"chars":["ꑛ"],"file":"custom/ui/rank_team.png","height":7,"type":"bitmap"},{"ascent":7,"chars":["ꑜ"],"file":"custom/ui/error_red.png","height":7,"type":"bitmap"},{"ascent":7,"chars":["ꑝ"],"file":"custom/ui/lore_relic.png","height":7,"type":"bitmap"},{"ascent":7,"chars":["ꑞ"],"file":"custom/ui/lore_paintable.png","height":7,"type":"bitmap"},{"ascent":7,"chars":["ꑟ"],"file":"custom/ui/error_yellow.png","height":7,"type":"bitmap"},{"ascent":7,"chars":["ꑠ"],"file":"custom/ui/error_green.png","height":7,"type":"bitmap"},{"ascent":7,"chars":["ꑡ"],"file":"custom/ui/rank_player.png","height":7,"type":"bitmap"},{"ascent":7,"chars":["ꑢ"],"file":"custom/ui/tag_staff.png","height":7,"type":"bitmap"},{"ascent":7,"chars":["ꑣ"],"file":"custom/ui/eye_icon.png","height":7,"type":"bitmap"},{"ascent":7,"chars":["ꑤ"],"file":"custom/ui/mail_icon.png","height":7,"type":"bitmap"},{"ascent":7,"chars":["ꑥ"],"file":"custom/ui/rank_mod.png","height":7,"type":"bitmap"},{"ascent":7,"chars":["ꑦ"],"file":"custom/ui/error_discord.png","height":7,"type":"bitmap"},{"ascent":7,"chars":["ꑧ"],"file":"custom/ui/type_discord.png","height":8,"type":"bitmap"},{"ascent":7,"chars":["ꑨ"],"file":"custom/ui/rank_youtube.png","height":7,"type":"bitmap"},{"ascent":7,"chars":["ꑩ"],"file":"custom/ui/chat_tags/voice-lounge-1.png","height":7,"type":"bitmap"},{"ascent":7,"chars":["ꑪ"],"file":"custom/ui/chat_tags/voice-lounge-2.png","height":7,"type":"bitmap"},{"ascent":7,"chars":["ꑫ"],"file":"custom/ui/chat_tags/voice-lounge-3.png","height":7,"type":"bitmap"},{"ascent":7,"chars":["ꑬ"],"file":"custom/ui/chat_tags/staff-lounge-1.png","height":7,"type":"bitmap"},{"ascent":7,"chars":["ꑭ"],"file":"custom/ui/chat_tags/staff-lounge-2.png","height":7,"type":"bitmap"},{"ascent":7,"chars":["ꑮ"],"file":"custom/ui/chat_tags/staff-lounge-3.png","height":7,"type":"bitmap"},{"ascent":7,"chars":["ꑯ"],"file":"custom/ui/chat_tags/meeting-lounge.png","height":7,"type":"bitmap"},{"ascent":7,"chars":["ꑰ"],"file":"custom/ui/chat_tags/closed-meeting.png","height":7,"type":"bitmap"},{"ascent":7,"chars":["ꑱ"],"file":"custom/ui/chat_tags/supporter-lounge.png","height":7,"type":"bitmap"},{"ascent":7,"chars":["ꑲ"],"file":"custom/ui/chat_tags/common.png","height":7,"type":"bitmap"},{"ascent":7,"chars":["ꑳ"],"file":"custom/ui/chat_tags/rare.png","height":7,"type":"bitmap"},{"ascent":7,"chars":["ꑴ"],"file":"custom/ui/chat_tags/epic.png","height":7,"type":"bitmap"},{"ascent":7,"chars":["ꑵ"],"file":"custom/ui/chat_tags/legendary.png","height":7,"type":"bitmap"},{"ascent":7,"chars":["ꑶ"],"file":"custom/ui/chat_tags/limited.png","height":7,"type":"bitmap"},{"ascent":250,"chars":[""],"file":"custom/ui/black_box.png","height":1500,"type":"bitmap"},{"ascent":10,"chars":[""],"file":"custom/ui/black_box.png","height":300,"type":"bitmap"},{"ascent":250,"chars":[""],"file":"custom/ui/black_box_30.png","height":1200,"type":"bitmap"},{"ascent":250,"chars":[""],"file":"custom/ui/black_box_70.png","height":1200,"type":"bitmap"},{"ascent":8,"chars":["ꠃ"],"file":"custom/ui/earth.png","height":9,"type":"bitmap"},{"ascent":-2,"chars":["ꡑꡒ","ꡓꡔ"],"file":"custom/ui/realm_logo.png","height":32,"type":"bitmap"},{"ascent":-2,"chars":["ꡡꡢ","ꡣꡤ"],"file":"custom/ui/realm_logo.png","height":64,"type":"bitmap"},{"ascent":32,"chars":["ꡥꡦ","ꡧꡨ"],"file":"custom/ui/realm_logo.png","height":64,"type":"bitmap"},{"ascent":8,"chars":["ꢑ"],"file":"custom/ui/heart_full.png","height":9,"type":"bitmap"},{"ascent":8,"chars":["ꢒ"],"file":"custom/ui/heart_half.png","height":9,"type":"bitmap"},{"ascent":8,"chars":["ꢓ"],"file":"custom/ui/heart_empty.png","height":9,"type":"bitmap"},{"ascent":7,"chars":["ꢔ"],"file":"custom/ui/speech.png","height":10,"type":"bitmap"},{"ascent":9,"chars":["ꢕ"],"file":"custom/ui/shift-button.png","height":12,"type":"bitmap"},{"ascent":-12,"chars":["ꢘ"],"file":"custom/ui/need_help_menu.png","height":256,"type":"bitmap"},{"ascent":8,"chars":["ꢙ"],"file":"custom/ui/book-desc-icon.png","height":28,"type":"bitmap"},{"ascent":-16,"chars":["ꢚꢛꢜꢝꢞꢟꢠꢡꢢꢣ"],"file":"custom/ui/ruby_hud_numbers.png","height":8,"type":"bitmap"},{"ascent":-15,"chars":["ꢤ"],"file":"custom/ui/ruby_icon.png","height":9,"type":"bitmap"},{"ascent":-17,"chars":["ꢥ"],"file":"custom/ui/ruby_hud_comma.png","height":8,"type":"bitmap"},{"ascent":7,"chars":["ꢦ"],"file":"custom/ui/ruby_icon.png","height":9,"type":"bitmap"},{"ascent":7,"chars":["ꢧ"],"file":"custom/ui/exp_icon.png","height":9,"type":"bitmap"},{"ascent":1,"chars":["ꢨ"],"file":"custom/ui/quest_marker.png","height":11,"type":"bitmap"},{"ascent":0,"chars":["ꢩ"],"file":"custom/ui/speech_indicator.png","height":10,"type":"bitmap"},{"ascent":7,"chars":["ꢪ"],"file":"custom/ui/empty_water_drop.png","height":8,"type":"bitmap"},{"ascent":7,"chars":["ꢫ"],"file":"custom/ui/water_drop.png","height":8,"type":"bitmap"},{"ascent":7,"chars":["ꢬ"],"file":"custom/ui/empty_crop_star.png","height":9,"type":"bitmap"},{"ascent":7,"chars":["ꢭ"],"file":"custom/ui/crop_star.png","height":9,"type":"bitmap"},{"ascent":0,"chars":["ꢯ"],"file":"custom/ui/market_indicator.png","height":10,"type":"bitmap"},{"ascent":0,"chars":["ꢰ"],"file":"custom/ui/salvage_indicator.png","height":10,"type":"bitmap"},{"ascent":7,"chars":["ꢲ","ꢳ","ꢴ"],"file":"custom/ui/crop_stars.png","height":9,"type":"bitmap"},{"ascent":0,"chars":["ꢵ"],"file":"custom/ui/egg_icon.png","height":10,"type":"bitmap"},{"ascent":7,"chars":["ꢶ"],"file":"custom/ui/egg_icon.png","height":9,"type":"bitmap"},{"ascent":-2,"chars":["꤁"],"file":"custom/ui/pixel.png","height":1,"type":"bitmap"},{"ascent":-3,"chars":["꤂"],"file":"custom/ui/pixel.png","height":1,"type":"bitmap"},{"ascent":-4,"chars":["꤃"],"file":"custom/ui/pixel.png","height":1,"type":"bitmap"},{"ascent":-5,"chars":["꤄"],"file":"custom/ui/pixel.png","height":1,"type":"bitmap"},{"ascent":-6,"chars":["꤅"],"file":"custom/ui/pixel.png","height":1,"type":"bitmap"},{"ascent":-7,"chars":["꤆"],"file":"custom/ui/pixel.png","height":1,"type":"bitmap"},{"ascent":-8,"chars":["꤇"],"file":"custom/ui/pixel.png","height":1,"type":"bitmap"},{"ascent":-9,"chars":["꤈"],"file":"custom/ui/pixel.png","height":1,"type":"bitmap"},{"ascent":-10,"chars":["꤉"],"file":"custom/ui/pixel.png","height":1,"type":"bitmap"},{"ascent":15,"chars":["ꦡ","ꦢ","ꦣ","ꦤ","ꦥ","ꦦ","ꦧ","ꦨ"],"file":"custom/ui/loading_spinner.png","height":15,"type":"bitmap"},{"ascent":8,"chars":["뜀뜁뜂뜃뜄","뜅뜆뜇뜈뜉","뜊뜋뜌뜍뜎","뜏뜐뜑뜒뜓","뜔뜕뜖뜗뜘","뜙뜚뜛뜜뜝","뜞뜟뜠뜡뜢","뜣뜤뜥뜦뜧","뜨뜩뜪뜫뜬","뜭뜮뜯뜰뜱","뜲뜳뜴뜵뜶","뜷뜸뜹뜺뜻","뜼뜽뜾뜿띐","띑띒띓띔띕","띖띗띘띙띚"],"file":"custom/emojis/emojis.png","height":10,"type":"bitmap"},{"ascent":8,"chars":["띀"],"file":"custom/emojis/kekw.png","height":10,"type":"bitmap"},{"ascent":8,"chars":["띁"],"file":"custom/emojis/kekwhyper.png","height":10,"type":"bitmap"},{"ascent":8,"chars":["띂"],"file":"custom/emojis/pog.png","height":10,"type":"bitmap"},{"ascent":8,"chars":["띃"],"file":"custom/emojis/wut.png","height":10,"type":"bitmap"},{"ascent":19,"chars":["섃"],"file":"custom/ui/menu_content_medium.png","height":256,"type":"bitmap"},{"ascent":19,"chars":["섄"],"file":"custom/ui/menu_realms_roles.png","height":256,"type":"bitmap"},{"ascent":19,"chars":["섆"],"file":"custom/ui/menu_realms_presets.png","height":256,"type":"bitmap"},{"ascent":19,"chars":["섈"],"file":"custom/ui/carpentry_table.png","height":256,"type":"bitmap"},{"ascent":19,"chars":["섉"],"file":"custom/ui/enchanting_table_gui.png","height":256,"type":"bitmap"},{"ascent":-41,"chars":["섊"],"file":"custom/ui/enchant_tier_1.png","height":16,"type":"bitmap"},{"ascent":-41,"chars":["섋"],"file":"custom/ui/enchant_tier_2.png","height":16,"type":"bitmap"},{"ascent":-41,"chars":["섌"],"file":"custom/ui/enchant_tier_3.png","height":16,"type":"bitmap"},{"ascent":19,"chars":["섍"],"file":"custom/ui/ruby_deposit_menu.png","height":256,"type":"bitmap"},{"ascent":-63,"chars":["섎섏섐섑섒섓섔섕섖섗"],"file":"custom/ui/ruby_gui_numbers.png","height":8,"type":"bitmap"},{"ascent":-63,"chars":["섘"],"file":"custom/ui/ruby_gui_comma.png","height":8,"type":"bitmap"},{"ascent":13,"chars":["섙"],"file":"custom/ui/sidebar_enchant_gui.png","height":256,"type":"bitmap"},{"ascent":-41,"chars":["섚"],"file":"custom/ui/enchant_tier_0.png","height":16,"type":"bitmap"},{"ascent":19,"chars":["섢"],"file":"custom/ui/salvaging_menu_base.png","height":256,"type":"bitmap"},{"ascent":-12,"chars":["섣"],"file":"custom/ui/salvaging_menu_scrap.png","height":32,"type":"bitmap"},{"ascent":-12,"chars":["설"],"file":"custom/ui/salvaging_menu_salvage.png","height":32,"type":"bitmap"},{"ascent":19,"chars":["섥"],"file":"custom/ui/transport_menu/menu_container.png","height":256,"type":"bitmap"},{"ascent":-1,"chars":["섦"],"file":"custom/ui/transport_menu/button_origin_isles.png","height":64,"type":"bitmap"},{"ascent":-1,"chars":["섧"],"file":"custom/ui/transport_menu/button_realms.png","height":64,"type":"bitmap"},{"ascent":-1,"chars":["섨"],"file":"custom/ui/transport_menu/button_resource.png","height":64,"type":"bitmap"},{"ascent":19,"chars":["섩"],"file":"custom/ui/transport_realms_menu/menu_container.png","height":256,"type":"bitmap"},{"ascent":-2,"chars":["섪"],"file":"custom/ui/transport_realms_menu/button_featured.png","height":64,"type":"bitmap"},{"ascent":-2,"chars":["섫"],"file":"custom/ui/transport_realms_menu/button_home.png","height":64,"type":"bitmap"},{"ascent":-2,"chars":["섬"],"file":"custom/ui/transport_realms_menu/button_settings.png","height":64,"type":"bitmap"},{"ascent":19,"chars":["섭"],"file":"custom/ui/planters_box/menu_container.png","height":256,"type":"bitmap"},{"ascent":-16,"chars":["섰성섲섳섴섵섶섷세섹"],"file":"custom/ui/planters_box/water_level.png","height":10,"type":"bitmap"},{"ascent":-33,"chars":["셀셁셂셃셄셅셆셇셈셉"],"file":"custom/ui/planters_box/soil_level.png","height":10,"type":"bitmap"},{"ascent":23,"chars":["셐"],"file":"custom/ui/planters_box/pineapple/1.png","height":64,"type":"bitmap"},{"ascent":23,"chars":["셑"],"file":"custom/ui/planters_box/pineapple/2.png","height":64,"type":"bitmap"},{"ascent":23,"chars":["셒"],"file":"custom/ui/planters_box/pineapple/3.png","height":64,"type":"bitmap"},{"ascent":23,"chars":["셓"],"file":"custom/ui/planters_box/pineapple/gold.png","height":64,"type":"bitmap"},{"ascent":19,"chars":["셔"],"file":"custom/ui/furniture_purchase/menu_container.png","height":256,"type":"bitmap"},{"ascent":19,"chars":["셕"],"file":"custom/ui/auction_house/main_menu_container.png","height":256,"type":"bitmap"},{"ascent":19,"chars":["셖"],"file":"custom/ui/boulder_menus/relic_merge_menu.png","height":256,"type":"bitmap"},{"ascent":19,"chars":["셗"],"file":"custom/ui/boulder_menus/relic_separate_menu.png","height":256,"type":"bitmap"},{"ascent":19,"chars":["션"],"file":"custom/ui/boulder_menus/main.png","height":256,"type":"bitmap"},{"ascent":23,"chars":["셙"],"file":"custom/ui/planters_box/apple/1.png","height":64,"type":"bitmap"},{"ascent":23,"chars":["셚"],"file":"custom/ui/planters_box/apple/2.png","height":64,"type":"bitmap"},{"ascent":23,"chars":["셛"],"file":"custom/ui/planters_box/apple/3.png","height":64,"type":"bitmap"},{"ascent":23,"chars":["셜"],"file":"custom/ui/planters_box/apple/gold.png","height":64,"type":"bitmap"},{"ascent":23,"chars":["셝"],"file":"custom/ui/planters_box/banana/1.png","height":64,"type":"bitmap"},{"ascent":23,"chars":["셞"],"file":"custom/ui/planters_box/banana/2.png","height":64,"type":"bitmap"},{"ascent":23,"chars":["셟"],"file":"custom/ui/planters_box/banana/3.png","height":64,"type":"bitmap"},{"ascent":23,"chars":["셠"],"file":"custom/ui/planters_box/banana/gold.png","height":64,"type":"bitmap"},{"ascent":23,"chars":["셡"],"file":"custom/ui/planters_box/beetroot/1.png","height":64,"type":"bitmap"},{"ascent":23,"chars":["셢"],"file":"custom/ui/planters_box/beetroot/2.png","height":64,"type":"bitmap"},{"ascent":23,"chars":["셣"],"file":"custom/ui/planters_box/beetroot/3.png","height":64,"type":"bitmap"},{"ascent":23,"chars":["셤"],"file":"custom/ui/planters_box/beetroot/gold.png","height":64,"type":"bitmap"},{"ascent":23,"chars":["셥"],"file":"custom/ui/planters_box/carrot/1.png","height":64,"type":"bitmap"},{"ascent":23,"chars":["셦"],"file":"custom/ui/planters_box/carrot/2.png","height":64,"type":"bitmap"},{"ascent":23,"chars":["셧"],"file":"custom/ui/planters_box/carrot/3.png","height":64,"type":"bitmap"},{"ascent":23,"chars":["셨"],"file":"custom/ui/planters_box/carrot/gold.png","height":64,"type":"bitmap"},{"ascent":23,"chars":["셩"],"file":"custom/ui/planters_box/chilli/1.png","height":64,"type":"bitmap"},{"ascent":23,"chars":["셪"],"file":"custom/ui/planters_box/chilli/2.png","height":64,"type":"bitmap"},{"ascent":23,"chars":["셫"],"file":"custom/ui/planters_box/chilli/3.png","height":64,"type":"bitmap"},{"ascent":23,"chars":["셬"],"file":"custom/ui/planters_box/chilli/gold.png","height":64,"type":"bitmap"},{"ascent":23,"chars":["셭"],"file":"custom/ui/planters_box/corn/1.png","height":64,"type":"bitmap"},{"ascent":23,"chars":["셮"],"file":"custom/ui/planters_box/corn/2.png","height":64,"type":"bitmap"},{"ascent":23,"chars":["셯"],"file":"custom/ui/planters_box/corn/3.png","height":64,"type":"bitmap"},{"ascent":23,"chars":["셰"],"file":"custom/ui/planters_box/corn/gold.png","height":64,"type":"bitmap"},{"ascent":23,"chars":["셱"],"file":"custom/ui/planters_box/egg_plant/1.png","height":64,"type":"bitmap"},{"ascent":23,"chars":["셲"],"file":"custom/ui/planters_box/egg_plant/2.png","height":64,"type":"bitmap"},{"ascent":23,"chars":["셳"],"file":"custom/ui/planters_box/egg_plant/3.png","height":64,"type":"bitmap"},{"ascent":23,"chars":["셴"],"file":"custom/ui/planters_box/egg_plant/gold.png","height":64,"type":"bitmap"},{"ascent":23,"chars":["셵"],"file":"custom/ui/planters_box/lettuce/1.png","height":64,"type":"bitmap"},{"ascent":23,"chars":["셶"],"file":"custom/ui/planters_box/lettuce/2.png","height":64,"type":"bitmap"},{"ascent":23,"chars":["셷"],"file":"custom/ui/planters_box/lettuce/3.png","height":64,"type":"bitmap"},{"ascent":23,"chars":["셸"],"file":"custom/ui/planters_box/lettuce/gold.png","height":64,"type":"bitmap"},{"ascent":23,"chars":["셹"],"file":"custom/ui/planters_box/mango/1.png","height":64,"type":"bitmap"},{"ascent":23,"chars":["셺"],"file":"custom/ui/planters_box/mango/2.png","height":64,"type":"bitmap"},{"ascent":23,"chars":["셻"],"file":"custom/ui/planters_box/mango/3.png","height":64,"type":"bitmap"},{"ascent":23,"chars":["셼"],"file":"custom/ui/planters_box/mango/gold.png","height":64,"type":"bitmap"},{"ascent":23,"chars":["셽"],"file":"custom/ui/planters_box/potato/1.png","height":64,"type":"bitmap"},{"ascent":23,"chars":["셾"],"file":"custom/ui/planters_box/potato/2.png","height":64,"type":"bitmap"},{"ascent":23,"chars":["셿"],"file":"custom/ui/planters_box/potato/3.png","height":64,"type":"bitmap"},{"ascent":23,"chars":["솀"],"file":"custom/ui/planters_box/potato/gold.png","height":64,"type":"bitmap"},{"ascent":23,"chars":["솁"],"file":"custom/ui/planters_box/wheat/1.png","height":64,"type":"bitmap"},{"ascent":23,"chars":["솂"],"file":"custom/ui/planters_box/wheat/2.png","height":64,"type":"bitmap"},{"ascent":23,"chars":["솃"],"file":"custom/ui/planters_box/wheat/3.png","height":64,"type":"bitmap"},{"ascent":23,"chars":["솄"],"file":"custom/ui/planters_box/wheat/gold.png","height":64,"type":"bitmap"},{"ascent":19,"chars":["솅"],"file":"custom/ui/alpha_screen.png","height":256,"type":"bitmap"},{"ascent":-55,"chars":["솆"],"file":"custom/ui/transport_menu/button_homes.png","height":64,"type":"bitmap"},{"ascent":-55,"chars":["솇"],"file":"custom/ui/transport_menu/button_towns.png","height":64,"type":"bitmap"},{"ascent":-55,"chars":["솈"],"file":"custom/ui/transport_menu/button_adventure.png","height":64,"type":"bitmap"},{"ascent":-1,"chars":["솉"],"file":"custom/ui/transport_menu/button_locked.png","height":64,"type":"bitmap"},{"ascent":-55,"chars":["솊"],"file":"custom/ui/transport_menu/button_locked.png","height":64,"type":"bitmap"},{"ascent":19,"chars":["솋"],"file":"custom/ui/markets/menu_base.png","height":256,"type":"bitmap"},{"ascent":19,"chars":["소"],"file":"custom/ui/markets/lily_portrait.png","height":256,"type":"bitmap"},{"ascent":-4,"chars":["속"],"file":"custom/ui/markets/trade_allow.png","height":64,"type":"bitmap"},{"ascent":-4,"chars":["솎"],"file":"custom/ui/markets/trade_deny.png","height":64,"type":"bitmap"},{"ascent":-22,"chars":["솏"],"file":"custom/ui/markets/trade_allow.png","height":64,"type":"bitmap"},{"ascent":-22,"chars":["손"],"file":"custom/ui/markets/trade_deny.png","height":64,"type":"bitmap"},{"ascent":-40,"chars":["솑"],"file":"custom/ui/markets/trade_allow.png","height":64,"type":"bitmap"},{"ascent":-40,"chars":["솒"],"file":"custom/ui/markets/trade_deny.png","height":64,"type":"bitmap"},{"ascent":-58,"chars":["솓"],"file":"custom/ui/markets/trade_allow.png","height":64,"type":"bitmap"},{"ascent":-58,"chars":["솔"],"file":"custom/ui/markets/trade_deny.png","height":64,"type":"bitmap"},{"ascent":-76,"chars":["솕"],"file":"custom/ui/markets/trade_allow.png","height":64,"type":"bitmap"},{"ascent":-76,"chars":["솖"],"file":"custom/ui/markets/trade_deny.png","height":64,"type":"bitmap"},{"ascent":-94,"chars":["솗"],"file":"custom/ui/markets/trade_allow.png","height":64,"type":"bitmap"},{"ascent":-94,"chars":["솘"],"file":"custom/ui/markets/trade_deny.png","height":64,"type":"bitmap"},{"ascent":19,"chars":["솙"],"file":"custom/ui/markets/jacko_portrait.png","height":256,"type":"bitmap"},{"ascent":19,"chars":["솚"],"file":"custom/ui/markets/ribston_portrait.png","height":256,"type":"bitmap"},{"ascent":19,"chars":["솛"],"file":"custom/ui/markets/paula_portrait.png","height":256,"type":"bitmap"},{"ascent":19,"chars":["솜"],"file":"custom/ui/markets/clay_portrait.png","height":256,"type":"bitmap"},{"ascent":-1,"chars":["솝"],"file":"custom/ui/transport_menu/button_balloon_red.png","height":128,"type":"bitmap"},{"ascent":-1,"chars":["솞"],"file":"custom/ui/transport_menu/button_balloon_yellow.png","height":128,"type":"bitmap"},{"ascent":-55,"chars":["솟"],"file":"custom/ui/transport_menu/button_balloon_blue.png","height":128,"type":"bitmap"},{"ascent":-55,"chars":["솠"],"file":"custom/ui/transport_menu/button_balloon_green.png","height":128,"type":"bitmap"},{"ascent":-55,"chars":["송"],"file":"custom/ui/transport_menu/button_balloon_locked.png","height":128,"type":"bitmap"},{"ascent":-1,"chars":["솢"],"file":"custom/ui/transport_menu/button_balloon_locked.png","height":128,"type":"bitmap"},{"ascent":19,"chars":["솣"],"file":"custom/ui/markets/valdon_portrait.png","height":256,"type":"bitmap"},{"ascent":19,"chars":["솤"],"file":"custom/ui/markets/bolt_portrait.png","height":256,"type":"bitmap"},{"ascent":19,"chars":["솥"],"file":"custom/ui/markets/captain_walrus_portrait.png","height":256,"type":"bitmap"},{"ascent":19,"chars":["솦"],"file":"custom/ui/markets/witch_hazel_portrait.png","height":256,"type":"bitmap"},{"ascent":19,"chars":["솧"],"file":"custom/ui/markets/jeckyl_portrait.png","height":256,"type":"bitmap"},{"ascent":19,"chars":["솨"],"file":"custom/ui/markets/shane_portrait.png","height":256,"type":"bitmap"},{"ascent":23,"chars":["솩"],"file":"custom/ui/planters_box/banana/1.png","height":64,"type":"bitmap"},{"ascent":23,"chars":["솪"],"file":"custom/ui/planters_box/banana/2.png","height":64,"type":"bitmap"},{"ascent":23,"chars":["솫"],"file":"custom/ui/planters_box/banana/3.png","height":64,"type":"bitmap"},{"ascent":23,"chars":["솬"],"file":"custom/ui/planters_box/banana/gold.png","height":64,"type":"bitmap"},{"ascent":19,"chars":["솭"],"file":"custom/ui/transport_realms_menu/settings_menu_container.png","height":256,"type":"bitmap"},{"ascent":19,"chars":["솮"],"file":"custom/ui/transport_realms_menu/role_select.png","height":256,"type":"bitmap"},{"ascent":19,"chars":["솯"],"file":"custom/ui/wardrobe_menu/menu_container.png","height":256,"type":"bitmap"},{"ascent":19,"chars":["솰"],"file":"custom/ui/quest_book/menu_container.png","height":256,"type":"bitmap"},{"ascent":19,"chars":["솱"],"file":"custom/ui/markets/hedley_portrait.png","height":256,"type":"bitmap"},{"ascent":25,"chars":["솲"],"file":"custom/ui/purchase_collect_menu.png","height":256,"type":"bitmap"},{"ascent":28,"chars":["솳"],"file":"custom/ui/crates/legendary_collect.png","height":256,"type":"bitmap"},{"ascent":28,"chars":["솴"],"file":"custom/ui/crates/rare_collect.png","height":256,"type":"bitmap"},{"ascent":28,"chars":["솵"],"file":"custom/ui/crates/valentines_collect.png","height":256,"type":"bitmap"},{"ascent":-5,"chars":["솶"],"file":"custom/ui/ui_tutorial.png","height":256,"type":"bitmap"},{"ascent":19,"chars":["솷"],"file":"custom/ui/casino/slot_machine/main.png","height":256,"type":"bitmap"},{"ascent":28,"chars":["솸"],"file":"custom/ui/crates/st_patricks_collect.png","height":256,"type":"bitmap"},{"ascent":43,"chars":["솹"],"file":"custom/ui/crates/easter_collect.png","height":256,"type":"bitmap"},{"ascent":19,"chars":["솺"],"file":"custom/ui/markets/hoppers_portrait.png","height":256,"type":"bitmap"},{"ascent":19,"chars":["솻"],"file":"custom/ui/transit_block/menu_address.png","height":256,"type":"bitmap"},{"ascent":19,"chars":["솼"],"file":"custom/ui/transit_block/menu_input.png","height":256,"type":"bitmap"},{"ascent":-66,"chars":["솽"],"file":"custom/ui/transit_block/energy.png","height":11,"type":"bitmap"},{"ascent":43,"chars":["솾"],"file":"custom/ui/crates/cosmetic_collect.png","height":256,"type":"bitmap"},{"ascent":19,"chars":["솿"],"file":"custom/ui/collect_menu.png","height":256,"type":"bitmap"},{"ascent":19,"chars":["쇀"],"file":"custom/ui/markets/liam_portrait.png","height":256,"type":"bitmap"},{"ascent":43,"chars":["쇁"],"file":"custom/ui/crates/summer_collect.png","height":450,"type":"bitmap"},{"ascent":-3,"chars":["쌃"],"file":"custom/ui/inventory_slot_selected.png","height":32,"type":"bitmap"},{"ascent":-21,"chars":["쌄"],"file":"custom/ui/inventory_slot_selected.png","height":32,"type":"bitmap"},{"ascent":-39,"chars":["쌅"],"file":"custom/ui/inventory_slot_selected.png","height":32,"type":"bitmap"},{"ascent":-57,"chars":["쌆"],"file":"custom/ui/inventory_slot_selected.png","height":32,"type":"bitmap"},{"ascent":-75,"chars":["쌇"],"file":"custom/ui/inventory_slot_selected.png","height":32,"type":"bitmap"},{"ascent":-93,"chars":["쌈"],"file":"custom/ui/inventory_slot_selected.png","height":32,"type":"bitmap"},{"ascent":-3,"chars":["쌣"],"file":"custom/ui/inventory_slot_locked.png","height":32,"type":"bitmap"},{"ascent":-21,"chars":["쌤"],"file":"custom/ui/inventory_slot_locked.png","height":32,"type":"bitmap"},{"ascent":-39,"chars":["쌥"],"file":"custom/ui/inventory_slot_locked.png","height":32,"type":"bitmap"},{"ascent":-57,"chars":["쌦"],"file":"custom/ui/inventory_slot_locked.png","height":32,"type":"bitmap"},{"ascent":-75,"chars":["쌧"],"file":"custom/ui/inventory_slot_locked.png","height":32,"type":"bitmap"},{"ascent":-93,"chars":["쌨"],"file":"custom/ui/inventory_slot_locked.png","height":32,"type":"bitmap"},{"ascent":-1,"chars":["썀"],"file":"custom/ui/wardrobe_menu/slot_selected.png","height":32,"type":"bitmap"},{"ascent":-8,"chars":["쐁"],"file":"custom/ui/realms_plains.png","height":46,"type":"bitmap"},{"ascent":-8,"chars":["쐂"],"file":"custom/ui/realms_jungle.png","height":46,"type":"bitmap"},{"ascent":-8,"chars":["쐃"],"file":"custom/ui/realms_desert.png","height":46,"type":"bitmap"},{"ascent":-8,"chars":["쐄"],"file":"custom/ui/realms_swamp.png","height":46,"type":"bitmap"},{"ascent":-8,"chars":["쐅"],"file":"custom/ui/realms_savanna.png","height":46,"type":"bitmap"},{"ascent":-8,"chars":["쐆"],"file":"custom/ui/realms_snow.png","height":46,"type":"bitmap"},{"ascent":-8,"chars":["쐇"],"file":"custom/ui/realms_taiga.png","height":46,"type":"bitmap"},{"ascent":19,"chars":["씁","씂","씃","씄","씅","씆","씇","씈","씉","씊","씋","씌","씍","씎","씏","씐","씑","씒","씓","씔","씕","씖","씗","씘","씙"],"file":"custom/ui/menu_titles.png","height":20,"type":"bitmap"},{"ascent":17,"chars":["앑","앒","앓","암","압","앖","앗","았","앙","앚","앛","앜","앝","앞","앟","애","액","앢","앣","앤","앥","앦","앧","앨","앩"],"file":"custom/ui/menu_titles.png","height":20,"type":"bitmap"},{"ascent":-32,"chars":["였"],"file":"custom/ui/quest_descriptions/damage_control.png","height":128,"type":"bitmap"},{"ascent":-32,"chars":["영"],"file":"custom/ui/quest_descriptions/economy_101.png","height":128,"type":"bitmap"},{"ascent":-32,"chars":["옂"],"file":"custom/ui/quest_descriptions/enchanting_101.png","height":128,"type":"bitmap"},{"ascent":-32,"chars":["옃"],"file":"custom/ui/quest_descriptions/farming_101.png","height":128,"type":"bitmap"},{"ascent":-32,"chars":["옄"],"file":"custom/ui/quest_descriptions/painting_101.png","height":128,"type":"bitmap"},{"ascent":-32,"chars":["옅"],"file":"custom/ui/quest_descriptions/pickaxe_problems.png","height":128,"type":"bitmap"},{"ascent":-32,"chars":["옆"],"file":"custom/ui/quest_descriptions/profitable_produce.png","height":128,"type":"bitmap"},{"ascent":-32,"chars":["옇"],"file":"custom/ui/quest_descriptions/realms_101.png","height":128,"type":"bitmap"},{"ascent":-32,"chars":["예"],"file":"custom/ui/quest_descriptions/room_for_enchantment.png","height":128,"type":"bitmap"},{"ascent":-32,"chars":["옉"],"file":"custom/ui/quest_descriptions/take_out_the_trash.png","height":128,"type":"bitmap"},{"ascent":-18,"chars":["옊옋옌옍옎옏옐옑"],"file":"custom/ui/casino/slot_machine/icons.png","height":67,"type":"bitmap"},{"ascent":4,"chars":["","","","","","","","","","","","","","","",""],"file":"font/ascii.png","height":8,"type":"bitmap"},{"ascent":7,"chars":[""],"file":"custom/ui/text_black_background.png","height":12,"type":"bitmap"},{"ascent":-52,"chars":[""],"file":"custom/ui/numbers.png","height":45,"type":"bitmap"},{"ascent":-32768,"chars":[""],"file":"custom/ui/pixel_split.png","height":-3,"type":"bitmap"},{"ascent":-32768,"chars":[""],"file":"custom/ui/pixel_split.png","height":-4,"type":"bitmap"},{"ascent":-32768,"chars":[""],"file":"custom/ui/pixel_split.png","height":-5,"type":"bitmap"},{"ascent":-32768,"chars":[""],"file":"custom/ui/pixel_split.png","height":-6,"type":"bitmap"},{"ascent":-32768,"chars":[""],"file":"custom/ui/pixel_split.png","height":-7,"type":"bitmap"},{"ascent":-32768,"chars":[""],"file":"custom/ui/pixel_split.png","height":-8,"type":"bitmap"},{"ascent":-32768,"chars":[""],"file":"custom/ui/pixel_split.png","height":-9,"type":"bitmap"},{"ascent":-32768,"chars":[""],"file":"custom/ui/pixel_split.png","height":-10,"type":"bitmap"},{"ascent":-32768,"chars":[""],"file":"custom/ui/pixel_split.png","height":-18,"type":"bitmap"},{"ascent":-32768,"chars":[""],"file":"custom/ui/pixel_split.png","height":-34,"type":"bitmap"},{"ascent":-32768,"chars":[""],"file":"custom/ui/pixel_split.png","height":-66,"type":"bitmap"},{"ascent":-32768,"chars":[""],"file":"custom/ui/pixel_split.png","height":-130,"type":"bitmap"},{"ascent":-32768,"chars":[""],"file":"custom/ui/pixel_split.png","height":-258,"type":"bitmap"},{"ascent":-32768,"chars":[""],"file":"custom/ui/pixel_split.png","height":-514,"type":"bitmap"},{"ascent":-32768,"chars":[""],"file":"custom/ui/pixel_split.png","height":-1026,"type":"bitmap"},{"ascent":-32770,"chars":[""],"file":"custom/ui/pixel_split.png","height":-32770,"type":"bitmap"},{"ascent":-32768,"chars":[""],"file":"custom/ui/pixel_split.png","height":0,"type":"bitmap"},{"ascent":-32768,"chars":[""],"file":"custom/ui/pixel_split.png","height":1,"type":"bitmap"},{"ascent":-32768,"chars":[""],"file":"custom/ui/pixel_split.png","height":2,"type":"bitmap"},{"ascent":-32768,"chars":[""],"file":"custom/ui/pixel_split.png","height":3,"type":"bitmap"},{"ascent":-32768,"chars":[""],"file":"custom/ui/pixel_split.png","height":4,"type":"bitmap"},{"ascent":-32768,"chars":[""],"file":"custom/ui/pixel_split.png","height":5,"type":"bitmap"},{"ascent":-32768,"chars":[""],"file":"custom/ui/pixel_split.png","height":6,"type":"bitmap"},{"ascent":-32768,"chars":[""],"file":"custom/ui/pixel_split.png","height":7,"type":"bitmap"},{"ascent":-32768,"chars":[""],"file":"custom/ui/pixel_split.png","height":15,"type":"bitmap"},{"ascent":-32768,"chars":[""],"file":"custom/ui/pixel_split.png","height":31,"type":"bitmap"},{"ascent":-32768,"chars":[""],"file":"custom/ui/pixel_split.png","height":63,"type":"bitmap"},{"ascent":-32768,"chars":[""],"file":"custom/ui/pixel_split.png","height":127,"type":"bitmap"},{"ascent":-32768,"chars":[""],"file":"custom/ui/pixel_split.png","height":255,"type":"bitmap"},{"ascent":-32768,"chars":[""],"file":"custom/ui/pixel_split.png","height":511,"type":"bitmap"},{"ascent":-32768,"chars":[""],"file":"custom/ui/pixel_split.png","height":1023,"type":"bitmap"},{"ascent":-32768,"chars":[""],"file":"custom/ui/pixel_split.png","height":32767,"type":"bitmap"},{"ascent":-32768,"chars":[""],"file":"custom/ui/pixel_nosplit.png","height":-3,"type":"bitmap"},{"ascent":-32768,"chars":[""],"file":"custom/ui/pixel_nosplit.png","height":-4,"type":"bitmap"},{"ascent":-32768,"chars":[""],"file":"custom/ui/pixel_nosplit.png","height":-5,"type":"bitmap"},{"ascent":-32768,"chars":[""],"file":"custom/ui/pixel_nosplit.png","height":-6,"type":"bitmap"},{"ascent":-32768,"chars":[""],"file":"custom/ui/pixel_nosplit.png","height":-7,"type":"bitmap"},{"ascent":-32768,"chars":[""],"file":"custom/ui/pixel_nosplit.png","height":-8,"type":"bitmap"},{"ascent":-32768,"chars":[""],"file":"custom/ui/pixel_nosplit.png","height":-9,"type":"bitmap"},{"ascent":-32768,"chars":[""],"file":"custom/ui/pixel_nosplit.png","height":-10,"type":"bitmap"},{"ascent":-32768,"chars":[""],"file":"custom/ui/pixel_nosplit.png","height":-18,"type":"bitmap"},{"ascent":-32768,"chars":[""],"file":"custom/ui/pixel_nosplit.png","height":-34,"type":"bitmap"},{"ascent":-32768,"chars":[""],"file":"custom/ui/pixel_nosplit.png","height":-66,"type":"bitmap"},{"ascent":-32768,"chars":[""],"file":"custom/ui/pixel_nosplit.png","height":-130,"type":"bitmap"},{"ascent":-32768,"chars":[""],"file":"custom/ui/pixel_nosplit.png","height":-258,"type":"bitmap"},{"ascent":-32768,"chars":[""],"file":"custom/ui/pixel_nosplit.png","height":-514,"type":"bitmap"},{"ascent":-32768,"chars":[""],"file":"custom/ui/pixel_nosplit.png","height":-1026,"type":"bitmap"},{"ascent":-32768,"chars":[""],"file":"custom/ui/pixel_nosplit.png","height":0,"type":"bitmap"},{"ascent":-32768,"chars":[""],"file":"custom/ui/pixel_nosplit.png","height":1,"type":"bitmap"},{"ascent":-32768,"chars":[""],"file":"custom/ui/pixel_nosplit.png","height":2,"type":"bitmap"},{"ascent":-32768,"chars":[""],"file":"custom/ui/pixel_nosplit.png","height":3,"type":"bitmap"},{"ascent":-32768,"chars":[""],"file":"custom/ui/pixel_nosplit.png","height":4,"type":"bitmap"},{"ascent":-32768,"chars":[""],"file":"custom/ui/pixel_nosplit.png","height":5,"type":"bitmap"},{"ascent":-32768,"chars":[""],"file":"custom/ui/pixel_nosplit.png","height":6,"type":"bitmap"},{"ascent":-32768,"chars":[""],"file":"custom/ui/pixel_nosplit.png","height":7,"type":"bitmap"},{"ascent":-32768,"chars":[""],"file":"custom/ui/pixel_nosplit.png","height":15,"type":"bitmap"},{"ascent":-32768,"chars":[""],"file":"custom/ui/pixel_nosplit.png","height":31,"type":"bitmap"},{"ascent":-32768,"chars":[""],"file":"custom/ui/pixel_nosplit.png","height":63,"type":"bitmap"},{"ascent":-32768,"chars":[""],"file":"custom/ui/pixel_nosplit.png","height":127,"type":"bitmap"},{"ascent":-32768,"chars":[""],"file":"custom/ui/pixel_nosplit.png","height":255,"type":"bitmap"},{"ascent":-32768,"chars":[""],"file":"custom/ui/pixel_nosplit.png","height":511,"type":"bitmap"},{"ascent":-32768,"chars":[""],"file":"custom/ui/pixel_nosplit.png","height":1023,"type":"bitmap"},{"ascent":-32768,"chars":[""],"file":"custom/ui/pixel_nosplit.png","height":32767,"type":"bitmap"},{"ascent":8,"chars":["退"],"file":"item/clock_00.png","height":16,"type":"bitmap"},{"ascent":8,"chars":["送"],"file":"item/clock_01.png","height":16,"type":"bitmap"},{"ascent":8,"chars":["适"],"file":"item/clock_02.png","height":16,"type":"bitmap"},{"ascent":8,"chars":["逃"],"file":"item/clock_03.png","height":16,"type":"bitmap"},{"ascent":8,"chars":["逄"],"file":"item/clock_04.png","height":16,"type":"bitmap"},{"ascent":8,"chars":["逅"],"file":"item/clock_05.png","height":16,"type":"bitmap"},{"ascent":8,"chars":["逆"],"file":"item/clock_06.png","height":16,"type":"bitmap"},{"ascent":8,"chars":["逇"],"file":"item/clock_07.png","height":16,"type":"bitmap"},{"ascent":8,"chars":["逈"],"file":"item/clock_08.png","height":16,"type":"bitmap"},{"ascent":8,"chars":["选"],"file":"item/clock_09.png","height":16,"type":"bitmap"},{"ascent":8,"chars":["逊"],"file":"item/clock_10.png","height":16,"type":"bitmap"},{"ascent":8,"chars":["逋"],"file":"item/clock_11.png","height":16,"type":"bitmap"},{"ascent":8,"chars":["逌"],"file":"item/clock_12.png","height":16,"type":"bitmap"},{"ascent":8,"chars":["逍"],"file":"item/clock_13.png","height":16,"type":"bitmap"},{"ascent":8,"chars":["逎"],"file":"item/clock_14.png","height":16,"type":"bitmap"},{"ascent":8,"chars":["透"],"file":"item/clock_15.png","height":16,"type":"bitmap"},{"ascent":8,"chars":["逐"],"file":"item/clock_16.png","height":16,"type":"bitmap"},{"ascent":8,"chars":["逑"],"file":"item/clock_17.png","height":16,"type":"bitmap"},{"ascent":8,"chars":["递"],"file":"item/clock_18.png","height":16,"type":"bitmap"},{"ascent":8,"chars":["逓"],"file":"item/clock_19.png","height":16,"type":"bitmap"},{"ascent":8,"chars":["途"],"file":"item/clock_20.png","height":16,"type":"bitmap"},{"ascent":8,"chars":["逕"],"file":"item/clock_21.png","height":16,"type":"bitmap"},{"ascent":8,"chars":["逖"],"file":"item/clock_22.png","height":16,"type":"bitmap"},{"ascent":8,"chars":["逗"],"file":"item/clock_23.png","height":16,"type":"bitmap"},{"ascent":8,"chars":["逘"],"file":"item/clock_24.png","height":16,"type":"bitmap"},{"ascent":8,"chars":["這"],"file":"item/clock_25.png","height":16,"type":"bitmap"},{"ascent":8,"chars":["通"],"file":"item/clock_26.png","height":16,"type":"bitmap"},{"ascent":8,"chars":["逿"],"file":"item/clock_27.png","height":16,"type":"bitmap"},{"ascent":8,"chars":["逛"],"file":"item/clock_28.png","height":16,"type":"bitmap"},{"ascent":8,"chars":["逜"],"file":"item/clock_29.png","height":16,"type":"bitmap"},{"ascent":8,"chars":["逝"],"file":"item/clock_30.png","height":16,"type":"bitmap"},{"ascent":8,"chars":["逞"],"file":"item/clock_31.png","height":16,"type":"bitmap"},{"ascent":8,"chars":["速"],"file":"item/clock_32.png","height":16,"type":"bitmap"},{"ascent":8,"chars":["造"],"file":"item/clock_33.png","height":16,"type":"bitmap"},{"ascent":8,"chars":["逡"],"file":"item/clock_34.png","height":16,"type":"bitmap"},{"ascent":8,"chars":["逢"],"file":"item/clock_35.png","height":16,"type":"bitmap"},{"ascent":8,"chars":["連"],"file":"item/clock_36.png","height":16,"type":"bitmap"},{"ascent":8,"chars":["逤"],"file":"item/clock_37.png","height":16,"type":"bitmap"},{"ascent":8,"chars":["逥"],"file":"item/clock_38.png","height":16,"type":"bitmap"},{"ascent":8,"chars":["逦"],"file":"item/clock_39.png","height":16,"type":"bitmap"},{"ascent":8,"chars":["逧"],"file":"item/clock_40.png","height":16,"type":"bitmap"},{"ascent":8,"chars":["逨"],"file":"item/clock_41.png","height":16,"type":"bitmap"},{"ascent":8,"chars":["逩"],"file":"item/clock_42.png","height":16,"type":"bitmap"},{"ascent":8,"chars":["逪"],"file":"item/clock_43.png","height":16,"type":"bitmap"},{"ascent":8,"chars":["逫"],"file":"item/clock_44.png","height":16,"type":"bitmap"},{"ascent":8,"chars":["逬"],"file":"item/clock_45.png","height":16,"type":"bitmap"},{"ascent":8,"chars":["逭"],"file":"item/clock_46.png","height":16,"type":"bitmap"},{"ascent":8,"chars":["逮"],"file":"item/clock_47.png","height":16,"type":"bitmap"},{"ascent":8,"chars":["逯"],"file":"item/clock_48.png","height":16,"type":"bitmap"},{"ascent":8,"chars":["逰"],"file":"item/clock_49.png","height":16,"type":"bitmap"},{"ascent":8,"chars":["週"],"file":"item/clock_50.png","height":16,"type":"bitmap"},{"ascent":8,"chars":["進"],"file":"item/clock_51.png","height":16,"type":"bitmap"},{"ascent":8,"chars":["逳"],"file":"item/clock_52.png","height":16,"type":"bitmap"},{"ascent":8,"chars":["逴"],"file":"item/clock_53.png","height":16,"type":"bitmap"},{"ascent":8,"chars":["逵"],"file":"item/clock_54.png","height":16,"type":"bitmap"},{"ascent":8,"chars":["逶"],"file":"item/clock_55.png","height":16,"type":"bitmap"},{"ascent":8,"chars":["逷"],"file":"item/clock_56.png","height":16,"type":"bitmap"},{"ascent":8,"chars":["逸"],"file":"item/clock_57.png","height":16,"type":"bitmap"},{"ascent":8,"chars":["逹"],"file":"item/clock_58.png","height":16,"type":"bitmap"},{"ascent":8,"chars":["逺"],"file":"item/clock_59.png","height":16,"type":"bitmap"},{"ascent":8,"chars":["逻"],"file":"item/clock_60.png","height":16,"type":"bitmap"},{"ascent":8,"chars":["逼"],"file":"item/clock_61.png","height":16,"type":"bitmap"},{"ascent":8,"chars":["逽"],"file":"item/clock_62.png","height":16,"type":"bitmap"},{"ascent":8,"chars":["逾"],"file":"item/clock_63.png","height":16,"type":"bitmap"},{"ascent":11,"chars":["鄀"],"file":"custom/ui/compass/compass_00.png","height":16,"type":"bitmap"},{"ascent":11,"chars":["鄁"],"file":"custom/ui/compass/compass_01.png","height":16,"type":"bitmap"},{"ascent":11,"chars":["鄂"],"file":"custom/ui/compass/compass_02.png","height":16,"type":"bitmap"},{"ascent":11,"chars":["鄃"],"file":"custom/ui/compass/compass_03.png","height":16,"type":"bitmap"},{"ascent":11,"chars":["鄄"],"file":"custom/ui/compass/compass_04.png","height":16,"type":"bitmap"},{"ascent":11,"chars":["鄅"],"file":"custom/ui/compass/compass_05.png","height":16,"type":"bitmap"},{"ascent":11,"chars":["鄆"],"file":"custom/ui/compass/compass_06.png","height":16,"type":"bitmap"},{"ascent":11,"chars":["鄇"],"file":"custom/ui/compass/compass_07.png","height":16,"type":"bitmap"},{"ascent":11,"chars":["鄈"],"file":"custom/ui/compass/compass_08.png","height":16,"type":"bitmap"},{"ascent":11,"chars":["鄉"],"file":"custom/ui/compass/compass_09.png","height":16,"type":"bitmap"},{"ascent":11,"chars":["鄊"],"file":"custom/ui/compass/compass_10.png","height":16,"type":"bitmap"},{"ascent":11,"chars":["鄋"],"file":"custom/ui/compass/compass_11.png","height":16,"type":"bitmap"},{"ascent":11,"chars":["鄌"],"file":"custom/ui/compass/compass_12.png","height":16,"type":"bitmap"},{"ascent":11,"chars":["鄍"],"file":"custom/ui/compass/compass_13.png","height":16,"type":"bitmap"},{"ascent":11,"chars":["鄎"],"file":"custom/ui/compass/compass_14.png","height":16,"type":"bitmap"},{"ascent":11,"chars":["鄏"],"file":"custom/ui/compass/compass_15.png","height":16,"type":"bitmap"},{"ascent":11,"chars":["鄐"],"file":"custom/ui/compass/compass_16.png","height":16,"type":"bitmap"},{"ascent":11,"chars":["鄑"],"file":"custom/ui/compass/compass_17.png","height":16,"type":"bitmap"},{"ascent":11,"chars":["鄒"],"file":"custom/ui/compass/compass_18.png","height":16,"type":"bitmap"},{"ascent":11,"chars":["鄓"],"file":"custom/ui/compass/compass_19.png","height":16,"type":"bitmap"},{"ascent":11,"chars":["鄔"],"file":"custom/ui/compass/compass_20.png","height":16,"type":"bitmap"},{"ascent":11,"chars":["鄕"],"file":"custom/ui/compass/compass_21.png","height":16,"type":"bitmap"},{"ascent":11,"chars":["鄖"],"file":"custom/ui/compass/compass_22.png","height":16,"type":"bitmap"},{"ascent":11,"chars":["鄗"],"file":"custom/ui/compass/compass_23.png","height":16,"type":"bitmap"},{"ascent":11,"chars":["鄘"],"file":"custom/ui/compass/compass_24.png","height":16,"type":"bitmap"},{"ascent":11,"chars":["鄙"],"file":"custom/ui/compass/compass_25.png","height":16,"type":"bitmap"},{"ascent":11,"chars":["鄚"],"file":"custom/ui/compass/compass_26.png","height":16,"type":"bitmap"},{"ascent":11,"chars":["鄿"],"file":"custom/ui/compass/compass_27.png","height":16,"type":"bitmap"},{"ascent":11,"chars":["鄛"],"file":"custom/ui/compass/compass_28.png","height":16,"type":"bitmap"},{"ascent":11,"chars":["鄜"],"file":"custom/ui/compass/compass_29.png","height":16,"type":"bitmap"},{"ascent":11,"chars":["鄝"],"file":"custom/ui/compass/compass_30.png","height":16,"type":"bitmap"},{"ascent":11,"chars":["鄞"],"file":"custom/ui/compass/compass_31.png","height":16,"type":"bitmap"},{"ascent":11,"chars":["鄟"],"file":"custom/ui/compass/compass_empty.png","height":16,"type":"bitmap"}]}