{
 "parent": "item/generated",
 "textures": {
 "layer0": "item/charcoal"
 },
 
 "overrides": [
 {"predicate": {"custom_model_data":1}, "model": "item/do1"},
 {"predicate": {"custom_model_data":2}, "model": "item/do2"},
 {"predicate": {"custom_model_data":3}, "model": "item/do3"},
 {"predicate": {"custom_model_data":4}, "model": "item/do4"},
 {"predicate": {"custom_model_data":5}, "model": "item/do5"},
 {"predicate": {"custom_model_data":6}, "model": "item/do6"},
 {"predicate": {"custom_model_data":7}, "model": "item/do7"},
 {"predicate": {"custom_model_data":8}, "model": "item/do8"},
 {"predicate": {"custom_model_data":9}, "model": "item/do9"},
 {"predicate": {"custom_model_data":10}, "model": "item/do10"},
 {"predicate": {"custom_model_data":11}, "model": "item/do11"},
 {"predicate": {"custom_model_data":12}, "model": "item/do12"},
 {"predicate": {"custom_model_data":13}, "model": "item/do13"},
 {"predicate": {"custom_model_data":14}, "model": "item/do14"},
 {"predicate": {"custom_model_data":15}, "model": "item/do15"},
 {"predicate": {"custom_model_data":16}, "model": "item/do16"},
 {"predicate": {"custom_model_data":17}, "model": "item/do17"},
 {"predicate": {"custom_model_data":18}, "model": "item/do18"},
 {"predicate": {"custom_model_data":19}, "model": "item/do19"},
 {"predicate": {"custom_model_data":20}, "model": "item/do20"}
 ]
}