{
    "parent": "builtin/entity",
    "textures": {
        "particle": "block/oak_planks"
    },
    "display": {
        "gui": {
            "rotation": [ 30, 45, 0 ],
            "translation": [ 0, 0, 0],
            "scale":[ 0.625, 0.625, 0.625 ]
        },
        "ground": {
            "rotation": [ 0, 0, 0 ],
            "translation": [ 0, 3, 0],
            "scale":[ 0.25, 0.25, 0.25 ]
        },
        "head": {
            "rotation": [ 0, 180, 0 ],
            "translation": [ 0, 0, 0],
            "scale":[ 1, 1, 1]
        },
        "fixed": {
            "rotation": [ 0, 180, 0 ],
            "translation": [ 0, 0, 0],
            "scale":[ 0.5, 0.5, 0.5 ]
        },
        "thirdperson_righthand": {
            "rotation": [ 75, 315, 0 ],
            "translation": [ 0, 2.5, 0],
            "scale": [ 0.375, 0.375, 0.375 ]
        },
        "firstperson_righthand": {
            "rotation": [ 0, 315, 0 ],
            "translation": [ 0, 0, 0],
            "scale": [ 0.4, 0.4, 0.4 ]
        }
    },
 "overrides": [
 {"predicate": {"custom_model_data":1}, "model": "item/cofre1"},
 {"predicate": {"custom_model_data":2}, "model": "item/cofre2"},
 {"predicate": {"custom_model_data":3}, "model": "item/cofre3"},
 {"predicate": {"custom_model_data":4}, "model": "item/cofre4"},
 {"predicate": {"custom_model_data":5}, "model": "item/cofre5"},
 {"predicate": {"custom_model_data":6}, "model": "item/cofre6"},
 {"predicate": {"custom_model_data":7}, "model": "item/cofre7"}
 ]
}
