{
 "parent": "item/generated",
 "textures": {
 "layer0": "item/clay_ball"
 },
 
 "overrides": [
 {"predicate": {"custom_model_data":1}, "model": "item/dl1"},
 {"predicate": {"custom_model_data":2}, "model": "item/dl2"},
 {"predicate": {"custom_model_data":3}, "model": "item/dl3"},
 {"predicate": {"custom_model_data":4}, "model": "item/dl4"},
 {"predicate": {"custom_model_data":5}, "model": "item/dl5"},
 {"predicate": {"custom_model_data":6}, "model": "item/dl6"},
 {"predicate": {"custom_model_data":7}, "model": "item/dl7"},
 {"predicate": {"custom_model_data":8}, "model": "item/dl8"},
 {"predicate": {"custom_model_data":9}, "model": "item/dl9"},
 {"predicate": {"custom_model_data":10}, "model": "item/dl10"},
 {"predicate": {"custom_model_data":11}, "model": "item/dl11"},
 {"predicate": {"custom_model_data":12}, "model": "item/dl12"},
 {"predicate": {"custom_model_data":13}, "model": "item/dl13"},
 {"predicate": {"custom_model_data":14}, "model": "item/dl14"},
 {"predicate": {"custom_model_data":15}, "model": "item/dl15"},
 {"predicate": {"custom_model_data":16}, "model": "item/dl16"},
 {"predicate": {"custom_model_data":17}, "model": "item/dl17"},
 {"predicate": {"custom_model_data":18}, "model": "item/dl18"},
 {"predicate": {"custom_model_data":19}, "model": "item/dl19"},
 {"predicate": {"custom_model_data":20}, "model": "item/dl20"}
 ]
}