{
 "parent": "item/generated",
 "textures": {
 "layer0": "item/emerald"
 },
 
 "overrides": [
 {"predicate": {"custom_model_data":1}, "model": "item/df1"},
 {"predicate": {"custom_model_data":2}, "model": "item/df2"},
 {"predicate": {"custom_model_data":3}, "model": "item/df3"},
 {"predicate": {"custom_model_data":4}, "model": "item/df4"},
 {"predicate": {"custom_model_data":5}, "model": "item/df5"},
 {"predicate": {"custom_model_data":6}, "model": "item/df6"},
 {"predicate": {"custom_model_data":7}, "model": "item/df7"},
 {"predicate": {"custom_model_data":8}, "model": "item/df8"},
 {"predicate": {"custom_model_data":9}, "model": "item/df9"},
 {"predicate": {"custom_model_data":10}, "model": "item/df10"},
 {"predicate": {"custom_model_data":11}, "model": "item/df11"},
 {"predicate": {"custom_model_data":12}, "model": "item/df12"},
 {"predicate": {"custom_model_data":13}, "model": "item/df13"},
 {"predicate": {"custom_model_data":14}, "model": "item/df14"},
 {"predicate": {"custom_model_data":15}, "model": "item/df15"},
 {"predicate": {"custom_model_data":16}, "model": "item/df16"},
 {"predicate": {"custom_model_data":17}, "model": "item/df17"},
 {"predicate": {"custom_model_data":18}, "model": "item/df18"},
 {"predicate": {"custom_model_data":19}, "model": "item/df19"},
 {"predicate": {"custom_model_data":20}, "model": "item/df20"}
 ]
}