{
 "parent": "item/generated",
 "textures": {
 "layer0": "item/emerald"
 },
 
 "overrides": [
 {"predicate": {"custom_model_data":1}, "model": "item/df1"},
 {"predicate": {"custom_model_data":2}, "model": "item/df2"},
 {"predicate": {"custom_model_data":3}, "model": "item/df3"},
 {"predicate": {"custom_model_data":4}, "model": "item/df4"},
 {"predicate": {"custom_model_data":5}, "model": "item/df5"},
 {"predicate": {"custom_model_data":6}, "model": "item/df6"},
 {"predicate": {"custom_model_data":7}, "model": "item/df7"},
 {"predicate": {"custom_model_data":8}, "model": "item/df8"},
 {"predicate": {"custom_model_data":9}, "model": "item/df9"},
 {"predicate": {"custom_model_data":10}, "model": "item/df10"}
 ]
}