{
 "parent": "item/generated",
 "textures": {
 "layer0": "item/flint"
 },
 
 "overrides": [
 {"predicate": {"custom_model_data":1}, "model": "item/da1"},
 {"predicate": {"custom_model_data":2}, "model": "item/da2"},
 {"predicate": {"custom_model_data":3}, "model": "item/da3"},
 {"predicate": {"custom_model_data":4}, "model": "item/da4"},
 {"predicate": {"custom_model_data":5}, "model": "item/da5"},
 {"predicate": {"custom_model_data":6}, "model": "item/da6"},
 {"predicate": {"custom_model_data":7}, "model": "item/da7"},
 {"predicate": {"custom_model_data":8}, "model": "item/da8"},
 {"predicate": {"custom_model_data":9}, "model": "item/da9"},
 {"predicate": {"custom_model_data":10}, "model": "item/da10"},
 {"predicate": {"custom_model_data":11}, "model": "item/da11"},
 {"predicate": {"custom_model_data":12}, "model": "item/da12"},
 {"predicate": {"custom_model_data":13}, "model": "item/da13"},
 {"predicate": {"custom_model_data":14}, "model": "item/da14"},
 {"predicate": {"custom_model_data":15}, "model": "item/da15"},
 {"predicate": {"custom_model_data":16}, "model": "item/da16"},
 {"predicate": {"custom_model_data":17}, "model": "item/da17"},
 {"predicate": {"custom_model_data":18}, "model": "item/da18"},
 {"predicate": {"custom_model_data":19}, "model": "item/da19"},
 {"predicate": {"custom_model_data":20}, "model": "item/da20"}
 ]
}