{
	"credit": "DSprl",
	"textures": {
		"0": "custom/fuego",
		"1": "custom/fuego2"
	},
	"elements": [
		{
			"from": [-16, -10, 0],
			"to": [16, 22, 0],
			"faces": {
				"north": {"uv": [0, 0, 16, 16], "texture": "#0"},
				"south": {"uv": [0, 0, 16, 16], "texture": "#0"}
			}
		},
		{
			"from": [0, -10, 0],
			"to": [32, 22, 0],
			"faces": {
				"north": {"uv": [0, 0, 16, 16], "texture": "#0"},
				"south": {"uv": [0, 0, 16, 16], "texture": "#0"}
			}
		},
		{
			"from": [-16, -16, -0.1],
			"to": [32, 32, -0.1],
			"faces": {
				"north": {"uv": [0, 0, 16, 16], "texture": "#1"},
				"south": {"uv": [0, 0, 16, 16], "texture": "#1"}
			}
		}
	],
	"display": {
		"head": {
			"scale": [0.25, 0.25, 0.01]
		}
	}
}