{
 "parent": "item/generated",
 "textures": {
 "layer0": "item/gold_ingot"
 },
 
 "overrides": [
 {"predicate": {"custom_model_data":1}, "model": "item/moneda"},
 {"predicate": {"custom_model_data":2}, "model": "item/moneda2"},
 {"predicate": {"custom_model_data":3}, "model": "item/moneda3"},
 {"predicate": {"custom_model_data":4}, "model": "item/atq"},
 {"predicate": {"custom_model_data":5}, "model": "item/doble"},
 {"predicate": {"custom_model_data":6}, "model": "item/iman"}
 ]
}