{
 "parent": "item/generated",
 "textures": {
 "layer0": "item/redstone"
 },
 
 "overrides": [
 {"predicate": {"custom_model_data":1}, "model": "item/enemigo1"},
 {"predicate": {"custom_model_data":2}, "model": "item/jefe1"},
 {"predicate": {"custom_model_data":3}, "model": "item/jefe1-2"},
 {"predicate": {"custom_model_data":4}, "model": "item/jefe1-3"},
 {"predicate": {"custom_model_data":5}, "model": "item/jefe1-4"},
 {"predicate": {"custom_model_data":6}, "model": "item/enemigo-fuego"},
 {"predicate": {"custom_model_data":7}, "model": "item/jefe2"},
 {"predicate": {"custom_model_data":8}, "model": "item/jefe2-2"},
 {"predicate": {"custom_model_data":9}, "model": "item/jefe2-3"},
 {"predicate": {"custom_model_data":10}, "model": "item/enemigo-fuego2"}
 ]
}