{
 "parent": "item/generated",
 "textures": {
 "layer0": "item/slime_ball"
 },
 
 "overrides": [
 {"predicate": {"custom_model_data":1}, "model": "item/dn1"},
 {"predicate": {"custom_model_data":2}, "model": "item/dn2"},
 {"predicate": {"custom_model_data":3}, "model": "item/dn3"},
 {"predicate": {"custom_model_data":4}, "model": "item/dn4"},
 {"predicate": {"custom_model_data":5}, "model": "item/dn5"},
 {"predicate": {"custom_model_data":6}, "model": "item/dn6"},
 {"predicate": {"custom_model_data":7}, "model": "item/dn7"},
 {"predicate": {"custom_model_data":8}, "model": "item/dn8"},
 {"predicate": {"custom_model_data":9}, "model": "item/dn9"},
 {"predicate": {"custom_model_data":10}, "model": "item/dn10"},
 {"predicate": {"custom_model_data":11}, "model": "item/dn11"},
 {"predicate": {"custom_model_data":12}, "model": "item/dn12"},
 {"predicate": {"custom_model_data":13}, "model": "item/dn13"},
 {"predicate": {"custom_model_data":14}, "model": "item/dn14"},
 {"predicate": {"custom_model_data":15}, "model": "item/dn15"},
 {"predicate": {"custom_model_data":16}, "model": "item/dn16"},
 {"predicate": {"custom_model_data":17}, "model": "item/dn17"},
 {"predicate": {"custom_model_data":18}, "model": "item/dn18"},
 {"predicate": {"custom_model_data":19}, "model": "item/dn19"},
 {"predicate": {"custom_model_data":20}, "model": "item/dn20"}
 ]
}